Iteration	Posterior	Likelihood	Prior	beta_scale	matrix_probs[1]	matrix_probs[2]	matrix_probs[3]	matrix_probs[4]	rate_log_sd	tree_length
0	-1238.395	-1457.52	219.1244	0.3678781	0.302479	0.55058	0.112052	0.0348891	1.530277	1.607214
6	-1232.797	-1452.196	219.399	0.4160381	0.489664	0.426569	0.0585979	0.0251697	1.522181	1.376944
12	-1243.321	-1461.42	218.0983	0.2872711	0.279453	0.654738	0.0470301	0.018779	0.8858562	2.730422
18	-1233.367	-1450.639	217.272	0.3661189	0.250286	0.660581	0.0434239	0.0457088	0.8363216	3.230036
24	-1240.677	-1458.191	217.5137	0.3718293	0.42371	0.525733	0.0441791	0.00637877	0.8250373	3.090578
30	-1244.496	-1462.348	217.8522	0.3642481	0.539045	0.367708	0.0859536	0.00729332	0.9903166	2.790484
36	-1249.339	-1466.323	216.9838	0.3860041	0.480391	0.419357	0.0978056	0.00244605	0.7020244	3.469285
42	-1248.033	-1464.886	216.8524	0.3234663	0.310516	0.618339	0.0632196	0.00792559	0.7719413	3.530567
48	-1251.35	-1468.364	217.014	0.4496626	0.326743	0.650654	0.0209613	0.00164099	0.5661286	3.49841
54	-1244.024	-1460.967	216.9437	0.3916076	0.364403	0.591995	0.0430024	0.000599107	0.9274636	3.358077
60	-1237.528	-1454.541	217.0132	0.3457561	0.446463	0.504782	0.0477913	0.000964348	0.7518822	3.440355
66	-1235.106	-1452.581	217.4748	0.3390623	0.47618	0.471819	0.0509723	0.00102854	0.8286489	3.125375
72	-1227.26	-1445.281	218.0212	0.3192989	0.472369	0.446422	0.064868	0.0163414	0.7838956	2.830925
78	-1229.173	-1447.03	217.857	0.3092089	0.359026	0.58234	0.0119923	0.0466413	0.9532393	2.830925
84	-1224.735	-1443.174	218.4391	0.3461851	0.495357	0.405187	0.0635405	0.0359159	1.103	2.364162
90	-1226.814	-1445.403	218.5889	0.2905632	0.31959	0.575648	0.0600877	0.0446744	1.117703	2.278043
96	-1228.919	-1447.844	218.9252	0.2530262	0.440665	0.379478	0.0330793	0.146777	1.104374	2.073221
102	-1224.287	-1443.893	219.6064	0.2308933	0.520922	0.43068	0.0168365	0.0315616	1.337478	1.428531
108	-1238.511	-1458.245	219.7334	0.2357865	0.617894	0.313303	0.0371841	0.0316192	1.330214	1.335551
114	-1233.887	-1453.373	219.4858	0.2944641	0.468303	0.431574	0.0616172	0.0385058	1.390359	1.475305
120	-1220.136	-1439.373	219.2368	0.3173011	0.541088	0.400668	0.0224959	0.0357483	1.246893	1.752296
126	-1229.612	-1448.868	219.2562	0.2315754	0.42798	0.465179	0.0261179	0.0807234	1.055385	1.882791
132	-1225.318	-1444.505	219.1871	0.2315754	0.729154	0.194682	0.00814359	0.0680207	1.124567	1.882791
138	-1230.925	-1450.609	219.6836	0.2291927	0.654703	0.290306	0.0121436	0.0428474	1.201903	1.472683
144	-1223.416	-1443.268	219.8523	0.2368589	0.550268	0.414581	0.00776226	0.0273883	1.425631	1.156536
150	-1230.503	-1449.557	219.0541	0.2138565	0.736089	0.193892	0.0161879	0.0538305	1.261194	1.875499
156	-1231.316	-1450.007	218.6904	0.2299749	0.4304	0.398015	0.0208089	0.150776	0.9347112	2.333038
162	-1229.464	-1447.875	218.4115	0.2822955	0.422722	0.352143	0.0175781	0.207556	0.9765107	2.481446
168	-1224.156	-1443.03	218.8741	0.2468608	0.604675	0.324948	0.00909792	0.0612796	1.032902	2.153418
174	-1226.093	-1444.714	218.6212	0.2602697	0.411571	0.524775	0.0146927	0.0489605	1.032902	2.316182
180	-1238.768	-1455.953	217.1852	0.4008834	0.437104	0.497141	0.0193732	0.0463823	0.9028675	3.225665
186	-1243.858	-1462.614	218.756	0.3752624	0.378921	0.444294	0.1439	0.0328852	1.035159	2.191095
192	-1234.049	-1454.007	219.9587	0.2574591	0.604262	0.340986	0.0483957	0.00635631	1.364629	1.117066
198	-1237.659	-1457.489	219.8299	0.2694315	0.59916	0.34603	0.0502506	0.00455934	1.505714	1.104508
204	-1239.627	-1459.313	219.6862	0.3442402	0.430774	0.54306	0.0237134	0.00245216	1.523971	1.185763
210	-1233.928	-1453.708	219.7795	0.3601998	0.501731	0.428784	0.0565369	0.0129474	1.471477	1.140278
216	-1230.562	-1450.266	219.7046	0.4769919	0.47745	0.48693	0.00798132	0.0276392	1.503916	1.086476
222	-1228.859	-1448.757	219.898	0.3787741	0.43773	0.404441	0.0873395	0.0704899	1.475373	1.012779
228	-1227.398	-1447.146	219.7476	0.272015	0.511415	0.317354	0.0512547	0.119976	1.422991	1.247696
234	-1220.874	-1440.815	219.9415	0.2118888	0.58446	0.258036	0.0335045	0.123999	1.344573	1.141127
240	-1230.451	-1450.313	219.8612	0.2520919	0.607004	0.297564	0.0347968	0.060636	1.442035	1.135319
246	-1229.716	-1449.693	219.9771	0.2356628	0.589904	0.289181	0.0619868	0.0589279	1.442035	1.025926
252	-1224.99	-1444.857	219.867	0.3140987	0.628526	0.263319	0.0453685	0.062786	1.463871	1.093973
258	-1227.278	-1447.148	219.8695	0.3697305	0.542504	0.286506	0.105034	0.0659556	1.399579	1.117671
264	-1232.328	-1452.12	219.7919	0.3697305	0.431217	0.478936	0.0486213	0.0412256	1.41979	1.168679
270	-1227.833	-1447.681	219.8483	0.39602	0.404408	0.505155	0.0669843	0.0234527	1.381343	1.13439
276	-1222.986	-1442.693	219.7063	0.3693306	0.484102	0.375583	0.113119	0.0271962	1.404585	1.254782
282	-1224.96	-1444.593	219.6325	0.4874279	0.60249	0.286125	0.0897963	0.021589	1.611525	1.043421
288	-1222.027	-1441.825	219.7982	0.4691763	0.48522	0.410081	0.0583732	0.046326	1.592435	0.9113369
294	-1220.018	-1439.983	219.9654	0.2728395	0.568138	0.353837	0.0237825	0.0542425	1.77171	0.5893074
300	-1224.329	-1444.125	219.7966	0.2546558	0.519304	0.352545	0.0449434	0.0832082	1.9259	0.6355101
306	-1217.103	-1437.145	220.042	0.2497362	0.52756	0.331799	0.0379678	0.102674	1.652874	0.6918208
312	-1217.681	-1437.433	219.7518	0.2924946	0.565993	0.301263	0.0358356	0.0969083	1.581118	1.101011
318	-1217.722	-1437.635	219.9131	0.2924946	0.645806	0.313119	0.0372459	0.00382971	1.453019	1.070207
324	-1227.876	-1447.691	219.8145	0.2961311	0.644134	0.335948	0.0158087	0.00410893	1.586161	1.035996
330	-1222.937	-1442.734	219.7975	0.2522929	0.737638	0.237144	0.0243455	0.000871585	1.586161	1.061482
336	-1221.909	-1441.645	219.7363	0.2522929	0.564887	0.387969	0.0454532	0.0016914	1.160869	1.466214
342	-1228.445	-1447.438	218.9932	0.4632683	0.515457	0.439566	0.0443291	0.000647024	1.164077	1.897545
348	-1232.7	-1452.245	219.545	0.6273757	0.527139	0.449528	0.0206624	0.00266976	1.37781	1.203312
354	-1224.377	-1443	218.6226	0.4743617	0.410544	0.563702	0.0223387	0.00341565	1.129598	2.159404
360	-1219.229	-1438.742	219.5132	0.3364123	0.410871	0.56357	0.0223335	0.00322513	1.368012	1.455099
366	-1216.024	-1435.647	219.6223	0.3141713	0.455956	0.468597	0.0671253	0.00832148	1.271544	1.455099
372	-1236.322	-1455.094	218.772	0.3223893	0.326301	0.501803	0.0924133	0.0794824	1.062746	2.185948
378	-1242.004	-1460.855	218.851	0.403379	0.340919	0.490915	0.0904081	0.0777578	1.177082	2.020757
384	-1217.812	-1437.467	219.6552	0.3819619	0.488778	0.408495	0.0820768	0.0206505	1.200081	1.449976
390	-1214.448	-1434.215	219.7672	0.2679741	0.681834	0.287011	0.0166453	0.0145092	1.28928	1.341298
396	-1207.383	-1427.208	219.8246	0.2945978	0.52422	0.43728	0.0253602	0.0131402	1.316481	1.266511
402	-1215.603	-1435.408	219.805	0.2460007	0.54895	0.358147	0.0611949	0.0317077	1.596951	1.04386
408	-1221.128	-1441.155	220.0273	0.2460007	0.726285	0.251633	0.0101783	0.0119041	1.535504	0.8755284
414	-1215.854	-1433.689	217.8352	0.9825019	0.698835	0.0818142	0.202971	0.0163803	0.9644172	2.431689
420	-1224.869	-1441.547	216.678	1.249228	0.571008	0.226827	0.179829	0.0223358	0.8993542	3.022583
426	-1222.707	-1440.938	218.2304	1.083497	0.729317	0.037763	0.178653	0.0542664	0.8613912	2.18122
432	-1235.565	-1453.516	217.9504	1.22421	0.756849	0.0922233	0.0945458	0.0563817	0.6958656	2.380317
438	-1237.639	-1454.871	217.2317	1.357835	0.699915	0.0641402	0.154533	0.0814115	1.05375	2.529907
444	-1235.526	-1453.489	217.9627	1.097199	0.733416	0.042923	0.115744	0.107916	0.9065954	2.315712
450	-1242.971	-1460.262	217.2909	1.693737	0.776466	0.0360146	0.161063	0.0264571	1.046694	2.315712
456	-1246.826	-1464.247	217.4209	1.355149	0.77969	0.0383219	0.153229	0.0287589	0.9693865	2.465842
462	-1241.594	-1458.61	217.0165	0.3664283	0.334006	0.648897	0.00350672	0.0135912	0.6956881	3.462791
468	-1247.988	-1465.19	217.2026	0.3079598	0.403072	0.520756	0.00281423	0.0733579	1.018238	3.184838
474	-1250.776	-1466.225	215.4497	1.665234	0.570559	0.351646	0.0441029	0.0336923	0.8860833	3.540558
480	-1240.542	-1457.934	217.392	0.3140969	0.454768	0.518797	0.00180643	0.0246291	0.6505445	3.288453
486	-1248.941	-1465.297	216.3556	0.3167832	0.359166	0.610974	0.00261739	0.0272426	0.761939	3.825936
492	-1251.504	-1469.691	218.1872	0.5715249	0.456609	0.530174	9.022e-05	0.0131273	0.7553631	2.609795
498	-1245.736	-1462.89	217.1537	0.6644376	0.450268	0.524904	4.25919e-05	0.0247859	0.7332814	3.188915
504	-1241.752	-1459.457	217.7049	0.5417751	0.444812	0.518544	9.96759e-05	0.0365449	0.8870332	2.843334
510	-1231.786	-1449.402	217.6162	0.3589509	0.377963	0.611882	0.00014388	0.0100116	0.9305074	2.971783
516	-1231.834	-1450.369	218.535	0.3002848	0.428403	0.52629	0.000124082	0.0451822	1.054203	2.350517
522	-1227.978	-1446.408	218.4297	0.3644806	0.483664	0.46115	0.000163382	0.0550222	1.046484	2.397702
528	-1231.373	-1450.937	219.5634	0.4325622	0.397239	0.55749	8.08701e-05	0.0451904	1.419869	1.315796
534	-1239.545	-1457.105	217.5599	1.373	0.59692	0.186319	0.216705	5.61318e-05	0.9537505	2.378006
540	-1249.818	-1467.264	217.4458	1.091964	0.584705	0.229261	0.185591	0.000442836	0.9253049	2.631172
546	-1236.25	-1453.536	217.2858	1.260351	0.58661	0.131526	0.270099	0.0117647	0.9253049	2.631172
552	-1220.784	-1438.05	217.2651	0.7477734	0.568731	0.233255	0.183707	0.0143066	0.8650653	2.991206
558	-1226.113	-1442.727	216.6145	0.8429809	0.564102	0.289271	0.132437	0.0141901	0.92519	3.283096
564	-1233.776	-1450.506	216.73	0.8559646	0.566397	0.282642	0.136713	0.0142478	0.7962326	3.283096
570	-1226.648	-1444.888	218.2404	0.6719462	0.512238	0.410036	0.0400792	0.0376473	1.030491	2.337717
576	-1221.138	-1439.053	217.9147	0.7210579	0.61494	0.230233	0.13432	0.0205062	1.020152	2.516595
582	-1237.976	-1457.427	219.4507	0.258825	0.389304	0.553625	0.000253246	0.0568178	1.187909	1.656323
588	-1232.473	-1452.141	219.6682	0.2544915	0.537969	0.360073	0.000263965	0.101694	1.27718	1.429394
594	-1228.211	-1447.52	219.3093	0.3024075	0.370434	0.575659	0.000451814	0.0534552	1.301853	1.667394
600	-1228.753	-1448.031	219.2785	0.3142651	0.422406	0.571254	6.83944e-05	0.00627116	0.9981099	1.896082
606	-1234.901	-1453.514	218.6132	0.4661033	0.483466	0.511075	0.000297879	0.00516099	1.079101	2.203423
612	-1222.698	-1441.265	218.5674	0.2811496	0.452651	0.4785	0.000834907	0.0680136	1.022559	2.3544
618	-1225.19	-1443.934	218.7445	0.2206583	0.533628	0.437586	0.000540704	0.0282459	1.03346	2.233086
624	-1223.215	-1441.68	218.465	0.303325	0.359192	0.599642	0.000363955	0.0408028	1.306399	2.233086
630	-1219.364	-1438.045	218.681	0.3162053	0.288308	0.665972	0.000404214	0.0453163	1.084138	2.233086
636	-1221.265	-1439.099	217.8349	0.4223265	0.402756	0.516356	0.00377228	0.0771159	0.7913018	2.89283
642	-1222.52	-1439.062	216.5423	0.3786481	0.134847	0.840928	0.00163135	0.0225939	0.8352205	3.652062
648	-1223.177	-1439.642	216.4653	0.3927218	0.423762	0.396335	0.0867463	0.0931566	0.9008901	3.652062
654	-1221.801	-1438.95	217.1485	0.3300582	0.391438	0.462045	0.0706485	0.0758692	0.7821783	3.349127
660	-1219.665	-1436.245	216.5804	0.3025531	0.443882	0.458954	0.0700288	0.0271356	0.7285179	3.71962
666	-1227.161	-1444.31	217.1495	0.3205636	0.413992	0.405793	0.111142	0.0690734	0.7746378	3.356116
672	-1240.938	-1455.913	214.9754	0.3205636	0.426363	0.388036	0.114463	0.0711376	0.5022435	4.753416
678	-1226.069	-1443.205	217.1369	0.3721561	0.496832	0.455865	0.0286775	0.0186246	0.529377	3.487069
684	-1233.806	-1449.943	216.1374	0.2755218	0.478076	0.438656	0.0620687	0.0211993	0.6608868	4.01825
690	-1234.605	-1450.532	215.927	0.32492	0.464521	0.426219	0.0803073	0.0289528	0.6549805	4.129701
696	-1231.56	-1449.991	218.4305	0.2521871	0.495896	0.395164	0.0581007	0.0508402	0.9689694	2.477334
702	-1227.545	-1445.917	218.3716	0.258117	0.469278	0.45136	0.0507884	0.0285734	1.027627	2.477334
708	-1234.28	-1452.632	218.3512	0.310175	0.430492	0.484347	0.0545001	0.0306616	0.9258561	2.5438
714	-1243.293	-1461.346	218.0527	0.4600863	0.378411	0.54304	0.0397051	0.0388433	1.108182	2.5438
720	-1247.397	-1464.988	217.5909	0.5217618	0.380066	0.523806	0.0452042	0.0509234	1.084696	2.804925
726	-1243.728	-1461.823	218.0955	0.3928333	0.334271	0.615666	0.0304989	0.0195639	0.8955509	2.685951
732	-1233.631	-1451.01	217.3791	0.3447662	0.421811	0.506232	0.0505921	0.0213646	0.9291752	3.120277
738	-1228.209	-1444.986	216.777	0.2697874	0.474947	0.469696	0.0333207	0.0220364	0.7403349	3.60506
744	-1237.284	-1454.495	217.2115	0.3309998	0.483284	0.446653	0.0569523	0.0131114	0.8287858	3.284234
750	-1234.263	-1453.315	219.0527	0.2072951	0.550566	0.409038	0.0237027	0.0166935	1.124996	1.965791
756	-1233.471	-1452.802	219.3309	0.3088157	0.363114	0.588561	0.00364252	0.0446826	1.292154	1.656708
762	-1231.161	-1450.872	219.7114	0.2535719	0.405719	0.570489	0.00179331	0.0219984	1.321576	1.361105
768	-1233.42	-1453.15	219.7302	0.2469155	0.470067	0.509345	0.00192567	0.0186627	1.396295	1.285837
774	-1220.595	-1439.931	219.3357	0.2827807	0.506638	0.474195	0.00179278	0.0173748	1.151273	1.760238
780	-1225.929	-1444.943	219.0141	0.3091528	0.404585	0.586247	0.00326102	0.00590626	1.283264	1.883661
786	-1220.261	-1439.003	218.7423	0.2421112	0.563055	0.40136	0.0213582	0.0142267	1.014928	2.250053
792	-1221.906	-1439.916	218.0093	0.3189133	0.320522	0.645517	0.0176732	0.0162884	1.074941	2.660344
798	-1235.653	-1453.527	217.8737	0.2993178	0.320017	0.644501	0.0119178	0.0235637	1.131526	2.714744
804	-1240.904	-1459.731	218.8274	0.397384	0.454741	0.513031	0.0193401	0.0128879	1.190167	2.031048
810	-1248.142	-1466.009	217.8673	0.3826796	0.507375	0.437165	0.0352041	0.0202561	1.037611	2.743804
816	-1241.462	-1458.69	217.2276	0.665885	0.438659	0.502973	0.0557327	0.00263499	0.966288	3.005001
822	-1239.062	-1457.542	218.4792	0.5585675	0.515164	0.41328	0.0654528	0.00610264	1.065871	2.23857
828	-1220.946	-1439.228	218.2813	0.2974802	0.41111	0.50747	0.0411802	0.0402401	0.894972	2.609867
834	-1239.315	-1457.374	218.0587	0.2974802	0.501458	0.454557	0.0160458	0.0279392	1.117627	2.609867
840	-1219.405	-1438.234	218.8286	0.517481	0.48788	0.459669	0.0252678	0.0271827	1.324028	1.864357
846	-1219.743	-1439.547	219.8037	0.3230985	0.417832	0.566742	0.00920375	0.00622296	1.667233	0.9520928
852	-1225.953	-1445.867	219.9135	0.3375634	0.405535	0.546091	0.0236123	0.0247619	1.667233	0.8153999
858	-1231.572	-1451.351	219.7793	0.3375634	0.584813	0.298681	0.0605237	0.0559821	1.592716	1.042687
864	-1231.525	-1451.333	219.8078	0.2186569	0.508525	0.380488	0.0491063	0.0618801	1.682317	0.9483643
870	-1238.906	-1458.537	219.6305	0.3030562	0.657034	0.248887	0.0322692	0.0618096	1.541244	1.238088
876	-1251.549	-1471.236	219.6863	0.319089	0.431206	0.485835	0.0750801	0.00787848	1.549945	1.176216
882	-1241.698	-1461.313	219.6153	0.4064835	0.391564	0.536224	0.0418634	0.0303482	1.582703	1.15458
888	-1229.856	-1449.573	219.7166	0.2796488	0.597861	0.340287	0.0364543	0.0253978	1.560876	1.15458
894	-1226.812	-1446.698	219.8864	0.2257056	0.656014	0.270887	0.025363	0.0477357	1.73567	0.7966463
900	-1227.035	-1446.937	219.9021	0.248625	0.619704	0.332453	0.00524784	0.0425946	1.845953	0.5553649
906	-1228.847	-1448.623	219.7761	0.2655142	0.54841	0.34923	0.0141913	0.0881685	1.877516	0.7568144
912	-1221.093	-1441.01	219.9166	0.2593213	0.520425	0.374625	0.00453866	0.100411	1.77623	0.6948897
918	-1221.229	-1440.99	219.7608	0.2818917	0.490418	0.484872	0.00587432	0.0188356	1.984698	0.5433915
924	-1219.786	-1439.507	219.7208	0.2182689	0.664996	0.284525	0.0125979	0.0378816	1.984698	0.370155
930	-1227.068	-1446.781	219.7135	0.2769139	0.76293	0.214149	0.00679517	0.0161259	2.019155	0.4115155
936	-1224.188	-1443.839	219.6505	0.3412055	0.510355	0.409656	0.0404822	0.0395068	2.036234	0.6404102
942	-1220.675	-1440.567	219.8917	0.2887595	0.574478	0.360799	0.0516114	0.0131118	1.711333	0.818161
948	-1222.853	-1442.844	219.9914	0.2709842	0.513283	0.403664	0.0398011	0.0432528	1.711333	0.673248
954	-1232.165	-1451.973	219.8079	0.3462845	0.459596	0.474294	0.0401078	0.0260022	1.712181	0.882342
960	-1226.841	-1446.453	219.6128	0.2928739	0.527308	0.453533	0.0095932	0.00956516	1.433385	1.344031
966	-1224.44	-1443.879	219.4395	0.2586772	0.517113	0.444765	0.0245744	0.0135479	1.328158	1.562705
972	-1233.657	-1451.664	218.007	0.5639962	0.375047	0.607891	0.0128652	0.00419723	1.087712	2.520156
978	-1229.626	-1448.426	218.7995	0.4957195	0.430233	0.545347	0.00419319	0.0202266	1.239132	1.956309
984	-1220.499	-1438.547	218.0481	0.4628695	0.428516	0.48468	0.0810461	0.00575806	1.125875	2.533978
990	-1236.103	-1454.973	218.8707	0.4827689	0.338836	0.644226	0.00495347	0.0119838	1.232242	1.921593
996	-1243.926	-1463.232	219.3061	0.3176516	0.389374	0.590505	0.00818654	0.0119346	1.361684	1.6213
1002	-1244.918	-1463.932	219.0139	0.3026224	0.389313	0.590413	0.00834156	0.0119327	1.127523	1.990834
1008	-1235.651	-1454.889	219.2381	0.2835239	0.564867	0.42642	0.00615097	0.0025622	1.327722	1.704664
1014	-1260.001	-1479.484	219.4831	0.2535919	0.461879	0.526434	0.00534576	0.00634074	1.42887	1.454926
1020	-1237.249	-1456.814	219.5654	0.5243258	0.468244	0.520262	0.00910372	0.00238974	1.439895	1.224274
1026	-1230.027	-1449.435	219.4073	0.676615	0.606839	0.380484	0.0117633	0.000914283	1.617385	1.065506
1032	-1229.242	-1448.911	219.6685	0.550881	0.593033	0.382957	0.0196576	0.00435295	1.48822	1.065506
1038	-1230.952	-1450.39	219.4385	0.3804327	0.692058	0.228453	0.0719979	0.00749117	1.609938	1.299076
1044	-1240.794	-1460.513	219.7191	0.3225718	0.660783	0.262183	0.0724812	0.00455304	1.718898	0.9863734
1050	-1248.948	-1468.617	219.6684	0.3825506	0.605253	0.293585	0.0306392	0.0705227	1.728326	0.9863734
1056	-1244.965	-1464.857	219.892	0.242589	0.646621	0.269518	0.0105184	0.0733434	1.793061	0.7080724
1062	-1227.068	-1447.01	219.9413	0.2208745	0.641245	0.186911	0.00440517	0.167439	1.738164	0.7080724
1068	-1241.711	-1461.648	219.937	0.2281298	0.740867	0.21595	0.0180311	0.0251518	1.715983	0.7541907
1074	-1228.862	-1448.712	219.8506	0.225977	0.704083	0.254112	0.0198622	0.0219424	1.794175	0.7651352
1080	-1226.882	-1446.838	219.9562	0.225977	0.744375	0.228164	0.0209988	0.00646205	1.650898	0.8164224
1086	-1224.434	-1444.372	219.9373	0.2387893	0.632549	0.28449	0.0319733	0.0509876	1.650898	0.8442258
1092	-1220.6	-1440.573	219.9725	0.2362291	0.712997	0.227395	0.00524017	0.0543673	1.659966	0.7863329
1098	-1222.078	-1442.029	219.9517	0.2360335	0.580095	0.285856	0.00509035	0.128959	1.659966	0.8139471
1104	-1223.852	-1443.734	219.8823	0.2360335	0.66658	0.288417	0.00935051	0.0356527	1.659966	0.8975224
1110	-1226.862	-1446.672	219.8095	0.2767403	0.688969	0.260666	0.0176601	0.0327053	1.659966	0.9738359
1116	-1234.251	-1454.033	219.7819	0.3203346	0.693803	0.262494	0.0205977	0.0231053	1.562382	1.07853
1122	-1234.719	-1454.018	219.2993	0.2940436	0.539704	0.44407	0.00219562	0.0140309	1.318872	1.664792
1128	-1229.335	-1448.273	218.9377	0.3055231	0.520208	0.46627	0.00158166	0.01194	1.175653	2.008704
1134	-1230.341	-1448.415	218.074	0.3795643	0.459697	0.527542	0.00502247	0.0077388	1.009795	2.635426
1140	-1235.255	-1454.079	218.8245	0.4134623	0.493431	0.487198	0.0112896	0.00808175	1.224226	2.001264
1146	-1235.273	-1454.973	219.7005	0.216985	0.748735	0.198626	0.0228163	0.0298224	1.314111	1.369413
1152	-1245.26	-1464.526	219.2661	0.216985	0.760372	0.201713	0.00762914	0.0302859	1.314111	1.6925
1158	-1247.056	-1466.4	219.3438	0.2791982	0.696745	0.259221	0.0296545	0.0143795	1.324553	1.632278
1164	-1246.707	-1466.429	219.7222	0.3573036	0.489697	0.404948	0.0328904	0.072465	1.541679	1.130608
1170	-1245.069	-1464.774	219.7048	0.2880603	0.438068	0.53906	0.0184816	0.00439074	1.532488	1.187337
1176	-1241.293	-1460.805	219.5119	0.4745771	0.586361	0.392613	0.0134607	0.00756611	1.586104	1.187337
1182	-1237.616	-1457.513	219.8972	0.3788272	0.590599	0.355758	0.0121971	0.0414461	1.398833	1.086626
1188	-1224.981	-1444.904	219.923	0.2337011	0.572442	0.374358	0.00958656	0.043613	1.606778	0.9110051
1194	-1227.516	-1447.469	219.9527	0.181517	0.584923	0.354032	0.0113089	0.0497365	1.669802	0.7473075
1200	-1239.89	-1459.855	219.9649	0.2029787	0.687893	0.206159	0.0194779	0.0864705	1.544359	0.9173736
1206	-1230.841	-1450.817	219.9764	0.231726	0.565063	0.354223	0.0181645	0.0625504	1.615473	0.8378938
1212	-1223.781	-1443.761	219.9805	0.289542	0.622918	0.333221	0.0137143	0.030147	1.433691	1.025228
1218	-1230.034	-1449.339	219.3057	0.2687009	0.491345	0.337163	0.0674683	0.104024	1.247517	1.716115
1224	-1234.603	-1453.498	218.8951	0.3087399	0.420665	0.494542	0.0214258	0.0633677	1.136188	2.062096
1230	-1233.691	-1452.807	219.1164	0.2353646	0.500237	0.3954	0.0657171	0.0386461	1.081247	1.9604
1236	-1230.391	-1449.361	218.9698	0.3487285	0.313534	0.58436	0.0615354	0.0405707	1.282341	1.898646
1242	-1226.769	-1445.877	219.1082	0.3693339	0.281355	0.689709	0.0176952	0.0112405	1.362522	1.737617
1248	-1230.66	-1449.915	219.2551	0.3835729	0.443543	0.521263	0.0168513	0.0183423	1.452152	1.559866
1254	-1224.281	-1443.444	219.1635	0.3497991	0.471686	0.412927	0.044092	0.0712954	1.261545	1.779396
1260	-1229.652	-1448.123	218.4714	0.2076926	0.596867	0.267914	0.0384267	0.0967923	0.926369	2.470084
1266	-1240.414	-1458.223	217.8082	0.3076881	0.589772	0.264729	0.0379699	0.107529	0.900053	2.893178
1272	-1237.625	-1455.565	217.9392	0.2428734	0.447027	0.49405	0.0322922	0.0266308	0.8735098	2.838543
1278	-1229.345	-1448.048	218.703	0.2775995	0.645425	0.32277	0.0144071	0.0173982	1.062047	2.243109
1284	-1223.957	-1443.14	219.183	0.3687213	0.445606	0.452369	0.0462149	0.0558099	1.236956	1.773446
1290	-1214.812	-1433.909	219.097	0.2564415	0.508292	0.375109	0.0517296	0.0648691	1.140055	1.934901
1296	-1216.344	-1435.321	218.9769	0.2691179	0.489612	0.444907	0.039624	0.0258566	1.258646	1.934901
1302	-1212.029	-1430.81	218.7819	0.2715746	0.489104	0.44535	0.0396635	0.0258824	1.145666	2.13869
1308	-1209.552	-1428.171	218.619	0.3421655	0.51797	0.428909	0.0257105	0.0274099	1.107716	2.247972
1314	-1217.904	-1436.935	219.031	0.2781915	0.51797	0.428909	0.0257105	0.0274099	1.120969	1.989597
1320	-1214.923	-1433.519	218.5962	0.5207856	0.502442	0.465901	0.027928	0.003729	1.115424	2.155819
1326	-1207.655	-1426.292	218.6372	0.4171566	0.531278	0.457226	0.0106344	0.000861494	1.115339	2.19364
1332	-1218.436	-1437.199	218.7633	0.5308688	0.380441	0.549283	0.0489994	0.0212762	1.115339	2.039406
1338	-1227.006	-1444.939	217.9329	0.6302883	0.487052	0.432393	0.0661258	0.0144293	1.138097	2.491594
1344	-1215.787	-1434.647	218.8606	0.2929677	0.454388	0.376023	0.0358401	0.133749	1.138097	2.088037
1350	-1225.678	-1444.596	218.9182	0.2929677	0.38205	0.5191	0.022029	0.076821	1.367326	1.89649
1356	-1222.135	-1440.999	218.8635	0.4358723	0.282552	0.62198	0.0164163	0.0790514	1.321	1.89649
1362	-1228.4	-1447.755	219.3552	0.3858117	0.305279	0.641069	0.030447	0.0232049	1.321	1.581366
1368	-1231.348	-1451.047	219.6982	0.2381084	0.353644	0.541528	0.00335855	0.101469	1.370026	1.332252
1374	-1226.685	-1446.193	219.5077	0.2386657	0.737787	0.226922	0.00700676	0.0282844	1.396719	1.459986
1380	-1227.653	-1447.295	219.6425	0.2437155	0.726759	0.242517	0.00609224	0.0246311	1.434165	1.326055
1386	-1233.309	-1452.95	219.6411	0.2437155	0.639097	0.347651	0.00706204	0.00618991	1.354032	1.390579
1392	-1233.534	-1453.124	219.5902	0.2594349	0.655895	0.33195	0.00574677	0.00640801	1.605351	1.228364
1398	-1217.774	-1437.375	219.6009	0.2476017	0.694056	0.276974	0.0149513	0.0140191	1.376851	1.404318
1404	-1210.657	-1429.886	219.2289	0.2774013	0.589556	0.372338	0.00323779	0.0348685	1.468437	1.611712
1410	-1230.586	-1449.584	218.9986	0.293483	0.48064	0.488293	0.00263964	0.0284268	1.416888	1.807365
1416	-1231.276	-1450.684	219.4077	0.2931916	0.445753	0.515493	0.00278667	0.0359678	1.376921	1.544102
1422	-1222.664	-1442.068	219.4043	0.2830598	0.43941	0.478036	0.00113029	0.0814238	1.214682	1.66695
1428	-1225.056	-1443.955	218.8982	0.2550908	0.557804	0.377155	0.000800286	0.0642408	1.152149	2.059457
1434	-1230.978	-1450.452	219.4733	0.2479002	0.55115	0.382676	0.000993319	0.0651812	1.06798	1.725558
1440	-1223.027	-1442.193	219.1658	0.3275663	0.461812	0.496823	0.00125595	0.0401094	1.350298	1.725558
1446	-1224.194	-1443.416	219.2229	0.2683623	0.511311	0.379642	0.00381885	0.105227	1.316951	1.725558
1452	-1218.157	-1436.741	218.5844	0.2862144	0.532834	0.395623	0.0157511	0.0557919	1.10082	2.292679
1458	-1213.709	-1432.83	219.1211	0.3248471	0.602181	0.37935	0.0094297	0.00903991	1.074621	1.94684
1464	-1225.001	-1444.36	219.3586	0.2308507	0.432979	0.468033	0.0193472	0.0796414	1.199127	1.712118
1470	-1217.018	-1436.659	219.6412	0.2334132	0.718609	0.229403	0.0129523	0.0390356	1.205179	1.503007
1476	-1221.294	-1439.719	218.4244	0.2640156	0.616914	0.327903	0.0216718	0.0335114	0.8991441	2.524255
1482	-1219.578	-1437.807	218.2282	0.3532155	0.535768	0.384924	0.0494551	0.029853	1.05445	2.524255
1488	-1228.879	-1447.447	218.568	0.3738516	0.598136	0.367243	0.0214267	0.0131943	1.172047	2.224842
1494	-1237.67	-1456.689	219.0186	0.4945567	0.299863	0.684013	0.0114107	0.00471335	1.15411	1.86629
1500	-1239.336	-1457.311	217.9753	0.4054165	0.542264	0.431488	0.0183912	0.00785649	1.029655	2.670942
1506	-1239.262	-1458.002	218.7403	0.5774261	0.451244	0.521221	0.0200802	0.00745509	1.215299	1.956071
1512	-1244.669	-1463.099	218.4302	0.4609617	0.475441	0.479567	0.0263239	0.0186674	0.9914095	2.379693
1518	-1230.743	-1447.922	217.1793	0.3551278	0.338702	0.642274	0.00572618	0.0132985	0.8508917	3.280897
1524	-1232.142	-1449.427	217.2844	0.3504482	0.291796	0.690323	0.00891822	0.00896289	0.748977	3.280897
1530	-1240.56	-1458.09	217.5296	0.34648	0.49942	0.442331	0.0464695	0.0117798	0.8697023	3.065294
1536	-1243.701	-1461.519	217.8176	0.34648	0.403163	0.539323	0.0375131	0.0200005	0.7658997	2.954845
1542	-1244.379	-1462.257	217.8775	0.2681183	0.455262	0.369405	0.0423607	0.132972	0.8391572	2.896097
1548	-1243.155	-1461.121	217.9664	0.2904306	0.472478	0.429764	0.086938	0.0108196	0.7122713	2.915368
1554	-1241.784	-1460.136	218.352	0.3817262	0.532297	0.375494	0.0738792	0.0183298	0.9633112	2.490556
1560	-1224.919	-1442.91	217.9912	0.3817262	0.337756	0.535144	0.105291	0.0218102	1.029181	2.673451
1566	-1215.31	-1434.105	218.7949	0.3745374	0.506996	0.445143	0.0300693	0.017792	1.041694	2.161962
1572	-1217.713	-1435.691	217.9772	0.3975141	0.490365	0.473616	0.0171955	0.0188236	0.9971597	2.69381
1578	-1223.047	-1441.194	218.1469	0.2999885	0.332664	0.626138	0.0163122	0.0248855	0.7969651	2.752106
1584	-1231.446	-1449.932	218.4863	0.3401537	0.51339	0.402818	0.0118751	0.071917	0.7816496	2.538818
1590	-1229.282	-1446.74	217.4581	0.3105354	0.430049	0.509221	0.0153305	0.0453991	0.608255	3.275451
1596	-1241.448	-1458.604	217.1561	0.3627848	0.395879	0.487229	0.0854012	0.0314903	0.8302157	3.303503
1602	-1233.203	-1451.153	217.9506	0.3917032	0.400355	0.507945	0.0598529	0.0318463	0.9325345	2.752623
1608	-1231.549	-1449.545	217.9962	0.482821	0.496518	0.436644	0.0514512	0.0153872	0.8482811	2.725536
1614	-1233.913	-1452.862	218.9489	0.2940532	0.424104	0.531534	0.0222497	0.0221123	1.161589	2.013836
1620	-1233.696	-1452.713	219.017	0.3559164	0.439108	0.498351	0.0472331	0.0153083	1.058613	2.013836
1626	-1238.915	-1456.416	217.5011	0.3706155	0.401358	0.511671	0.0794095	0.00756209	0.7831971	3.123601
1632	-1235.926	-1453.303	217.3765	0.3727898	0.403665	0.514612	0.0798659	0.00185736	0.8993316	3.127641
1638	-1240.032	-1457.815	217.783	0.5389551	0.490618	0.454384	0.0518157	0.0031825	0.8746012	2.805216
1644	-1236.858	-1455.004	218.146	0.382633	0.58277	0.402513	0.011898	0.0028192	0.9197053	2.6451
1650	-1245.865	-1462.444	216.5791	0.4313066	0.450914	0.532685	0.0126701	0.00373092	0.8079295	3.620604
1656	-1236.11	-1453.47	217.3598	0.3559053	0.411989	0.558092	0.0259648	0.003954	0.9384968	3.12168
1662	-1238.886	-1456.339	217.4524	0.5593872	0.456787	0.494337	0.0423789	0.0064975	0.8039377	3.034598
1668	-1243.194	-1461.187	217.9933	0.8769328	0.523544	0.423394	0.0458609	0.00720131	0.8873563	2.448321
1674	-1245.687	-1463.523	217.8356	0.6255653	0.476335	0.379762	0.131016	0.0128864	1.01473	2.631774
1680	-1234.627	-1451.958	217.3308	0.5600934	0.431779	0.551419	0.0126922	0.00410927	1.024362	2.974931
1686	-1247.731	-1466.737	219.0065	0.5648561	0.353952	0.638359	0.00432102	0.00336858	1.163291	1.819237
1692	-1244.364	-1464.24	219.8767	0.3109439	0.622356	0.337132	0.00885044	0.0316612	1.57771	0.9759627
1698	-1236.213	-1455.976	219.7628	0.4374744	0.431068	0.515239	0.00929876	0.0443941	1.839799	0.6554719
1704	-1239.767	-1459.505	219.7388	0.4219752	0.525374	0.400922	0.0329571	0.0407466	1.898106	0.6064409
1710	-1233.877	-1453.744	219.8668	0.3033192	0.539762	0.379349	0.0423355	0.0385541	1.861097	0.5856419
1716	-1248.438	-1468.418	219.9802	0.230219	0.589588	0.34069	0.0364901	0.0332309	1.751626	0.6041609
1722	-1244.776	-1464.674	219.8982	0.2396633	0.650572	0.312886	0.0122258	0.0243163	1.850597	0.5466473
1728	-1249.415	-1469.2	219.7841	0.2246289	0.727492	0.212419	0.0276323	0.0324566	1.960487	0.5490991
1734	-1244.205	-1463.968	219.7634	0.2498781	0.466858	0.375932	0.0448421	0.112367	1.99007	0.4870309
1740	-1250.071	-1469.914	219.843	0.2276216	0.680502	0.23249	0.0248182	0.0621906	1.886208	0.6095218
1746	-1240.323	-1460.09	219.7677	0.2276216	0.684993	0.274709	0.022562	0.0177363	1.9767	0.5555252
1752	-1228.179	-1447.819	219.6407	0.2141625	0.730601	0.246462	0.0113251	0.0116128	2.079087	0.3971493
1758	-1242.246	-1461.746	219.5005	0.2340505	0.650396	0.303192	0.0380794	0.00833245	2.189669	0.3442673
1764	-1241.862	-1461.1	219.2381	0.3344611	0.587298	0.332019	0.0715577	0.0091247	2.327191	0.2683016
1770	-1232.419	-1451.795	219.3754	0.4110914	0.507178	0.37533	0.095563	0.0219284	2.229819	0.3448778
1776	-1233.969	-1453.389	219.4191	0.4093044	0.398939	0.438549	0.133638	0.0288737	2.20804	0.3704663
1782	-1239.995	-1459.586	219.5914	0.3055818	0.534998	0.450528	0.00340428	0.01107	2.107838	0.3704663
1788	-1242.846	-1462.379	219.5328	0.3176533	0.474268	0.514064	0.00581442	0.00585358	2.179511	0.4029326
1794	-1230.236	-1449.878	219.6424	0.3223303	0.607698	0.380059	0.00474221	0.00750041	2.072725	0.4149979
1800	-1228.395	-1448.127	219.7325	0.2613663	0.630272	0.339061	0.00344665	0.0272205	2.019461	0.5253255
1806	-1228.466	-1448.316	219.85	0.2302847	0.653576	0.286386	0.0153779	0.0446602	1.899555	0.4735724
1812	-1240.777	-1460.626	219.8492	0.2778515	0.689586	0.22741	0.0173621	0.0656422	1.899555	0.5275044
1818	-1236.587	-1456.382	219.7952	0.2457235	0.601317	0.326303	0.0151397	0.0572398	1.957878	0.5162672
1824	-1236.288	-1456.18	219.8925	0.2810188	0.686319	0.23532	0.0419467	0.0364142	1.855107	0.5299438
1830	-1227.185	-1447.042	219.8572	0.2380258	0.677374	0.231291	0.0412285	0.0501068	1.89535	0.509012
1836	-1212.434	-1432.511	220.0773	0.3005429	0.553827	0.421609	0.0133099	0.011254	1.623641	0.6578742
1842	-1226.889	-1446.836	219.9463	0.3089666	0.499958	0.467026	0.00783531	0.0251806	1.712823	0.7263982
1848	-1233.324	-1453.159	219.835	0.2755065	0.547039	0.338793	0.0156191	0.0985493	1.907373	0.5676593
1854	-1230.506	-1450.385	219.8791	0.2132375	0.626085	0.27967	0.0128934	0.0813515	1.863561	0.5255761
1860	-1228.956	-1449.01	220.054	0.273235	0.549061	0.334313	0.0475244	0.0691009	1.48577	0.8992399
1866	-1219.192	-1439.159	219.9672	0.273235	0.47394	0.431991	0.0217176	0.0723512	1.616022	0.8483769
1872	-1219.988	-1439.661	219.6733	0.359411	0.548071	0.375612	0.0175089	0.0588072	1.352253	1.330364
1878	-1225.649	-1444.866	219.2166	0.2900196	0.399017	0.520006	0.0210116	0.059965	1.238654	1.780623
1884	-1238.147	-1456.807	218.6598	0.3463633	0.440611	0.471418	0.0374369	0.0505348	0.9218894	2.338901
1890	-1239.163	-1458.132	218.9688	0.2443093	0.629546	0.344721	0.018421	0.0073126	1.171954	1.999311
1896	-1231.499	-1450.802	219.3028	0.2443093	0.594792	0.373051	0.00979237	0.0223653	1.212042	1.743984
1902	-1231.85	-1450.403	218.5534	0.4128308	0.424355	0.552325	0.00442302	0.0188967	1.101095	2.25927
1908	-1235.667	-1454.054	218.3865	0.3464272	0.320499	0.60702	0.014447	0.058034	1.262137	2.296194
1914	-1223.524	-1442.466	218.9423	0.3380202	0.544811	0.406906	0.0408198	0.00746272	1.195888	1.980115
1920	-1229.4	-1448.418	219.0184	0.3060034	0.255476	0.682943	0.0612892	0.000291827	1.244857	1.907899
1926	-1231.152	-1448.766	217.6144	0.5035806	0.336997	0.553768	0.108792	0.000442385	1.075248	2.807498
1932	-1242.745	-1460.398	217.6529	0.7775846	0.531006	0.375662	0.0927821	0.000550193	0.6674484	2.857543
1938	-1242.455	-1459.395	216.9405	0.7839446	0.593321	0.364339	0.041255	0.00108418	0.7948202	3.203911
1944	-1240.028	-1458.062	218.0345	0.4253839	0.396774	0.4668	0.135376	0.00104921	1.038745	2.618071
1950	-1238.545	-1457.745	219.1998	0.2625418	0.641216	0.277206	0.081045	0.000533438	0.9868354	1.968401
1956	-1231.448	-1449.847	218.399	0.5355363	0.645602	0.272901	0.0803596	0.00113712	1.135996	2.260269
1962	-1237.311	-1456.081	218.7692	0.56372	0.435714	0.513123	0.0495548	0.0016074	1.136826	1.998722
1968	-1225.526	-1445.011	219.4855	0.2327088	0.580422	0.397669	0.0181392	0.00376988	1.202577	1.619341
1974	-1214.728	-1434.189	219.4615	0.3207775	0.532768	0.428894	0.0231548	0.0151834	1.302026	1.550143
1980	-1217.532	-1436.949	219.417	0.3089414	0.523383	0.421338	0.0227469	0.0325316	1.258881	1.618666
1986	-1217.86	-1437.192	219.3313	0.2477642	0.678971	0.276628	0.0124527	0.0319486	1.133111	1.779323
1992	-1218.167	-1437.291	219.1234	0.2410781	0.651759	0.30114	0.0144662	0.0326342	1.13355	1.921115
1998	-1223.878	-1443.047	219.1689	0.2670409	0.62715	0.325923	0.01392	0.0330069	1.311208	1.767543
2004	-1224.062	-1443.765	219.703	0.271186	0.528644	0.398047	0.0169713	0.0563384	1.308146	1.376745
2010	-1229.983	-1449.485	219.5026	0.2933526	0.514766	0.444562	0.0159904	0.0246816	1.452173	1.41556
2016	-1217.526	-1436.931	219.4046	0.2999004	0.486886	0.493852	0.0158113	0.00345106	1.267376	1.624428
2022	-1212.047	-1431.862	219.8148	0.2130572	0.755393	0.235424	0.00753741	0.00164516	1.304291	1.283871
2028	-1214.15	-1433.954	219.8034	0.2394008	0.675014	0.270746	0.0293442	0.0248954	1.506595	1.128471
2034	-1220.545	-1440.308	219.7629	0.2210529	0.613918	0.344838	0.0373745	0.00386921	1.480961	1.182195
2040	-1221.09	-1440.857	219.7668	0.3006265	0.559261	0.327811	0.066563	0.0463657	1.180707	1.418895
2046	-1212.636	-1432.172	219.5356	0.3006265	0.479327	0.410344	0.0405041	0.069825	1.231501	1.554809
2052	-1209.997	-1428.792	218.7949	0.3006265	0.440387	0.475938	0.0168587	0.0668161	1.04706	2.188302
2058	-1227.914	-1447.287	219.3736	0.4217954	0.554266	0.350253	0.0640065	0.0314745	1.374587	1.505571
2064	-1231.31	-1450.258	218.9478	0.4578802	0.516848	0.403323	0.0612419	0.0185863	1.41925	1.756642
2070	-1235.605	-1454.26	218.6548	0.410712	0.431791	0.512272	0.0506614	0.00527585	1.288099	2.072934
2076	-1233.998	-1452.825	218.8268	0.5448507	0.459557	0.49993	0.0341517	0.00636157	1.096038	2.000558
2082	-1239.713	-1459.222	219.5088	0.3045736	0.479437	0.487899	0.0246343	0.00802992	1.24834	1.56092
2088	-1227.366	-1446.983	219.6171	0.3609719	0.573803	0.265261	0.1071	0.0538365	1.466394	1.282469
2094	-1227.317	-1447.055	219.7376	0.2610982	0.531097	0.337911	0.0991287	0.0318632	1.466394	1.221122
2100	-1221.235	-1440.752	219.517	0.6962476	0.568086	0.360757	0.036191	0.0349661	1.623329	0.9283938
2106	-1226.553	-1446.106	219.5531	0.4679831	0.343764	0.631785	0.0226549	0.00179558	1.628851	1.118791
2112	-1228.692	-1448.557	219.8651	0.3276352	0.436341	0.493841	0.0646913	0.00512731	1.782244	0.7292351
2118	-1228.971	-1448.574	219.6037	0.3655999	0.424761	0.389052	0.177818	0.00836921	1.88587	0.9015064
2124	-1233.474	-1453.212	219.7386	0.3655999	0.702972	0.246382	0.0393063	0.0113405	1.677259	0.9802122
2130	-1231.535	-1451.401	219.8663	0.3266538	0.510322	0.336923	0.0313382	0.121416	1.560514	0.9953529
2136	-1226.511	-1446.007	219.4964	0.5999869	0.478667	0.461493	0.0445262	0.0153142	1.473875	1.187288
2142	-1231.652	-1451.142	219.4902	0.6087061	0.476807	0.4597	0.0553753	0.00811712	1.73231	0.9395434
2148	-1241.868	-1461.711	219.8423	0.4382912	0.428795	0.501886	0.060457	0.00886202	1.584752	0.9031303
2154	-1247.721	-1467.417	219.6963	0.4712031	0.682074	0.225808	0.0800029	0.0121153	1.699704	0.9031303
2160	-1239.174	-1458.896	219.7221	0.3284537	0.414619	0.516915	0.0453321	0.0231332	1.504067	1.180385
2166	-1236.291	-1456.058	219.7673	0.2295064	0.524633	0.433553	0.022527	0.0192862	1.329031	1.30804
2172	-1232.101	-1451.464	219.3633	0.3180544	0.577481	0.341794	0.0473715	0.0333533	1.230466	1.67428
2178	-1232.127	-1451.364	219.2369	0.3210236	0.518764	0.317401	0.123105	0.0407305	1.327683	1.693936
2184	-1219.953	-1439.892	219.9395	0.309501	0.475838	0.36702	0.118075	0.0390663	1.481859	1.009905
2190	-1222.562	-1442.537	219.975	0.2678004	0.636227	0.289106	0.0557122	0.0189551	1.653265	0.7920201
2196	-1226.162	-1446.064	219.9025	0.2848488	0.590329	0.349355	0.0516931	0.00862237	1.583621	0.9541451
2202	-1217.085	-1436.971	219.8866	0.342044	0.623839	0.328732	0.0440726	0.00335609	1.586994	0.9370852
2208	-1234.519	-1454.111	219.5925	0.3622058	0.531951	0.355823	0.0746054	0.0376208	1.690212	1.110405
2214	-1227.25	-1447.091	219.8415	0.3968384	0.488624	0.429217	0.0568521	0.0253073	1.465422	1.062839
2220	-1227.907	-1447.709	219.8024	0.3837563	0.574564	0.32961	0.0580593	0.0377672	1.492249	1.084299
2226	-1227.578	-1447.399	219.8214	0.3414322	0.586107	0.273279	0.0208959	0.119718	1.887405	0.5783426
2232	-1222.981	-1441.483	218.5023	0.7063505	0.449601	0.366801	0.157652	0.0259452	1.036008	2.142099
2238	-1234.011	-1452.368	218.3567	0.4611879	0.460906	0.33499	0.175261	0.0288432	1.001024	2.419903
2244	-1232.295	-1451.984	219.6893	0.2179844	0.614526	0.290114	0.00256136	0.0927988	2.054439	0.4645255
2250	-1233.11	-1452.649	219.5385	0.2179844	0.67877	0.212651	0.00607809	0.1025	2.175415	0.3832354
2256	-1232.375	-1451.69	219.3154	0.2413747	0.686087	0.214944	0.00614361	0.0928255	2.346473	0.315636
2262	-1230.35	-1449.45	219.0999	0.259284	0.476741	0.358288	0.0102408	0.15473	2.527808	0.2893386
2268	-1228.791	-1447.8	219.0088	0.2176427	0.633669	0.229302	0.0474073	0.0896216	2.527808	0.2420579
2274	-1225.36	-1444.279	218.9194	0.2507163	0.580415	0.322189	0.015306	0.0820897	2.527808	0.2032754
2280	-1226.58	-1445.469	218.8885	0.3603689	0.603052	0.33817	0.0092371	0.0495409	2.514478	0.2041966
2286	-1223.559	-1442.447	218.8882	0.3608643	0.614008	0.319866	0.0089545	0.0571722	2.514478	0.2041966
2292	-1238.993	-1457.894	218.9014	0.285627	0.546507	0.36365	0.012166	0.0776769	2.485017	0.1858057
2298	-1231.97	-1450.822	218.8525	0.4014185	0.538549	0.393292	0.0119889	0.0561705	2.54262	0.212947
2304	-1246.497	-1465.421	218.924	0.2727144	0.447188	0.478079	0.0319445	0.0427887	2.54262	0.2109718
2310	-1232.279	-1451.233	218.9547	0.2262241	0.753342	0.219678	0.0112998	0.0156802	2.54262	0.2234074
2316	-1238.522	-1457.647	219.1241	0.2258526	0.642262	0.289832	0.0284403	0.0394653	2.37012	0.2222357
2322	-1231.043	-1450.447	219.4046	0.2258526	0.710839	0.24381	0.0239243	0.021427	2.225286	0.2935131
2328	-1232.901	-1452.368	219.4667	0.2381962	0.571283	0.389716	0.0217806	0.0172203	2.238313	0.3610268
2334	-1233.93	-1453.301	219.3711	0.4577832	0.555094	0.378672	0.0495009	0.0167323	2.210481	0.368319
2340	-1235.365	-1454.756	219.391	0.3086454	0.427663	0.437792	0.0445585	0.0899867	1.425783	1.51527
2346	-1245.303	-1464.598	219.295	0.2881982	0.325906	0.480022	0.0563322	0.13774	1.412983	1.60161
2352	-1239.015	-1458.657	219.642	0.2121216	0.779371	0.160544	0.0351895	0.0248955	2.051527	0.3584007
2358	-1225.776	-1445.373	219.5967	0.2573721	0.628003	0.314882	0.0239794	0.0331362	2.106809	0.3580367
2364	-1228.651	-1448.198	219.5471	0.3553173	0.369237	0.572206	0.0246869	0.0338694	2.130811	0.3828433
2370	-1228.452	-1448.041	219.5883	0.3816823	0.380361	0.589444	0.0254306	0.00476491	2.086829	0.4166767
2376	-1216.952	-1436.622	219.6705	0.3039521	0.627724	0.297073	0.0746449	0.000558057	2.06606	0.4553255
2382	-1220.449	-1440.257	219.8081	0.2431435	0.592218	0.381885	0.0248869	0.00100947	1.854118	0.7448737
2388	-1230.611	-1450.517	219.9056	0.3143835	0.599839	0.382291	0.0174441	0.000425477	1.804757	0.6213272
2394	-1242.114	-1462.122	220.0082	0.2206469	0.712175	0.234301	0.0515104	0.00201325	1.713946	0.6213272
2400	-1238.339	-1458.333	219.994	0.2507862	0.592936	0.371578	0.0210289	0.0144578	1.710705	0.6734836
2406	-1241.059	-1460.845	219.7858	0.2666414	0.670087	0.292635	0.0249697	0.0123077	1.506774	1.143702
2412	-1230.761	-1450.616	219.855	0.2900493	0.403329	0.491632	0.0487432	0.0562964	1.358367	1.207263
2418	-1221.176	-1441.057	219.8818	0.2857743	0.460424	0.459921	0.0455992	0.034056	1.605113	0.9529825
2424	-1236.975	-1456.924	219.9495	0.2434714	0.742115	0.196111	0.0421711	0.0196027	1.659076	0.8194252
2430	-1240.205	-1460.204	219.9993	0.2615872	0.18314	0.481858	0.103617	0.231385	1.614096	0.8128831
2436	-1243.672	-1463.665	219.9932	0.233115	0.392117	0.431584	0.0767724	0.099526	1.590973	0.8477842
2442	-1247.422	-1466.596	219.1736	0.5340022	0.424825	0.467584	0.0134057	0.0941859	1.320073	1.613043
2448	-1230.436	-1449.913	219.477	0.3117264	0.607959	0.367413	0.0223986	0.00222975	1.17078	1.637933
2454	-1225.866	-1445.438	219.5718	0.3915166	0.339291	0.547142	0.0342926	0.0792745	1.339165	1.401158
2460	-1224.929	-1444.127	219.1974	0.3456481	0.374049	0.526512	0.0204177	0.0790218	1.321723	1.715438
2466	-1217.103	-1436.734	219.6308	0.2818188	0.458722	0.517965	0.00338418	0.019929	1.325586	1.417323
2472	-1215.735	-1435.468	219.7326	0.2221183	0.640245	0.320127	0.011813	0.0278152	1.237777	1.405791
2478	-1212.456	-1431.689	219.2329	0.2595453	0.512228	0.433883	0.0122248	0.0416637	1.189027	1.80857
2484	-1217.54	-1436.938	219.3984	0.3193401	0.490154	0.430953	0.044997	0.0338957	1.223805	1.653492
2490	-1234.514	-1453.969	219.4553	0.2510702	0.469606	0.418378	0.0220031	0.0900126	1.187569	1.653492
2496	-1232.288	-1451.554	219.2664	0.33519	0.33871	0.561972	0.01587	0.083448	1.211	1.749486
2502	-1217.096	-1436.584	219.4873	0.3231539	0.464748	0.458446	0.0245151	0.0522906	1.20709	1.599827
2508	-1212.95	-1432.231	219.2806	0.3663563	0.480585	0.474067	0.0253505	0.0199976	1.310802	1.653613
2514	-1229.392	-1448.288	218.8959	0.2629846	0.454338	0.363535	0.0381857	0.143942	0.996087	2.162844
2520	-1223.814	-1442.868	219.0543	0.2426281	0.328455	0.538557	0.0289276	0.10406	1.205833	1.919057
2526	-1228.293	-1447.33	219.0378	0.243639	0.511247	0.368677	0.0128634	0.107213	1.070955	2.020565
2532	-1229.572	-1448.434	218.862	0.3082666	0.327382	0.575625	0.0237671	0.0732258	1.157701	2.069863
2538	-1226.834	-1446.011	219.1768	0.3312057	0.337628	0.593639	0.0245109	0.0442226	1.234252	1.797392
2544	-1229.438	-1447.872	218.434	0.229914	0.523549	0.39418	0.0313244	0.0509466	0.9368385	2.493388
2550	-1260.096	-1478.536	218.4401	0.3720444	0.454858	0.464329	0.0513312	0.0294815	1.169065	2.30971
2556	-1242.986	-1461.569	218.583	0.4700873	0.390685	0.535666	0.0423072	0.0313419	1.016402	2.260789
2562	-1245.306	-1464.389	219.0834	0.6265012	0.549204	0.41278	0.00713405	0.030882	1.206569	1.68996
2568	-1222.312	-1441.744	219.432	0.3698649	0.514286	0.442943	0.00765536	0.0351153	1.21916	1.608648
2574	-1226.643	-1446.392	219.7491	0.3433715	0.497855	0.356402	0.121783	0.0239611	1.442676	1.202035
2580	-1225.625	-1444.973	219.3484	0.6759607	0.607162	0.258216	0.125973	0.00864903	1.4932	1.228534
2586	-1219.219	-1438.89	219.6713	0.4341859	0.378517	0.571119	0.0364649	0.0138989	1.503634	1.153386
2592	-1211.8	-1431.259	219.4596	0.3407566	0.495447	0.474476	0.0166393	0.013438	1.218888	1.603668
2598	-1226.819	-1445.644	218.8256	0.3205605	0.532658	0.410735	0.0149995	0.0416082	1.259808	2.022228
2604	-1225.186	-1444.314	219.1281	0.2584732	0.664127	0.310777	0.0105544	0.0145425	1.163369	1.898008
2610	-1222.116	-1441.672	219.556	0.381712	0.482563	0.493066	0.0190761	0.00529494	1.176708	1.542181
2616	-1217.378	-1436.992	219.6145	0.2426924	0.386061	0.593783	0.0166534	0.00350261	1.158248	1.558848
2622	-1204.93	-1423.395	218.4651	0.3582493	0.333541	0.63536	0.0178195	0.0132794	0.945617	2.441838
2628	-1218.275	-1437.036	218.7615	0.3239145	0.342378	0.652193	0.00407143	0.00135787	1.083967	2.178451
2634	-1210.21	-1429.651	219.4403	0.3322292	0.494477	0.496125	0.00829403	0.00110387	1.24535	1.602321
2640	-1223.57	-1442.899	219.3296	0.3891508	0.591306	0.375315	0.0309264	0.00245258	1.158514	1.714489
2646	-1220.53	-1439.811	219.2811	0.2709878	0.589523	0.382731	0.00503604	0.0227096	1.035622	1.879646
2652	-1213.749	-1432.458	218.7098	0.2164251	0.647732	0.328457	0.0043219	0.0194893	0.9888914	2.28272
2658	-1222.538	-1441.491	218.9527	0.3053276	0.56923	0.317906	0.0121658	0.100698	1.142267	2.020964
2664	-1223.855	-1443.061	219.2057	0.2333853	0.556889	0.379615	0.0128354	0.0506605	1.31784	1.736675
2670	-1233.897	-1452.127	218.2294	0.3145991	0.268756	0.603595	0.00946357	0.118185	0.9631331	2.59492
2676	-1223.108	-1441.731	218.6231	0.3689618	0.300096	0.673982	0.0108282	0.0150939	1.213652	2.164592
2682	-1223.18	-1441.525	218.3446	0.3939395	0.431843	0.553384	0.00715975	0.00761252	0.9982633	2.467086
2688	-1221.043	-1438.752	217.7086	0.4976029	0.577197	0.385078	0.00956965	0.0281553	0.9006507	2.859908
2694	-1212.352	-1430.53	218.1773	0.2764581	0.262132	0.565244	0.0103367	0.162287	1.021054	2.600526
2700	-1234.962	-1453.545	218.5826	0.3304843	0.307713	0.528173	0.0121341	0.15198	1.012974	2.336477
2706	-1227.52	-1446.098	218.5778	0.3173403	0.243931	0.650993	0.0212455	0.0838301	1.025237	2.336477
2712	-1230.456	-1449.224	218.7679	0.2899518	0.508009	0.4099	0.0062509	0.0758402	0.908468	2.297561
2718	-1216.692	-1434.637	217.9458	0.2581429	0.489505	0.455396	0.00694471	0.0481547	0.9590811	2.782602
2724	-1219.249	-1436.852	217.6031	0.2909214	0.304534	0.63527	0.0230599	0.0371361	0.8091046	3.075213
2730	-1222.659	-1441.034	218.375	0.2947485	0.39257	0.52539	0.0331615	0.0488777	0.8006091	2.610965
2736	-1224.495	-1443.001	218.5062	0.3472715	0.479323	0.492997	0.0162702	0.0114103	1.024447	2.370944
2742	-1233.966	-1451.662	217.6965	0.4069921	0.31737	0.626349	0.00532541	0.0509553	0.9297986	2.900863
2748	-1226.075	-1444.068	217.9929	0.3993456	0.586272	0.337877	0.0134705	0.0623806	1.014842	2.672374
2754	-1222.411	-1441.317	218.9055	0.2913451	0.430367	0.435828	0.00720042	0.126604	1.162678	2.042582
2760	-1219.917	-1438.395	218.4789	0.3085404	0.320269	0.599134	0.00191427	0.0786836	1.152144	2.321469
2766	-1225.009	-1443.501	218.4922	0.357953	0.484564	0.473727	0.00704982	0.0346596	1.220496	2.250034
2772	-1221.979	-1441.266	219.2879	0.2708929	0.472814	0.477923	0.0016759	0.0475872	1.227295	1.742536
2778	-1218.007	-1436.898	218.8911	0.2841124	0.499869	0.445884	0.00393687	0.0503102	1.122007	2.08055
2784	-1233.58	-1452.947	219.3672	0.2039189	0.670658	0.293107	0.000570757	0.0356645	1.388624	1.559853
2790	-1221.788	-1441.547	219.7592	0.2593824	0.572392	0.346015	0.000676149	0.0809162	1.382035	1.273589
2796	-1227.106	-1446.491	219.3852	0.3611075	0.427192	0.512806	0.000894912	0.0591071	1.159358	1.689832
2802	-1240.09	-1458.913	218.8227	0.2215036	0.852764	0.130603	0.0166144	1.8101e-05	2.550656	0.1820177
2808	-1228.631	-1447.489	218.8576	0.2215036	0.762508	0.202182	0.0352643	4.48668e-05	2.550656	0.1924666
2814	-1217.061	-1435.857	218.7953	0.2215036	0.787644	0.185254	0.0270699	3.22242e-05	2.605444	0.1901111
2820	-1223.21	-1442.33	219.1201	0.2559885	0.787644	0.185254	0.0270699	3.22242e-05	2.504121	0.2867797
2826	-1235.206	-1454.859	219.6523	0.2559885	0.722813	0.232286	0.0446608	0.000240222	2.094008	0.4416051
2832	-1224.133	-1443.832	219.6989	0.2559885	0.794579	0.168524	0.0360406	0.000855959	2.054784	0.5003137
2838	-1227.916	-1447.733	219.8162	0.3263565	0.564287	0.408485	0.0266199	0.000607877	1.832667	0.728128
2844	-1219.649	-1439.327	219.6782	0.2785078	0.650849	0.302216	0.0452428	0.00169274	2.061958	0.5736192
2850	-1221.213	-1441.001	219.7877	0.2309374	0.651566	0.302549	0.0452927	0.000592246	1.963448	0.4998154
2856	-1222.738	-1442.494	219.7562	0.2309374	0.709459	0.234035	0.0534032	0.00310269	1.992511	0.5357877
2862	-1215.296	-1435.027	219.7305	0.3402245	0.626367	0.311318	0.0500969	0.0122178	1.946979	0.6617543
2868	-1216.037	-1435.808	219.7713	0.3108061	0.583328	0.289927	0.110498	0.0162467	1.849294	0.7822441
2874	-1211.588	-1431.223	219.6348	0.375303	0.71385	0.201194	0.0766801	0.00827583	2.042884	0.6012404
2880	-1218.142	-1437.855	219.7131	0.2669302	0.731459	0.173909	0.048879	0.0457528	2.039078	0.4875974
2886	-1217.159	-1436.847	219.6881	0.2560582	0.697939	0.233054	0.035496	0.0335107	2.064685	0.4792205
2892	-1219.378	-1439.057	219.6796	0.2851973	0.630654	0.286819	0.0298713	0.0526556	1.977245	0.7450047
2898	-1219.761	-1439.514	219.7538	0.1962011	0.799214	0.129811	0.0213582	0.0496172	1.97535	0.5343914
2904	-1226.623	-1446.373	219.7492	0.2099966	0.748649	0.175436	0.0200069	0.0559083	1.97535	0.5992908
2910	-1231.758	-1451.595	219.8374	0.2068733	0.809435	0.143265	0.0142577	0.0330422	1.891548	0.5777694
2916	-1244.096	-1464.017	219.9207	0.196517	0.823372	0.142643	0.0144066	0.0195781	1.76131	0.6745961
2922	-1235.787	-1453.859	218.072	0.4130238	0.44656	0.49607	0.0144505	0.0429197	0.9039508	2.684756
2928	-1236.901	-1454.801	217.8993	0.4032728	0.541851	0.441452	0.0048153	0.0118815	1.242861	2.587361
2934	-1230.55	-1449.126	218.5756	0.2816377	0.527697	0.374704	0.00541659	0.0921826	1.123262	2.284889
2940	-1225.992	-1443.922	217.9301	0.2948316	0.471763	0.466731	0.0115074	0.049998	1.012646	2.754034
2946	-1225.913	-1444.481	218.568	0.3050956	0.488868	0.483654	0.0075126	0.0199647	0.9285759	2.407785
2952	-1222.396	-1440.438	218.0422	0.3485527	0.495459	0.432672	0.00193038	0.0699388	0.9285759	2.71893
2958	-1219.372	-1437.183	217.811	0.3736338	0.41678	0.557413	0.00140791	0.0243985	0.8915129	2.871227
2964	-1221.043	-1438.659	217.6159	0.3736338	0.417221	0.561289	0.00194603	0.0195443	0.8996924	2.983953
2970	-1223.138	-1440.735	217.5965	0.3477168	0.272357	0.716583	0.00203477	0.00902509	0.9188659	2.995314
2976	-1231.449	-1449.644	218.1955	0.3085047	0.241141	0.684664	0.0656464	0.00854837	0.9184209	2.645367
2982	-1224.534	-1441.984	217.4498	0.3519727	0.325814	0.60827	0.0583217	0.00759455	0.9601558	3.056727
2988	-1229.002	-1447.965	218.9634	0.2973404	0.316422	0.644468	0.0278209	0.0112893	1.268388	1.931732
2994	-1233.47	-1453.165	219.6956	0.3650844	0.473454	0.478449	0.0333871	0.0147102	1.494681	1.190306
3000	-1233.326	-1451.783	218.4574	0.3121062	0.500855	0.405243	0.0353193	0.0585831	1.155748	2.331791
3006	-1230.082	-1448.071	217.9892	0.3121062	0.480008	0.454047	0.0502002	0.015745	0.7890301	2.849462
3012	-1236.863	-1455.273	218.4093	0.3077079	0.606714	0.333137	0.0430355	0.0171132	0.9141503	2.515644
3018	-1226.503	-1443.257	216.7545	0.4546057	0.49076	0.44133	0.0286441	0.0392659	0.8587039	3.47642
3024	-1232.693	-1449.945	217.252	0.3925406	0.490454	0.460113	0.0299004	0.0195329	0.7079783	3.305393
3030	-1236.151	-1451.376	215.225	0.4559409	0.335157	0.580199	0.0802307	0.00441292	0.7084871	4.437726
3036	-1237.883	-1456.032	218.1494	0.2876971	0.44812	0.417413	0.0654116	0.0690556	0.9205802	2.677661
3042	-1242.669	-1460.674	218.0044	0.63924	0.345178	0.556746	0.0416557	0.0564212	0.7569806	2.677661
3048	-1234.834	-1451.809	216.9747	0.6268376	0.3458	0.478236	0.120548	0.055416	0.893797	3.223385
3054	-1235.962	-1452.514	216.5524	0.5860238	0.449808	0.462175	0.0565101	0.0315068	0.6888053	3.615953
3060	-1218.707	-1435.768	217.061	0.4102497	0.437878	0.449916	0.0555049	0.0567016	0.7053854	3.410305
3066	-1222.267	-1438.949	216.6822	0.3900379	0.384819	0.540052	0.0344192	0.0407099	0.7023912	3.64267
3072	-1215.719	-1432.829	217.1096	0.4313523	0.268225	0.706734	0.013809	0.011232	0.699711	3.374212
3078	-1211.168	-1427.669	216.5011	0.6669883	0.537449	0.434517	0.0119805	0.0160532	0.7970743	3.533236
3084	-1220.122	-1437.069	216.9472	0.4223382	0.542859	0.431326	0.00995558	0.0158587	0.7088432	3.46871
3090	-1219.003	-1435.879	216.8761	0.6640099	0.520676	0.4137	0.0191554	0.0464687	0.8169358	3.303805
3096	-1230.414	-1446.943	216.5283	0.5766553	0.449372	0.454958	0.0462994	0.0493705	0.7143414	3.620826
3102	-1236.625	-1453.314	216.689	0.3696797	0.412994	0.400636	0.0872996	0.0990698	0.7492613	3.620826
3108	-1241.378	-1457.992	216.6141	0.4500504	0.442443	0.429204	0.0222193	0.106134	0.755228	3.620826
3114	-1235.469	-1452.373	216.9041	0.407735	0.426232	0.451412	0.0635391	0.0588171	0.7785972	3.460562
3120	-1225.107	-1443.029	217.9223	0.3768745	0.461374	0.457045	0.037387	0.0441941	1.075765	2.689478
3126	-1230.672	-1449.543	218.8715	0.2758782	0.461374	0.457045	0.037387	0.0441941	1.19756	2.04509
3132	-1216.949	-1435.304	218.3543	0.311288	0.405925	0.478546	0.0365542	0.0789744	0.9085801	2.552269
3138	-1226.479	-1444.614	218.1347	0.3404196	0.49789	0.453394	0.0382567	0.0104593	0.916004	2.673173
3144	-1220.115	-1438.234	218.1183	0.3694305	0.393215	0.557028	0.0469953	0.00276206	0.951332	2.648993
3150	-1213.187	-1431.217	218.0308	0.3394108	0.578933	0.346182	0.0729669	0.00191802	1.038139	2.662343
3156	-1230.354	-1448.258	217.9043	0.3842149	0.50359	0.40211	0.0847553	0.00954445	0.8924797	2.808952
3162	-1235.429	-1452.573	217.1444	0.304499	0.49326	0.399336	0.0977307	0.00967378	1.033691	3.211107
3168	-1223.239	-1440.276	217.0378	0.304499	0.46488	0.498587	0.0332426	0.00329049	0.827425	3.395452
3174	-1227.766	-1445.853	218.0869	0.4443138	0.445619	0.525531	0.0263746	0.00247501	1.115146	2.527394
3180	-1227.488	-1445.366	217.8779	0.5664022	0.481907	0.441648	0.0739853	0.00245997	1.202706	2.527394
3186	-1230.114	-1448.83	218.7151	0.3566883	0.360651	0.604004	0.0319808	0.0033643	1.229412	2.100083
3192	-1238.284	-1455.628	217.3434	0.265607	0.475052	0.392117	0.0421254	0.090706	0.9098438	3.173738
3198	-1223.347	-1441.102	217.7554	0.2592715	0.306104	0.5762	0.0104965	0.1072	0.9981121	2.874453
3204	-1226.292	-1445.365	219.0729	0.4006305	0.338999	0.638121	0.0116245	0.0112555	1.079969	1.938819
3210	-1225.606	-1444.977	219.3714	0.3155721	0.409191	0.498406	0.0788165	0.013586	1.233951	1.666977
3216	-1228.22	-1446.703	218.4835	0.6491863	0.513796	0.347245	0.115285	0.0236746	1.200381	2.086383
3222	-1232.66	-1451.238	218.5786	0.6491863	0.418294	0.469356	0.0945254	0.0178253	1.122482	2.075066
3228	-1231.409	-1450.163	218.7536	0.365405	0.413957	0.463491	0.103196	0.0193557	1.110414	2.148598
3234	-1226.657	-1444.305	217.6481	0.4088355	0.511014	0.369865	0.100981	0.0181396	1.136137	2.80414
3240	-1226.309	-1445.271	218.9612	0.5464704	0.470846	0.431847	0.0761267	0.0211795	1.147438	1.874212
3246	-1232.346	-1451.838	219.4915	0.4857188	0.464522	0.441787	0.0705453	0.0231452	1.368182	1.374092
3252	-1226.062	-1445.008	218.9461	0.588258	0.464471	0.441738	0.0545736	0.0392175	1.387723	1.68737
3258	-1232.12	-1450.826	218.7061	0.3834775	0.450054	0.435734	0.0611927	0.0530189	1.118407	2.165273
3264	-1233.461	-1451.046	217.585	0.4245542	0.430994	0.476935	0.0570043	0.0350676	0.9360204	2.955054
3270	-1237.597	-1453.78	216.1822	0.3873679	0.401543	0.543105	0.0311247	0.0242276	0.6474524	3.963437
3276	-1235.652	-1452.998	217.346	0.432436	0.224735	0.706305	0.0584478	0.0105124	0.8901133	3.121331
3282	-1241.448	-1458.926	217.4775	0.4936516	0.303993	0.602726	0.0790608	0.0142198	0.8340549	3.041532
3288	-1232.279	-1448.654	216.3744	0.4475791	0.315749	0.641149	0.0145571	0.028544	0.9127644	3.669798
3294	-1234.077	-1450.224	216.1469	0.3995672	0.507157	0.416093	0.0222611	0.0544893	0.679424	3.959557
3300	-1236.889	-1452.998	216.1087	0.3352871	0.162797	0.692661	0.0368407	0.107702	0.5592031	4.07728
3306	-1252.28	-1466.939	214.6594	0.4898847	0.459567	0.441051	0.0631726	0.0362097	0.5947624	4.800203
3312	-1250.57	-1467.089	216.5191	0.4365809	0.46331	0.444644	0.0636872	0.0283589	0.5968088	3.774563
3318	-1222.155	-1438.408	216.2531	0.4267987	0.498781	0.391286	0.0731606	0.0367723	0.7270086	3.857845
3324	-1231.438	-1449.111	217.6735	0.2762192	0.52585	0.385427	0.0771311	0.0115918	0.9976041	2.922581
3330	-1230.426	-1447.998	217.572	0.4665942	0.435152	0.521905	0.0366529	0.00628992	0.9297016	2.943237
3336	-1235.461	-1453.514	218.0523	0.4684037	0.444479	0.455619	0.0536066	0.0462955	1.022928	2.592075
3342	-1237.487	-1454.487	217.0005	0.9943864	0.649798	0.248979	0.0777438	0.023479	0.80384	3.033995
3348	-1245.148	-1462.483	217.3351	0.6679726	0.52574	0.300188	0.138358	0.0357133	0.8616583	3.001921
3354	-1239.209	-1457.722	218.5125	0.3483717	0.492794	0.427786	0.0313237	0.0480961	1.259964	2.215856
3360	-1233.197	-1451.794	218.5967	0.3068458	0.490351	0.430317	0.0133311	0.0660003	0.8719825	2.424822
3366	-1236.097	-1454.365	218.2675	0.3068458	0.618096	0.274199	0.0427408	0.0649643	0.974241	2.566756
3372	-1235.086	-1454.324	219.2388	0.2494351	0.669975	0.275601	0.014066	0.0403586	1.191001	1.803388
3378	-1223.745	-1443.246	219.5005	0.2832673	0.665571	0.285239	0.00909656	0.0400933	1.542128	1.34942
3384	-1223.743	-1442.909	219.1658	0.3124257	0.530701	0.373889	0.0386372	0.0567731	1.46459	1.650185
3390	-1227.257	-1446.681	219.4242	0.3307175	0.514239	0.390625	0.0139112	0.0812251	1.292222	1.580571
3396	-1230.624	-1449.808	219.1831	0.4129471	0.557816	0.353197	0.0687382	0.0202496	1.378143	1.648131
3402	-1224.543	-1444.067	219.5249	0.3690165	0.511618	0.424623	0.0370412	0.0267175	1.471449	1.348017
3408	-1228.784	-1448.44	219.6558	0.2872259	0.50291	0.420604	0.0502237	0.0262627	1.495176	1.260579
3414	-1228.818	-1448.156	219.3384	0.2872259	0.50291	0.420604	0.0502237	0.0262627	1.400135	1.579571
3420	-1238.773	-1458.203	219.4304	0.305697	0.518023	0.350997	0.0950142	0.0359653	1.40897	1.49944
3426	-1241.766	-1460.8	219.034	0.3040052	0.688772	0.229361	0.00799075	0.0738767	1.369913	1.812305
3432	-1231.123	-1450.663	219.54	0.3047052	0.561277	0.360081	0.00651163	0.0721299	1.50406	1.341777
3438	-1237.941	-1457.632	219.6917	0.2761345	0.541567	0.324859	0.0396702	0.0939041	1.362517	1.341777
3444	-1235.601	-1455.098	219.4968	0.2677404	0.557287	0.334289	0.0408217	0.067603	1.334159	1.514976
3450	-1235.382	-1454.853	219.4713	0.2903646	0.373741	0.406969	0.0496971	0.169593	1.340849	1.524504
3456	-1231.928	-1451.53	219.6024	0.2721879	0.408044	0.465739	0.0386208	0.0875967	1.285311	1.471706
3462	-1224.029	-1443.216	219.1869	0.2685026	0.529249	0.383819	0.0318277	0.0551041	1.215972	1.820907
3468	-1215.865	-1434.75	218.8849	0.2899015	0.500983	0.429493	0.0301279	0.0393958	1.201801	2.030648
3474	-1219.954	-1439.512	219.5581	0.3430617	0.496229	0.412568	0.0289406	0.0622622	1.299227	1.469959
3480	-1219.141	-1438.261	219.1201	0.3984562	0.428083	0.532893	0.0249663	0.0140574	1.298578	1.757818
3486	-1226.727	-1445.981	219.2546	0.2803618	0.621561	0.355517	0.0135435	0.00937834	1.236474	1.757818
3492	-1233.858	-1453.373	219.515	0.2526074	0.60381	0.373923	0.0131567	0.0091105	1.200801	1.600819
3498	-1234.039	-1452.984	218.945	0.3109947	0.287362	0.61269	0.0511896	0.0487589	1.202446	1.984164
3504	-1223.216	-1441.797	218.5807	0.3109947	0.53089	0.431511	0.0288745	0.00872435	1.11905	2.276792
3510	-1227.296	-1445.302	218.0057	0.2967295	0.561875	0.406683	0.018818	0.0126235	1.159595	2.616868
3516	-1215.83	-1433.92	218.0908	0.2967295	0.569781	0.412406	0.00501262	0.0128011	0.8826042	2.734848
3522	-1210.993	-1428.756	217.763	0.3506407	0.446967	0.512501	0.0314591	0.00907284	0.9859945	2.853204
3528	-1216.003	-1434.238	218.2349	0.2821597	0.512144	0.432723	0.0360464	0.0190872	0.9859496	2.585607
3534	-1225.915	-1444.917	219.0016	0.2645628	0.544543	0.354278	0.0693838	0.0317951	1.270724	1.910558
3540	-1242.275	-1458.891	216.6165	0.3261919	0.451846	0.53229	0.0120059	0.00385815	0.7121832	3.70119
3546	-1230.063	-1447.363	217.3003	0.408387	0.34508	0.585894	0.0639003	0.00512525	0.8299675	3.196888
3552	-1236.086	-1453.571	217.4855	0.2671196	0.546384	0.34766	0.101177	0.00477918	0.8664856	3.114926
3558	-1232.584	-1449.871	217.2869	0.6958217	0.533243	0.356896	0.106489	0.00337228	0.8177014	3.039477
3564	-1224.02	-1439.64	215.6196	0.6453055	0.447549	0.456108	0.0935122	0.00283034	0.7612484	4.074641
3570	-1214.252	-1430.519	216.2675	0.8384913	0.467092	0.440493	0.0903108	0.00210368	0.703283	3.618535
3576	-1227.433	-1443.405	215.9725	0.9836093	0.464369	0.367473	0.167277	0.000881662	0.7810629	3.65833
3582	-1235.517	-1451.997	216.4797	0.5359846	0.465194	0.410807	0.121993	0.00200573	0.740199	3.65833
3588	-1221.796	-1438.786	216.9904	0.4112848	0.32922	0.602735	0.0619569	0.00608801	0.6911589	3.459437
3594	-1229.585	-1445.365	215.7803	0.39559	0.416197	0.465271	0.0829185	0.0356137	0.674976	4.172997
3600	-1222.328	-1438.516	216.188	0.3338099	0.427601	0.504777	0.0310322	0.0365895	0.745785	3.925866
3606	-1242.036	-1459.151	217.1149	0.2674918	0.321863	0.493657	0.0782827	0.106197	0.7936666	3.377013
3612	-1239.222	-1456.74	217.5171	0.7036182	0.601043	0.168863	0.215438	0.0146559	0.827972	2.889869
3618	-1235.461	-1452.822	217.3607	0.7744188	0.434315	0.353663	0.183962	0.0280597	0.8096409	2.950156
3624	-1239.116	-1458.216	219.0994	0.3530354	0.450331	0.37492	0.160065	0.0146843	0.9121066	2.057678
3630	-1229.726	-1449.126	219.4004	0.2876224	0.38341	0.558235	0.0560911	0.00226394	1.387255	1.543368
3636	-1229.217	-1448.023	218.8061	0.3879793	0.501641	0.457185	0.0393203	0.00185413	1.267866	1.998734
3642	-1226.03	-1444.548	218.5185	0.3951545	0.526302	0.370875	0.101319	0.0015041	1.051261	2.323079
3648	-1220.373	-1439.018	218.6456	0.4307569	0.370134	0.559285	0.0698445	0.000736348	1.071866	2.208484
3654	-1228.065	-1446.828	218.7629	0.2975905	0.635252	0.322382	0.0415695	0.000796563	1.049154	2.208484
3660	-1227.229	-1445.96	218.7313	0.2975905	0.407094	0.53467	0.056915	0.0013211	1.080745	2.208484
3666	-1222.776	-1441.795	219.0184	0.4432665	0.483715	0.408314	0.106219	0.00175283	1.278829	1.814676
3672	-1218.791	-1437.802	219.0119	0.531391	0.345277	0.56501	0.0876375	0.00207493	1.375627	1.691081
3678	-1219.529	-1439.221	219.6921	0.3201661	0.344239	0.470376	0.181589	0.00379632	1.542379	1.177297
3684	-1219.207	-1438.886	219.6788	0.5044748	0.516031	0.354435	0.111245	0.0182884	1.662074	0.92785
3690	-1220.841	-1440.488	219.6471	0.3184068	0.594415	0.295731	0.085404	0.0244499	1.460597	1.284842
3696	-1228.33	-1447.993	219.6631	0.2799432	0.426755	0.376735	0.0982981	0.0982121	1.460597	1.284842
3702	-1228.46	-1447.894	219.4342	0.3642858	0.387341	0.490153	0.0337895	0.0887172	1.354727	1.510285
3708	-1220.878	-1439.324	218.4454	0.4605407	0.486497	0.47734	0.00389362	0.0322695	1.255117	2.20152
3714	-1221.547	-1440.35	218.8028	0.2897543	0.514216	0.473586	0.00528701	0.00691077	1.220011	2.072884
3720	-1218.907	-1438.035	219.1283	0.2326803	0.677944	0.31178	0.00541945	0.0048566	1.006876	2.001818
3726	-1220.137	-1437.247	217.1106	0.4282008	0.338276	0.628673	0.0262869	0.00676382	0.8774884	3.270673
3732	-1233.167	-1450.922	217.7546	0.2656855	0.460257	0.468907	0.059153	0.0116829	1.033285	2.853176
3738	-1227.594	-1445.753	218.1588	0.2984346	0.417558	0.518177	0.0536653	0.0105991	0.8280404	2.726194
3744	-1227.601	-1445.894	218.293	0.3223394	0.504646	0.357577	0.0779474	0.0598299	1.056894	2.494382
3750	-1231.23	-1448.677	217.4471	0.3097283	0.473384	0.335426	0.0666153	0.124575	0.8821617	3.119906
3756	-1243.107	-1462.042	218.9351	0.3786098	0.43384	0.484529	0.0300387	0.0515928	1.170682	1.982444
3762	-1235.136	-1453.288	218.1519	0.3403513	0.263374	0.559935	0.130747	0.0459443	0.986834	2.618897
3768	-1239.487	-1456.898	217.4102	0.3861051	0.229922	0.689857	0.0594618	0.0207587	0.6738981	3.235183
3774	-1238.835	-1456.644	217.8093	0.5567577	0.513457	0.355642	0.103454	0.0274474	0.9674927	2.721285
3780	-1225.012	-1443.352	218.3409	0.3895799	0.348105	0.555818	0.0567128	0.0393648	1.140529	2.382076
3786	-1225.522	-1444.225	218.7028	0.3653395	0.460354	0.46219	0.0478952	0.0295606	1.019412	2.240494
3792	-1225.334	-1443.655	218.3209	0.3129524	0.501747	0.420001	0.0620951	0.0161573	0.913159	2.569659
3798	-1225.254	-1444.423	219.1697	0.336143	0.481403	0.461837	0.0389925	0.0177668	1.228493	1.804223
3804	-1229.716	-1449.37	219.6542	0.2595433	0.45845	0.406523	0.129072	0.00595491	1.419707	1.328237
3810	-1220.663	-1440.421	219.7581	0.2891206	0.506158	0.407773	0.0562758	0.0297929	1.356233	1.290171
3816	-1214.427	-1434.494	220.0671	0.2174603	0.739939	0.205035	0.0160687	0.0389571	1.436523	0.9332852
3822	-1219.758	-1439.564	219.8057	0.3095698	0.653334	0.295151	0.0171168	0.0343974	1.614949	1.010618
3828	-1224.048	-1443.91	219.8621	0.2513611	0.726243	0.258231	0.0112154	0.00431041	1.361038	1.205271
3834	-1219.566	-1438.811	219.2449	0.2837918	0.504847	0.46026	0.0127295	0.0221631	1.16043	1.816636
3840	-1222.721	-1441.769	219.0484	0.3905927	0.439717	0.466252	0.071579	0.0224517	1.292112	1.816636
3846	-1224.089	-1443.103	219.0139	0.3897387	0.461357	0.489198	0.0258879	0.0235566	1.219434	1.89048
3852	-1223.785	-1442.906	219.1207	0.3934595	0.499149	0.445717	0.0296475	0.0254862	1.033708	1.941794
3858	-1236.875	-1455.743	218.8681	0.6366408	0.462768	0.489353	0.0242502	0.0236287	1.174555	1.854841
3864	-1242.143	-1459.733	217.59	0.5345482	0.316423	0.630949	0.0169081	0.0357196	0.938529	2.886255
3870	-1238.958	-1458.734	219.7755	0.378225	0.422371	0.497335	0.0472169	0.0330764	1.61457	0.9965762
3876	-1231.735	-1451.585	219.8495	0.241675	0.519433	0.39026	0.0408947	0.0494124	1.755549	0.8235818
3882	-1229.255	-1448.97	219.7148	0.3221249	0.647381	0.233829	0.114421	0.00436931	1.652662	1.055772
3888	-1226.924	-1446.928	220.0043	0.2372307	0.595082	0.391251	0.00965103	0.00401633	1.652662	0.7515018
3894	-1236.98	-1456.853	219.8738	0.2685817	0.594553	0.390903	0.00964245	0.0049022	1.567937	1.003658
3900	-1235.471	-1455.016	219.5456	0.4777325	0.380008	0.562376	0.00616297	0.0514531	1.720422	1.031337
3906	-1225.916	-1445.478	219.5622	0.3464985	0.568969	0.386275	0.00454568	0.0402102	1.684747	1.152234
3912	-1218.201	-1437.584	219.3829	0.3011268	0.579524	0.393441	0.00463001	0.0224044	1.381544	1.55662
3918	-1222.298	-1442.059	219.7603	0.3409661	0.581584	0.394839	0.00109268	0.022484	1.496824	1.146495
3924	-1226.565	-1446.134	219.5696	0.2844828	0.454297	0.519684	0.00154857	0.0244703	1.417258	1.393041
3930	-1231.838	-1450.658	218.82	0.63895	0.426448	0.555961	0.00139165	0.0161994	1.278655	1.814667
3936	-1233.755	-1453.299	219.5441	0.3634619	0.429019	0.559313	0.00140004	0.0102674	1.139614	1.588452
3942	-1234.524	-1453.078	218.5536	0.3178367	0.434543	0.537506	0.00134545	0.0266052	1.023382	2.35286
3948	-1231.592	-1450.12	218.5281	0.360403	0.450453	0.531969	0.000718379	0.0168595	1.02193	2.35286
3954	-1231.154	-1449.242	218.0883	0.3031742	0.508145	0.354325	0.0026889	0.13484	0.9234726	2.709675
3960	-1231.333	-1450.692	219.3587	0.2123646	0.551987	0.263777	0.00286709	0.181369	1.07158	1.795893
3966	-1220.19	-1439.446	219.2566	0.1845257	0.62401	0.223437	0.00309075	0.149463	1.119744	1.816337
3972	-1234.898	-1454.245	219.3473	0.2319991	0.503029	0.4308	0.00249153	0.0636801	1.125824	1.771656
3978	-1230.321	-1449.713	219.3916	0.2319991	0.369857	0.57616	0.00315337	0.0508298	1.253096	1.650432
3984	-1214.662	-1433.875	219.2134	0.3799495	0.640763	0.312818	0.0026666	0.0437521	1.238077	1.74542
3990	-1226.69	-1445.685	218.9949	0.3620069	0.507327	0.468293	0.0033383	0.0210416	1.262348	1.888775
3996	-1221.38	-1441.127	219.7471	0.3124288	0.332504	0.603722	0.0105968	0.0531768	1.437712	1.223333
4002	-1233.033	-1452.732	219.6994	0.2799299	0.533499	0.424353	0.024745	0.0174032	1.4983	1.223333
4008	-1226.226	-1445.937	219.7112	0.3400271	0.417093	0.555135	0.0125664	0.0152054	1.43885	1.23923
4014	-1236.329	-1455.882	219.5531	0.4460826	0.381596	0.562301	0.0235732	0.0325297	1.373988	1.350833
4020	-1235.55	-1455.453	219.903	0.335673	0.29697	0.657374	0.0245029	0.0211526	1.394489	1.113339
4026	-1222.385	-1442.097	219.712	0.4054685	0.403323	0.531351	0.0122614	0.0530646	1.311637	1.302459
4032	-1225.104	-1444.919	219.8146	0.2462922	0.484676	0.442891	0.01922	0.0532131	1.221936	1.358178
4038	-1234.274	-1453.049	218.7747	0.1716636	0.805721	0.152164	0.0132286	0.0288865	1.041486	2.178169
4044	-1229.158	-1448.916	219.7582	0.1716636	0.864031	0.113478	0.00706455	0.0154264	1.250615	1.338321
4050	-1227.856	-1447.736	219.8801	0.1988502	0.724303	0.252717	0.00774295	0.0152367	1.264084	1.254883
4056	-1219.829	-1439.544	219.7147	0.2721312	0.692697	0.282377	0.00839874	0.0165272	1.57542	1.144974
4062	-1240.125	-1459.828	219.703	0.3078873	0.68066	0.283415	0.00712338	0.0288007	1.349241	1.334034
4068	-1227.516	-1447.009	219.4934	0.3819235	0.45866	0.462709	0.0375413	0.04109	1.426407	1.400297
4074	-1226.048	-1445.792	219.7432	0.2351755	0.584713	0.366266	0.0229779	0.0260436	1.436046	1.240984
4080	-1224.267	-1443.554	219.2868	0.3107464	0.541407	0.37592	0.0559421	0.0267301	1.436046	1.583856
4086	-1219.43	-1438.996	219.566	0.3986093	0.476433	0.46902	0.0148445	0.0397021	1.40644	1.34822
4092	-1222.352	-1442.173	219.8212	0.3419982	0.559657	0.352138	0.0320795	0.0561255	1.452037	1.131493
4098	-1217.851	-1437.654	219.8031	0.2895088	0.476014	0.433118	0.0473565	0.0435117	1.707968	0.9258516
4104	-1220.701	-1440.349	219.6481	0.3414357	0.607699	0.320042	0.0351078	0.0371516	1.470446	1.264657
4110	-1224.109	-1443.792	219.6833	0.3878762	0.508036	0.369542	0.0524308	0.0699914	1.316397	1.333601
4116	-1224.52	-1444.195	219.6754	0.4509801	0.389521	0.547263	0.053413	0.00980236	1.533853	1.108677
4122	-1232.34	-1451.551	219.2103	0.3335635	0.390649	0.548847	0.0368389	0.0236654	1.398783	1.657003
4128	-1238.911	-1458.215	219.3044	0.4757241	0.395936	0.506446	0.0825832	0.0150352	1.405621	1.496459
4134	-1233.893	-1453.259	219.3657	0.3150285	0.488656	0.455404	0.0419808	0.0139592	1.279893	1.638295
4140	-1237.821	-1456.95	219.1293	0.3248401	0.319242	0.501066	0.115361	0.0643313	1.406708	1.712652
4146	-1241.016	-1460.926	219.9098	0.2355796	0.684571	0.243112	0.0254245	0.0468921	1.415611	1.113916
4152	-1245.42	-1465.35	219.9302	0.2355796	0.4048	0.504518	0.0272471	0.0634352	1.383458	1.124505
4158	-1244.571	-1464.464	219.8932	0.2438345	0.590903	0.372315	0.0330812	0.0037009	1.604625	0.9473091
4164	-1248.639	-1468.535	219.8962	0.2314515	0.537964	0.400948	0.0365622	0.0245264	1.676803	0.8606621
4170	-1255.906	-1475.346	219.44	0.5546136	0.46749	0.461137	0.0570268	0.0143455	1.344302	1.378585
4176	-1251.949	-1471.562	219.6128	0.4219269	0.549855	0.391276	0.0514009	0.00746814	1.439528	1.267308
4182	-1258.208	-1477.647	219.4397	0.3982499	0.433897	0.540839	0.017476	0.00778755	1.633047	1.267308
4188	-1253.11	-1472.947	219.8378	0.2845346	0.390125	0.486278	0.113335	0.0102625	1.459292	1.135816
4194	-1246.071	-1465.606	219.535	0.2845346	0.414879	0.523143	0.0543986	0.00757954	1.224599	1.564769
4200	-1239.15	-1458.44	219.2897	0.4678434	0.45756	0.475548	0.0494494	0.0174432	1.233662	1.639072
4206	-1235.683	-1454.266	218.5832	0.2817417	0.531803	0.405833	0.0241289	0.0382355	1.262201	2.190527
4212	-1229.904	-1448.257	218.3527	0.3011901	0.513772	0.42953	0.0291934	0.0275051	1.009496	2.493314
4218	-1242.919	-1461.115	218.1962	0.2494057	0.469415	0.452754	0.0411177	0.0367135	0.9629723	2.626752
4224	-1246.604	-1464.63	218.0257	0.2952266	0.439157	0.540004	0.0189016	0.00193748	0.9877936	2.710638
4230	-1243.374	-1460.697	217.3228	0.3519388	0.560521	0.353813	0.0455974	0.040068	0.9130481	3.160463
4236	-1234.372	-1451.592	217.22	0.5185947	0.531389	0.307689	0.122936	0.0379855	0.8861816	3.149077
4242	-1245.238	-1463.458	218.2202	0.2987877	0.343097	0.563423	0.0481533	0.0453263	0.9513655	2.61245
4248	-1236.253	-1454.235	217.9821	0.3597182	0.508397	0.415147	0.0618436	0.0146123	1.036835	2.684549
4254	-1238.028	-1454.265	216.2371	0.456817	0.442268	0.397342	0.137153	0.0232361	0.8393641	3.78645
4260	-1249.91	-1466.057	216.1472	0.3670919	0.499789	0.44902	0.0464081	0.00478327	0.7733924	3.920377
4266	-1241.312	-1458.649	217.3367	0.2378475	0.585172	0.34558	0.0649251	0.00432305	0.8022087	3.241468
4272	-1242.166	-1459.733	217.5675	0.2111515	0.347525	0.546964	0.10276	0.00275126	0.9836522	2.989988
4278	-1250.768	-1468.515	217.7469	0.3261413	0.460042	0.441135	0.0978314	0.000991418	0.7908862	2.989988
4284	-1229.03	-1448.489	219.4595	0.3577679	0.536422	0.410116	0.0487946	0.00466803	1.115929	1.669539
4290	-1239.365	-1457.563	218.1979	0.4291238	0.351142	0.582846	0.0392774	0.0267349	1.100881	2.475647
4296	-1248.168	-1467.723	219.5543	0.2411426	0.414684	0.409273	0.0270529	0.14899	1.105889	1.64054
4302	-1236.975	-1456.192	219.2174	0.3258156	0.409268	0.54085	0.0382235	0.0116585	1.18553	1.805242
4308	-1239.58	-1458.845	219.2657	0.2883933	0.277223	0.693537	0.0224058	0.00683399	1.1547	1.805242
4314	-1235.401	-1454.278	218.8768	0.247931	0.268834	0.610711	0.119382	0.00107212	0.9557259	2.201793
4320	-1239.575	-1458.456	218.8806	0.2798319	0.564014	0.363458	0.0710492	0.00147865	1.118082	2.090837
4326	-1239.95	-1458.576	218.6261	0.3253767	0.478857	0.446126	0.0717147	0.00330226	1.19437	2.194111
4332	-1234.699	-1453.661	218.962	0.3694154	0.436585	0.45215	0.102904	0.00836071	1.17514	1.966156
4338	-1238.064	-1456.737	218.6731	0.4066001	0.542537	0.367892	0.0611543	0.0284163	1.034006	2.228914
4344	-1228.607	-1446.311	217.7034	0.2652515	0.63624	0.278361	0.0581355	0.0272639	0.9888102	2.911112
4350	-1228.422	-1447.355	218.9323	0.3901547	0.459845	0.499175	0.0212748	0.0197051	1.215172	1.948315
4356	-1235.435	-1453.361	217.926	0.575624	0.47191	0.435979	0.0504609	0.0416508	0.8777416	2.692736
4362	-1219.488	-1437.711	218.223	0.4656506	0.538427	0.359711	0.0861453	0.0157158	1.014686	2.492547
4368	-1219.774	-1438.288	218.5137	0.3260459	0.53455	0.349655	0.0723265	0.0434685	0.9709679	2.408405
4374	-1220.136	-1439.396	219.2599	0.2881368	0.437015	0.451706	0.0591296	0.0521495	1.023941	1.898785
4380	-1216.878	-1435.364	218.4861	0.3311576	0.540239	0.390716	0.0511457	0.0178995	0.8754495	2.483907
4386	-1213.992	-1431.943	217.951	0.2156726	0.520877	0.31802	0.0541614	0.106942	0.8973631	2.811946
4392	-1219.887	-1437.606	217.7194	0.3086941	0.53402	0.369842	0.0307392	0.0653989	0.8872945	2.954144
4398	-1220.953	-1439.208	218.2557	0.2364388	0.599258	0.320078	0.0338611	0.046803	0.8511504	2.658146
4404	-1228.944	-1446.735	217.7911	0.2597915	0.67165	0.268822	0.0354443	0.0240831	0.8476293	2.943768
4410	-1230.21	-1448.711	218.5007	0.2938206	0.369822	0.575169	0.0311797	0.0238286	1.002877	2.406357
4416	-1219.813	-1437.676	217.8627	0.2822659	0.420666	0.471823	0.0996469	0.00786405	0.9116254	2.859136
4422	-1233.635	-1453.01	219.3751	0.3994532	0.584217	0.380467	0.0142633	0.0210525	1.286489	1.583853
4428	-1227.624	-1446.804	219.18	0.4660837	0.376146	0.485872	0.127878	0.0101036	1.280452	1.685328
4434	-1218.352	-1437.034	218.6813	0.459831	0.565859	0.349255	0.0776237	0.00726266	1.097642	2.15104
4440	-1216.121	-1435.173	219.0516	0.4900957	0.42441	0.506695	0.0551976	0.0136974	1.169287	1.836315
4446	-1233.718	-1452.686	218.9682	0.4770831	0.443689	0.474133	0.0589694	0.0232086	1.125096	1.931825
4452	-1222.452	-1440.338	217.8859	0.2762587	0.542952	0.392649	0.0582588	0.00614061	0.936939	2.830737
4458	-1227.904	-1446.051	218.1464	0.3727066	0.541573	0.391652	0.0635709	0.00320457	0.8268891	2.706653
4464	-1232.035	-1449.828	217.7926	0.7603324	0.549671	0.397508	0.0514104	0.00141026	0.7934066	2.706653
4470	-1237.109	-1455.129	218.02	0.5885185	0.553551	0.40532	0.0371964	0.00393284	0.8289268	2.656667
4476	-1245.84	-1463.905	218.0649	0.6090203	0.445535	0.466775	0.0819286	0.00576093	1.021859	2.495766
4482	-1235.521	-1452.713	217.192	0.8692986	0.485269	0.352556	0.150079	0.0120956	0.7322378	3.038442
4488	-1223.407	-1441.213	217.8063	0.4836517	0.559139	0.406224	0.0305403	0.00409725	0.8029384	2.868293
4494	-1225.671	-1443.386	217.7153	0.5264799	0.488375	0.465008	0.0459641	0.000652901	0.8511343	2.868293
4500	-1222.129	-1440.186	218.0568	0.5797642	0.570802	0.398581	0.0237491	0.00686766	1.011485	2.526403
4506	-1220.182	-1437.84	217.6575	0.8597203	0.597079	0.386759	0.00949786	0.00666396	0.8211449	2.70878
4512	-1229.805	-1447.502	217.6967	0.8505007	0.676298	0.285546	0.0266832	0.0114722	1.072987	2.534878
4518	-1224.015	-1441.908	217.8932	0.4897356	0.398968	0.532869	0.0476684	0.0204946	0.8548025	2.780317
4524	-1221.828	-1440.18	218.3526	0.3645943	0.38762	0.494594	0.0533012	0.0644851	0.9195139	2.525691
4530	-1222.377	-1440.405	218.0276	0.3463544	0.403727	0.473592	0.0555161	0.0671647	0.9195139	2.734312
4536	-1225.499	-1444.055	218.5567	0.288123	0.453795	0.405101	0.0442083	0.0968954	0.8562657	2.464662
4542	-1224.826	-1443.302	218.4763	0.4191843	0.24478	0.70101	0.0238462	0.0303642	0.898018	2.4338
4548	-1220.104	-1439.228	219.1238	0.4666272	0.263854	0.68693	0.0253802	0.0238351	1.168927	1.802496
4554	-1231.562	-1450.73	219.1674	0.2699795	0.491066	0.424393	0.0125067	0.0720337	1.15959	1.872744
4560	-1232	-1451.534	219.5337	0.2442764	0.508094	0.433281	0.0129404	0.0456843	1.158355	1.617813
4566	-1235.006	-1454.272	219.2656	0.5330234	0.354196	0.507469	0.128708	0.00962741	1.43373	1.461272
4572	-1225.536	-1445.054	219.5173	0.35861	0.417539	0.449857	0.128356	0.00424832	1.471318	1.360183
4578	-1220.513	-1439.23	218.7175	0.35861	0.345875	0.553532	0.0982781	0.00231518	1.32001	2.037865
4584	-1228.648	-1448.102	219.4541	0.3526855	0.240624	0.675527	0.0591623	0.0246861	1.28711	1.55191
4590	-1215.423	-1435.128	219.7057	0.362749	0.574565	0.351014	0.0614749	0.0129459	1.426187	1.241301
4596	-1220.358	-1440.141	219.7835	0.3688066	0.451669	0.459799	0.0698668	0.0186656	1.610186	1.000139
4602	-1222.415	-1441.987	219.5723	0.3275649	0.500984	0.46419	0.0291814	0.00564478	1.356843	1.42245
4608	-1221.573	-1441.271	219.6984	0.3048593	0.66024	0.290861	0.0392676	0.00963059	1.335382	1.349909
4614	-1229.645	-1448.966	219.3205	0.2812467	0.558075	0.355831	0.0480388	0.0380542	1.144999	1.775494
4620	-1227.968	-1446.783	218.8148	0.4103055	0.473808	0.472122	0.0226418	0.0314285	1.162944	2.050195
4626	-1240.913	-1460.297	219.3839	0.294812	0.48414	0.306002	0.0839766	0.125882	1.159935	1.717395
4632	-1230.999	-1450.679	219.6801	0.3077417	0.36293	0.61013	0.0196218	0.00731773	1.272163	1.412751
4638	-1230.015	-1448.847	218.8322	0.4350088	0.385798	0.587467	0.0175169	0.00921846	1.246176	1.968601
4644	-1223.237	-1442.42	219.1831	0.3951208	0.425327	0.552788	0.01719	0.00469523	1.33178	1.692029
4650	-1224.616	-1443.222	218.6058	0.3951208	0.386153	0.59705	0.012541	0.00425616	1.158041	2.198514
4656	-1232.692	-1452.119	219.4272	0.3794443	0.529226	0.399558	0.0584206	0.0127952	1.180606	1.634632
4662	-1219.651	-1438.954	219.3025	0.3402631	0.530088	0.412567	0.0470421	0.0103031	1.345999	1.625647
4668	-1221.104	-1441.005	219.9002	0.3079594	0.546159	0.40496	0.0461747	0.00270587	1.539434	0.9923957
4674	-1223.456	-1443.199	219.7426	0.3356864	0.563485	0.417807	0.0159157	0.00279171	1.578991	1.091207
4680	-1232.635	-1452.436	219.8007	0.3834767	0.516724	0.461765	0.0185783	0.00293237	1.589977	0.9918049
4686	-1222.435	-1442.094	219.6589	0.2934848	0.425462	0.528143	0.0441485	0.00224656	1.459673	1.285401
4692	-1219.732	-1439.292	219.5603	0.3437974	0.577953	0.377025	0.0267924	0.0182303	1.444602	1.355393
4698	-1225.218	-1444.842	219.6238	0.2524895	0.548133	0.391713	0.0357966	0.024357	1.401742	1.366971
4704	-1228.429	-1448.244	219.8151	0.2942757	0.550667	0.355734	0.0556993	0.0378993	1.507468	1.109786
4710	-1243.755	-1463.186	219.4314	0.5368912	0.550754	0.359399	0.0508941	0.0389527	1.496199	1.278281
4716	-1230.097	-1449.499	219.4018	0.2888088	0.622546	0.301421	0.0269027	0.0491303	1.314328	1.595556
4722	-1228.088	-1446.562	218.4746	0.4190705	0.40811	0.542047	0.0176361	0.0322074	1.178469	2.256655
4728	-1226.924	-1445.58	218.6561	0.3194427	0.442033	0.494024	0.0485973	0.0153456	1.23615	2.149627
4734	-1231.723	-1450.043	218.3194	0.2959298	0.210536	0.654762	0.0842788	0.050423	0.9964527	2.523562
4740	-1226.95	-1444.794	217.8435	0.3912031	0.319414	0.471364	0.123054	0.0861686	0.9635475	2.79927
4746	-1227.736	-1446.154	218.4177	0.3915499	0.337731	0.627383	0.0251204	0.0097661	1.210182	2.28788
4752	-1223.291	-1441.464	218.1727	0.4330114	0.278692	0.666588	0.0207291	0.0339917	1.094646	2.493094
4758	-1225.263	-1443.51	218.2472	0.324658	0.253058	0.697428	0.0402539	0.00926071	1.172137	2.450049
4764	-1216.206	-1434.355	218.149	0.5640739	0.457164	0.453456	0.072896	0.0164844	1.057653	2.450049
4770	-1225.736	-1443.14	217.4046	0.3666393	0.436116	0.427107	0.118251	0.0185271	0.9018099	3.112226
4776	-1223.928	-1441.538	217.6099	0.510314	0.457924	0.398458	0.124164	0.0194536	0.9630983	2.874204
4782	-1226.064	-1443.686	217.6218	0.4328711	0.377894	0.567148	0.0355843	0.0193743	0.8683449	2.96916
4788	-1234.696	-1450.825	216.1292	0.5283916	0.267508	0.717071	0.0101993	0.00522215	0.7521515	3.8581
4794	-1235.315	-1451.707	216.3916	1.150321	0.505908	0.456185	0.025234	0.0126726	0.7200411	3.354136
4800	-1235.664	-1453.688	218.0245	0.425577	0.473041	0.425205	0.0803881	0.0213658	0.8885279	2.716562
4806	-1225.109	-1443.325	218.2163	0.5661001	0.424817	0.514651	0.0271522	0.0333797	0.9568966	2.469712
4812	-1239.319	-1456.066	216.7479	0.3157425	0.373907	0.563326	0.0195161	0.0432503	0.7180202	3.625097
4818	-1239.061	-1457.427	218.366	0.3157425	0.269593	0.65367	0.0559135	0.0208236	0.9515494	2.516798
4824	-1218.648	-1437.324	218.6765	0.28064	0.491996	0.463247	0.0436248	0.00113196	1.106248	2.231197
4830	-1221.64	-1440.617	218.9768	0.4067678	0.578229	0.395166	0.0193378	0.00726701	1.06915	2.006953
4836	-1228.044	-1446.345	218.3008	0.5087665	0.475839	0.489112	0.0206279	0.0144216	0.9368027	2.46612
4842	-1238.164	-1456.26	218.0955	0.296091	0.330913	0.59383	0.0143453	0.0609121	1.06495	2.620014
4848	-1229.946	-1448.237	218.2908	0.3121079	0.386214	0.453113	0.122175	0.0384986	0.9286668	2.579018
4854	-1230.757	-1448.988	218.2306	0.3896191	0.436401	0.437025	0.120493	0.00608068	1.093188	2.481295
4860	-1217.18	-1435.098	217.9182	0.4228771	0.461063	0.379163	0.155916	0.00385776	0.9768356	2.72905
4866	-1234.29	-1452.869	218.5786	0.4200737	0.505778	0.415935	0.0508486	0.027439	0.9228417	2.352906
4872	-1229.736	-1448.438	218.7018	0.5957523	0.674193	0.224896	0.0840999	0.0168103	1.129406	2.026302
4878	-1227.378	-1445.863	218.4851	0.6418929	0.507494	0.316456	0.16532	0.0107302	1.183309	2.101671
4884	-1217.69	-1436.868	219.1777	0.2962938	0.619569	0.296371	0.0719302	0.0121294	1.375878	1.710093
4890	-1220.676	-1439.716	219.0397	0.2652896	0.644633	0.276507	0.0662403	0.0126201	1.217055	1.921014
4896	-1236.466	-1455.224	218.758	0.3659918	0.355391	0.555016	0.0299937	0.0595993	1.247983	2.055201
4902	-1233.36	-1451.771	218.4115	0.2947292	0.464621	0.421531	0.0381136	0.0757341	1.115174	2.391546
4908	-1245.12	-1464.043	218.9229	0.3326513	0.395759	0.407358	0.065912	0.130971	1.503689	1.785989
4914	-1241.083	-1459.563	218.4803	0.3750365	0.537157	0.398349	0.0260729	0.0384212	1.158166	2.28948
4920	-1248.659	-1466.857	218.1976	0.3085215	0.592877	0.298903	0.0200943	0.0881255	0.9473316	2.626199
4926	-1252.294	-1471.197	218.9032	0.2612102	0.643227	0.287075	0.0192992	0.0503994	1.000609	2.155271
4932	-1260.235	-1479.455	219.22	0.3515447	0.430097	0.367576	0.197378	0.00494914	1.343258	1.681346
4938	-1238.984	-1457.066	218.0819	0.4480744	0.454803	0.413846	0.128138	0.00321298	1.120664	2.524888
4944	-1245.6	-1464.391	218.7912	0.4454549	0.339989	0.567929	0.0595266	0.0325552	1.252866	1.985095
4950	-1246.453	-1464.288	217.8349	0.4202429	0.416828	0.534276	0.0483919	0.000504864	0.964918	2.788613
4956	-1246.31	-1464.746	218.4352	0.3581081	0.452758	0.476719	0.0689554	0.00156766	0.9140387	2.480488
4962	-1247.056	-1464.848	217.7918	0.3637617	0.3258	0.550623	0.120773	0.00280337	0.9790914	2.834254
4968	-1236.475	-1454.129	217.6542	0.3752033	0.376276	0.531183	0.0748704	0.0176702	0.8962215	2.962255
4974	-1235.68	-1452.466	216.7854	0.476603	0.382403	0.401312	0.198327	0.017958	0.8878531	3.428962
4980	-1233.618	-1452.067	218.4489	0.5347767	0.391201	0.380969	0.202889	0.0249403	1.1319	2.231335
4986	-1239.39	-1457.864	218.474	0.8006476	0.55835	0.342676	0.0928732	0.00610069	1.0354	2.095913
4992	-1239.995	-1457.582	217.5865	0.6886478	0.475925	0.363583	0.140045	0.020448	1.02776	2.735833
4998	-1237.292	-1454.95	217.6577	0.5719417	0.512942	0.417713	0.0610644	0.00828009	1.079563	2.735833
5004	-1231.162	-1448.723	217.5603	0.8190166	0.503915	0.444949	0.0470029	0.00413323	1.011907	2.677344
5010	-1236.483	-1454.182	217.6992	0.8520103	0.585752	0.252703	0.154907	0.00663823	0.8386472	2.677344
5016	-1239.23	-1456.61	217.3801	0.8921674	0.651346	0.327769	0.0120279	0.00885744	0.982182	2.759479
5022	-1249.09	-1468.008	218.9181	0.5448186	0.507202	0.396128	0.0535866	0.0430835	1.296554	1.802527
5028	-1236.191	-1454.271	218.0801	0.5293781	0.484334	0.431656	0.0702085	0.0138013	1.065721	2.510495
5034	-1239.104	-1456.805	217.7016	0.3227138	0.423039	0.479259	0.0856475	0.0120547	1.250735	2.74003
5040	-1223.045	-1441.891	218.8462	0.2703377	0.429064	0.506917	0.05612	0.00789878	1.146369	2.096299
5046	-1221.599	-1439.57	217.9709	0.3384731	0.482622	0.350588	0.157636	0.00915377	1.157082	2.626303
5052	-1237.352	-1455.992	218.6392	0.3764539	0.386744	0.374383	0.231455	0.00741762	1.219918	2.146319
5058	-1235.232	-1454.249	219.0162	0.3487549	0.31017	0.42113	0.260356	0.00834382	1.16423	1.94708
5064	-1252.611	-1467.873	215.2616	0.4510374	0.336892	0.613595	0.0139198	0.0355936	0.7550541	4.393394
5070	-1240.346	-1459.051	218.7049	0.6485832	0.494225	0.340166	0.15819	0.00741841	1.2956	1.874982
5076	-1228.361	-1447.472	219.1103	0.3317454	0.473009	0.437186	0.0836051	0.00619996	1.304908	1.7943
5082	-1227.952	-1447.132	219.18	0.4085662	0.417705	0.476924	0.0986078	0.0067635	1.251098	1.743139
5088	-1233.407	-1451.254	217.8474	0.4969312	0.416181	0.475184	0.0982481	0.0103865	0.9150786	2.767177
5094	-1225.925	-1443.403	217.4784	0.5908002	0.481109	0.437123	0.0644064	0.0173608	0.8626948	2.964124
5100	-1231.151	-1448.592	217.4408	0.3534112	0.312426	0.567548	0.116289	0.00373738	0.9046569	3.094633
5106	-1223.997	-1442.827	218.8304	0.2858354	0.444114	0.48683	0.0664547	0.00260115	0.9437104	2.235751
5112	-1230.96	-1449.221	218.2605	0.4264369	0.375002	0.580454	0.0414425	0.00310139	1.059004	2.464133
5118	-1234.844	-1452.056	217.2119	0.3962894	0.350529	0.611973	0.0339166	0.00358091	0.7201952	3.319969
5124	-1236.101	-1453.994	217.8932	0.3627778	0.450942	0.5012	0.0455718	0.00228593	1.035793	2.738323
5130	-1238.105	-1454.568	216.4634	0.403643	0.282509	0.591355	0.11882	0.00731732	0.788371	3.712991
5136	-1231.134	-1448.935	217.8004	0.3295076	0.244391	0.615422	0.110328	0.0298579	0.9035248	2.888702
5142	-1227.523	-1445.645	218.1215	0.3145368	0.434477	0.475402	0.0474088	0.0427124	1.015194	2.629463
5148	-1227.879	-1445.706	217.8263	0.2636934	0.435092	0.508505	0.0298808	0.0265224	0.9498244	2.860475
5154	-1237.304	-1456.417	219.113	0.3320861	0.578726	0.369941	0.0326399	0.0186937	1.498407	1.656007
5160	-1241.46	-1460.095	218.6349	0.2683271	0.584177	0.294713	0.0805898	0.04052	1.073489	2.280755
5166	-1241.272	-1459.865	218.5932	0.2860165	0.609725	0.315369	0.0334103	0.0414961	1.02741	2.333964
5172	-1233.873	-1453.078	219.205	0.3079925	0.599035	0.29761	0.0546641	0.0486908	1.411282	1.661888
5178	-1226.692	-1445.089	218.3967	0.2524348	0.595629	0.311905	0.0440522	0.0484139	0.9205472	2.528688
5184	-1228.273	-1446.943	218.6705	0.2537195	0.431168	0.314484	0.0544179	0.19993	0.920635	2.356454
5190	-1222.198	-1440.782	218.5838	0.2142518	0.41574	0.367702	0.0351538	0.181404	0.9980116	2.356454
5196	-1227.837	-1446.192	218.3549	0.2652348	0.376929	0.336141	0.0451396	0.24179	1.007846	2.499628
5202	-1228.711	-1447.793	219.0822	0.2358139	0.545419	0.287484	0.0664157	0.100682	1.324529	1.818276
5208	-1231.613	-1451.002	219.3898	0.2358139	0.25453	0.678368	0.0329114	0.0341902	1.12873	1.740567
5214	-1231.097	-1449.788	218.6917	0.2923876	0.369153	0.547184	0.0386623	0.0450011	1.010888	2.280218
5220	-1233.586	-1451.976	218.3907	0.5934393	0.455199	0.480365	0.0172932	0.0471425	1.081391	2.262116
5226	-1241.271	-1460.247	218.9763	0.2929933	0.524308	0.401075	0.0238026	0.0508144	1.068802	2.057421
5232	-1244.314	-1463.272	218.9587	0.2309449	0.473197	0.391557	0.00839422	0.126851	0.8924795	2.188048
5238	-1245.489	-1464.854	219.3648	0.1725697	0.622469	0.10266	0.0226829	0.252188	0.9078259	1.876034
5244	-1242.677	-1461.533	218.8557	0.1860316	0.487394	0.106923	0.0177608	0.387922	0.9695093	2.185214
5250	-1221.185	-1440.35	219.1643	0.2064634	0.410864	0.247154	0.014972	0.327011	1.19453	1.842574
5256	-1220.312	-1439.381	219.0684	0.2128486	0.771213	0.189231	0.010382	0.0291742	1.128908	1.954925
5262	-1216.275	-1435.133	218.8583	0.2955932	0.469214	0.418313	0.0295198	0.0829529	1.169059	2.068461
5268	-1221.803	-1440.413	218.6101	0.4430416	0.516557	0.422638	0.0280882	0.032717	1.181297	2.153189
5274	-1217.551	-1436.305	218.7545	0.3163979	0.408104	0.488693	0.0756763	0.0275266	1.133938	2.153189
5280	-1213.58	-1432.963	219.3832	0.350092	0.406736	0.49773	0.0862063	0.00932828	1.354739	1.555633
5286	-1224.097	-1443.418	219.3205	0.3417699	0.512441	0.399373	0.0779204	0.0102657	1.422987	1.555633
5292	-1228.365	-1447.68	219.3151	0.2764857	0.682329	0.236674	0.0534447	0.0275517	1.400993	1.59824
5298	-1230.112	-1449.354	219.2422	0.2764857	0.704073	0.221868	0.0608057	0.0132536	1.231529	1.770656
5304	-1228.913	-1448.465	219.552	0.2764857	0.665553	0.226903	0.104628	0.00291606	1.325495	1.478646
5310	-1226.274	-1445.466	219.1922	0.2764857	0.696868	0.237579	0.0541359	0.0114179	1.301926	1.756452
5316	-1219.309	-1438.908	219.599	0.2651206	0.617265	0.288922	0.022416	0.0713975	1.433893	1.360439
5322	-1228.022	-1447.754	219.7317	0.3094666	0.637483	0.310953	0.0190832	0.0324803	1.592185	1.102513
5328	-1239.748	-1459.635	219.8867	0.2924125	0.578246	0.346613	0.047428	0.0277132	1.444533	1.102513
5334	-1239.551	-1459.033	219.4813	0.3117768	0.59998	0.317655	0.0536102	0.0287549	1.446555	1.430054
5340	-1235.374	-1455.021	219.647	0.3740526	0.50133	0.431383	0.0526002	0.0146874	1.446555	1.266164
5346	-1231.341	-1450.82	219.4783	0.3303524	0.549393	0.365012	0.0606692	0.0249264	1.344274	1.502209
5352	-1226.4	-1445.769	219.3694	0.2722123	0.566302	0.351315	0.0583926	0.023991	1.216694	1.692347
5358	-1224.558	-1443.879	219.3217	0.276695	0.566302	0.351315	0.0583926	0.023991	1.272843	1.685628
5364	-1224.378	-1444.024	219.6455	0.2534455	0.572241	0.404026	0.0147208	0.00901183	1.237021	1.477337
5370	-1222.862	-1442.313	219.4503	0.3172608	0.577647	0.407843	0.0093784	0.00513164	1.219149	1.620272
5376	-1229.989	-1449.352	219.3627	0.2979637	0.584696	0.369505	0.0314447	0.0143543	1.315841	1.620272
5382	-1227.367	-1446.612	219.2447	0.3823282	0.362021	0.544678	0.0508475	0.0424534	1.53047	1.510284
5388	-1229.896	-1449.132	219.2365	0.270595	0.323222	0.5553	0.0909356	0.0305417	1.135293	1.842017
5394	-1220.871	-1440.208	219.3361	0.2943629	0.405897	0.539162	0.0290302	0.0259112	1.295479	1.65513
5400	-1226.102	-1445.438	219.3358	0.2833315	0.462927	0.383977	0.108391	0.0447053	1.299612	1.65513
5406	-1230.016	-1449.541	219.5255	0.3169503	0.394487	0.525912	0.0318465	0.0477539	1.341876	1.47411
5412	-1232.551	-1452.025	219.474	0.3474277	0.536633	0.420902	0.0311604	0.0113049	1.263834	1.557033
5418	-1231.388	-1450.692	219.3033	0.4914472	0.470821	0.479962	0.0460579	0.00315915	1.232592	1.613426
5424	-1237.83	-1457.259	219.4298	0.3193935	0.576911	0.371489	0.0483335	0.00326639	1.247977	1.613426
5430	-1235.617	-1454.975	219.3576	0.247379	0.464392	0.485653	0.0456855	0.0042702	1.340722	1.613426
5436	-1249.895	-1469.285	219.3907	0.4689488	0.526558	0.418843	0.0518012	0.002798	1.230712	1.567111
5442	-1226.582	-1446.306	219.7238	0.2708655	0.513026	0.43517	0.0497657	0.00203827	1.408842	1.279319
5448	-1215.952	-1435.187	219.2351	0.3052163	0.565274	0.372781	0.054834	0.00711117	1.184416	1.801153
5454	-1225.41	-1444.094	218.6844	0.3929411	0.400862	0.474709	0.0761297	0.0482989	1.245189	2.091578
5460	-1220.47	-1439.32	218.8496	0.3929411	0.411852	0.505803	0.0532575	0.0290874	1.292259	1.95055
5466	-1220.738	-1440.556	219.8175	0.2798276	0.416873	0.51197	0.0417156	0.029442	1.419017	1.190232
5472	-1246.497	-1464.026	217.5288	0.4617892	0.313381	0.66268	0.00365072	0.0202883	1.063311	2.891423
5478	-1239.752	-1457.32	217.5677	0.4557999	0.469268	0.47236	0.00358057	0.0547912	1.030065	2.891423
5484	-1227.818	-1445.745	217.9266	0.3262849	0.522487	0.433184	0.00216393	0.0421651	0.9634945	2.776784
5490	-1227.909	-1446.194	218.2849	0.3262849	0.378541	0.556242	0.00276161	0.0624555	1.005224	2.530328
5496	-1235.028	-1453.258	218.2299	0.3849453	0.407114	0.576641	0.00184588	0.0143988	0.8838728	2.614281
5502	-1234.768	-1452.569	217.801	0.371788	0.466817	0.517288	0.00211658	0.0137783	0.7668476	2.953377
5508	-1237.313	-1454.524	217.2113	0.4586596	0.309458	0.681266	0.0014031	0.00787245	0.8219619	3.227289
5514	-1241.026	-1458.106	217.0801	0.3682055	0.322717	0.666772	0.002806	0.00770496	0.7453964	3.395649
5520	-1246.349	-1463.638	217.2894	0.358484	0.297191	0.678293	0.00939143	0.0151242	0.9254793	3.170164
5526	-1240.958	-1458.311	217.3534	0.3126578	0.393054	0.509028	0.0725687	0.0253495	0.7189303	3.271329
5532	-1233.631	-1450.889	217.2584	0.306493	0.44259	0.458075	0.0556818	0.0436536	0.7084759	3.335249
5538	-1226.316	-1443.438	217.1227	0.5308608	0.474085	0.480174	0.0387192	0.00702128	0.6561549	3.335249
5544	-1230.283	-1446.712	216.4292	0.3336191	0.542335	0.393884	0.0538932	0.00988707	0.7881745	3.762925
5550	-1238.392	-1455.067	216.675	0.3496643	0.408494	0.530244	0.0517657	0.00949677	0.76913	3.625786
5556	-1242.059	-1459.535	217.4753	0.2682124	0.531642	0.371701	0.0673715	0.0292855	0.6860076	3.228004
5562	-1236.621	-1453.526	216.9055	0.4205456	0.434771	0.4667	0.0791943	0.0193353	0.7437188	3.473596
5568	-1232.967	-1452.548	219.5808	0.2632951	0.572326	0.323248	0.0734555	0.0309705	1.211636	1.544052
5574	-1225.054	-1444.591	219.5375	0.3144583	0.538043	0.424258	0.00963648	0.0280625	1.163558	1.598401
5580	-1225.584	-1444.8	219.2158	0.2717623	0.48753	0.471819	0.0126734	0.0279775	1.292139	1.747517
5586	-1221.123	-1439.686	218.5634	0.3036393	0.452866	0.495253	0.0159469	0.0359333	1.0058	2.362234
5592	-1229.101	-1447.989	218.888	0.4338947	0.44604	0.487788	0.0307809	0.0353916	1.020956	2.08176
5598	-1237.257	-1455.69	218.433	0.3999805	0.435421	0.450547	0.0727644	0.0412678	1.163442	2.303465
5604	-1229.009	-1448.276	219.2672	0.2805683	0.497519	0.454316	0.0257806	0.022384	1.204675	1.771213
5610	-1240.714	-1460.048	219.3343	0.3076126	0.449001	0.49272	0.0296738	0.0286058	1.127141	1.771213
5616	-1234.032	-1452.542	218.5096	0.3166349	0.403214	0.531705	0.031541	0.0335397	0.9752781	2.411568
5622	-1228.386	-1446.492	218.1063	0.2784561	0.482709	0.43938	0.0377594	0.0401521	0.9507212	2.687335
5628	-1218.651	-1436.694	218.043	0.3789029	0.483127	0.445041	0.00145598	0.0703763	0.9569903	2.687335
5634	-1215.215	-1433.206	217.9911	0.4393942	0.509417	0.437422	0.00185587	0.0513058	0.9569903	2.687335
5640	-1228.15	-1446.048	217.8986	0.3003741	0.329902	0.63567	0.00120187	0.033226	0.9164759	2.830459
5646	-1228.209	-1446.293	218.0835	0.3509443	0.47141	0.476285	0.0017174	0.0505877	0.9955255	2.651407
5652	-1218.557	-1437.237	218.68	0.2817581	0.566243	0.385783	0.00139107	0.0465821	1.202157	2.166611
5658	-1226.623	-1445.376	218.7526	0.2817581	0.545389	0.416462	0.000914059	0.037235	0.9907174	2.256341
5664	-1219.896	-1439.13	219.2343	0.2864812	0.601716	0.365508	0.000988609	0.0317878	1.071583	1.884183
5670	-1228.975	-1448.218	219.244	0.3171277	0.581586	0.35328	0.0494205	0.0157136	1.298006	1.711414
5676	-1230.621	-1450.459	219.8384	0.2351387	0.633264	0.315241	0.011251	0.0402434	1.680536	0.9232894
5682	-1225.671	-1445.628	219.9568	0.2371313	0.618275	0.307101	0.0109605	0.0636639	1.635852	0.8382931
5688	-1236.466	-1456.304	219.8377	0.2034551	0.754263	0.200673	0.0133712	0.0316931	1.513401	1.076689
5694	-1246.748	-1466.386	219.6379	0.2646573	0.542087	0.393064	0.0602818	0.00456741	1.345588	1.399183
5700	-1245.366	-1465.175	219.8096	0.2561566	0.512232	0.466034	0.0174184	0.00431587	1.181838	1.393684
5706	-1233.242	-1453.033	219.7905	0.3876279	0.415423	0.565616	0.013723	0.00523808	1.471056	1.11181
5712	-1235.463	-1455.253	219.7904	0.3021962	0.500066	0.484467	0.0143774	0.00108928	1.519198	1.1186
5718	-1230.017	-1449.688	219.6716	0.2746946	0.636838	0.349611	0.0108588	0.00269242	1.354306	1.364531
5724	-1225.171	-1443.721	218.5503	0.3051427	0.381413	0.556541	0.0593778	0.00266739	1.188003	2.253898
5730	-1221.751	-1441.186	219.4351	0.4107899	0.450228	0.515044	0.0332347	0.00149298	1.328289	1.501354
5736	-1217.595	-1437.271	219.6756	0.3327561	0.589184	0.383771	0.0247639	0.00228122	1.436817	1.274211
5742	-1222.459	-1441.546	219.0861	0.4750788	0.480786	0.451102	0.0143131	0.0537995	1.342013	1.70211
5748	-1221.44	-1440.874	219.4347	0.379555	0.551325	0.396659	0.00470914	0.0473066	1.286207	1.552167
5754	-1228.524	-1447.778	219.254	0.3165337	0.571678	0.410615	0.00475656	0.0129509	1.365319	1.656591
5760	-1222.721	-1442.372	219.6517	0.2401214	0.60415	0.372093	0.00838772	0.0153694	1.460258	1.297213
5766	-1224.566	-1444.192	219.6257	0.2838616	0.580081	0.394493	0.00889265	0.0165336	1.312475	1.430837
5772	-1216.645	-1436.158	219.5135	0.2795474	0.707019	0.261991	0.0108386	0.0201517	1.333998	1.500634
5778	-1229.388	-1449.185	219.7968	0.2109533	0.593594	0.328467	0.0414962	0.0364432	1.428729	1.19359
5784	-1225.687	-1445.315	219.628	0.2468527	0.601576	0.341953	0.00443282	0.0520381	1.544269	1.248027
5790	-1232.852	-1452.692	219.8396	0.2787931	0.416714	0.537773	0.0243646	0.0211485	1.583064	1.020241
5796	-1225.578	-1445.512	219.9337	0.2934159	0.617904	0.34754	0.018499	0.0160571	1.583064	0.9180356
5802	-1226.728	-1446.218	219.4905	0.2949057	0.529599	0.411487	0.0418693	0.0170442	1.484852	1.399136
5808	-1233.002	-1452.224	219.2221	0.3633664	0.393913	0.506325	0.0532742	0.0464879	1.480978	1.574342
5814	-1216.497	-1436.034	219.5377	0.28646	0.394962	0.478384	0.10372	0.0229341	1.519264	1.337242
5820	-1222.7	-1442.432	219.7317	0.2893562	0.277962	0.599585	0.0809555	0.0414977	1.392098	1.282331
5826	-1218.45	-1438.18	219.7298	0.2688315	0.445493	0.475773	0.0662261	0.0125081	1.440491	1.248516
5832	-1224.482	-1444.328	219.8454	0.3015479	0.402515	0.50824	0.0383894	0.0508557	1.422121	1.156382
5838	-1212.199	-1432.005	219.8061	0.2387665	0.370846	0.537385	0.013991	0.0777778	1.510423	1.12247
5844	-1219.145	-1439.086	219.9406	0.2387665	0.472842	0.44443	0.0178391	0.0648885	1.54072	0.9639187
5850	-1217.81	-1437.748	219.9387	0.2646345	0.713708	0.231325	0.0212937	0.0336735	1.579511	0.9247568
5856	-1218.278	-1438.278	220.0003	0.2409682	0.66508	0.29404	0.0117731	0.0291075	1.641574	0.7742746
5862	-1213.239	-1433.265	220.0261	0.2424624	0.639437	0.282703	0.0411305	0.0367293	1.629067	0.7554026
5868	-1216.868	-1436.859	219.9907	0.2607183	0.505349	0.421849	0.0404292	0.0323725	1.664959	0.7546954
5874	-1219.438	-1439.488	220.0499	0.2421186	0.451913	0.494412	0.0263186	0.0273571	1.654026	0.6739407
5880	-1224.647	-1444.624	219.9764	0.2203257	0.615328	0.343846	0.0092025	0.0316231	1.73656	0.6430834
5886	-1222.932	-1442.808	219.876	0.2387502	0.662846	0.315004	0.00919126	0.0129595	1.871208	0.5545092
5892	-1238.793	-1458.63	219.8376	0.229551	0.577125	0.344465	0.0295397	0.0488706	1.911026	0.5332272
5898	-1249.917	-1469.636	219.7195	0.2511317	0.696817	0.184502	0.0384306	0.0802509	2.032165	0.5332272
5904	-1233.923	-1453.543	219.6201	0.240642	0.530431	0.339446	0.0391218	0.0910022	2.130674	0.466971
5910	-1236.687	-1456.292	219.6052	0.2644268	0.545909	0.3396	0.0481359	0.0663559	2.130674	0.413268
5916	-1237.751	-1457.385	219.6337	0.4282878	0.519023	0.345915	0.0123032	0.122758	2.001398	0.5949673
5922	-1238.829	-1458.517	219.6882	0.2480211	0.534424	0.368971	0.00713122	0.0894738	2.060742	0.5506378
5928	-1226.025	-1445.883	219.8574	0.2480211	0.511331	0.364158	0.00776991	0.116741	1.880874	0.5930462
5934	-1225.101	-1445.056	219.9556	0.2480211	0.502584	0.384848	0.0223259	0.0902424	1.619981	0.8605532
5940	-1221.777	-1441.462	219.6845	0.2058799	0.67416	0.219939	0.0210034	0.0848971	1.528397	1.201566
5946	-1230.236	-1449.522	219.2857	0.2107096	0.675117	0.220251	0.0494536	0.055178	1.273077	1.705247
5952	-1239.687	-1459.016	219.3291	0.2236719	0.767054	0.184386	0.018758	0.0298021	1.120751	1.786035
5958	-1229.479	-1449.023	219.5439	0.2762541	0.54568	0.411402	0.0191735	0.0237445	1.381496	1.442253
5964	-1227.505	-1446.855	219.3503	0.30279	0.409425	0.529038	0.0159629	0.045574	1.224693	1.692984
5970	-1237.482	-1456.564	219.0826	0.3560126	0.495407	0.418454	0.00961166	0.0765269	1.343937	1.775359
5976	-1226.411	-1445.525	219.1146	0.245763	0.377656	0.503322	0.0073271	0.111695	1.356433	1.774651
5982	-1210.823	-1430.118	219.2951	0.3283574	0.502003	0.48437	0.00239251	0.0112342	1.392487	1.602647
5988	-1225.159	-1444.339	219.1807	0.2223853	0.599602	0.3972	0.000710178	0.00248741	1.158096	1.862199
5994	-1226.782	-1446.061	219.279	0.2111638	0.549785	0.256919	0.000651174	0.192645	1.155585	1.792438
6000	-1228.449	-1448.001	219.5526	0.2067026	0.459545	0.30874	0.000212506	0.231502	1.227089	1.543729
6006	-1215.539	-1435.097	219.5589	0.1990669	0.53986	0.362699	0.0155989	0.0818428	1.314361	1.469315
6012	-1217.998	-1437.048	219.0493	0.2295581	0.575735	0.362574	0.00963151	0.0520595	1.339853	1.829372
6018	-1221.808	-1441.018	219.2103	0.2807313	0.601511	0.371496	0.00510777	0.0218856	1.197302	1.815723
6024	-1221.261	-1439.828	218.5675	0.3468636	0.531665	0.396274	0.0521241	0.0199371	1.05528	2.312568
6030	-1225.49	-1443.984	218.4938	0.3500922	0.552262	0.34431	0.0394006	0.0640272	0.9124523	2.448199
6036	-1224.396	-1443.467	219.0715	0.3504865	0.357094	0.617713	0.0203354	0.00485727	1.318661	1.803206
6042	-1225.175	-1443.855	218.6798	0.4229358	0.390299	0.50369	0.0996188	0.00639282	1.346969	2.010342
6048	-1226.874	-1446.091	219.2177	0.361754	0.375304	0.502199	0.099324	0.0231733	1.2038	1.775949
6054	-1224.537	-1442.978	218.4403	0.4324054	0.525215	0.322895	0.0678919	0.0839983	1.066171	2.342717
6060	-1217.918	-1437.187	219.2688	0.2697037	0.564723	0.399386	0.0160428	0.0198487	1.038253	1.886402
6066	-1232.716	-1451.711	218.9951	0.2770939	0.572312	0.404753	0.0162584	0.00667732	1.185798	1.970429
6072	-1242.712	-1462.476	219.7641	0.2124317	0.801078	0.143529	0.023938	0.0314542	1.460589	1.195018
6078	-1241.265	-1460.892	219.627	0.2109676	0.616846	0.342258	0.0232241	0.0176724	1.488963	1.285406
6084	-1232.025	-1451.674	219.6487	0.2383646	0.79914	0.163822	0.0317312	0.00530594	1.476518	1.286155
6090	-1219.485	-1437.918	218.4329	0.2512114	0.506048	0.446874	0.0402939	0.00678393	0.8853585	2.528069
6096	-1234.348	-1452.747	218.3989	0.3956032	0.435915	0.510323	0.046015	0.00774714	1.054916	2.39641
6102	-1244.324	-1463.403	219.0794	0.3054717	0.526158	0.401208	0.0579166	0.0147173	1.087198	1.973138
6108	-1233.002	-1452.14	219.1382	0.2794078	0.540097	0.411836	0.0119305	0.0361363	1.190214	1.870304
6114	-1227.849	-1447.108	219.259	0.208571	0.665033	0.245694	0.0464919	0.0427807	1.130425	1.822535
6120	-1226.969	-1446.423	219.4543	0.294997	0.56927	0.368696	0.0468341	0.0152001	1.27398	1.585006
6126	-1247.042	-1465.623	218.5816	0.3258645	0.611499	0.353223	0.0320794	0.00319861	1.264217	2.177491
6132	-1231.868	-1451.205	219.3375	0.2991713	0.574828	0.415269	0.00783425	0.00206818	1.460172	1.532658
6138	-1232.723	-1452.209	219.4866	0.3570958	0.449865	0.527295	0.0206829	0.0021575	1.469141	1.386879
6144	-1235.727	-1454.758	219.0314	0.5501232	0.611976	0.322587	0.0579001	0.0075371	1.2491	1.752955
6150	-1221.814	-1441.018	219.2038	0.3032588	0.326893	0.558627	0.101295	0.013186	1.181052	1.825668
6156	-1225.915	-1445.072	219.1574	0.3766353	0.416078	0.504415	0.028507	0.0509998	1.181052	1.825668
6162	-1224.293	-1443.375	219.082	0.3408159	0.386819	0.478568	0.110872	0.0237411	1.282145	1.825668
6168	-1225.499	-1443.676	218.1772	0.2431885	0.4871	0.413008	0.0458751	0.0540172	1.156388	2.51824
6174	-1241.656	-1459.905	218.2491	0.2431885	0.597168	0.355085	0.0105166	0.0372305	0.8634149	2.655274
6180	-1228.433	-1447.034	218.6004	0.301782	0.39861	0.341843	0.0427761	0.216771	1.117157	2.268176
6186	-1228.191	-1446.799	218.6081	0.2889698	0.414694	0.392944	0.0445021	0.14786	0.8123153	2.459816
6192	-1224.794	-1442.967	218.1724	0.2410076	0.475918	0.423151	0.0449834	0.0559478	1.164638	2.51592
6198	-1217.365	-1436.238	218.8735	0.2744584	0.49898	0.362661	0.0972232	0.0411361	1.099896	2.108331
6204	-1222.265	-1441.228	218.9629	0.3158061	0.488573	0.451018	0.0316758	0.0287329	1.057146	2.067118
6210	-1235.494	-1454.564	219.0696	0.4522146	0.610493	0.286123	0.0377444	0.0656396	1.123256	1.880469
6216	-1232.787	-1451.93	219.1424	0.2930963	0.560497	0.396635	0.018335	0.0245333	1.20267	1.855887
6222	-1233.892	-1453.275	219.3836	0.295752	0.425391	0.538272	0.00403728	0.0323001	1.214405	1.678712
6228	-1235.464	-1453.474	218.0101	0.2928866	0.332058	0.61793	0.00315148	0.0468611	1.09251	2.656459
6234	-1226.475	-1445.302	218.8274	0.4971918	0.295338	0.685932	0.00241814	0.0163112	1.040049	2.069221
6240	-1217.507	-1435.708	218.2007	0.2917788	0.308701	0.635835	0.00224153	0.0532229	1.011146	2.589242
6246	-1234.979	-1453.052	218.0733	0.2933395	0.314762	0.563087	0.0678827	0.0542679	0.8612538	2.759424
6252	-1235.035	-1454.089	219.0536	0.2092028	0.719054	0.19861	0.057713	0.0246232	1.179443	1.929363
6258	-1242.708	-1461.439	218.7311	0.2579007	0.28551	0.607401	0.0558955	0.0511935	1.073651	2.219623
6264	-1233.988	-1451.671	217.6831	0.3167304	0.382278	0.565058	0.0162171	0.0364465	0.9811445	2.917002
6270	-1236.939	-1454.231	217.2928	0.4532018	0.413961	0.488831	0.0662638	0.0309442	0.8964311	3.13782
6276	-1243.301	-1460.534	217.2325	0.333756	0.503342	0.458448	0.00555452	0.0326558	0.9007011	3.228348
6282	-1236.434	-1454.418	217.9835	0.3039201	0.378762	0.575137	0.0155853	0.0305155	1.014752	2.717755
6288	-1232.661	-1451.205	218.5438	0.4536319	0.304517	0.653434	0.0132439	0.0288048	1.205515	2.17412
6294	-1230.706	-1449.111	218.405	0.2974372	0.556393	0.42088	0.0175812	0.00514594	0.9561829	2.494913
6300	-1227.274	-1446.063	218.7891	0.3273053	0.521808	0.451648	0.0219192	0.00462531	1.099702	2.149009
6306	-1236.38	-1455.126	218.7455	0.4321518	0.448921	0.474759	0.0714578	0.00486199	1.067542	2.145589
6312	-1234.986	-1453.302	218.3158	0.4321518	0.46405	0.411479	0.119527	0.00494364	1.057942	2.426859
6318	-1222.105	-1440.602	218.4965	0.2868976	0.505451	0.433894	0.0582579	0.00239731	0.9527979	2.442118
6324	-1225.754	-1443.922	218.1676	0.2571247	0.636024	0.319335	0.0428764	0.00176436	0.9109641	2.676301
6330	-1226.473	-1445.056	218.5828	0.282054	0.521868	0.382499	0.0744751	0.0211578	0.9422009	2.395357
6336	-1235.379	-1453.468	218.0895	0.3804915	0.501381	0.406741	0.0715514	0.0203272	1.005509	2.628034
6342	-1228.179	-1445.602	217.4228	0.3271206	0.432954	0.505705	0.0555691	0.00577193	0.7610469	3.200733
6348	-1229.309	-1446.684	217.3748	0.4535295	0.347671	0.624576	0.00563472	0.0221183	0.7783131	3.159115
6354	-1227.067	-1445.074	218.0073	0.5885213	0.47841	0.505448	0.0086402	0.00750166	0.9747506	2.57437
6360	-1229.702	-1448.59	218.8887	0.5511869	0.612267	0.317728	0.0654049	0.00460036	1.107691	1.946896
6366	-1239.864	-1459.008	219.1443	0.4728121	0.513276	0.400954	0.0825371	0.00323311	1.284978	1.702835
6372	-1226.509	-1445.625	219.116	0.3550892	0.427426	0.490034	0.0785794	0.00396004	1.19777	1.853607
6378	-1224.388	-1443.164	218.7753	0.4014505	0.415313	0.544187	0.036103	0.00439766	1.156218	2.085642
6384	-1225.938	-1445.201	219.2626	0.3360629	0.488146	0.397386	0.0870074	0.0274604	1.142224	1.799655
6390	-1233.969	-1453.426	219.4572	0.2095771	0.605352	0.197781	0.0210796	0.175788	1.206709	1.629678
6396	-1233.455	-1453.264	219.8086	0.2045558	0.629919	0.205807	0.0224608	0.141813	1.330443	1.262945
6402	-1229.892	-1449.169	219.2776	0.2654561	0.499924	0.379938	0.0155892	0.104549	1.186528	1.778891
6408	-1225.272	-1444.842	219.5702	0.2507419	0.585065	0.324838	0.0188676	0.0712296	1.196148	1.563868
6414	-1231.256	-1450.818	219.5628	0.2185112	0.622984	0.256146	0.0375667	0.0833027	1.196414	1.563868
6420	-1240.811	-1460.374	219.5623	0.2836855	0.557746	0.30047	0.0440671	0.0977172	1.173651	1.582299
6426	-1236.172	-1454.985	218.8128	0.3065351	0.553269	0.378447	0.0248231	0.0434615	1.234247	2.052358
6432	-1238.612	-1456.879	218.2676	0.3653412	0.496375	0.356974	0.0987568	0.0478945	1.028856	2.510165
6438	-1238.561	-1455.939	217.3778	0.551013	0.429228	0.40925	0.129942	0.0315807	0.8532426	3.054923
6444	-1229.858	-1449.57	219.7129	0.2981192	0.470987	0.450776	0.0293531	0.0488845	1.465069	1.234617
6450	-1224.023	-1443.758	219.7347	0.2981192	0.403143	0.550752	0.0161053	0.0299994	1.437327	1.239606
6456	-1221.686	-1441.1	219.4147	0.4264127	0.505091	0.437418	0.0127912	0.0447003	1.412316	1.442746
6462	-1229.533	-1448.946	219.4129	0.3591115	0.465955	0.454586	0.0189173	0.0605425	1.336841	1.542262
6468	-1224.77	-1444.477	219.7075	0.2827505	0.62734	0.298722	0.0576825	0.0162551	1.314048	1.366274
6474	-1226.435	-1445.089	218.6543	0.2998325	0.557066	0.367702	0.0631869	0.0120452	1.174481	2.197055
6480	-1216.467	-1435.437	218.9706	0.3076277	0.538193	0.42638	0.0314054	0.0040211	1.334425	1.878988
6486	-1219.793	-1438.867	219.0743	0.2620683	0.688848	0.297072	0.0118132	0.00226599	1.402227	1.770566
6492	-1223.427	-1442.761	219.3332	0.2686803	0.668343	0.249594	0.0676768	0.0143863	1.314123	1.649154
6498	-1234.644	-1453.115	218.471	0.42759	0.479872	0.457623	0.0361278	0.026377	1.224856	2.22423
6504	-1245.379	-1465.064	219.6852	0.2551613	0.474847	0.434385	0.0239959	0.0667716	1.29946	1.39895
6510	-1237.633	-1457.308	219.675	0.3289948	0.52523	0.419534	0.0313095	0.023927	1.39328	1.312067
6516	-1230.421	-1450.029	219.6082	0.3075314	0.479732	0.422569	0.0962197	0.00147939	1.471577	1.312067
6522	-1221.703	-1440.311	218.6083	0.3493826	0.535814	0.405577	0.0514965	0.00711288	1.205832	2.188462
6528	-1216.034	-1434.258	218.2248	0.337215	0.578835	0.38104	0.0178904	0.0222346	1.087062	2.512652
6534	-1218.207	-1437.465	219.2582	0.3615823	0.588092	0.343529	0.0544256	0.0139537	1.362	1.635481
6540	-1229.011	-1447.625	218.6148	0.4365971	0.517465	0.339711	0.100255	0.0425696	1.140964	2.180235
6546	-1221.423	-1439.889	218.4655	0.2820194	0.40744	0.486184	0.0660894	0.0402864	1.195266	2.309166
6552	-1222.699	-1441.44	218.7407	0.3361447	0.467831	0.463657	0.0441196	0.0243924	1.191453	2.117191
6558	-1228.147	-1446.996	218.8493	0.2910006	0.447822	0.42916	0.0586049	0.0644131	1.213777	2.046002
6564	-1237.439	-1456.573	219.1344	0.5761537	0.477127	0.457244	0.06244	0.00318911	1.355116	1.58437
6570	-1228.756	-1447.623	218.8666	0.5012073	0.629446	0.311557	0.0576036	0.00139256	1.37615	1.813645
6576	-1233.377	-1452.441	219.0645	0.4882353	0.569829	0.294211	0.109685	0.0262751	1.31872	1.724735
6582	-1241.324	-1459.491	218.1663	0.2873877	0.639883	0.280815	0.0296802	0.0496212	1.165363	2.515659
6588	-1222.123	-1440.733	218.6107	0.2873877	0.61726	0.270887	0.0853489	0.0265039	1.063093	2.299737
6594	-1227.86	-1445.739	217.8795	0.2987213	0.480145	0.408344	0.0552322	0.0562795	0.9924945	2.796272
6600	-1242.451	-1460.32	217.869	0.4404979	0.307905	0.579373	0.0783654	0.0343566	0.9143329	2.787499
6606	-1238.053	-1456.01	217.9573	0.2861488	0.536463	0.408429	0.0339525	0.0211559	0.9180065	2.797117
6612	-1237.893	-1455.674	217.7802	0.3017337	0.599841	0.338518	0.044107	0.0175346	1.055968	2.817265
6618	-1224.763	-1443.332	218.5692	0.3748921	0.505831	0.4373	0.0340288	0.0228399	1.106181	2.265918
6624	-1222.382	-1440.753	218.371	0.2581517	0.526218	0.446878	0.0222744	0.00462981	1.080178	2.444726
6630	-1229.964	-1448.309	218.3448	0.3280859	0.48857	0.484488	0.0208365	0.00610519	1.081065	2.444726
6636	-1228.75	-1447.536	218.7868	0.3109548	0.474881	0.454971	0.0561777	0.0139697	1.088602	2.163442
6642	-1230.619	-1449.277	218.6586	0.3977421	0.42146	0.494672	0.0698551	0.0140137	1.353324	2.034621
6648	-1220.095	-1439.331	219.2364	0.3326134	0.494884	0.407553	0.0575527	0.0400104	1.325327	1.691184
6654	-1215.804	-1435.141	219.337	0.2695754	0.553506	0.305239	0.0658394	0.0754157	1.286943	1.665791
6660	-1231.317	-1450.559	219.2421	0.2442056	0.431708	0.397924	0.0489998	0.121368	1.286943	1.734031
6666	-1223.571	-1443.23	219.6598	0.2414542	0.694557	0.147238	0.0344561	0.123749	1.333342	1.391963
6672	-1216.761	-1435.887	219.1259	0.3070304	0.430296	0.420678	0.0248944	0.124131	1.274821	1.813545
6678	-1217.396	-1436.48	219.0845	0.3070304	0.541406	0.363562	0.0125744	0.082458	1.428719	1.73521
6684	-1221.547	-1440.472	218.9247	0.2783338	0.570785	0.369248	0.00643533	0.0535317	1.379671	1.886854
6690	-1213.943	-1432.851	218.9071	0.2389003	0.517396	0.381772	0.0523076	0.0485245	1.200302	2.021106
6696	-1221.35	-1440.155	218.8055	0.2809357	0.554647	0.345575	0.0477597	0.0520182	1.179118	2.099881
6702	-1218.627	-1437.445	218.8172	0.2687804	0.5253	0.32729	0.0452326	0.102177	1.170286	2.099881
6708	-1219.886	-1438.377	218.4919	0.2774539	0.557121	0.329666	0.0340293	0.0791842	1.229454	2.271222
6714	-1223.947	-1443.193	219.2455	0.2519982	0.594205	0.285045	0.0362945	0.084455	1.404773	1.648183
6720	-1223.429	-1442.806	219.3767	0.3069098	0.594205	0.285045	0.0362945	0.084455	1.445384	1.511985
6726	-1223.022	-1442.763	219.741	0.2385903	0.626043	0.303506	0.0581722	0.0122793	1.64498	1.058287
6732	-1225.846	-1445.664	219.818	0.2385903	0.625319	0.246869	0.0415595	0.086252	1.794164	0.8139488
6738	-1226.373	-1445.864	219.4908	0.2372236	0.654273	0.2583	0.0142151	0.0732118	1.628848	1.290561
6744	-1228.279	-1447.907	219.6271	0.1843681	0.731918	0.166259	0.0203532	0.0814703	1.438376	1.307155
6750	-1234.628	-1453.662	219.0349	0.2168613	0.782072	0.151048	0.018491	0.0483891	1.480507	1.738184
6756	-1233.191	-1452.794	219.6032	0.1874922	0.842926	0.0979432	0.0119901	0.0471409	1.603596	1.192455
6762	-1228.792	-1448.719	219.9264	0.2686575	0.535603	0.342948	0.0128175	0.108632	1.437889	1.078133
6768	-1230.801	-1450.68	219.8786	0.2130485	0.677394	0.197313	0.00867797	0.116616	1.496913	1.059723
6774	-1217.348	-1436.972	219.6241	0.2555288	0.553197	0.377891	0.00337807	0.0655339	1.496913	1.290393
6780	-1220.295	-1440.148	219.8529	0.2251072	0.456143	0.449364	0.0253978	0.0690951	1.541733	1.046721
6786	-1224.354	-1444.18	219.8254	0.2587038	0.612914	0.328065	0.0229952	0.0360253	1.542771	1.075752
6792	-1227.854	-1447.69	219.8359	0.3006444	0.653234	0.303036	0.0324862	0.0112437	1.520979	1.075752
6798	-1216.287	-1436.029	219.7424	0.3830603	0.554269	0.410067	0.0210262	0.0146376	1.63672	1.003711
6804	-1224.902	-1444.723	219.8202	0.2442865	0.656256	0.291546	0.0442334	0.00796436	1.511682	1.109161
6810	-1229.939	-1449.87	219.9311	0.2527601	0.651427	0.317655	0.0245555	0.00636244	1.293315	1.204163
6816	-1234.599	-1454.303	219.7035	0.3065894	0.345048	0.559475	0.0752911	0.0201857	1.519152	1.193453
6822	-1230.399	-1450.077	219.678	0.4415181	0.289859	0.69393	0.00711291	0.00909727	1.852049	0.771206
6828	-1225.179	-1444.983	219.8033	0.4445964	0.471998	0.5066	0.0148692	0.00653372	1.760618	0.7149497
6834	-1220.604	-1440.219	219.615	0.5366403	0.471496	0.485869	0.028763	0.0138717	1.738107	0.8776168
6840	-1230.833	-1449.968	219.1353	0.4269472	0.545828	0.340011	0.0485113	0.0656494	1.333946	1.704916
6846	-1229.131	-1447.042	217.9104	0.3396878	0.427017	0.425692	0.0837986	0.0634923	1.112545	2.690534
6852	-1231.003	-1449.465	218.4612	0.4909859	0.496439	0.35184	0.0839461	0.0677752	1.254622	2.172478
6858	-1236.17	-1455.282	219.1119	0.3500683	0.441136	0.436152	0.0386954	0.0840164	0.9798424	2.005827
6864	-1240.476	-1460.1	219.6243	0.3225025	0.422661	0.495416	0.0479415	0.0339813	1.544055	1.232724
6870	-1244.335	-1463.636	219.301	0.3481468	0.660133	0.269593	0.0318204	0.0384537	1.544055	1.476694
6876	-1241.537	-1461.249	219.7122	0.2717826	0.572849	0.366169	0.027613	0.0333693	1.597865	1.127243
6882	-1247.221	-1467.018	219.7977	0.3141784	0.327692	0.519892	0.0690143	0.0834011	1.705528	0.9225927
6888	-1251.912	-1471.745	219.8332	0.2766448	0.583565	0.320751	0.0174384	0.078246	1.649366	0.9602498
6894	-1244.114	-1464.046	219.9317	0.2702107	0.290234	0.687184	0.000729905	0.0218519	1.649366	0.8517851
6900	-1245.086	-1465.04	219.9537	0.2313939	0.447629	0.535061	0.000295551	0.0170145	1.642362	0.8324878
6906	-1250.47	-1470.106	219.636	0.4260301	0.385676	0.59941	0.000254646	0.0146597	1.60106	1.104196
6912	-1239.233	-1458.631	219.3978	0.2568969	0.622677	0.337301	0.0340117	0.00600986	1.267982	1.636905
6918	-1239.725	-1458.991	219.2661	0.3163712	0.423966	0.447639	0.0103166	0.118078	1.267982	1.717265
6924	-1236.451	-1455.266	218.8151	0.3394815	0.322837	0.514182	0.0034585	0.159523	1.171311	2.080208
6930	-1236.047	-1455.267	219.2194	0.276372	0.36204	0.483458	0.00146765	0.153034	1.175536	1.825225
6936	-1234.834	-1454.321	219.487	0.2229986	0.594582	0.244166	0.00153178	0.159721	1.147612	1.655653
6942	-1240.314	-1458.663	218.3491	0.2457462	0.433716	0.446086	0.0036912	0.116508	1.099517	2.446358
6948	-1245.233	-1463.68	218.4468	0.2718275	0.409475	0.544152	0.0112257	0.0351468	0.9998732	2.446358
6954	-1241.833	-1461.555	219.7225	0.2709344	0.661151	0.271277	0.0622238	0.00534803	1.590327	1.124865
6960	-1230.611	-1450.026	219.4153	0.3858455	0.616554	0.31136	0.071418	0.000667772	1.590327	1.330139
6966	-1228.946	-1448.267	219.3211	0.3969461	0.476799	0.426811	0.0961386	0.000251606	1.500595	1.466287
6972	-1233.289	-1452.854	219.5648	0.294035	0.588207	0.375266	0.0363985	0.000128396	1.525425	1.308289
6978	-1231.633	-1450.504	218.8709	0.3255665	0.588207	0.375266	0.0363985	0.000128396	1.343275	1.934181
6984	-1232.954	-1451.954	219.0002	0.3150833	0.479435	0.512104	0.00833893	0.000121207	1.243647	1.917998
6990	-1223.049	-1442.473	219.4245	0.3932129	0.414525	0.575258	0.00952389	0.000693913	1.380312	1.481423
6996	-1222.169	-1441.536	219.3663	0.4607469	0.520612	0.456314	0.0222295	0.000844536	1.428535	1.443111
7002	-1220.477	-1440.15	219.673	0.390534	0.516129	0.460996	0.022038	0.000837263	1.435779	1.242637
7008	-1228.424	-1447.142	218.7182	0.3649813	0.516539	0.467863	0.0150268	0.000570895	1.429099	1.961598
7014	-1217.06	-1436.084	219.0242	0.260832	0.724421	0.228582	0.0299537	0.017044	1.094736	2.013753
7020	-1217.932	-1436.914	218.9821	0.3304074	0.703277	0.233707	0.0571463	0.00587001	1.205668	1.95002
7026	-1227.568	-1446.045	218.4779	0.2563382	0.701031	0.23296	0.0601579	0.00585126	1.070306	2.383595
7032	-1214.929	-1433.748	218.8191	0.2810452	0.625294	0.320904	0.0415886	0.0122132	1.080307	2.155544
7038	-1222.493	-1440.543	218.0502	0.3077363	0.550081	0.376856	0.0506398	0.0224229	1.177313	2.575359
7044	-1222.843	-1441.1	218.2576	0.2845658	0.507704	0.270842	0.0363942	0.18506	0.9791028	2.575359
7050	-1248.986	-1466.885	217.8997	0.2738902	0.387648	0.516042	0.00861355	0.087697	0.9189292	2.833639
7056	-1230.064	-1448.653	218.589	0.3032374	0.425959	0.468212	0.00946483	0.0963641	0.976365	2.36477
7062	-1228.032	-1447.051	219.0185	0.2478876	0.602082	0.372941	0.0126212	0.0123551	1.07256	2.032547
7068	-1243.477	-1462.215	218.7375	0.2646589	0.672486	0.306405	0.00730938	0.0137998	1.100557	2.197662
7074	-1238.88	-1458.275	219.3943	0.2969846	0.538865	0.419765	0.0224651	0.0189052	1.154146	1.713512
7080	-1234.791	-1454.028	219.2368	0.3070412	0.362975	0.591217	0.0248751	0.0209334	1.104361	1.854486
7086	-1230.286	-1449.491	219.205	0.2322339	0.417111	0.562819	0.0142628	0.00580737	1.095836	1.890275
7092	-1231.691	-1450.902	219.2117	0.2557759	0.527634	0.431532	0.0333984	0.00743533	1.062228	1.91003
7098	-1234.098	-1453.147	219.0488	0.2962625	0.524105	0.43543	0.0330973	0.00736831	1.132982	1.965615
7104	-1221.103	-1440.944	219.8404	0.2375465	0.540253	0.448846	0.00658886	0.0043127	1.299995	1.273602
7110	-1222.525	-1441.887	219.3626	0.2633299	0.482829	0.508598	0.00746599	0.00110773	1.223587	1.693319
7116	-1226.184	-1445.412	219.2279	0.2737692	0.46482	0.522822	0.0117302	0.000627618	1.099288	1.872073
7122	-1229.212	-1448.423	219.2111	0.2753085	0.524053	0.465487	0.00991705	0.000543485	1.070456	1.902926
7128	-1238.897	-1457.53	218.6329	0.215912	0.666795	0.312761	0.0200784	0.000365168	1.037971	2.300319
7134	-1228.14	-1447.252	219.1123	0.3189639	0.483029	0.405778	0.069302	0.0418912	1.152766	1.902197
7140	-1225.017	-1444.238	219.2207	0.3901067	0.491483	0.41288	0.0705149	0.0251223	1.211128	1.753466
7146	-1220.467	-1439.701	219.2336	0.3145476	0.604376	0.360112	0.022968	0.0125444	1.449208	1.611656
7152	-1226.923	-1446.306	219.3834	0.2797324	0.45178	0.514833	0.023385	0.0100025	1.190349	1.699831
7158	-1239.376	-1458.797	219.4213	0.303708	0.428379	0.488166	0.0425862	0.0408683	1.215198	1.648783
7164	-1228.595	-1448.027	219.4312	0.2516043	0.392596	0.568199	0.0127663	0.0264392	1.215198	1.650908
7170	-1239.27	-1459.144	219.8736	0.3076778	0.353367	0.528675	0.0858883	0.03207	1.370507	1.174431
7176	-1234.567	-1453.75	219.1831	0.3076778	0.349628	0.593248	0.0241177	0.0330063	1.220522	1.811318
7182	-1238.468	-1458.132	219.6636	0.3730798	0.258443	0.71875	0.0142729	0.00853325	1.418693	1.276047
7188	-1240.474	-1460.124	219.65	0.2939315	0.437259	0.547507	0.00873445	0.00650018	1.525237	1.238296
7194	-1248.797	-1468.274	219.4771	0.3105591	0.48682	0.493569	0.0112436	0.00836746	1.505763	1.387846
7200	-1240.575	-1459.209	218.6337	0.5938143	0.434008	0.544109	0.0208118	0.00107076	1.246205	1.995254
7206	-1229.596	-1448.675	219.0789	0.3174821	0.472466	0.499611	0.0253374	0.0025852	1.048686	1.995254
7212	-1228.908	-1448.458	219.5506	0.2730886	0.48123	0.508879	0.00801489	0.00187552	1.129478	1.624897
7218	-1235.65	-1454.893	219.243	0.5201508	0.477324	0.504748	0.013934	0.00399382	1.255591	1.619692
7224	-1224.942	-1443.455	218.5124	0.3848269	0.260479	0.676541	0.036909	0.0260716	1.031849	2.344652
7230	-1233.305	-1453.101	219.7964	0.2336967	0.497731	0.480903	0.0164385	0.00492758	1.213285	1.377914
7236	-1232.455	-1451.735	219.2797	0.2268274	0.688488	0.294418	0.0097678	0.00732593	1.165874	1.789766
7242	-1242.635	-1461.766	219.1316	0.2530086	0.356664	0.569357	0.0598118	0.0141672	1.263613	1.82729
7248	-1229.857	-1448.994	219.137	0.3297337	0.267509	0.668859	0.0552132	0.00841815	1.231633	1.82729
7254	-1226.925	-1445.722	218.7967	0.3894911	0.265876	0.664776	0.0548761	0.0144718	1.248018	2.01737
7260	-1218.549	-1437.675	219.1264	0.2442427	0.616322	0.319939	0.0419023	0.0218365	1.156047	1.904107
7266	-1235.124	-1454.508	219.3846	0.2442427	0.56233	0.331345	0.0450636	0.0612606	1.156047	1.725815
7272	-1228.674	-1447.346	218.6716	0.4238105	0.38071	0.52312	0.0407599	0.0554101	1.145178	2.148034
7278	-1236.407	-1455.483	219.0766	0.4124988	0.443497	0.436702	0.0518067	0.0679944	1.281419	1.791726
7284	-1233.625	-1452.757	219.132	0.4345636	0.491146	0.412922	0.0685852	0.0273463	1.20636	1.791726
7290	-1236.414	-1455.215	218.801	0.6033613	0.487147	0.361442	0.122641	0.0287699	1.213041	1.898273
7296	-1237.655	-1456.599	218.944	0.3655658	0.379149	0.431043	0.180335	0.00947338	1.284729	1.906371
7302	-1242.391	-1461.438	219.0474	0.3974076	0.378601	0.512828	0.0639328	0.0446385	1.366471	1.761823
7308	-1228.13	-1446.603	218.4728	0.2685851	0.559814	0.341937	0.0412642	0.0569844	1.332381	2.218494
7314	-1226.047	-1445.025	218.978	0.3747972	0.518628	0.30825	0.0536538	0.119468	1.292185	1.873475
7320	-1222.27	-1441.42	219.1495	0.224577	0.624355	0.252632	0.0381238	0.0848886	1.173628	1.873475
7326	-1217.735	-1436.721	218.9863	0.2356533	0.598446	0.271843	0.0588609	0.0708506	1.334294	1.87732
7332	-1216.788	-1435.928	219.1402	0.2412905	0.604688	0.254969	0.0594749	0.0808679	1.209263	1.858254
7338	-1220.25	-1439.438	219.1882	0.2366657	0.477247	0.308017	0.0676187	0.147118	1.216244	1.820006
7344	-1206.638	-1426.118	219.4798	0.2422133	0.529961	0.342039	0.0618712	0.0661289	1.212651	1.617388
7350	-1219.037	-1438.738	219.7002	0.2691417	0.549545	0.361137	0.0144288	0.0748889	1.338993	1.354931
7356	-1223.934	-1443.482	219.5482	0.2265997	0.554921	0.297155	0.0429615	0.104963	1.42963	1.401286
7362	-1245.134	-1464.859	219.7252	0.302116	0.636182	0.306945	0.0451071	0.0117658	1.42963	1.252599
7368	-1226.964	-1446.715	219.7514	0.316238	0.530013	0.40784	0.0547825	0.00736513	1.552546	1.117626
7374	-1225.394	-1445.141	219.7472	0.3461337	0.594869	0.368007	0.0322525	0.00487084	1.654616	1.008168
7380	-1222.387	-1442.284	219.8966	0.2615826	0.627508	0.340027	0.028405	0.00405959	1.577509	0.9718667
7386	-1221.232	-1440.862	219.6308	0.2159701	0.752683	0.225781	0.0188612	0.00267402	1.336501	1.405976
7392	-1221.078	-1441.144	220.0656	0.197412	0.809309	0.162413	0.0264576	0.00182028	1.485718	0.8641374
7398	-1220.306	-1440.312	220.0059	0.2326576	0.717462	0.256892	0.0150582	0.010588	1.485718	0.9518863
7404	-1222.301	-1441.918	219.6169	0.2992092	0.539484	0.425202	0.00783673	0.0274773	1.581559	1.216962
7410	-1217.804	-1437.567	219.7627	0.2920346	0.501502	0.474131	0.00540747	0.0189598	1.586096	1.086529
7416	-1237.164	-1456.589	219.425	0.2979949	0.620648	0.352139	0.00374914	0.0234642	1.371861	1.533628
7422	-1236.057	-1455.647	219.5893	0.2540641	0.658848	0.319777	0.00397989	0.0173956	1.316217	1.459873
7428	-1236.466	-1455.175	218.7095	0.4797487	0.384356	0.590044	0.00734361	0.0182555	1.054884	2.148008
7434	-1239.171	-1457.813	218.6417	0.3530198	0.454875	0.530243	0.00659932	0.00828252	0.9633078	2.32117
7440	-1232.667	-1451.288	218.6208	0.3734948	0.493674	0.474402	0.00103144	0.0308923	0.9071449	2.360646
7446	-1233.632	-1452.484	218.8529	0.3445943	0.418572	0.561344	0.0125021	0.00758201	0.9839662	2.175747
7452	-1237.071	-1456.019	218.948	0.2896248	0.346792	0.478459	0.000442535	0.174306	1.409505	1.848236
7458	-1226.73	-1446.093	219.3632	0.2060044	0.345454	0.427357	0.00328235	0.223906	1.417175	1.542898
7464	-1224.985	-1444.708	219.7229	0.2302904	0.348703	0.442645	0.00822178	0.200431	1.50287	1.200603
7470	-1233.808	-1453.806	219.9982	0.1809427	0.320617	0.371051	0.0104288	0.297903	1.484159	0.9220268
7476	-1226.559	-1446.632	220.0728	0.1828355	0.74968	0.0966028	0.0133824	0.140334	1.41822	0.9151876
7482	-1228.618	-1448.389	219.7707	0.1710971	0.791804	0.0803467	0.0111305	0.116719	1.546935	1.072932
7488	-1219.413	-1439.249	219.8359	0.2397541	0.461159	0.412602	0.0107106	0.115528	1.464421	1.137151
7494	-1224.862	-1444.449	219.5869	0.287992	0.554976	0.259236	0.033857	0.151931	1.295747	1.472176
7500	-1218.776	-1438.302	219.5254	0.296701	0.596886	0.361827	0.032338	0.00894828	1.389841	1.444899
7506	-1217.332	-1436.465	219.1329	0.540081	0.436687	0.497762	0.0586405	0.00691101	1.488247	1.514736
7512	-1222.532	-1441.248	218.7158	0.5801305	0.491923	0.448046	0.0525064	0.00752485	1.407593	1.84018
7518	-1239.064	-1458.732	219.6679	0.4709621	0.480739	0.437859	0.0774422	0.00396069	1.245847	1.342633
7524	-1235.268	-1453.967	218.6989	0.6365605	0.437937	0.471523	0.0826519	0.007888	1.426589	1.797873
7530	-1230.492	-1449.028	218.5361	0.4519957	0.701003	0.200362	0.0928929	0.00574226	1.239725	2.157927
7536	-1223.186	-1441.345	218.158	0.4519957	0.488407	0.443751	0.0644932	0.00334911	0.9266709	2.595843
7542	-1215.885	-1435.13	219.2442	0.3442677	0.429594	0.49055	0.0794375	0.000418008	1.191401	1.774602
7548	-1215.698	-1434.814	219.1158	0.479111	0.559826	0.40725	0.0316411	0.00128302	1.124297	1.830493
7554	-1212.865	-1430.311	217.4465	0.3674865	0.390469	0.566747	0.04241	0.000374061	0.8738145	3.103537
7560	-1224.794	-1442.352	217.5586	0.472179	0.545053	0.359512	0.0943015	0.00113406	0.9017429	2.964865
7566	-1211.308	-1429.705	218.3969	0.2482777	0.603364	0.345106	0.0416778	0.00985247	1.050098	2.447461
7572	-1215.376	-1435.333	219.9568	0.2228402	0.777407	0.18325	0.0341111	0.00523163	1.421664	1.061356
7578	-1226.832	-1446.413	219.581	0.2896199	0.65567	0.297142	0.0409129	0.00627483	1.358803	1.428158
7584	-1214.528	-1434.498	219.97	0.2896199	0.695346	0.246093	0.0519057	0.00665454	1.449367	1.020127
7590	-1220.242	-1439.942	219.701	0.2628074	0.494711	0.406826	0.0157223	0.0827401	1.484349	1.23668
7596	-1227.711	-1447.194	219.4828	0.356719	0.522629	0.38743	0.0111462	0.0787953	1.442677	1.41065
7602	-1221.18	-1441.054	219.8744	0.2618271	0.315375	0.527145	0.0195161	0.137964	1.442677	1.122367
7608	-1223.939	-1443.458	219.5196	0.3066826	0.381529	0.535633	0.0432704	0.0395678	1.442677	1.405388
7614	-1236.128	-1455.501	219.3729	0.6436089	0.499678	0.46677	0.0244761	0.00907593	1.440705	1.280323
7620	-1231.925	-1451.506	219.5814	0.3130066	0.473232	0.506747	0.0137923	0.00622889	1.440705	1.356001
7626	-1231.258	-1450.933	219.6754	0.3895203	0.576187	0.411924	0.0112114	0.000677698	1.648973	1.051941
7632	-1233.21	-1453.031	219.8213	0.3375236	0.443874	0.402972	0.0288003	0.124353	1.685624	0.9037118
7638	-1239.756	-1459.422	219.6665	0.2421187	0.470996	0.334908	0.0305601	0.163536	1.548846	1.211404
7644	-1235.029	-1454.7	219.6715	0.2803841	0.487129	0.320213	0.036298	0.15636	1.835437	0.9334265
7650	-1228.956	-1448.753	219.7962	0.2093799	0.601224	0.218764	0.0295314	0.15048	1.685785	0.9515266
7656	-1223.04	-1442.926	219.8862	0.2618568	0.650035	0.236525	0.0390337	0.074407	1.786625	0.7280962
7662	-1228.469	-1448.312	219.8432	0.2252684	0.760189	0.169116	0.0453506	0.0253445	1.794211	0.7752678
7668	-1222.307	-1442.057	219.7506	0.2739067	0.63619	0.313337	0.0118427	0.0386296	1.702514	0.9911594
7674	-1224.211	-1444.09	219.8792	0.2106652	0.714756	0.235817	0.0203543	0.0290726	1.565091	0.9911594
7680	-1240.256	-1460.091	219.8357	0.2106652	0.783896	0.178658	0.0154207	0.0220257	1.576982	1.022588
7686	-1230.807	-1450.661	219.8537	0.2613947	0.686297	0.280918	0.0135007	0.0192834	1.43256	1.149945
7692	-1227.536	-1447.05	219.5136	0.3909176	0.251916	0.723561	0.0100987	0.0144242	1.627778	1.214921
7698	-1231.321	-1450.783	219.4615	0.3335972	0.29726	0.675652	0.0119164	0.0151708	1.376415	1.489195
7704	-1225.553	-1444.93	219.3767	0.2946187	0.433897	0.548338	0.00253258	0.015233	1.322015	1.606658
7710	-1232.312	-1451.975	219.6628	0.2227534	0.638346	0.322639	0.00949152	0.0295232	1.275471	1.430767
7716	-1229.67	-1449.236	219.5667	0.2521237	0.714432	0.205184	0.0492643	0.03112	1.458782	1.367018
7722	-1222.286	-1441.607	219.3217	0.2290419	0.606628	0.312019	0.0386	0.0427532	1.435736	1.56811
7728	-1218.855	-1438.486	219.6301	0.3094359	0.35526	0.573718	0.00345537	0.0675664	1.304228	1.42595
7734	-1217.689	-1436.436	218.7466	0.2903126	0.438792	0.509046	0.00323991	0.0489222	1.242919	2.094693
7740	-1216.712	-1435.531	218.8191	0.2841971	0.62332	0.342508	0.00125422	0.032917	1.159909	2.10295
7746	-1225.54	-1444.68	219.14	0.3378847	0.552821	0.413542	0.00444345	0.029194	1.421923	1.688733
7752	-1224.748	-1444.197	219.4488	0.2995049	0.55304	0.40952	0.00268499	0.0347551	1.41294	1.484685
7758	-1235.241	-1455.007	219.7657	0.36977	0.5068	0.418065	0.0657949	0.00934035	1.407241	1.202124
7764	-1241.153	-1460.601	219.4486	0.4457505	0.515185	0.390743	0.061495	0.0325769	1.589818	1.260831
7770	-1227.37	-1447.265	219.8955	0.2672516	0.344286	0.595136	0.0270023	0.0335756	1.532096	1.017867
7776	-1222.63	-1442.348	219.7187	0.2624251	0.580103	0.329356	0.0285984	0.0619422	1.403959	1.288546
7782	-1221.655	-1441.378	219.7224	0.281943	0.412617	0.489284	0.0311449	0.0669534	1.464657	1.23179
7788	-1214.141	-1433.696	219.5548	0.2554233	0.709415	0.256807	0.0100329	0.0237451	1.464657	1.371722
7794	-1219.529	-1439.372	219.8425	0.2544212	0.669497	0.304312	0.0188579	0.00733373	1.59762	1.006778
7800	-1231.829	-1451.428	219.5991	0.2438172	0.664786	0.315026	0.0157886	0.00439947	1.692185	1.145651
7806	-1222.644	-1442.535	219.891	0.2980626	0.578455	0.388101	0.0255016	0.00794298	1.588974	0.9555451
7812	-1229.072	-1448.824	219.7517	0.3545745	0.556532	0.371659	0.0382398	0.03357	1.589376	1.061292
7818	-1225.663	-1445.319	219.6564	0.3234973	0.571117	0.401679	0.0209788	0.006226	1.519848	1.225613
7824	-1226.191	-1445.766	219.5753	0.3650157	0.582347	0.351981	0.0590689	0.00660288	1.382064	1.381108
7830	-1225.671	-1445.18	219.5086	0.3144857	0.3745	0.584845	0.0257726	0.0148831	1.312842	1.509639
7836	-1216.372	-1435.442	219.0707	0.3489369	0.416203	0.489599	0.0842539	0.00994396	1.216042	1.874976
7842	-1228.484	-1448.082	219.5982	0.376713	0.406261	0.477904	0.0822413	0.0335936	1.308899	1.413367
7848	-1226.637	-1445.55	218.9127	0.4528156	0.419142	0.44315	0.0977712	0.0399372	1.308899	1.860452
7854	-1222.657	-1440.72	218.0633	0.3952005	0.335912	0.524593	0.102304	0.0371907	1.137493	2.555151
7860	-1231.753	-1450.362	218.6087	0.3103307	0.633347	0.31745	0.0290698	0.0201339	1.10956	2.265157
7866	-1224.449	-1443.396	218.9474	0.4800162	0.460026	0.464654	0.0545762	0.0207444	1.32753	1.805841
7872	-1228.369	-1447.679	219.3104	0.38287	0.588363	0.334336	0.0639258	0.0133747	1.315522	1.619606
7878	-1221.885	-1441.1	219.2155	0.6036858	0.544732	0.399327	0.0410023	0.0149386	1.276749	1.561237
7884	-1234.759	-1454.101	219.3421	0.4139927	0.559336	0.370178	0.0250571	0.0454294	1.280803	1.602998
7890	-1235.984	-1455.614	219.6299	0.2802406	0.508886	0.440979	0.0276234	0.0225114	1.407686	1.354108
7896	-1228.196	-1448.056	219.86	0.2700043	0.521502	0.429651	0.0269138	0.0219332	1.564334	1.020577
7902	-1232.736	-1452.478	219.7422	0.3554492	0.561042	0.406615	0.0289544	0.00338862	1.640664	1.020577
7908	-1234.905	-1454.505	219.5998	0.3208137	0.568515	0.41203	0.0160213	0.00343375	1.70832	1.111577
7914	-1239.458	-1459.34	219.8824	0.2942875	0.645716	0.331973	0.0183733	0.00393784	1.748736	0.7777777
7920	-1239.351	-1459.044	219.6925	0.3135996	0.591453	0.385415	0.0168293	0.00630279	1.748736	0.98802
7926	-1227.859	-1447.583	219.7234	0.3016461	0.635235	0.33992	0.0180751	0.00676935	1.691176	1.020165
7932	-1232.114	-1451.918	219.8043	0.2923665	0.624954	0.334419	0.0339671	0.00665979	1.614583	1.019687
7938	-1230.169	-1449.799	219.6302	0.304671	0.586559	0.313873	0.0579469	0.0416214	1.6339	1.158186
7944	-1235.42	-1455.174	219.754	0.3015031	0.633045	0.34796	0.0132621	0.00573317	1.574125	1.102055
7950	-1232.475	-1452.374	219.8993	0.2136246	0.491132	0.384639	0.028752	0.0954767	1.543965	0.9939414
7956	-1218.188	-1437.954	219.7664	0.290475	0.419722	0.522277	0.00828011	0.0497212	1.510865	1.151679
7962	-1227.246	-1447.093	219.8474	0.2825096	0.48127	0.459017	0.00757489	0.0521383	1.432488	1.151679
7968	-1227.07	-1446.582	219.5117	0.2394473	0.587802	0.375944	0.00620398	0.0300504	1.49994	1.377225
7974	-1230.546	-1450.063	219.5162	0.2841427	0.677529	0.263886	0.0140474	0.0445375	1.500159	1.37002
7980	-1238.501	-1458.172	219.6704	0.2807098	0.182113	0.765637	0.0107351	0.0415141	1.491486	1.253217
7986	-1236.71	-1456.543	219.8324	0.3542656	0.478775	0.467132	0.00783591	0.046257	1.4767	1.091442
7992	-1228.853	-1448.484	219.6309	0.4269282	0.466673	0.515628	0.00302078	0.0146782	1.619211	1.091442
7998	-1212.772	-1432.672	219.9006	0.2782896	0.514278	0.480617	0.00160021	0.00350518	1.478582	1.062231
8004	-1221.861	-1441.012	219.1519	0.3092904	0.32475	0.661375	0.00449406	0.00938154	1.291687	1.783098
8010	-1222.231	-1441.633	219.4018	0.3258125	0.400457	0.582433	0.00554174	0.0115686	1.555117	1.401765
8016	-1232.002	-1451.571	219.5685	0.3258125	0.497007	0.488405	0.00464708	0.00994121	1.388327	1.401765
8022	-1224.432	-1443.495	219.0627	0.3408967	0.232537	0.713909	0.00575184	0.0478019	1.282593	1.838602
8028	-1221.865	-1441.214	219.3498	0.3359651	0.399864	0.538218	0.00985712	0.0520617	1.309613	1.619715
8034	-1230.965	-1449.984	219.0189	0.3359651	0.16625	0.742981	0.01445	0.0763195	1.257533	1.887777
8040	-1239.229	-1458.697	219.469	0.3978179	0.389139	0.547811	0.0492602	0.0137903	1.254372	1.539442
8046	-1251.126	-1469.534	218.4075	0.3280762	0.491109	0.360538	0.124002	0.024351	1.301549	2.264918
8052	-1224.297	-1442.901	218.6045	0.347423	0.467481	0.493064	0.0126348	0.0268197	1.062233	2.284224
8058	-1225.168	-1444.164	218.9963	0.3081552	0.366086	0.593605	0.0152111	0.0250982	1.041779	2.057769
8064	-1229.732	-1448.686	218.9549	0.3114924	0.500056	0.434833	0.0207777	0.0443327	1.081595	2.057769
8070	-1225.535	-1443.667	218.1319	0.3494758	0.403709	0.473956	0.0727443	0.0495915	0.8642223	2.703003
8076	-1226.454	-1444.342	217.8886	0.3180442	0.314853	0.517633	0.0217937	0.14572	0.7486817	2.932813
8082	-1232.629	-1451.479	218.8496	0.2349263	0.387105	0.381597	0.027088	0.20421	1.124644	2.108457
8088	-1232.445	-1451.084	218.6391	0.2586429	0.409974	0.40414	0.0286883	0.157198	0.9854763	2.335069
8094	-1230.551	-1448.725	218.1748	0.2586429	0.318648	0.536873	0.0222977	0.122181	0.9257542	2.662736
8100	-1228.097	-1446.032	217.9357	0.2533422	0.543743	0.380778	0.025248	0.0502312	0.9797196	2.776291
8106	-1221.715	-1439.284	217.5687	0.3627074	0.448406	0.458488	0.0442379	0.0488676	0.9480589	2.988157
8112	-1218.94	-1438.198	219.2583	0.3066653	0.602083	0.334671	0.0370289	0.0262167	1.100858	1.842249
8118	-1222.376	-1441.408	219.0319	0.3580172	0.398582	0.562452	0.0304192	0.00854644	1.177872	1.922919
8124	-1229.603	-1449.316	219.7128	0.2515764	0.526969	0.423617	0.0178087	0.0316049	1.170118	1.477001
8130	-1228.493	-1447.489	218.9959	0.3062786	0.533753	0.419522	0.0195851	0.0271396	1.147542	1.988364
8136	-1234.545	-1453.952	219.4068	0.3108419	0.259426	0.712335	0.0185652	0.00967384	1.21265	1.65864
8142	-1243.855	-1463.475	219.6204	0.3067715	0.278445	0.666748	0.0533885	0.00141912	1.664167	1.139198
8148	-1236.765	-1456.545	219.7806	0.2932003	0.45025	0.437656	0.0965736	0.0155212	1.561307	1.092488
8154	-1253.467	-1472.71	219.2429	0.3835028	0.378428	0.535096	0.0287055	0.0577711	1.327286	1.659347
8160	-1245.214	-1464.501	219.2872	0.5166208	0.36096	0.539424	0.069472	0.0301438	1.300343	1.55738
8166	-1240.483	-1459.884	219.4008	0.3953268	0.42087	0.515578	0.0334467	0.0301054	1.300343	1.55738
8172	-1230.809	-1449.708	218.899	0.398414	0.406971	0.541172	0.0443382	0.00751918	1.144179	2.013501
8178	-1232.398	-1451.431	219.033	0.2859959	0.562939	0.368798	0.0496243	0.018639	1.079627	2.014319
8184	-1240.151	-1459.102	218.9507	0.2907501	0.475372	0.450771	0.017456	0.0564004	0.8733358	2.202434
8190	-1239.41	-1459.053	219.6426	0.2439194	0.533902	0.380919	0.00207126	0.0831082	1.218236	1.493421
8196	-1235.331	-1454.331	218.9997	0.2587523	0.535474	0.38204	0.00207735	0.080409	1.211486	1.952215
8202	-1241.944	-1461.163	219.2193	0.2241124	0.707402	0.224066	0.00172592	0.0668059	1.297787	1.739205
8208	-1243.094	-1462.488	219.3944	0.286272	0.535956	0.377395	0.00848399	0.0781644	1.377294	1.555455
8214	-1238.201	-1457.506	219.3045	0.3160716	0.406727	0.466779	0.0314634	0.0950302	1.401477	1.594238
8220	-1227.736	-1445.688	217.9525	0.429751	0.240786	0.646117	0.0230945	0.0900022	0.9870597	2.697966
8226	-1218.345	-1436.353	218.0077	0.5290714	0.280782	0.670637	0.0271072	0.0214735	0.9484864	2.628396
8232	-1221.844	-1439.393	217.549	0.5324515	0.423797	0.536083	0.0229544	0.0171652	0.8919136	2.940398
8238	-1219.268	-1437.636	218.3675	0.4652891	0.44469	0.506997	0.0323981	0.0159149	1.072064	2.3657
8244	-1217.948	-1435.541	217.5932	0.3089216	0.436142	0.528228	0.0291407	0.00648882	0.8280648	3.065244
8250	-1219.735	-1436.645	216.9107	0.3669395	0.491786	0.443566	0.0539749	0.0106733	0.9610255	3.36911
8256	-1213.094	-1431.639	218.5452	0.3154079	0.460458	0.478902	0.0505366	0.010103	1.176608	2.261249
8262	-1218.914	-1437.89	218.9758	0.3005732	0.585421	0.357781	0.043953	0.0128449	1.108369	2.029517
8268	-1215.617	-1434.495	218.8777	0.3781351	0.449252	0.440923	0.0541669	0.0556585	1.164467	2.025096
8274	-1227.031	-1444.996	217.9653	0.3611795	0.489367	0.426101	0.0211911	0.0633412	1.112281	2.647857
8280	-1244.505	-1462.553	218.0473	0.3415358	0.480372	0.433699	0.0424248	0.0435049	1.051091	2.64332
8286	-1236.324	-1454.531	218.2065	0.3811612	0.43523	0.457921	0.0894567	0.0173919	0.8632784	2.64332
8292	-1239.105	-1457.8	218.6952	0.3449503	0.419142	0.467618	0.0563944	0.056845	1.101191	2.201872
8298	-1234.033	-1451.742	217.7096	0.3232152	0.423748	0.472756	0.046026	0.0574696	0.8894733	2.954162
8304	-1244.943	-1462.595	217.6526	0.2582898	0.38028	0.425358	0.0236767	0.170685	0.9689993	2.954162
8310	-1223.051	-1441.054	218.0025	0.3211222	0.418947	0.431273	0.0164004	0.133379	0.9772618	2.723781
8316	-1218.751	-1437.196	218.4453	0.2867531	0.468068	0.394254	0.0440519	0.0936265	1.114866	2.372185
8322	-1215.443	-1434.457	219.0141	0.2350645	0.580164	0.224147	0.0626131	0.133076	1.107387	2.011255
8328	-1220.2	-1439.071	218.8706	0.3414811	0.421115	0.425637	0.0104343	0.142813	1.15119	2.056051
8334	-1225	-1443.873	218.8723	0.3300775	0.445367	0.393031	0.0145139	0.147088	1.178432	2.04158
8340	-1217.546	-1436.281	218.7341	0.2430051	0.576043	0.380151	0.00906404	0.034742	1.025512	2.248606
8346	-1224.992	-1441.988	216.9959	0.2702025	0.621345	0.311161	0.0092446	0.0582499	0.908394	3.379209
8352	-1225.51	-1442.518	217.008	0.3781467	0.227981	0.581816	0.0660789	0.124124	0.8359473	3.380368
8358	-1228.625	-1445.896	217.2716	0.324243	0.333212	0.539943	0.070907	0.0559386	0.8023131	3.266731
8364	-1235.826	-1453.389	217.5632	0.2912413	0.317449	0.514401	0.0675528	0.100597	0.7806699	3.115915
8370	-1227.477	-1445.603	218.1256	0.2758702	0.361191	0.518158	0.0488346	0.0718164	0.9859663	2.654207
8376	-1229.49	-1447.938	218.4483	0.3131176	0.313406	0.616082	0.0178358	0.0526757	0.9261352	2.482113
8382	-1227.298	-1445.412	218.1138	0.344827	0.495464	0.447253	0.0183083	0.0389745	1.081696	2.581981
8388	-1228.138	-1445.923	217.7851	0.2830759	0.496174	0.447893	0.0169034	0.0390303	0.84239	2.947731
8394	-1239.417	-1458.761	219.3437	0.2595506	0.591723	0.293858	0.0345777	0.0798408	1.063507	1.818752
8400	-1237.157	-1456.365	219.2081	0.3552573	0.404235	0.46625	0.0559809	0.0735344	1.251416	1.752678
8406	-1239.044	-1458.77	219.7258	0.4351288	0.409277	0.472066	0.0442056	0.0744516	1.575024	1.036643
8412	-1241.604	-1461.183	219.5796	0.5234345	0.175713	0.72509	0.0678996	0.0312973	1.578848	1.090107
8418	-1239.803	-1459.007	219.2044	0.4435909	0.392633	0.539854	0.032217	0.0352961	1.291351	1.675277
8424	-1243.34	-1462.781	219.4411	0.3278108	0.400161	0.49322	0.0272147	0.0794037	1.145822	1.675277
8430	-1236.667	-1455.433	218.7656	0.3083505	0.531109	0.43231	0.00615827	0.0304232	1.124016	2.155024
8436	-1237.65	-1456.112	218.4618	0.4107056	0.539847	0.439422	0.014811	0.00591949	1.087066	2.328013
8442	-1237.977	-1456.01	218.0325	0.286832	0.480655	0.433464	0.0708287	0.0150521	0.9392934	2.738097
8448	-1233.894	-1453.252	219.3581	0.2783582	0.477883	0.430964	0.0626581	0.0284954	1.024378	1.833488
8454	-1237.125	-1456.087	218.9619	0.4554134	0.328988	0.565039	0.0846879	0.0212849	1.296652	1.833488
8460	-1247.347	-1466.456	219.1092	0.282053	0.53595	0.310264	0.0511253	0.10266	1.236987	1.857655
8466	-1237.973	-1456.769	218.7954	0.2653189	0.556641	0.400299	0.0371363	0.00592324	1.232103	2.073941
8472	-1235.002	-1454.088	219.0859	0.283363	0.510014	0.366768	0.0333647	0.0898531	1.314716	1.820018
8478	-1221.799	-1441.174	219.3757	0.3097364	0.520506	0.405887	0.0536115	0.019996	1.378502	1.561278
8484	-1216.314	-1435.278	218.9646	0.2909621	0.531834	0.414721	0.0386502	0.0147953	1.150604	2.011468
8490	-1222.305	-1441.37	219.0647	0.3739277	0.453315	0.455176	0.0806218	0.010887	1.109766	1.938784
8496	-1222.747	-1441.518	218.7709	0.3517685	0.302812	0.593102	0.0367254	0.0673608	0.9092952	2.273674
8502	-1233.272	-1451.426	218.1537	0.2348568	0.57477	0.262911	0.0764971	0.0858221	0.9913237	2.634461
8508	-1226.271	-1445.081	218.8099	0.2303744	0.672783	0.222861	0.0316071	0.0727486	1.036404	2.191115
8514	-1243.49	-1462.714	219.2241	0.2303744	0.628855	0.302696	0.0108058	0.0576432	1.145147	1.843207
8520	-1244.451	-1463.137	218.6864	0.3112534	0.369224	0.507122	0.038852	0.0848027	1.309185	2.0848
8526	-1232.04	-1450.555	218.515	0.2697755	0.557297	0.334362	0.0405463	0.0677945	1.014746	2.39426
8532	-1235.991	-1454.585	218.5937	0.326259	0.422619	0.522263	0.0397058	0.0154125	1.253194	2.176635
8538	-1231.211	-1450.792	219.5804	0.2673489	0.467529	0.473925	0.050189	0.00835664	1.364464	1.428796
8544	-1226.431	-1446.321	219.8906	0.2044055	0.653753	0.307396	0.0232761	0.015575	1.351585	1.175353
8550	-1224.503	-1443.983	219.4793	0.210306	0.676374	0.244988	0.0650232	0.0136145	1.26926	1.568433
8556	-1231.254	-1451.101	219.8472	0.210306	0.808142	0.126978	0.0486132	0.0162668	1.295949	1.262716
8562	-1238.569	-1457.755	219.1867	0.210306	0.738628	0.219146	0.0267555	0.0154705	1.419111	1.671655
8568	-1235.034	-1454.485	219.451	0.2712041	0.608208	0.284316	0.090154	0.0173215	1.320166	1.55882
8574	-1241.751	-1461.301	219.5499	0.4222444	0.568968	0.322537	0.102273	0.00622161	1.331844	1.403438
8580	-1227.4	-1446.814	219.4142	0.2719348	0.430105	0.436767	0.1269	0.00622859	1.303224	1.598006
8586	-1236.124	-1455.508	219.3839	0.285856	0.49029	0.378491	0.128833	0.0023853	1.445098	1.513065
8592	-1234.539	-1453.976	219.4372	0.3951013	0.491539	0.40729	0.098779	0.00239138	1.571038	1.321997
8598	-1234.078	-1453.975	219.8974	0.2515124	0.561356	0.374038	0.0644615	0.000144739	1.535875	1.013517
8604	-1235.746	-1455.469	219.7234	0.3703939	0.675917	0.290566	0.0333681	0.000149133	1.394976	1.247845
8610	-1228.267	-1448.06	219.7926	0.2943345	0.610622	0.345989	0.043336	5.23912e-05	1.53818	1.1023
8616	-1224.291	-1444.145	219.8534	0.3126253	0.448444	0.430208	0.121323	2.52301e-05	1.432375	1.135567
8622	-1221.422	-1440.858	219.4353	0.4740986	0.51233	0.359185	0.128457	2.88244e-05	1.504836	1.319073
8628	-1224.025	-1443.672	219.6474	0.411633	0.433584	0.412631	0.153761	2.4394e-05	1.504836	1.190688
8634	-1224.369	-1444.049	219.6801	0.3551916	0.340795	0.538331	0.120856	1.91736e-05	1.50715	1.198995
8640	-1228.964	-1448.72	219.7561	0.3583828	0.340795	0.538331	0.120856	1.91736e-05	1.342918	1.271247
8646	-1229.654	-1448.732	219.0779	0.3804031	0.428213	0.504127	0.0675546	0.000106285	1.509767	1.648606
8652	-1238.425	-1458.328	219.9031	0.2900709	0.420919	0.47014	0.108694	0.000247447	1.649842	0.878605
8658	-1235.447	-1455.181	219.7336	0.3581253	0.46084	0.452865	0.0860559	0.000238355	1.426226	1.220641
8664	-1229.176	-1448.971	219.7954	0.2374278	0.522666	0.374956	0.0976009	0.00477778	1.365331	1.256773
8670	-1234.178	-1453.765	219.5869	0.3966366	0.522782	0.375039	0.0976226	0.0045563	1.512255	1.246476
8676	-1221.072	-1440.408	219.3357	0.2905822	0.365613	0.504823	0.123431	0.00613303	1.352503	1.615368
8682	-1219.44	-1439.323	219.8834	0.3111629	0.479518	0.427506	0.084932	0.00804375	1.601798	0.9436494
8688	-1231.392	-1450.732	219.3397	0.5403639	0.367622	0.499103	0.125707	0.00756813	1.493983	1.351174
8694	-1231.331	-1450.62	219.2891	0.634165	0.490615	0.448001	0.054963	0.00642061	1.56614	1.254153
8700	-1221.697	-1440.578	218.8811	0.5918348	0.538239	0.328487	0.130499	0.00277467	1.421352	1.706964
8706	-1229.386	-1448.664	219.2775	0.5065124	0.434701	0.508448	0.0546102	0.00224093	1.329173	1.550775
8712	-1227.879	-1446.906	219.0261	0.3390242	0.500818	0.454454	0.0424533	0.00227397	1.219218	1.907599
8718	-1234.048	-1452.486	218.4377	0.355526	0.182159	0.719901	0.084505	0.0134351	1.135108	2.340571
8724	-1230.329	-1449.476	219.147	0.4925115	0.481889	0.465787	0.0468107	0.00551328	1.324683	1.658922
8730	-1236.538	-1454.852	218.3133	0.7217169	0.428234	0.483424	0.0834429	0.00489942	1.136514	2.189008
8736	-1235.483	-1454.798	219.3156	0.4851092	0.446713	0.444293	0.0639749	0.0450197	1.287046	1.569314
8742	-1234.457	-1453.532	219.0753	0.3401162	0.457858	0.464511	0.0518881	0.0257421	1.21866	1.874019
8748	-1236.902	-1456.404	219.5015	0.2667748	0.466143	0.432082	0.0802037	0.0215713	1.109416	1.675392
8754	-1239.5	-1458.067	218.5675	0.3588947	0.528018	0.374005	0.0708918	0.0270859	1.083549	2.289156
8760	-1233.864	-1451.156	217.2919	0.2625599	0.463579	0.328362	0.0622402	0.145819	0.8214937	3.256807
8766	-1238.239	-1454.917	216.6776	0.1927609	0.347089	0.364772	0.0861957	0.201943	0.6268015	3.714537
8772	-1241.512	-1458.713	217.2003	0.1927609	0.746666	0.153445	0.0298816	0.070008	0.7229666	3.354103
8778	-1247.955	-1465.932	217.976	0.1927609	0.548645	0.343189	0.0492994	0.0588664	0.9133905	2.776533
8784	-1225.912	-1445.855	219.9428	0.2429921	0.524656	0.472261	0.000775222	0.00230744	1.731647	0.7256665
8790	-1232.843	-1452.66	219.8175	0.2460725	0.712821	0.27733	0.00126593	0.0085838	1.782764	0.8302229
8796	-1222.405	-1442.196	219.7906	0.2460725	0.668537	0.321128	0.00177665	0.00855774	1.683178	0.9725765
8802	-1219.395	-1438.999	219.6045	0.2471232	0.628435	0.305531	0.00184194	0.0641925	1.625608	1.199187
8808	-1230.426	-1450.151	219.725	0.2979286	0.546821	0.297125	0.00260049	0.153454	1.497734	1.196659
8814	-1236.309	-1456.354	220.0456	0.2835991	0.30914	0.509447	0.00226553	0.179147	1.510282	0.8776378
8820	-1240.111	-1459.978	219.8669	0.250753	0.37484	0.395191	0.0127492	0.217219	1.731986	0.8321915
8826	-1247.001	-1466.85	219.8499	0.2410932	0.525716	0.324603	0.00879169	0.140889	1.731986	0.8522819
8832	-1252.21	-1471.966	219.7558	0.3397378	0.443636	0.428264	0.00920801	0.118892	1.934412	0.6346269
8838	-1261.241	-1481.081	219.8404	0.2562125	0.544669	0.319568	0.0051743	0.130589	1.895983	0.5986422
8844	-1241.439	-1460.865	219.4255	0.3200604	0.561338	0.337242	0.0318947	0.0695249	1.496068	1.431507
8850	-1237.456	-1456.989	219.5337	0.2466499	0.651106	0.309724	0.0292923	0.00987741	1.320012	1.498902
8856	-1238.682	-1457.955	219.2724	0.2649678	0.605265	0.350418	0.0331409	0.0111752	1.227975	1.753659
8862	-1235.133	-1454.339	219.2062	0.2972776	0.566178	0.398267	0.0310007	0.00455421	1.285271	1.753474
8868	-1228.352	-1447.657	219.3055	0.275946	0.586897	0.387406	0.0119907	0.0137062	1.007939	1.881142
8874	-1225.298	-1444.738	219.4397	0.2562803	0.594576	0.37808	0.0168087	0.0105352	1.144702	1.695053
8880	-1223.816	-1441.633	217.817	0.2587807	0.479424	0.45335	0.0148251	0.0524009	1.096887	2.777056
8886	-1225.867	-1444.308	218.4414	0.3433309	0.480494	0.454361	0.0126277	0.0525178	1.128301	2.347832
8892	-1224.659	-1443.645	218.9863	0.2157735	0.481617	0.45635	0.00453603	0.0574976	1.235406	1.939586
8898	-1215.299	-1434.082	218.7838	0.4633167	0.43925	0.501165	0.00410577	0.0554794	1.185001	2.024023
8904	-1229.69	-1448.472	218.7822	0.3362482	0.538618	0.38951	0.0583905	0.0134814	1.008857	2.208908
8910	-1241.021	-1459.179	218.1588	0.6273102	0.562684	0.37026	0.0307023	0.0363544	1.08492	2.38488
8916	-1236.482	-1454.443	217.9611	0.3281838	0.209482	0.735944	0.0430805	0.0114935	0.9333049	2.773502
8922	-1229.904	-1447.935	218.031	0.3497293	0.452362	0.500067	0.00812959	0.0394421	0.9618459	2.70491
8928	-1234.216	-1450.392	216.1754	0.5490771	0.507897	0.428122	0.0196967	0.0442843	0.8277135	3.775811
8934	-1225.368	-1443.2	217.8323	0.2729415	0.252238	0.644429	0.00712488	0.0962082	1.109026	2.759013
8940	-1214.456	-1432.316	217.8603	0.5470831	0.393866	0.532238	0.00588449	0.0680113	0.9497537	2.706991
8946	-1231.507	-1449.317	217.81	0.5026466	0.395749	0.484929	0.0326634	0.0866583	1.068688	2.692571
8952	-1228.074	-1446.513	218.4394	0.2569752	0.359428	0.533669	0.066397	0.0405063	0.9836016	2.462464
8958	-1225.84	-1444.323	218.4834	0.2921114	0.428562	0.466916	0.054791	0.0497316	1.04556	2.390703
8964	-1220.302	-1439.398	219.0968	0.2685651	0.453262	0.464355	0.0503519	0.032032	1.012349	2.019549
8970	-1227.753	-1446.929	219.1767	0.3835606	0.442519	0.453349	0.0728588	0.0312728	1.129342	1.844215
8976	-1221.435	-1440.482	219.0471	0.4319042	0.361546	0.548099	0.0541908	0.0361637	1.217571	1.844215
8982	-1219.919	-1439.44	219.5205	0.300392	0.296369	0.595188	0.0588465	0.0495969	1.3376	1.487099
8988	-1217.815	-1437.55	219.7354	0.4167078	0.264831	0.67895	0.0224768	0.0337426	1.582345	1.03626
8994	-1222.504	-1442.222	219.7182	0.3376918	0.408149	0.576663	0.0109829	0.0042051	1.599533	1.093589
9000	-1230.02	-1449.852	219.8324	0.3072188	0.26852	0.656356	0.0429557	0.0321681	1.457335	1.134444
9006	-1224.429	-1444.22	219.7905	0.3287316	0.307763	0.608489	0.0463714	0.0373766	1.518831	1.106313
9012	-1213.704	-1433.264	219.5599	0.3330476	0.38336	0.56628	0.0148893	0.0354711	1.436603	1.367427
9018	-1228.461	-1447.091	218.6296	0.3330476	0.263476	0.643908	0.0273823	0.0652335	1.207052	2.180681
9024	-1224.647	-1444.099	219.4521	0.3150014	0.264982	0.647588	0.0218243	0.0656063	1.420078	1.471233
9030	-1230.174	-1449.488	219.3144	0.3360691	0.279904	0.639955	0.00814982	0.0719913	1.309185	1.645472
9036	-1227.058	-1446.763	219.7048	0.3421931	0.332532	0.627635	0.0295959	0.0102377	1.35729	1.310445
9042	-1216.176	-1435.927	219.7512	0.2748086	0.4953	0.450065	0.050824	0.00381132	1.410361	1.254744
9048	-1220.059	-1439.603	219.5442	0.2443484	0.585871	0.316754	0.036681	0.0606939	1.469866	1.375776
9054	-1229.882	-1449.023	219.141	0.3906893	0.43593	0.470252	0.0544566	0.0393608	1.347777	1.713094
9060	-1230.755	-1450.575	219.8206	0.307053	0.433162	0.419834	0.0541108	0.0928926	1.718656	0.8862983
9066	-1223.366	-1443.234	219.8678	0.2819905	0.497775	0.443884	0.0562185	0.00212247	1.80856	0.715656
9072	-1221.86	-1441.62	219.7597	0.2824808	0.482661	0.432574	0.0631342	0.0216315	1.929306	0.6936205
9078	-1225.408	-1445.261	219.853	0.2151662	0.740827	0.191537	0.0433353	0.0243012	1.832019	0.6936205
9084	-1221.233	-1441.105	219.8728	0.267611	0.570036	0.347109	0.0508516	0.0320038	1.827652	0.6788112
9090	-1226.753	-1446.521	219.7684	0.2704675	0.615925	0.279067	0.0548496	0.050159	1.979364	0.5464756
9096	-1228.408	-1448.123	219.7143	0.3063406	0.426099	0.496691	0.0425107	0.0347001	2.019807	0.4488532
9102	-1237.542	-1457.341	219.7994	0.2910869	0.523837	0.366089	0.064815	0.0452595	1.94342	0.5409727
9108	-1227.403	-1447.225	219.8221	0.2574796	0.581866	0.295866	0.071995	0.0502732	1.90357	0.627711
9114	-1220.705	-1440.616	219.9107	0.2555395	0.525831	0.398895	0.0484696	0.0268043	1.780903	0.6974682
9120	-1238.611	-1458.332	219.7212	0.2555395	0.548161	0.401243	0.0325788	0.0180165	1.885543	0.8220634
9126	-1228.067	-1447.945	219.8784	0.2999806	0.433565	0.491628	0.0469021	0.0279047	1.712415	0.8282051
9132	-1230.307	-1450.18	219.8728	0.2470494	0.631797	0.329808	0.0240729	0.0143224	1.600625	0.9730598
9138	-1230.551	-1450.569	220.0187	0.3029705	0.618067	0.311273	0.0571428	0.0135174	1.582207	0.8136107
9144	-1232.426	-1452.298	219.8726	0.3394884	0.624897	0.274128	0.0989591	0.00201582	1.756337	0.7466411
9150	-1238.624	-1458.153	219.5293	0.3574009	0.65527	0.268394	0.0726695	0.0036658	1.381371	1.421666
9156	-1243.692	-1462.362	218.6695	0.2816487	0.572187	0.350417	0.0525785	0.0248169	1.167148	2.196191
9162	-1228.902	-1447.494	218.5914	0.2546899	0.6247	0.324919	0.0232873	0.0270945	1.095485	2.295439
9168	-1225.753	-1444.9	219.1465	0.2351795	0.572908	0.350306	0.0274146	0.0493713	1.045809	1.963972
9174	-1244.005	-1463.08	219.0741	0.2722166	0.457338	0.385354	0.0121526	0.145155	1.117541	1.963972
9180	-1244.609	-1463.612	219.0032	0.457524	0.414806	0.522363	0.0482336	0.0145976	2.529703	0.3157378
9186	-1238.087	-1457.06	218.9736	0.4252366	0.57195	0.385876	0.0356307	0.00654338	2.529703	0.273349
9192	-1229.68	-1448.326	218.6457	0.2378645	0.273211	0.605078	0.0640935	0.0576175	0.9781316	2.334969
9198	-1234.571	-1453.625	219.0539	0.3231696	0.482601	0.464186	0.0366059	0.016607	1.122483	1.960514
9204	-1229.056	-1447.57	218.5144	0.2740527	0.513631	0.445899	0.0127841	0.0276854	1.237273	2.252271
9210	-1229.793	-1448.193	218.3999	0.3411481	0.481187	0.417734	0.0119766	0.0891019	0.8917028	2.523691
9216	-1217.823	-1436.139	218.3161	0.2793449	0.437142	0.474186	0.0452048	0.043467	0.9882309	2.534231
9222	-1228.539	-1446.767	218.2278	0.3574004	0.412622	0.516181	0.0492082	0.0219889	0.9404452	2.593483
9228	-1223.668	-1441.331	217.6635	0.3570452	0.421306	0.538138	0.0217189	0.0188365	0.7894138	3.02889
9234	-1235.393	-1452.505	217.1119	0.348192	0.15918	0.769165	0.038374	0.0332811	0.8141897	3.34499
9240	-1226.743	-1444.208	217.4644	0.3837368	0.332497	0.538808	0.102132	0.0265621	0.8383189	3.106526
9246	-1239.36	-1456.541	217.1812	0.5197554	0.331443	0.558117	0.0829265	0.027514	0.8078595	3.217856
9252	-1243.061	-1461.677	218.6165	0.377727	0.464232	0.431587	0.0510047	0.0531767	0.9813773	2.314085
9258	-1216.112	-1434.336	218.2238	0.3046284	0.497551	0.4722	0.0188933	0.0113561	0.9811988	2.590205
9264	-1217.182	-1435.384	218.2026	0.2850937	0.499286	0.473345	0.0182764	0.00909252	1.009946	2.590205
9270	-1224.762	-1442.237	217.4754	0.3049108	0.498501	0.4726	0.0182476	0.0106512	0.7125321	3.205162
9276	-1233.974	-1450.977	217.0033	0.4417023	0.295819	0.683913	0.00566984	0.0145976	0.9568032	3.279911
9282	-1239.465	-1457.86	218.3946	0.2828033	0.560066	0.409085	0.0107345	0.0201143	0.9465047	2.510715
9288	-1223.738	-1442.558	218.8198	0.2828033	0.643142	0.34211	0.00897708	0.0057712	1.127679	2.123821
9294	-1222.987	-1440.892	217.9058	0.2826702	0.623915	0.356191	0.0136732	0.00622125	1.127679	2.701058
9300	-1226.864	-1446.168	219.3037	0.2961537	0.589542	0.363691	0.0332791	0.0134886	1.415154	1.591584
9306	-1238.372	-1458.084	219.712	0.3005632	0.498353	0.387927	0.0856932	0.0280268	1.477945	1.223678
9312	-1240.193	-1460.153	219.9597	0.2661893	0.337954	0.53597	0.11517	0.0109056	1.536427	0.9482021
9318	-1243.89	-1463.697	219.8072	0.3690662	0.297555	0.668505	0.019916	0.0140249	1.567574	1.018758
9324	-1248.355	-1468.173	219.818	0.3604653	0.580563	0.342492	0.0343177	0.0426271	1.567574	1.014374
9330	-1227.354	-1447.324	219.97	0.2688756	0.661723	0.256306	0.017346	0.0646245	1.545538	0.9269264
9336	-1235.425	-1455.292	219.8673	0.2727789	0.620967	0.331656	0.0162776	0.0311001	1.707016	0.8593157
9342	-1223.555	-1443.425	219.8701	0.2398378	0.668227	0.282678	0.00346693	0.0456276	1.839709	0.6616293
9348	-1230.956	-1450.826	219.8701	0.2398378	0.651444	0.287753	0.0125585	0.0482444	1.839709	0.6616293
9354	-1232.138	-1452.047	219.909	0.2245277	0.671972	0.270806	0.0118189	0.045403	1.839709	0.5138948
9360	-1248.447	-1468.271	219.8237	0.2879712	0.644092	0.263531	0.0842805	0.00809656	1.902915	0.6083661
9366	-1244.787	-1464.815	220.0279	0.2037075	0.715943	0.210026	0.0671689	0.00686223	1.674176	0.6454092
9372	-1238.688	-1458.581	219.893	0.3042856	0.726381	0.213088	0.0535697	0.00696227	1.812126	0.6454092
9378	-1228.791	-1448.559	219.7678	0.2613942	0.60572	0.274532	0.0769498	0.0427981	1.958259	0.6257093
9384	-1219.821	-1439.599	219.778	0.3282648	0.469943	0.487785	0.0162014	0.0260703	1.626644	1.016458
9390	-1222.847	-1442.635	219.7874	0.3163785	0.588843	0.392642	0.0130413	0.00547335	1.631169	1.009304
9396	-1219.182	-1439.136	219.9544	0.2342607	0.618527	0.359645	0.00565748	0.016171	1.623064	0.8561384
9402	-1218.659	-1438.518	219.8592	0.2389185	0.607898	0.316618	0.00211947	0.0733649	1.623064	0.9629598
9408	-1216.059	-1435.772	219.7134	0.290746	0.567467	0.366224	0.00567392	0.0606347	1.496539	1.210008
9414	-1211.734	-1431.493	219.7591	0.2975305	0.560291	0.373748	0.00609363	0.0598679	1.448229	1.210008
9420	-1225.996	-1445.183	219.1874	0.4513944	0.423548	0.551152	0.00643072	0.0188692	1.150874	1.780967
9426	-1217.241	-1435.965	218.7237	0.4578414	0.421307	0.548235	0.00639669	0.0240607	1.184707	2.067459
9432	-1221.935	-1440.6	218.6654	0.4674362	0.524486	0.441316	0.00718225	0.0270155	1.158376	2.11699
9438	-1228.683	-1446.955	218.2727	0.4846044	0.467422	0.51904	0.00640082	0.00713684	0.9583495	2.485206
9444	-1231.791	-1450.272	218.4803	0.4615708	0.445357	0.539623	0.00174287	0.0132767	0.9671037	2.362965
9450	-1229.114	-1446.382	217.2679	0.5114736	0.327708	0.660158	0.00270696	0.00942751	0.9006287	3.116276
9456	-1235.917	-1454.032	218.1157	0.3921297	0.321445	0.669423	0.00421632	0.00491618	0.965519	2.630808
9462	-1231.6	-1448.905	217.3041	0.3432857	0.467118	0.520241	0.0056773	0.00696305	0.8786438	3.195423
9468	-1223.268	-1441.821	218.5528	0.3432857	0.336213	0.652169	0.0040863	0.0075313	1.063005	2.318509
9474	-1223.519	-1442.415	218.8961	0.3432857	0.560723	0.429535	0.0047811	0.00496031	1.143293	2.043608
9480	-1222.181	-1441.747	219.5661	0.3632418	0.443358	0.542894	0.00425394	0.00949457	1.241092	1.497173
9486	-1225.831	-1445.406	219.5745	0.2949441	0.537489	0.386679	0.0351101	0.0407217	1.272464	1.497173
9492	-1230.923	-1450.705	219.7815	0.2259305	0.60015	0.329938	0.0262791	0.0436334	1.285756	1.330533
9498	-1230.763	-1450.307	219.5442	0.2814811	0.659883	0.287975	0.0140579	0.0380839	1.14465	1.617049
9504	-1226.831	-1446.574	219.7432	0.2420849	0.57817	0.34265	0.0075893	0.0715902	1.347867	1.314299
9510	-1228.066	-1447.527	219.4612	0.3396376	0.416197	0.439282	0.073835	0.0706863	1.332703	1.519319
9516	-1213.423	-1432.844	219.4206	0.2976683	0.5443	0.349163	0.0507023	0.0558348	1.50255	1.438564
9522	-1222.137	-1441.927	219.7895	0.275744	0.502126	0.459175	0.0322774	0.00642166	1.717642	0.9345125
9528	-1229.207	-1448.94	219.7338	0.3061285	0.495542	0.453154	0.00822889	0.0430748	1.481716	1.199759
9534	-1228.68	-1447.911	219.2304	0.3852077	0.463974	0.44369	0.0148103	0.0775259	1.417087	1.602671
9540	-1234.244	-1454.098	219.8544	0.258667	0.361331	0.483848	0.00790264	0.146918	1.343129	1.226737
9546	-1224.033	-1443.731	219.6983	0.2845087	0.389547	0.581075	0.00624413	0.0231342	1.493983	1.226737
9552	-1230.376	-1449.821	219.4456	0.397227	0.325988	0.63272	0.0294121	0.0118803	1.364078	1.475238
9558	-1223.257	-1443.204	219.9474	0.3430969	0.326098	0.632933	0.0279379	0.0130308	1.335411	1.122284
9564	-1212.875	-1432.532	219.6564	0.3260098	0.473519	0.508774	0.00895562	0.00875161	1.449778	1.282674
9570	-1220.965	-1440.406	219.4411	0.2763085	0.492728	0.485695	0.00931892	0.0122589	1.35025	1.543071
9576	-1221.531	-1440.618	219.0873	0.3346205	0.545042	0.428065	0.0133334	0.0135605	1.440571	1.71426
9582	-1232.668	-1451.745	219.0778	0.3566287	0.5257	0.412874	0.0364308	0.0249954	1.157564	1.906255
9588	-1220.581	-1440.283	219.7019	0.3346967	0.404465	0.455682	0.108272	0.0315815	1.281254	1.377113
9594	-1222.87	-1442.466	219.5956	0.3373473	0.376892	0.542637	0.0498422	0.0306293	1.268921	1.467297
9600	-1230.787	-1449.866	219.0794	0.3833453	0.435564	0.471437	0.0576013	0.0353975	1.217231	1.850787
9606	-1230.196	-1449.04	218.8439	0.4482934	0.378431	0.528029	0.0500458	0.0434942	1.119239	2.037215
9612	-1229.358	-1448.087	218.7287	0.3375872	0.386623	0.52193	0.0493801	0.0420673	1.197373	2.120574
9618	-1223.874	-1442.244	218.3701	0.2920354	0.399027	0.511375	0.0483815	0.0412166	1.104934	2.424798
9624	-1228.499	-1447.44	218.9408	0.3153403	0.424922	0.50244	0.0321419	0.0404964	1.186881	1.995889
9630	-1224.661	-1443.451	218.79	0.3306581	0.38587	0.56589	0.0214089	0.0268306	1.329116	1.995889
9636	-1225.305	-1444.167	218.8627	0.3832251	0.489348	0.412259	0.0582466	0.0401464	1.163968	2.032708
9642	-1229.543	-1448.392	218.8493	0.4479203	0.285171	0.561682	0.13208	0.0210672	1.191472	1.985768
9648	-1223.033	-1441.976	218.9428	0.2903011	0.540126	0.410157	0.0370703	0.0126461	1.2112	1.985768
9654	-1230.58	-1449.425	218.8455	0.2300554	0.522232	0.395439	0.0613873	0.0209416	1.139012	2.100941
9660	-1225.802	-1444.496	218.6938	0.3058003	0.574073	0.352532	0.0547264	0.0186693	1.047163	2.25197
9666	-1236.509	-1455.318	218.8098	0.2669248	0.601016	0.319607	0.0454403	0.0339373	1.122735	2.136038
9672	-1230.856	-1450.27	219.4146	0.2297327	0.467131	0.441193	0.0353179	0.0563584	1.054451	1.774083
9678	-1229.298	-1448.468	219.1698	0.2441625	0.647342	0.25976	0.0147975	0.0781005	1.054451	1.943376
9684	-1221.612	-1440.829	219.2162	0.3805099	0.367256	0.491044	0.135046	0.00665453	1.213217	1.760501
9690	-1237.356	-1456.163	218.8069	0.3973983	0.310499	0.569699	0.114176	0.00562612	1.344298	1.941804
9696	-1226.415	-1444.689	218.274	0.3695337	0.424773	0.558712	0.0062074	0.0103076	1.003492	2.520085
9702	-1234.877	-1451.766	216.8897	0.343387	0.424118	0.557851	0.00619782	0.0118339	0.7798676	3.497098
9708	-1228.578	-1447.109	218.5307	0.2615908	0.500873	0.470125	0.00996871	0.019034	0.9112799	2.45033
9714	-1232.078	-1448.631	216.5531	0.3861131	0.383809	0.581124	0.011638	0.0234295	0.8053895	3.65962
9720	-1238.075	-1455.17	217.0946	0.257883	0.550412	0.372696	0.0171556	0.0597366	0.8741158	3.342298
9726	-1237.27	-1455.16	217.8895	0.3073245	0.448204	0.484752	0.028649	0.0383952	0.9070318	2.83981
9732	-1238.81	-1456.805	217.9949	0.5485359	0.565452	0.277017	0.122118	0.035413	0.9710789	2.61005
9738	-1228.527	-1446.224	217.6972	0.6189703	0.438163	0.4402	0.0853165	0.0363213	0.8836133	2.801223
9744	-1229.017	-1448.219	219.2026	0.4556853	0.539224	0.432379	0.00421061	0.0241867	1.41773	1.577158
9750	-1223.693	-1443.397	219.7043	0.3438314	0.355486	0.602803	0.0346713	0.0070394	1.430976	1.249478
9756	-1223.959	-1443.285	219.3255	0.5502449	0.500392	0.454894	0.023469	0.0212446	1.498776	1.350645
9762	-1220.551	-1439.994	219.4437	0.2938545	0.452356	0.498631	0.0257255	0.0232872	1.283928	1.585785
9768	-1218.855	-1438.306	219.4512	0.2328758	0.680539	0.28622	0.0244246	0.00881625	1.319954	1.558749
9774	-1223.189	-1442.732	219.5425	0.241532	0.56296	0.410306	0.00821292	0.0185215	1.23017	1.558749
9780	-1228.212	-1447.052	218.8403	0.3748743	0.426833	0.509046	0.0574328	0.00668866	1.202555	2.02627
9786	-1225.242	-1443.383	218.1408	0.3787265	0.32666	0.636176	0.0270125	0.0101514	1.188793	2.483084
9792	-1225.974	-1444.913	218.939	0.3332101	0.339902	0.61538	0.0415016	0.00321601	1.114597	2.038454
9798	-1216.517	-1435.745	219.2278	0.4198023	0.517272	0.472216	0.00773966	0.00277214	1.196822	1.740787
9804	-1219.249	-1439.079	219.8293	0.3050859	0.42345	0.450472	0.0693668	0.0567115	1.310363	1.264024
9810	-1222.569	-1441.994	219.4253	0.2400587	0.55161	0.374066	0.0215375	0.0527865	1.386355	1.529791
9816	-1222.29	-1442.022	219.7318	0.2976319	0.499551	0.388336	0.0213452	0.0907681	1.4619	1.221514
9822	-1222.919	-1442.829	219.9109	0.2184042	0.587163	0.25621	0.0132862	0.143341	1.544709	0.9839781
9828	-1233.719	-1453.28	219.561	0.2075796	0.619347	0.13102	0.00153143	0.248102	1.550931	1.286931
9834	-1228.778	-1448.592	219.8142	0.2616394	0.591656	0.333601	0.000220207	0.0745229	1.438196	1.179536
9840	-1223.633	-1443.492	219.8591	0.2008964	0.622337	0.251971	0.000358605	0.125333	1.375556	1.179536
9846	-1220.311	-1439.897	219.5863	0.3143344	0.56455	0.351261	0.00110508	0.0830848	1.483804	1.317173
9852	-1222.552	-1442.172	219.6198	0.3143344	0.508843	0.448838	0.00322658	0.0390921	1.557531	1.228839
9858	-1212.949	-1432.529	219.5796	0.2658236	0.676093	0.278603	0.0037399	0.0415637	1.505044	1.319035
9864	-1222.508	-1442.083	219.5749	0.24117	0.697424	0.212808	0.048594	0.041174	1.418242	1.391898
9870	-1223.81	-1442.878	219.0685	0.2603396	0.641532	0.32324	0.0152272	0.0200007	1.380225	1.790025
9876	-1229.167	-1448.676	219.5093	0.2979164	0.519108	0.453565	0.0173733	0.00995442	1.329498	1.502423
9882	-1230.22	-1449.863	219.6433	0.2384047	0.571874	0.361516	0.0592053	0.00740391	1.401518	1.35093
9888	-1238.599	-1458.004	219.4049	0.3235548	0.347486	0.550994	0.0902359	0.0112844	1.260007	1.621043
9894	-1249.14	-1467.383	218.2433	0.4654977	0.362784	0.577594	0.0408265	0.018795	1.107283	2.421782
9900	-1245.281	-1464.153	218.8723	0.3495694	0.364357	0.503321	0.0875051	0.0448169	1.013353	2.14186
9906	-1235.222	-1454.399	219.1776	0.2360756	0.464874	0.427156	0.0308847	0.0770849	1.116548	1.895383
9912	-1227.455	-1446.246	218.7908	0.2422817	0.50862	0.385303	0.0547289	0.0513486	1.096097	2.166243
9918	-1223.557	-1442.36	218.8024	0.2761091	0.45879	0.400202	0.0731956	0.0678123	1.103059	2.152447
9924	-1223.266	-1442.619	219.3533	0.2890826	0.529119	0.359848	0.0793082	0.0317241	1.30874	1.634674
9930	-1236.705	-1455.807	219.1027	0.2161847	0.506815	0.416185	0.0236089	0.0533915	1.381751	1.759665
9936	-1235.509	-1454.633	219.1237	0.3059602	0.313865	0.646215	0.0337774	0.00614281	1.3551	1.759665
9942	-1225.609	-1445.139	219.53	0.2704162	0.377283	0.602915	0.0141753	0.00562721	1.323968	1.497411
9948	-1222.813	-1442.041	219.2275	0.3828852	0.388072	0.549358	0.0423194	0.0202506	1.342724	1.659706
9954	-1218.349	-1437.909	219.5601	0.3439138	0.390373	0.552615	0.026071	0.0309417	1.551954	1.268692
9960	-1220.201	-1439.96	219.759	0.3222502	0.240066	0.716544	0.0184937	0.0248966	1.592014	1.071281
9966	-1223.042	-1442.752	219.7097	0.3018927	0.426153	0.41142	0.0154586	0.146968	1.631953	1.089402
9972	-1222.514	-1442.308	219.7943	0.274432	0.473155	0.418903	0.0157398	0.0922017	1.631953	1.017779
9978	-1222.076	-1441.83	219.7544	0.2269668	0.53418	0.415257	0.0156028	0.0349605	1.477761	1.194181
9984	-1214.519	-1434.078	219.5589	0.3834506	0.383449	0.555514	0.0126582	0.0483792	1.485195	1.300646
9990	-1223.287	-1443.006	219.7181	0.3358805	0.34039	0.605427	0.0112367	0.0429465	1.625967	1.070188
9996	-1227.929	-1447.648	219.7192	0.3358805	0.49441	0.433525	0.0167806	0.0552844	1.637453	1.058348
10002	-1224.708	-1444.707	219.9986	0.274524	0.378781	0.566157	0.0185997	0.0364622	1.536048	0.9046379
10008	-1226.735	-1446.446	219.7111	0.3699576	0.344673	0.596756	0.0197849	0.0387856	1.436207	1.22383
10014	-1218.403	-1438.3	219.8966	0.3227541	0.462638	0.496904	0.0164744	0.0239835	1.284957	1.221482
10020	-1214.018	-1433.898	219.8808	0.2878388	0.452792	0.523129	0.00354571	0.0205328	1.475424	1.08096
10026	-1215.56	-1435.08	219.5196	0.2761164	0.582281	0.284577	0.00304273	0.130099	1.475424	1.388454
10032	-1205.914	-1425.5	219.5858	0.241884	0.605137	0.298544	0.00373019	0.0925889	1.338056	1.445455
10038	-1207.555	-1426.736	219.1814	0.2409313	0.513662	0.380344	0.025218	0.0807752	1.275612	1.7841
10044	-1207.376	-1426.938	219.5617	0.2331497	0.686285	0.251798	0.00844164	0.0534753	1.337292	1.463233
10050	-1215.224	-1434.892	219.6682	0.2185673	0.584321	0.342837	0.0114938	0.061348	1.368738	1.352326
10056	-1219.364	-1438.938	219.5734	0.20237	0.785069	0.198065	0.0154425	0.00142359	1.453533	1.352326
10062	-1224.497	-1444.371	219.8738	0.2027661	0.770939	0.1945	0.0260751	0.00848648	1.383886	1.160758
10068	-1240.563	-1460.224	219.6609	0.202992	0.799864	0.138889	0.0149495	0.0462976	1.410215	1.317441
10074	-1221.845	-1441.676	219.8304	0.202992	0.634981	0.312151	0.00978054	0.0430877	1.264927	1.297807
10080	-1228.382	-1448.239	219.8562	0.2594153	0.576196	0.362422	0.0113557	0.0500269	1.394382	1.181328
10086	-1229.15	-1448.918	219.7688	0.2564612	0.535539	0.384441	0.0148035	0.0652161	1.466055	1.195045
10092	-1227.3	-1447.083	219.7822	0.2571207	0.478277	0.450259	0.0132206	0.0582429	1.287838	1.331552
10098	-1233.968	-1452.322	218.3534	0.3809645	0.413665	0.483029	0.0529319	0.0503746	1.101001	2.403517
10104	-1231.5	-1449.79	218.2898	0.3771408	0.464051	0.456203	0.0606291	0.0191173	1.033381	2.487858
10110	-1228.723	-1447.799	219.0757	0.2384198	0.558316	0.318224	0.0406918	0.0827682	1.318002	1.827617
10116	-1235.238	-1453.932	218.6938	0.2727206	0.348289	0.586092	0.0356363	0.029983	0.93563	2.33063
10122	-1232.794	-1451.554	218.7604	0.228568	0.661815	0.248499	0.0347547	0.0549312	1.159863	2.142688
10128	-1224.543	-1443.439	218.8961	0.2212851	0.660156	0.247876	0.015693	0.0762747	1.021552	2.142688
10134	-1225.754	-1444.385	218.6306	0.4175369	0.355261	0.547607	0.0220973	0.0750347	1.016548	2.261369
10140	-1221.525	-1439.977	218.4517	0.4948894	0.431926	0.522883	0.0182397	0.0269507	1.17249	2.22926
10146	-1227.089	-1446.311	219.2216	0.2198765	0.590925	0.366682	0.0200108	0.0223817	1.160933	1.831484
10152	-1225.732	-1444.292	218.5597	0.2691672	0.529396	0.342061	0.0606771	0.0678664	1.065943	2.333483
10158	-1222.602	-1441.209	218.6065	0.3650389	0.46248	0.467368	0.0335077	0.0366441	1.300031	2.12101
10164	-1224.876	-1443.678	218.8018	0.4132865	0.516431	0.427964	0.0220513	0.0335545	1.240594	2.005589
10170	-1224.127	-1442.467	218.34	0.453058	0.423018	0.541552	0.0243541	0.0110757	1.167049	2.3302
10176	-1222.608	-1441.747	219.1395	0.3336385	0.35417	0.560308	0.0816708	0.00385185	1.285365	1.786811
10182	-1233.413	-1452.638	219.2254	0.3869303	0.308417	0.606996	0.0833982	0.00118847	1.401796	1.61636
10188	-1238.125	-1457.707	219.5825	0.6288215	0.422918	0.360399	0.212616	0.00406661	1.298772	1.237124
10194	-1230.77	-1450.577	219.8073	0.3883227	0.585708	0.405412	0.00872415	0.000155521	1.72915	0.8247099
10200	-1234.238	-1454.237	219.9988	0.2910428	0.573563	0.417443	0.00884115	0.000152297	1.446076	0.9942931
10206	-1243.153	-1461.969	218.8153	0.2671878	0.480489	0.50804	0.0107599	0.00071138	1.446076	1.917693
10212	-1224.275	-1443.014	218.7391	0.3090783	0.558401	0.426144	0.0132004	0.00225466	1.179476	2.135951
10218	-1229.928	-1449.412	219.4838	0.2748144	0.744044	0.235043	0.0174482	0.00346437	1.13674	1.66742
10224	-1234.29	-1453.083	218.7925	0.2936901	0.683601	0.295712	0.0125007	0.00818678	1.129897	2.137815
10230	-1220.417	-1440.118	219.7016	0.3514369	0.518656	0.459495	0.0144039	0.00744549	1.379531	1.289897
10236	-1229.038	-1448.854	219.8155	0.2538131	0.488886	0.497289	0.00416948	0.00965564	1.306123	1.289897
10242	-1231.363	-1451.037	219.6736	0.242774	0.696604	0.185639	0.00254376	0.115213	1.322385	1.389802
10248	-1239.064	-1457.952	218.8874	0.2449614	0.599843	0.377087	0.00209922	0.0209707	1.322385	1.953182
10254	-1233.442	-1451.853	218.411	0.4051772	0.425464	0.559237	0.00148897	0.0138101	0.9272982	2.46406
10260	-1233.945	-1453.036	219.0905	0.3042616	0.543454	0.446586	0.00367833	0.00628191	1.307153	1.816528
10266	-1237.644	-1457.071	219.4269	0.3771564	0.260104	0.723754	0.00596124	0.0101807	1.25908	1.579239
10272	-1239.65	-1458.142	218.4921	0.4328221	0.418416	0.568586	0.00954975	0.00344844	1.178645	2.237368
10278	-1237.423	-1456.127	218.7037	0.4778303	0.534494	0.449433	0.00509194	0.0109815	1.122075	2.109123
10284	-1226.159	-1445.401	219.2425	0.308583	0.385619	0.576187	0.0126748	0.0255189	1.090426	1.859601
10290	-1229.893	-1447.539	217.646	0.3706612	0.304109	0.669464	0.0204713	0.0059559	0.9331079	2.94706
10296	-1220.9	-1438.932	218.0321	0.4289259	0.380188	0.562379	0.0476815	0.00975077	0.9638423	2.663765
10302	-1225.03	-1444.032	219.0019	0.3108073	0.51001	0.422964	0.0400724	0.0269534	0.9634519	2.104754
10308	-1220.35	-1439.826	219.4767	0.3108073	0.435709	0.534316	0.0206015	0.0093735	1.211407	1.609119
10314	-1224.856	-1443.914	219.0581	0.2906902	0.500633	0.442414	0.0115188	0.0454339	1.239972	1.888513
10320	-1224.958	-1444.048	219.0898	0.3990464	0.398919	0.454382	0.0124675	0.134232	1.239972	1.819172
10326	-1222.786	-1441.83	219.0444	0.3020462	0.549344	0.37135	0.0255402	0.0537665	1.340891	1.825713
10332	-1226.435	-1445.164	218.7289	0.2558902	0.558315	0.361107	0.0380601	0.0425176	1.264919	2.096656
10338	-1228.466	-1447.238	218.7727	0.2337629	0.613247	0.374095	0.00609894	0.00655911	1.219319	2.096656
10344	-1221.355	-1440.234	218.879	0.2399786	0.558197	0.404805	0.00428174	0.0327166	1.114179	2.096656
10350	-1231.915	-1450.031	218.1153	0.2399786	0.524578	0.465448	0.00141014	0.0085638	1.136928	2.568665
10356	-1223.253	-1440.973	217.7198	0.3979413	0.383132	0.595062	0.00105361	0.0207524	0.9435874	2.883104
10362	-1226.257	-1445.4	219.1435	0.2424692	0.519578	0.468589	0.00209577	0.00973714	0.9902362	2.003897
10368	-1235.5	-1455.118	219.618	0.4590762	0.5699	0.407349	0.00377828	0.0189726	1.344921	1.312335
10374	-1229.973	-1449.115	219.142	0.367357	0.509882	0.480875	0.00189057	0.00735272	1.342973	1.728632
10380	-1225.326	-1444.7	219.3749	0.2622082	0.402398	0.525862	0.000533316	0.0712064	1.338091	1.602438
10386	-1231.45	-1450.555	219.1041	0.3265531	0.470478	0.463694	0.000489371	0.0653391	1.33853	1.777351
10392	-1230.794	-1450.444	219.6498	0.3437408	0.5444	0.422906	0.0013036	0.0313903	1.500732	1.236752
10398	-1240.352	-1460.121	219.769	0.2258445	0.717976	0.271078	0.000376173	0.0105704	1.412753	1.236752
10404	-1213.958	-1433.9	219.9423	0.2258445	0.74003	0.237475	0.00138272	0.0211117	1.475268	1.024843
10410	-1220.803	-1440.778	219.975	0.2258445	0.502332	0.33889	0.00101488	0.157763	1.450724	1.016899
10416	-1221.567	-1441.401	219.8337	0.2258445	0.626962	0.295395	0.00209963	0.0755429	1.63164	0.9771183
10422	-1213.476	-1433.171	219.6953	0.1946855	0.873851	0.0969755	0.00121171	0.0279613	1.386991	1.302641
10428	-1223.778	-1443.503	219.7256	0.2334778	0.48559	0.29807	0.00318178	0.213159	1.732166	0.9870737
10434	-1227.907	-1447.774	219.8666	0.2227732	0.530738	0.388371	0.0109648	0.0699254	1.772157	0.7720686
10440	-1253.18	-1472.589	219.4087	0.3259256	0.567732	0.318279	0.0881945	0.0257948	1.198153	1.661823
10446	-1244.233	-1463.214	218.9815	0.2699484	0.594782	0.297378	0.105061	0.00277961	1.086426	2.046712
10452	-1240.314	-1459.306	218.9924	0.3681196	0.60107	0.333458	0.06106	0.0044122	1.199079	1.930316
10458	-1238.232	-1457.445	219.2129	0.3701402	0.277984	0.706483	0.0145783	0.000954718	1.223511	1.761202
10464	-1224.163	-1443.285	219.1228	0.3366984	0.614549	0.357697	0.0207119	0.00704203	1.35396	1.749252
10470	-1217.43	-1435.942	218.5122	0.4993808	0.530997	0.45269	0.0108443	0.00546834	1.186488	2.178162
10476	-1225.252	-1442.231	216.9786	0.4428671	0.449644	0.479057	0.0656689	0.00563088	0.7781305	3.398866
10482	-1227.043	-1444.644	217.6011	0.4056247	0.281794	0.669638	0.0149853	0.0335821	0.9968071	2.918713
10488	-1222.321	-1440.306	217.9847	0.3273807	0.407603	0.489628	0.0541948	0.0485749	1.138903	2.633188
10494	-1218.178	-1437.069	218.8916	0.2359565	0.557515	0.383453	0.0209905	0.0380416	1.037393	2.138208
10500	-1207.929	-1427.117	219.1884	0.2375777	0.445534	0.424944	0.0218063	0.107716	1.076739	1.915227
10506	-1218.06	-1437.064	219.0037	0.2753131	0.465688	0.405649	0.0558879	0.0727752	1.123179	2.006847
10512	-1225.249	-1443.786	218.5371	0.2296459	0.621846	0.322485	0.048277	0.00739284	1.07391	2.341963
10518	-1234.869	-1453.335	218.4662	0.2524579	0.689547	0.26475	0.039634	0.0060693	1.1478	2.341963
10524	-1224.883	-1443.682	218.7996	0.2161431	0.73628	0.208187	0.0423202	0.0132135	1.008112	2.212518
10530	-1216.79	-1435.535	218.7444	0.2721068	0.618627	0.323408	0.0440302	0.0139348	1.069397	2.212518
10536	-1218.697	-1437.882	219.1847	0.3041035	0.61791	0.350051	0.021187	0.0108517	1.320102	1.7421
10542	-1222.32	-1441.465	219.145	0.3682168	0.588992	0.333669	0.0218413	0.0554981	1.23755	1.799708
10548	-1224.859	-1444.379	219.5202	0.3401887	0.419459	0.479293	0.0977559	0.00349206	1.317113	1.486532
10554	-1238.236	-1458.015	219.7791	0.4387313	0.72457	0.148349	0.117144	0.00993619	1.39109	1.15387
10560	-1236.957	-1456.552	219.5948	0.4563209	0.621063	0.204544	0.161874	0.0125195	1.60253	1.114979
10566	-1234.68	-1454.207	219.5266	0.5431149	0.67999	0.164313	0.130035	0.0256608	1.37826	1.291677
10572	-1227.054	-1446.7	219.6461	0.5431149	0.340413	0.574226	0.0653074	0.0200541	1.732731	0.8388949
10578	-1215.87	-1435.628	219.7586	0.4625481	0.565146	0.37303	0.0285306	0.0332933	1.551013	1.002847
10584	-1220.381	-1440.119	219.7376	0.4631352	0.526681	0.426281	0.0326034	0.0144348	1.591159	0.9830459
10590	-1225.668	-1445.648	219.9798	0.3340772	0.501484	0.453728	0.0310436	0.0137442	1.591159	0.8305791
10596	-1238.208	-1458.058	219.8497	0.3127699	0.559676	0.399267	0.0273174	0.0137388	1.51352	1.064496
10602	-1231.381	-1451.158	219.7764	0.3236915	0.463922	0.450237	0.0703477	0.0154927	1.220924	1.37108
10608	-1228.368	-1447.406	219.0384	0.4953869	0.460512	0.446927	0.0771821	0.0153788	1.220924	1.806207
10614	-1237.234	-1456.394	219.1601	0.3505979	0.451109	0.437801	0.0997682	0.0113216	1.220924	1.809518
10620	-1239.751	-1459.014	219.2622	0.3964655	0.434616	0.461209	0.0935582	0.0106169	1.552519	1.471856
10626	-1238.521	-1458.332	219.8114	0.3136217	0.688957	0.275969	0.021566	0.0135083	1.552519	1.063431
10632	-1244.801	-1464.852	220.0509	0.2426939	0.665561	0.266598	0.0508409	0.0170004	1.54913	0.83014
10638	-1230.123	-1449.955	219.8323	0.2426088	0.666561	0.266998	0.0485755	0.017866	1.589043	1.024854
10644	-1234.345	-1454.012	219.6671	0.2507445	0.713268	0.231828	0.014532	0.0403723	1.589043	1.176804
10650	-1221.261	-1440.846	219.5852	0.2364043	0.435253	0.432142	0.0137161	0.118889	1.438018	1.367755
10656	-1214.513	-1434.343	219.8301	0.2457461	0.521806	0.311446	0.0148276	0.151921	1.438018	1.166147
10662	-1216.272	-1435.365	219.0933	0.2457461	0.512326	0.305788	0.036231	0.145655	1.232932	1.874391
10668	-1223.299	-1442.314	219.0149	0.3799367	0.492436	0.422913	0.0157698	0.0688813	1.380032	1.78485
10674	-1228.338	-1447.611	219.2728	0.2982481	0.347033	0.561361	0.0283507	0.0632549	1.152289	1.799401
10680	-1226.127	-1444.425	218.2973	0.2731531	0.561162	0.38424	0.008762	0.0458359	1.145299	2.448685
10686	-1238.056	-1457.3	219.2433	0.2166205	0.817234	0.174407	0.00489826	0.00346053	1.263072	1.744484
10692	-1229.556	-1448.817	219.2617	0.1912764	0.819844	0.172359	0.00432549	0.00347158	1.276114	1.708864
10698	-1228.694	-1447.685	218.9906	0.3503378	0.392453	0.585754	0.00502074	0.0167719	1.167376	1.961412
10704	-1230.839	-1450.363	219.5236	0.3144219	0.526026	0.437898	0.0062929	0.0297834	1.248994	1.546
10710	-1232.257	-1451.109	218.8515	0.3177956	0.457653	0.523918	0.00289216	0.0155364	1.310704	1.971957
10716	-1237.512	-1456.022	218.5101	0.3510985	0.383948	0.573373	0.00977612	0.0329026	1.01759	2.371148
10722	-1239.124	-1457.587	218.4629	0.3645438	0.44928	0.486924	0.013837	0.0499586	1.055241	2.371148
10728	-1244.962	-1463.309	218.3472	0.2660581	0.328114	0.603153	0.0322478	0.0364852	1.219678	2.371148
10734	-1246.943	-1466.389	219.4458	0.2285321	0.64618	0.311712	0.0155077	0.0265998	1.234477	1.624156
10740	-1245.803	-1465.301	219.4985	0.232165	0.670126	0.255419	0.0468692	0.0275855	1.295447	1.541812
10746	-1245.564	-1464.899	219.3345	0.2799391	0.600746	0.360344	0.02992	0.00899	1.368071	1.607416
10752	-1246.043	-1465.433	219.3901	0.3225692	0.4125	0.53064	0.0440601	0.0127991	1.3502	1.56655
10758	-1229.85	-1449.253	219.4025	0.248679	0.417534	0.526665	0.0432397	0.0125608	1.243848	1.65091
10764	-1241.641	-1460.893	219.2526	0.2377667	0.415061	0.387148	0.0184565	0.179334	1.17005	1.807567
10770	-1223.791	-1442.476	218.6853	0.2377667	0.457641	0.317527	0.0777477	0.147084	0.9506293	2.327271
10776	-1234.483	-1452.444	217.961	0.238073	0.509671	0.273622	0.0627696	0.153937	1.061651	2.71008
10782	-1227.102	-1445.755	218.6525	0.2285099	0.491861	0.365612	0.0384648	0.104063	1.155443	2.215591
10788	-1228.119	-1446.844	218.725	0.2285099	0.630617	0.263282	0.0489034	0.0571977	1.107252	2.199896
10794	-1214.967	-1433.531	218.5646	0.2645758	0.598904	0.30033	0.0464441	0.0543213	1.24964	2.213039
10800	-1217.278	-1434.728	217.4498	0.2382939	0.424119	0.492076	0.0149457	0.0688584	0.8927233	3.120707
10806	-1224.786	-1442.327	217.5415	0.3097436	0.425958	0.49421	0.0106743	0.069157	0.8885626	3.059733
10812	-1238.903	-1457.887	218.9839	0.2354521	0.570064	0.285871	0.0228646	0.1212	0.9802429	2.115151
10818	-1229.417	-1447.985	218.5673	0.2869652	0.438203	0.477027	0.0502502	0.0345198	1.14214	2.277041
10824	-1226.252	-1444.567	218.3154	0.3009057	0.267136	0.660717	0.0490658	0.0230809	1.032489	2.502294
10830	-1233.904	-1453.468	219.5637	0.2846102	0.554329	0.392865	0.0245208	0.0282853	1.136573	1.608056
10836	-1236.476	-1455.91	219.4336	0.2696987	0.345417	0.582657	0.0464084	0.0255178	1.270436	1.608056
10842	-1238.691	-1458.065	219.3748	0.2754534	0.549881	0.416599	0.0109973	0.0225225	1.328074	1.608056
10848	-1234.612	-1453.982	219.3705	0.2263809	0.636548	0.323493	0.0187992	0.0211599	1.29572	1.63382
10854	-1239.049	-1457.363	218.3139	0.2883072	0.47963	0.387447	0.0324658	0.100457	1.019643	2.514294
10860	-1238.903	-1457.22	218.3178	0.2960841	0.311232	0.532462	0.0298608	0.126445	1.063187	2.482879
10866	-1233.955	-1452.905	218.9503	0.2829245	0.320375	0.507311	0.0421533	0.13016	1.234547	1.966748
10872	-1230.018	-1447.813	217.7951	0.2555504	0.19545	0.745992	0.0143253	0.0442333	0.8854042	2.918743
10878	-1221.854	-1439.62	217.7659	0.45165	0.208642	0.740462	0.0198553	0.0310402	0.8808787	2.86417
10884	-1223.544	-1441.725	218.181	0.4664045	0.201156	0.713895	0.0357824	0.0491668	1.005918	2.523819
10890	-1229.592	-1448.106	218.5144	0.4056681	0.561413	0.312368	0.0894826	0.0367359	1.267262	2.181189
10896	-1223.851	-1442.105	218.2542	0.2609363	0.326728	0.569834	0.0603188	0.0431191	0.9964022	2.569815
10902	-1219.888	-1438.28	218.3923	0.30786	0.381233	0.48812	0.0749016	0.0557459	0.9999416	2.472576
10908	-1230.222	-1448.729	218.5062	0.4442157	0.490499	0.403284	0.0477076	0.0585092	1.044916	2.307347
10914	-1232.101	-1450.571	218.4704	0.3816484	0.479858	0.439051	0.0537956	0.0272952	1.125241	2.313526
10920	-1243.259	-1462.757	219.4976	0.2594153	0.499206	0.442851	0.0186834	0.0392592	1.406946	1.460341
10926	-1231.244	-1450.721	219.4765	0.2843247	0.47712	0.473327	0.0159779	0.0335743	1.422937	1.460341
10932	-1237.444	-1456.552	219.1081	0.2320791	0.521275	0.341287	0.0319246	0.105513	1.093794	1.957089
10938	-1237.037	-1456.216	219.1784	0.2828304	0.403986	0.363241	0.0416669	0.191106	1.206395	1.830986
10944	-1239.777	-1459.106	219.3286	0.2410213	0.563513	0.366571	0.0202349	0.0496805	1.299773	1.663395
10950	-1231.814	-1451.181	219.3666	0.2410213	0.57052	0.393905	0.0108529	0.0247221	1.287421	1.645023
10956	-1226.556	-1446.268	219.712	0.2316719	0.468547	0.379376	0.00891307	0.143164	1.240194	1.422263
10962	-1233.512	-1450.408	216.8961	0.294909	0.307686	0.503807	0.0161859	0.172321	0.7096896	3.549382
10968	-1233.189	-1450.353	217.1635	0.3560134	0.436045	0.553218	0.00484402	0.00589328	0.8335044	3.300054
10974	-1225.967	-1445.566	219.5983	0.3125255	0.432785	0.531795	0.0154489	0.019972	1.3174	1.439052
10980	-1225.163	-1444.322	219.1594	0.3071816	0.595915	0.345277	0.0405614	0.0182474	1.149883	1.876247
10986	-1239.901	-1459.804	219.9029	0.2517952	0.436295	0.477241	0.06674	0.0197237	1.332654	1.194605
10992	-1234.877	-1454.537	219.6598	0.3016691	0.631073	0.322236	0.0418725	0.00481839	1.690405	1.081608
10998	-1219.714	-1439.48	219.7653	0.2464506	0.425737	0.437777	0.115461	0.0210245	1.3553	1.290648
11004	-1223.564	-1443.258	219.6941	0.2464506	0.503754	0.449069	0.0256099	0.0215668	1.426483	1.290648
11010	-1222.37	-1442.187	219.8172	0.2531879	0.712863	0.256459	0.0183617	0.0123166	1.261378	1.324826
11016	-1217.957	-1437.497	219.5399	0.2766892	0.572262	0.372342	0.0159014	0.0394952	1.230298	1.558612
11022	-1213.365	-1432.904	219.5397	0.2766892	0.522747	0.459187	0.00322144	0.014844	1.267619	1.53117
11028	-1217.279	-1436.887	219.6083	0.3074707	0.613146	0.335955	0.0359041	0.014995	1.247822	1.486242
11034	-1227.521	-1447.145	219.6244	0.2554566	0.652709	0.260409	0.0709199	0.0159625	1.279701	1.460885
11040	-1245.947	-1463.362	217.4151	0.5677166	0.331264	0.645326	0.00699823	0.0164121	1.053212	2.901983
11046	-1217.86	-1435.476	217.6155	0.5308569	0.483409	0.495892	0.00873212	0.0119671	0.8907797	2.901983
11052	-1218.408	-1436.62	218.2124	0.3274428	0.221796	0.748387	0.00833717	0.0214798	0.9139528	2.631431
11058	-1218.433	-1435.89	217.4577	0.3658847	0.473877	0.500504	0.00716333	0.0184555	0.865276	3.10267
11064	-1225.589	-1444.797	219.2081	0.280037	0.367056	0.599949	0.00709359	0.0259016	1.022981	1.936176
11070	-1237.122	-1456.355	219.2322	0.2760153	0.581862	0.337101	0.0104131	0.0706232	1.122723	1.852791
11076	-1231.57	-1450.853	219.2832	0.3210087	0.612379	0.33958	0.0116901	0.0363513	1.225008	1.733749
11082	-1221.217	-1439.686	218.4694	0.292001	0.59279	0.380094	0.0185842	0.00853149	0.968749	2.447973
11088	-1224.603	-1442.715	218.1112	0.278254	0.615154	0.329901	0.0475354	0.00741007	0.7814161	2.787968
11094	-1230.279	-1449.919	219.6403	0.2307866	0.608845	0.301632	0.0213026	0.0682204	1.208155	1.500952
11100	-1224.045	-1443.081	219.0362	0.2135232	0.670666	0.256033	0.0207501	0.0525518	1.205033	1.92561
11106	-1220.421	-1439.306	218.885	0.2183317	0.477306	0.440352	0.0364211	0.0459212	1.191589	2.037368
11112	-1230.613	-1449.62	219.0066	0.2199423	0.669047	0.292489	0.0261116	0.0123522	1.070753	2.037368
11118	-1220.654	-1439.591	218.9372	0.2837462	0.421514	0.498862	0.0599066	0.0197178	1.139184	2.038818
11124	-1235.9	-1454.679	218.7786	0.3660852	0.180386	0.744276	0.0509588	0.0243796	1.212733	2.064831
11130	-1230.404	-1449.534	219.13	0.3535447	0.377773	0.470238	0.138309	0.01368	1.259536	1.802216
11136	-1227.026	-1446.55	219.5242	0.3368125	0.404906	0.509647	0.0777565	0.0076908	1.370223	1.44477
11142	-1234.764	-1454.212	219.4485	0.3895469	0.38999	0.521316	0.0822873	0.00640706	1.415058	1.43902
11148	-1245.043	-1464.575	219.532	0.3092214	0.439865	0.498491	0.0547643	0.00687978	1.385386	1.43902
11154	-1246.327	-1466.14	219.8127	0.3092214	0.41891	0.449758	0.0802716	0.0510608	1.548221	1.06828
11160	-1242.152	-1461.858	219.7057	0.2692432	0.410195	0.341645	0.0656116	0.182548	1.410055	1.293341
11166	-1239.76	-1459.207	219.4469	0.2092472	0.43748	0.297854	0.0699758	0.194691	1.304609	1.565749
11172	-1244.255	-1462.753	218.4975	0.2998982	0.500471	0.412432	0.00527419	0.0818231	2.669837	0.1357603
11178	-1246.151	-1464.678	218.5272	0.3168764	0.520532	0.452801	0.00508948	0.0215776	2.669837	0.1430632
11184	-1240.77	-1460.085	219.3149	0.2635917	0.494623	0.318996	0.0762816	0.110099	1.255885	1.704246
11190	-1229.778	-1448.086	218.3078	0.3044467	0.531453	0.343267	0.0121942	0.113086	1.172428	2.418291
11196	-1231.139	-1449.871	218.7312	0.3003892	0.333355	0.543796	0.00450024	0.118349	1.004477	2.256916
11202	-1235.76	-1454.469	218.7088	0.3596964	0.359632	0.507835	0.00485497	0.127678	1.146117	2.157222
11208	-1222.723	-1441.915	219.1918	0.2823709	0.412556	0.554077	0.0148768	0.0184908	1.186161	1.835787
11214	-1224.46	-1443.407	218.9475	0.3757737	0.493902	0.462282	0.0124121	0.0314044	1.294899	1.891837
11220	-1227.189	-1445.059	217.8703	0.2776294	0.363129	0.592638	0.00912573	0.0351072	0.9541277	2.829525
11226	-1219.709	-1437.847	218.1376	0.2304969	0.784888	0.153415	0.027509	0.0341874	0.9136324	2.691536
11232	-1227.63	-1445.501	217.8711	0.2344858	0.763075	0.173437	0.0390317	0.0244566	1.089048	2.747915
11238	-1228.4	-1446.308	217.9086	0.3202331	0.525487	0.396416	0.0302541	0.0478431	1.003472	2.765496
11244	-1234.419	-1452.68	218.2616	0.3273894	0.548338	0.392527	0.0378645	0.0212699	0.9042448	2.607047
11250	-1223.584	-1441.423	217.839	0.2795434	0.544121	0.392131	0.057466	0.00628146	0.6843064	3.010916
11256	-1223.322	-1441.212	217.8899	0.2402473	0.671291	0.251034	0.0237144	0.053961	0.6367176	3.010916
11262	-1213.304	-1431.87	218.5658	0.2708893	0.473322	0.437199	0.0273039	0.0621753	0.9781638	2.385126
11268	-1229.603	-1447.454	217.8513	0.3221482	0.458184	0.485119	0.0302966	0.0264003	0.9624412	2.824703
11274	-1229.044	-1446.931	217.8878	0.2563051	0.55305	0.380453	0.0286736	0.0378235	0.9480117	2.824703
11280	-1233.95	-1452.561	218.611	0.4225297	0.571564	0.362168	0.050363	0.0159049	1.109753	2.211086
11286	-1238.57	-1458.04	219.47	0.2795601	0.383757	0.493309	0.0853837	0.0375506	1.158166	1.66108
11292	-1239.472	-1458.269	218.7971	0.3977636	0.434749	0.473702	0.0644654	0.0270836	1.19554	2.047364
11298	-1235.178	-1454.255	219.0768	0.4630559	0.483884	0.421758	0.0789962	0.0153623	1.366049	1.699869
11304	-1228.772	-1447.844	219.0718	0.4806174	0.488258	0.412257	0.0839838	0.0155012	1.318914	1.724655
11310	-1228.571	-1447.247	218.6759	0.4182709	0.511979	0.400032	0.0720807	0.0159084	1.135559	2.154746
11316	-1225.018	-1444.44	219.4215	0.306588	0.4909	0.40526	0.0885863	0.0152534	1.291927	1.592194
11322	-1237.287	-1456.55	219.2622	0.5875326	0.288444	0.597824	0.06765	0.0460825	1.436378	1.418639
11328	-1233.773	-1452.979	219.2061	0.5869328	0.535045	0.412027	0.0436143	0.00931357	1.436378	1.462104
11334	-1228.929	-1448.815	219.886	0.2707261	0.564617	0.37698	0.0278688	0.0305336	1.489675	1.067176
11340	-1230.463	-1450.318	219.8546	0.3756263	0.403065	0.458153	0.0981301	0.0406521	1.40587	1.121396
11346	-1218.549	-1438.482	219.9331	0.2282294	0.648916	0.281077	0.0602027	0.00980506	1.528442	0.9817875
11352	-1226.897	-1446.626	219.7293	0.5195404	0.644956	0.233421	0.11407	0.00755267	1.793282	0.6562355
11358	-1229.013	-1448.78	219.767	0.4102431	0.502429	0.402458	0.0892293	0.00588363	1.749563	0.8266312
11364	-1235.898	-1455.93	220.0325	0.3023202	0.514507	0.401084	0.0811789	0.0032301	1.609361	0.7575491
11370	-1237.651	-1457.61	219.9593	0.4179675	0.655671	0.29231	0.0444163	0.00760251	1.624295	0.7223613
11376	-1237.957	-1457.807	219.8504	0.3161432	0.602883	0.296279	0.0901671	0.0106702	1.769237	0.7798023
11382	-1234.107	-1453.858	219.7506	0.3163616	0.629896	0.302311	0.0334181	0.0343758	1.618704	1.057028
11388	-1231.217	-1451.069	219.852	0.3571173	0.569223	0.326332	0.0707194	0.0337251	1.852585	0.5497915
11394	-1231.481	-1451.275	219.7938	0.2897669	0.591829	0.336251	0.0621401	0.00978028	1.893379	0.6926008
11400	-1223.784	-1443.6	219.8159	0.2657068	0.52882	0.392438	0.0730385	0.0057033	1.936749	0.5005027
11406	-1221.76	-1441.627	219.8676	0.2729782	0.717403	0.223261	0.0571031	0.00223214	1.811386	0.7150899
11412	-1232.006	-1448.588	216.5818	0.3274149	0.443394	0.392578	0.0717327	0.0922962	0.8563794	3.637426
11418	-1224.108	-1442.998	218.8897	0.2839413	0.343055	0.383324	0.0908249	0.182795	0.9355185	2.203135
11424	-1215.633	-1435.105	219.4721	0.3177405	0.597065	0.331874	0.0669095	0.00415108	1.50794	1.387208
11430	-1211.131	-1430.219	219.0878	0.5461373	0.509754	0.418219	0.066796	0.00523109	1.188279	1.758862
11436	-1213.731	-1432.371	218.6407	0.5989315	0.562751	0.386258	0.0372086	0.0137821	1.206946	2.013156
11442	-1213.917	-1432.8	218.8828	0.4621778	0.482836	0.416211	0.0854818	0.0154715	1.206946	1.943926
11448	-1212.725	-1431.576	218.8508	0.3518583	0.4651	0.400921	0.0823417	0.0516374	1.146065	2.067905
11454	-1212.744	-1432.288	219.5434	0.2744573	0.497459	0.406446	0.073993	0.0221025	1.40226	1.42705
11460	-1221.253	-1441.112	219.8588	0.2703808	0.641493	0.217843	0.0954169	0.0452471	1.329939	1.232763
11466	-1217.679	-1437.487	219.8082	0.2741667	0.598612	0.321177	0.0773872	0.00282337	1.643241	0.9927348
11472	-1220.918	-1440.866	219.9483	0.2505759	0.625211	0.273666	0.0984034	0.00271959	1.784598	0.6091645
11478	-1212.675	-1432.541	219.8662	0.2888134	0.634127	0.267155	0.0960625	0.00265489	1.836629	0.663469
11484	-1216.454	-1436.324	219.8698	0.2888134	0.651655	0.257128	0.0887635	0.00245317	1.870197	0.5611019
11490	-1235.011	-1454.746	219.7352	0.3425066	0.473781	0.494433	0.00855841	0.023228	1.959267	0.6196378
11496	-1232.285	-1452.034	219.7489	0.3731037	0.490122	0.480643	0.00831971	0.0209154	1.875159	0.7168579
11502	-1225.529	-1445.453	219.9241	0.3009223	0.397713	0.543946	0.0269604	0.0313807	1.784097	0.6419188
11508	-1222.989	-1442.763	219.774	0.3730135	0.614288	0.370228	0.00763958	0.00784438	1.887591	0.6462498
11514	-1237.282	-1457.07	219.7882	0.2875357	0.570818	0.422309	0.00318734	0.00368544	1.923147	0.6462498
11520	-1235.463	-1455.298	219.8345	0.3117289	0.486373	0.484447	0.0251829	0.00399658	1.657607	0.9360197
11526	-1232.863	-1452.798	219.9358	0.3117289	0.427207	0.465153	0.0422462	0.0653935	1.500164	0.9942972
11532	-1236.317	-1456.103	219.7869	0.2246331	0.514773	0.321178	0.021034	0.143015	1.639643	1.015664
11538	-1224.218	-1443.44	219.2215	0.2736041	0.533936	0.256098	0.021817	0.188148	1.354189	1.699473
11544	-1216.996	-1436.251	219.2553	0.2199169	0.672357	0.292085	0.00654436	0.0290137	1.420122	1.62535
11550	-1229.369	-1448.824	219.4545	0.2059062	0.793902	0.176231	0.0058876	0.0239785	1.438907	1.458035
11556	-1236.051	-1455.32	219.2681	0.3149693	0.505099	0.402457	0.00895698	0.0834872	1.204268	1.761066
11562	-1241.005	-1460.702	219.6977	0.1759717	0.826618	0.138115	0.0313272	0.00393904	1.292598	1.358281
11568	-1232.491	-1452.253	219.762	0.1752565	0.672714	0.254132	0.057642	0.0155118	1.358772	1.251671
11574	-1238.376	-1455.51	217.1341	0.673885	0.466773	0.410478	0.0835218	0.0392275	0.6897266	3.220391
11580	-1235.614	-1452.787	217.1734	0.7212436	0.386597	0.480826	0.115427	0.0171499	0.848105	3.073063
11586	-1228.004	-1445.153	217.149	0.4523586	0.507575	0.319585	0.157662	0.0151789	0.835859	3.259433
11592	-1225.669	-1442.699	217.0294	0.3577894	0.330693	0.628823	0.0165947	0.023889	1.035231	3.259433
11598	-1230.446	-1448.144	217.6973	0.305025	0.529919	0.367147	0.064971	0.037963	0.8537355	2.988628
11604	-1237.484	-1456.049	218.5648	0.2475222	0.46573	0.36507	0.0599375	0.109263	0.8526144	2.465983
11610	-1229.861	-1448.167	218.3059	0.2959012	0.409741	0.476602	0.022307	0.0913502	0.9929696	2.5342
11616	-1241.294	-1460.5	219.2056	0.232847	0.573247	0.290119	0.0164419	0.120192	1.014502	1.944946
11622	-1244.995	-1464.639	219.6438	0.2244386	0.6075	0.337027	0.00358834	0.051885	1.165358	1.528748
11628	-1242.967	-1462.364	219.3971	0.3037406	0.339877	0.643575	0.00224551	0.0143025	1.202279	1.675363
11634	-1233.782	-1452.849	219.0669	0.3287824	0.4886	0.498581	0.00173961	0.0110802	1.135249	1.940978
11640	-1223.728	-1442.775	219.0477	0.403714	0.41987	0.539352	0.0200967	0.0206817	1.099357	1.940978
11646	-1222.057	-1441.526	219.4681	0.2810376	0.441922	0.499411	0.0353682	0.023299	1.064583	1.728512
11652	-1235.894	-1455.187	219.2932	0.2686672	0.299505	0.60071	0.0458959	0.0538897	1.257526	1.71787
11658	-1233.363	-1453.189	219.8251	0.2686672	0.512625	0.421364	0.0279626	0.0380486	1.388495	1.212019
11664	-1231.491	-1450.904	219.4129	0.3535015	0.347388	0.582219	0.0428341	0.0275593	1.288365	1.580843
11670	-1245.056	-1463.85	218.7947	0.5433491	0.487224	0.325852	0.155966	0.0309583	1.087718	2.028419
11676	-1255.966	-1474.749	218.783	0.4621665	0.531455	0.338402	0.0963736	0.0337688	1.241209	1.987854
11682	-1234.27	-1453.17	218.9	0.4061824	0.450962	0.400255	0.0937645	0.0550189	1.277843	1.918802
11688	-1244.558	-1463.131	218.5734	0.475731	0.517714	0.38323	0.0872377	0.011818	1.219976	2.131657
11694	-1235.384	-1454.172	218.7872	0.3131543	0.65623	0.24018	0.084523	0.0190671	1.338472	1.998035
11700	-1230.269	-1449.441	219.1727	0.3785664	0.570058	0.337097	0.0757562	0.0170895	1.249629	1.766522
11706	-1221.383	-1440.117	218.7338	0.4064613	0.490059	0.407445	0.0506927	0.0518033	1.049318	2.179784
11712	-1231.805	-1450.761	218.9553	0.2661734	0.549308	0.300901	0.0917244	0.0580664	1.251337	1.954709
11718	-1236.373	-1455.602	219.2289	0.2957549	0.480129	0.430421	0.0421701	0.0472804	1.229254	1.777141
11724	-1245.631	-1465.012	219.381	0.2490303	0.38905	0.538083	0.0341706	0.0386961	1.131833	1.745577
11730	-1243.795	-1463.636	219.8411	0.3211997	0.593612	0.375116	0.00471994	0.0265522	1.632089	0.9508496
11736	-1241.13	-1460.925	219.7958	0.2524925	0.605141	0.372828	0.00193566	0.0200958	1.527101	1.117615
11742	-1232.875	-1451.636	218.7604	0.2989727	0.483877	0.332606	0.00283979	0.180678	1.14167	2.149677
11748	-1233.383	-1451.162	217.7791	0.4085348	0.468468	0.458646	0.0284393	0.0444465	1.135083	2.72501
11754	-1220.252	-1438.153	217.9011	0.3235705	0.456905	0.504421	0.0312777	0.00739554	0.9513058	2.800729
11760	-1211.145	-1429.93	218.7856	0.3420386	0.453729	0.51339	0.0310602	0.00182119	0.9368148	2.25078
11766	-1216.684	-1435.548	218.8645	0.3581706	0.386427	0.592997	0.0194359	0.00113961	1.036976	2.127613
11772	-1213.048	-1431.93	218.8821	0.3684069	0.472004	0.503457	0.0229606	0.00157852	1.147104	2.038601
11778	-1226.851	-1445.744	218.8934	0.3385441	0.439661	0.542964	0.016666	0.000708542	1.156645	2.038601
11784	-1227.292	-1445.319	218.0261	0.7591824	0.520627	0.392009	0.0843493	0.003014	1.170964	2.325936
11790	-1231.758	-1450.88	219.1215	0.1871846	0.602784	0.327311	0.0673887	0.00251656	0.95012	2.024518
11796	-1226.535	-1445.251	218.7154	0.2995236	0.656708	0.275881	0.0621084	0.00530235	1.098309	2.206873
11802	-1228.34	-1447.084	218.7438	0.3267123	0.392713	0.575889	0.0217906	0.00960757	1.056203	2.206873
11808	-1225.187	-1443.677	218.4902	0.3188798	0.32185	0.585645	0.0843998	0.00810538	0.8917207	2.475561
11814	-1219.582	-1438.089	218.5064	0.3284966	0.403145	0.478158	0.108609	0.0100876	1.034852	2.371755
11820	-1221.73	-1438.403	216.6731	0.4373067	0.326542	0.623395	0.0409548	0.00910809	0.9248724	3.494715
11826	-1225.775	-1443.672	217.8969	0.3473568	0.347542	0.593618	0.0476904	0.0111499	0.7890805	2.892672
11832	-1230.697	-1448.724	218.0276	0.4766588	0.219727	0.729174	0.047027	0.00407202	0.9805225	2.628592
11838	-1231.381	-1449.012	217.6302	0.5081744	0.365968	0.573565	0.0578888	0.0025789	0.7399649	2.99775
11844	-1223.428	-1441.055	217.627	0.3435064	0.470376	0.493682	0.0305123	0.00542914	0.8870584	2.99775
11850	-1211.676	-1429.223	217.5476	0.3153917	0.322824	0.581767	0.0927976	0.00261118	0.8800647	3.059477
11856	-1230.265	-1449.02	218.7553	0.2931392	0.32449	0.622131	0.0381413	0.0152383	0.9696654	2.265697
11862	-1233.603	-1452.415	218.8124	0.408848	0.373946	0.502606	0.0484357	0.0750122	0.8851285	2.233818
11868	-1239.606	-1457.809	218.2024	0.5492932	0.394473	0.510001	0.0809617	0.0145646	0.9173709	2.513996
11874	-1237.624	-1455.564	217.9405	0.4684018	0.492331	0.463145	0.0312976	0.0132265	0.9121996	2.729089
11880	-1226.199	-1445.565	219.3661	0.3529674	0.464262	0.470343	0.0490518	0.0163437	1.370217	1.555347
11886	-1223.222	-1442.989	219.7663	0.2530248	0.594957	0.356639	0.0360109	0.0123927	1.502858	1.165414
11892	-1220.723	-1440.481	219.7579	0.3043519	0.560787	0.377174	0.0562193	0.00582036	1.533982	1.133705
11898	-1228.257	-1447.892	219.6352	0.3133723	0.51497	0.441302	0.0375489	0.00617932	1.533982	1.236084
11904	-1231.16	-1450.733	219.5731	0.4271878	0.470789	0.403441	0.110506	0.0152637	1.533982	1.217523
11910	-1229.838	-1449.831	219.9934	0.2277342	0.52605	0.300219	0.123478	0.0502538	1.406448	1.042647
11916	-1236.962	-1456.274	219.3115	0.5248408	0.492649	0.307497	0.111969	0.0878843	1.239307	1.578227
11922	-1243.05	-1462.155	219.1047	0.5248408	0.523363	0.283087	0.112642	0.0809077	1.465144	1.56428
11928	-1241.801	-1460.726	218.9247	0.655711	0.477026	0.34656	0.102669	0.0737444	1.034751	1.897773
11934	-1224.918	-1442.862	217.9437	0.4944362	0.566866	0.28358	0.0862792	0.0632748	1.004188	2.654986
11940	-1226.227	-1444.044	217.8168	0.3779563	0.488995	0.418055	0.0473357	0.045614	1.069716	2.757284
11946	-1234.408	-1452.797	218.3887	0.2586399	0.624832	0.312634	0.0278028	0.0347309	0.9034351	2.544154
11952	-1228.479	-1446.648	218.1692	0.3853785	0.611232	0.30583	0.0748976	0.00804058	0.8998019	2.641707
11958	-1229.456	-1447.412	217.956	0.3952122	0.458992	0.491795	0.010683	0.0385302	0.8942602	2.77097
11964	-1236.846	-1454.691	217.8445	0.3489614	0.343949	0.560972	0.0262122	0.0688663	0.9627751	2.818533
11970	-1225.658	-1443.589	217.9318	0.3034715	0.269668	0.638421	0.0178611	0.0740499	0.9033252	2.817455
11976	-1228.095	-1446.034	217.9392	0.3589048	0.405994	0.483576	0.0543401	0.0560896	0.9835975	2.743873
11982	-1211.858	-1429.604	217.746	0.368219	0.452098	0.532921	0.00950023	0.00548029	1.169946	2.743873
11988	-1207.739	-1426.72	218.9807	0.4210486	0.395871	0.577734	0.0205275	0.00586711	1.244435	1.877896
11994	-1218.819	-1437.343	218.524	0.3686902	0.442624	0.517533	0.0371244	0.00271858	0.9638685	2.388373
12000	-1225.916	-1444.844	218.928	0.2625183	0.598868	0.373674	0.0222868	0.00517147	0.9619362	2.164208
12006	-1216.244	-1435.271	219.0262	0.2489328	0.576759	0.371861	0.0462051	0.00517439	1.325483	1.857083
12012	-1216.935	-1435.759	218.8241	0.3709248	0.632348	0.313751	0.0493126	0.0045882	1.193998	2.044683
12018	-1225.584	-1444.132	218.5476	0.3653079	0.503445	0.427367	0.0632977	0.00588943	0.9021236	2.414029
12024	-1218.621	-1437.349	218.728	0.3043671	0.619506	0.322924	0.0429893	0.014581	1.145632	2.166642
12030	-1220.108	-1439.679	219.5712	0.3451778	0.455298	0.439703	0.0889579	0.0160407	1.422238	1.363681
12036	-1224.308	-1443.324	219.0156	0.3349262	0.502634	0.367565	0.106999	0.0228018	1.092037	2.0018
12042	-1229.711	-1448.18	218.4691	0.5782739	0.490224	0.313601	0.150348	0.0458272	1.202916	2.143006
12048	-1219.86	-1438.775	218.9146	0.2716962	0.557444	0.389256	0.025002	0.0282982	1.10532	2.078174
12054	-1214.29	-1433.356	219.0659	0.324526	0.5369	0.349278	0.0578646	0.0559569	1.003114	2.031631
12060	-1222.064	-1441.216	219.1516	0.3354938	0.465395	0.431891	0.0335212	0.0691921	1.286673	1.776681
12066	-1226.784	-1445.993	219.2089	0.3026529	0.424624	0.49237	0.0194282	0.063578	1.410007	1.661757
12072	-1225.774	-1444.257	218.4827	0.4120943	0.564209	0.372344	0.017382	0.0460656	1.042488	2.342274
12078	-1221.529	-1440.791	219.2623	0.2964701	0.564209	0.372344	0.017382	0.0460656	1.138838	1.816455
12084	-1225.094	-1443.449	218.3547	0.455576	0.561331	0.344124	0.0264889	0.0680566	1.146031	2.33273
12090	-1231.035	-1449.452	218.4171	0.5492789	0.579762	0.355423	0.0115505	0.0532652	0.9904512	2.33273
12096	-1225.678	-1443.973	218.2948	0.2896331	0.55351	0.38433	0.0124899	0.0496708	0.9558097	2.565669
12102	-1234.221	-1452.477	218.2561	0.2999775	0.436634	0.51381	0.0117174	0.0378388	1.023632	2.545064
12108	-1226.121	-1444.329	218.2081	0.4396117	0.353375	0.583221	0.00294241	0.0604614	1.053526	2.492922
12114	-1224.403	-1443.817	219.414	0.3227656	0.55973	0.413603	0.00208667	0.0245804	1.073311	1.747664
12120	-1222.799	-1442.591	219.7912	0.2810358	0.53092	0.444288	0.00147722	0.0233152	1.474053	1.164932
12126	-1226.258	-1445.721	219.4627	0.3549472	0.396592	0.530634	0.00176431	0.0710101	1.365428	1.485944
12132	-1221.15	-1440.836	219.6858	0.2775924	0.551507	0.408346	0.0016003	0.0385469	1.391751	1.322812
12138	-1225.698	-1445.57	219.8719	0.4115327	0.338236	0.634834	0.00130031	0.0256295	1.391751	1.091504
12144	-1221.47	-1441.225	219.7547	0.4115327	0.371094	0.598938	0.0018485	0.0281192	1.739831	0.8525139
12150	-1235.137	-1454.895	219.7583	0.5451391	0.434054	0.558803	0.00201065	0.00513244	1.659843	0.7849619
12156	-1236.038	-1455.769	219.7304	0.3206326	0.276667	0.71878	0.00128159	0.00327143	1.669063	1.025839
12162	-1232.664	-1452.148	219.4837	0.3819922	0.30372	0.691553	0.00253758	0.00218857	1.584217	1.282143
12168	-1238.878	-1458.803	219.9248	0.2541249	0.427791	0.565271	0.000747651	0.00619066	1.206378	1.282143
12174	-1228.045	-1447.462	219.4172	0.4004423	0.389645	0.588848	0.000561004	0.0209458	1.206378	1.610911
12180	-1218.665	-1438.179	219.5141	0.2397545	0.597359	0.368357	0.00117528	0.0331094	1.186951	1.610911
12186	-1218.691	-1438.081	219.3904	0.3094374	0.458015	0.515698	0.000901127	0.0253861	1.433827	1.509426
12192	-1231.059	-1450.873	219.8137	0.3763533	0.448048	0.524586	0.00253181	0.0248337	1.482166	1.088549
12198	-1229.892	-1449.766	219.874	0.2856132	0.538526	0.423474	0.0172957	0.0207042	1.506901	1.058551
12204	-1228.068	-1447.908	219.84	0.272511	0.670433	0.249276	0.0545155	0.0257756	1.603639	1.000954
12210	-1221.059	-1440.876	219.8173	0.377762	0.489482	0.460397	0.0195559	0.0305645	1.633839	0.9335388
12216	-1231.473	-1450.927	219.454	0.3764286	0.533905	0.363973	0.057931	0.0441904	1.254303	1.56325
12222	-1228.567	-1447.031	218.4642	0.3064446	0.455806	0.420264	0.0632076	0.0607231	1.07511	2.380383
12228	-1233.089	-1451.533	218.4443	0.4028967	0.478102	0.480573	0.0217762	0.0195489	0.9936734	2.402549
12234	-1232.082	-1449.001	216.9188	0.3659004	0.284208	0.658631	0.0397523	0.0174088	0.9799765	3.353669
12240	-1234.191	-1453.965	219.7739	0.2401854	0.700652	0.233901	0.0265449	0.0389025	1.312975	1.317486
12246	-1235.16	-1455.006	219.8458	0.2836541	0.57139	0.385239	0.00688534	0.0364858	1.359488	1.215995
12252	-1231.828	-1451.511	219.6838	0.3660373	0.438551	0.528161	0.00528461	0.0280035	1.427598	1.256374
12258	-1215.317	-1435.064	219.7468	0.3101602	0.503705	0.47075	0.00153935	0.0240059	1.399753	1.256374
12264	-1220.455	-1439.916	219.4606	0.3005924	0.626727	0.341291	0.00211303	0.0298689	1.696404	1.251269
12270	-1214.618	-1434.321	219.703	0.2380765	0.621307	0.338339	0.00209476	0.0382586	1.566688	1.163977
12276	-1211.796	-1431.718	219.9215	0.2380765	0.742783	0.217647	0.00197037	0.0375992	1.588034	0.933978
12282	-1211.072	-1431.087	220.0149	0.2380765	0.545733	0.436714	0.00236761	0.0151852	1.522942	0.90297
12288	-1215.297	-1435.182	219.8851	0.2316701	0.492407	0.430582	0.0145374	0.0624735	1.540261	1.018896
12294	-1213.287	-1432.91	219.6233	0.2812875	0.504153	0.374984	0.0148842	0.105979	1.43912	1.334157
12300	-1225.949	-1445.699	219.7503	0.2932734	0.578466	0.321397	0.0093027	0.0908341	1.417698	1.244585
12306	-1234.473	-1453.783	219.3094	0.3936881	0.503707	0.409098	0.00810045	0.0790949	1.386448	1.562235
12312	-1227.453	-1446.916	219.4639	0.3181893	0.374113	0.551587	0.0038626	0.070437	1.37783	1.492967
12318	-1216.516	-1436.188	219.6719	0.2538637	0.332251	0.489866	0.00343038	0.174453	1.44168	1.296526
12324	-1227.824	-1447.793	219.9686	0.2618515	0.585466	0.251371	0.0134512	0.149712	1.54047	0.9351077
12330	-1220.219	-1439.962	219.7432	0.2057708	0.634812	0.239766	0.00724024	0.118182	1.376993	1.279178
12336	-1225.97	-1445.567	219.5972	0.2567341	0.667599	0.184327	0.0424394	0.105635	1.603791	1.2239
12342	-1228.226	-1448.103	219.8769	0.256537	0.538018	0.376014	0.0387094	0.0472589	1.547228	1.022451
12348	-1235.48	-1455.002	219.5217	0.2395529	0.473773	0.325842	0.0496632	0.150723	1.615673	1.276323
12354	-1227.719	-1446.878	219.1593	0.3203202	0.642003	0.275601	0.0588196	0.0235757	1.478323	1.642035
12360	-1222.277	-1442.091	219.8144	0.261109	0.598124	0.316089	0.061241	0.0245462	1.478323	1.144233
12366	-1229.635	-1448.411	218.7763	0.2277308	0.69742	0.242367	0.0315923	0.0286212	1.399488	1.973715
12372	-1219.531	-1438.603	219.0728	0.2736317	0.71777	0.224546	0.0362732	0.0214106	1.145052	1.94619
12378	-1234.174	-1453.56	219.3853	0.1895853	0.809187	0.0981134	0.0186506	0.0740489	1.184307	1.685076
12384	-1245.091	-1464.481	219.3904	0.2077179	0.558132	0.226952	0.043142	0.171773	1.184307	1.692576
12390	-1225.73	-1445.658	219.9281	0.1931116	0.789348	0.129557	0.0246278	0.0564676	1.337273	1.146423
12396	-1225.944	-1445.86	219.9164	0.1931116	0.865512	0.111906	0.0137108	0.00887113	1.552227	0.951781
12402	-1237.669	-1457.534	219.8652	0.222515	0.715188	0.244792	0.0281129	0.0119076	1.626282	0.948582
12408	-1219.788	-1439.778	219.9904	0.2719923	0.591363	0.325926	0.0232455	0.0594657	1.666061	0.7508491
12414	-1225.634	-1445.483	219.8491	0.2464019	0.759802	0.177771	0.0162481	0.0461786	1.665291	0.9298233
12420	-1227.858	-1447.813	219.9546	0.236885	0.647863	0.263423	0.0371205	0.0515934	1.653733	0.8184615
12426	-1229.748	-1449.61	219.8618	0.2541235	0.563632	0.287493	0.0623112	0.0865638	1.812816	0.7260468
12432	-1241.459	-1461.229	219.7703	0.2490351	0.527038	0.226565	0.0777684	0.168629	1.919063	0.7015493
12438	-1234.828	-1454.696	219.8687	0.2490351	0.481327	0.383197	0.022419	0.113056	1.572823	1.00533
12444	-1222.898	-1442.76	219.8629	0.2702194	0.665525	0.306172	0.0180129	0.0102903	1.781472	0.7689779
12450	-1232.778	-1452.575	219.7962	0.2678333	0.573518	0.286788	0.0263179	0.113376	1.745162	0.8986695
12456	-1231.182	-1450.913	219.7309	0.2557869	0.617879	0.297943	0.0347289	0.0494486	1.67603	1.039136
12462	-1230.075	-1450.011	219.9363	0.2599568	0.633352	0.290724	0.0349898	0.0409342	1.68341	0.8049335
12468	-1225.251	-1445.107	219.856	0.2388876	0.656057	0.305598	0.0308974	0.00744766	1.672658	0.9133492
12474	-1233.215	-1452.872	219.6568	0.3525776	0.65637	0.305744	0.0309122	0.00697364	1.831476	0.9133492
12480	-1241.914	-1461.149	219.235	0.2172173	0.50922	0.410023	0.0724709	0.00828595	1.190554	1.80096
12486	-1238.687	-1458.383	219.6964	0.497981	0.502648	0.404731	0.0715356	0.021085	1.412948	1.157397
12492	-1241.223	-1460.278	219.0553	0.4388549	0.367442	0.574864	0.0522935	0.00539965	1.235945	1.821561
12498	-1242.005	-1461.441	219.4359	0.3101001	0.62295	0.274745	0.0714809	0.030824	1.321485	1.558786
12504	-1243.27	-1462.73	219.4604	0.3188232	0.369893	0.513527	0.0596779	0.0569026	1.24308	1.594982
12510	-1237.178	-1456.222	219.0439	0.3671603	0.537254	0.398836	0.0463495	0.0175603	1.24308	1.865956
12516	-1231.524	-1449.981	218.457	0.4391464	0.57825	0.326014	0.0757692	0.0199668	1.076137	2.32183
12522	-1228.901	-1447.268	218.3669	0.4493924	0.553406	0.312006	0.0725138	0.0620738	0.9809608	2.433148
12528	-1227.063	-1444.285	217.2224	0.4493924	0.560164	0.307982	0.0543712	0.0774821	0.8258626	3.223595
12534	-1238.256	-1455.325	217.0683	0.4922224	0.408062	0.440143	0.0575634	0.0942319	0.9386269	3.223595
12540	-1238.488	-1455.671	217.1827	0.3161173	0.347531	0.438035	0.0490245	0.16541	0.8620694	3.28656
12546	-1229.533	-1447.882	218.3491	0.3237922	0.468237	0.44239	0.0418258	0.0475468	0.9697692	2.51327
12552	-1236.809	-1453.29	216.4813	0.4023132	0.297224	0.529648	0.0400393	0.133089	0.876453	3.652321
12558	-1229.55	-1446.838	217.2889	0.4497788	0.348059	0.49793	0.00854304	0.145468	0.8682953	3.158778
12564	-1246.184	-1462.426	216.2412	0.4694297	0.407013	0.477777	0.00639077	0.10882	0.7100513	3.851542
12570	-1235.415	-1451.141	215.726	0.4399703	0.325245	0.471078	0.150862	0.0528157	0.7764201	4.124041
12576	-1230.318	-1446.003	215.6854	0.3803068	0.46431	0.469504	0.0268608	0.0393254	0.7490163	4.191897
12582	-1235.295	-1451.941	216.6466	0.4847793	0.416165	0.501338	0.0405057	0.0419918	0.7227032	3.601522
12588	-1244.486	-1461.311	216.8249	0.3375576	0.339241	0.542957	0.10726	0.0105422	0.6450361	3.615402
12594	-1239.305	-1456.673	217.3685	0.3413777	0.265722	0.61458	0.115601	0.00409722	0.7648986	3.225416
12600	-1238.447	-1456.785	218.3382	0.3930945	0.230703	0.665593	0.100366	0.00333742	1.036776	2.447376
12606	-1235.486	-1454.11	218.6236	0.3713771	0.56023	0.361342	0.0766161	0.00181184	1.123678	2.221375
12612	-1225.067	-1444.203	219.1359	0.2824041	0.632553	0.318263	0.0475884	0.00159583	1.280468	1.809346
12618	-1234.78	-1453.661	218.8812	0.3638154	0.536188	0.325656	0.136083	0.00207268	1.343142	1.910204
12624	-1231.316	-1450.977	219.6614	0.2473195	0.530706	0.322327	0.134692	0.012276	1.31344	1.406605
12630	-1226.463	-1446.255	219.7924	0.2480249	0.708625	0.210524	0.060282	0.0205688	1.591159	1.061504
12636	-1239.028	-1458.772	219.7443	0.4157798	0.584607	0.401031	0.0101712	0.00419116	1.85882	0.6923088
12642	-1230.965	-1450.714	219.7483	0.3746494	0.534662	0.330942	0.128127	0.00626897	1.85882	0.7418115
12648	-1231.837	-1451.296	219.4593	0.5503727	0.625463	0.245638	0.111365	0.0175345	1.771389	0.9941002
12654	-1227.682	-1447.287	219.6042	0.4302431	0.511662	0.313863	0.137666	0.0368082	1.601419	1.129215
12660	-1232.53	-1452.169	219.6385	0.4918009	0.526364	0.324566	0.143305	0.00576485	1.532158	1.107958
12666	-1246.814	-1466.651	219.8361	0.444372	0.462619	0.349787	0.149003	0.0385908	1.413388	1.077266
12672	-1233.109	-1452.695	219.5863	0.3539964	0.601237	0.314435	0.0607766	0.0235513	2.042088	0.7324835
12678	-1233.824	-1453.52	219.6959	0.3528205	0.583782	0.329472	0.0465135	0.0402331	1.933257	0.7324835
12684	-1248.425	-1468.161	219.7359	0.3535563	0.43969	0.445411	0.0430621	0.0718373	1.780496	0.8807774
12690	-1240.774	-1459.556	218.7815	0.4501883	0.589985	0.37049	0.0242767	0.0152478	0.9893298	2.162261
12696	-1238.614	-1457.134	218.5205	0.2589525	0.528233	0.433927	0.0284334	0.00940601	1.17172	2.291915
12702	-1242.714	-1461.034	218.3201	0.3630082	0.413971	0.405358	0.0947519	0.0859192	0.9784887	2.509933
12708	-1223.866	-1442.213	218.3474	0.5239052	0.373378	0.604914	0.0149072	0.00680094	0.9133563	2.441943
12714	-1233.204	-1450.876	217.6717	0.3858088	0.402328	0.5614	0.0138348	0.0224369	1.066724	2.843669
12720	-1242.293	-1459.745	217.4515	0.3079197	0.554541	0.366149	0.070449	0.00886069	0.916499	3.097327
12726	-1246.023	-1462.952	216.9285	0.315667	0.642355	0.338932	0.00815864	0.0105543	0.9724973	3.371265
12732	-1234.831	-1453.137	218.3056	0.357574	0.540728	0.427576	0.0138192	0.017877	0.995677	2.510663
12738	-1233.358	-1451.163	217.8051	0.4151999	0.542763	0.423191	0.0138712	0.0201745	0.861148	2.872417
12744	-1234.584	-1451.854	217.27	0.3349725	0.534624	0.416845	0.0283304	0.0201996	0.924562	3.191579
12750	-1223.226	-1441.115	217.8894	0.2814008	0.517142	0.450474	0.0112798	0.0211046	0.8981858	2.851262
12756	-1231.473	-1450.157	218.684	0.2647409	0.678728	0.26546	0.0413315	0.0144803	1.066527	2.254098
12762	-1250.244	-1469.152	218.908	0.2694707	0.668445	0.261438	0.0407053	0.0294119	1.292789	1.958233
12768	-1247.749	-1466.773	219.0238	0.2643745	0.662746	0.259209	0.0306143	0.0474306	1.112509	2.001905
12774	-1242.729	-1461.741	219.0125	0.2643745	0.714422	0.204955	0.0294944	0.0511288	1.112509	2.009423
12780	-1224.795	-1444.572	219.7767	0.4800714	0.588015	0.315877	0.0697171	0.0263917	1.727408	0.7556309
12786	-1221.355	-1441.061	219.7059	0.4795507	0.505877	0.392842	0.0735467	0.0277351	1.851723	0.6660175
12792	-1228.681	-1448.12	219.4389	0.276617	0.580115	0.363021	0.00657867	0.0502851	1.3196	1.567261
12798	-1229.984	-1448.582	218.5982	0.3460196	0.492987	0.463294	0.0163065	0.0274125	1.135684	2.241743
12804	-1216.74	-1435.573	218.8327	0.3110623	0.449328	0.474618	0.0219606	0.054094	1.186065	2.06958
12810	-1229.611	-1448.71	219.0992	0.3954604	0.488966	0.448581	0.0180331	0.0444198	1.343329	1.742868
12816	-1227.323	-1446.688	219.3652	0.3707863	0.506803	0.466118	0.0186909	0.00838773	1.146352	1.708071
12822	-1236.063	-1454.408	218.3452	0.4072359	0.479186	0.498041	0.01284	0.00993362	1.288914	2.275445
12828	-1236.053	-1453.711	217.6577	0.5352837	0.57553	0.353727	0.0545073	0.0162357	0.9987232	2.808239
12834	-1239.455	-1456.486	217.0311	0.3277192	0.617668	0.314531	0.0202864	0.047515	0.787017	3.415969
12840	-1238.634	-1456.425	217.7913	0.5810493	0.505933	0.371684	0.0711986	0.0511835	1.145552	2.607225
12846	-1235.366	-1454.202	218.8364	0.4295604	0.301098	0.416569	0.177205	0.105128	0.9885182	2.139352
12852	-1236	-1453.128	217.1279	0.3527523	0.326774	0.479886	0.0792477	0.114093	0.7874199	3.349491
12858	-1225.163	-1443.311	218.1476	0.3917191	0.259237	0.663079	0.0318417	0.0458424	0.9479887	2.622116
12864	-1232.824	-1451.573	218.749	0.3810936	0.489515	0.439134	0.0256055	0.045746	1.087745	2.158557
12870	-1236.881	-1455.133	218.2521	0.3154991	0.518347	0.431768	0.00445446	0.0454299	0.9272662	2.602748
12876	-1222.709	-1441.026	218.3173	0.2635732	0.609465	0.308212	0.00775109	0.0745721	0.889443	2.59686
12882	-1229.486	-1447.722	218.2367	0.3314686	0.577445	0.354194	0.0150126	0.0533487	0.9278534	2.606358
12888	-1237.61	-1454.723	217.1132	0.434856	0.476233	0.495066	0.00847249	0.0202285	0.8420726	3.286467
12894	-1227.507	-1444.256	216.7489	0.405072	0.395667	0.550651	0.035626	0.0180566	0.8342144	3.520034
12900	-1242.433	-1459.063	216.63	0.4533423	0.36524	0.564692	0.059092	0.0109766	0.6555585	3.667573
12906	-1246.241	-1463.179	216.9389	0.4649352	0.419808	0.500151	0.0679206	0.0121203	0.830187	3.379402
12912	-1234.226	-1452.117	217.8915	0.2968282	0.43188	0.514534	0.0500661	0.00352013	0.9711205	2.802414
12918	-1225.849	-1443.992	218.143	0.5399549	0.512951	0.432352	0.0486204	0.00607685	1.099966	2.442848
12924	-1229.339	-1447.379	218.0398	0.3602862	0.585808	0.356954	0.050298	0.00693998	0.8288739	2.776283
12930	-1231.405	-1449.291	217.8864	0.3602862	0.585387	0.356698	0.0509795	0.006935	1.071992	2.721491
12936	-1224.609	-1443.064	218.4544	0.4756857	0.518793	0.408074	0.0603679	0.0127649	0.911858	2.405711
12942	-1218.247	-1436.075	217.8276	0.3666366	0.403184	0.574472	0.0112182	0.0111252	0.894929	2.862324
12948	-1229.944	-1448.048	218.1039	0.5121301	0.514393	0.433941	0.00288145	0.0487848	0.8881988	2.616814
12954	-1233.666	-1451.116	217.4507	0.4566887	0.503004	0.424332	0.0249593	0.0477047	0.8720432	3.056257
12960	-1219.518	-1437.583	218.0653	0.2478129	0.562871	0.400925	0.0205796	0.0156236	1.025136	2.66909
12966	-1217.124	-1434.921	217.797	0.3042674	0.543709	0.387276	0.0570947	0.0119195	1.026851	2.824059
12972	-1221.645	-1439.19	217.5448	0.4425699	0.540796	0.43957	0.00739612	0.0122383	1.025602	2.915431
12978	-1228.131	-1447.078	218.9472	0.2299569	0.73293	0.217634	0.0233741	0.0260619	1.18967	2.000196
12984	-1221.327	-1439.378	218.0505	0.2929619	0.462254	0.522719	0.0111453	0.00388178	1.175099	2.58042
12990	-1223.718	-1442.845	219.1268	0.2456393	0.567073	0.413215	0.0149502	0.004762	1.101655	1.940663
12996	-1222.146	-1441.08	218.934	0.237648	0.70038	0.25691	0.0366627	0.00604698	1.310969	1.928848
13002	-1221.966	-1441.295	219.3286	0.3554191	0.484175	0.453212	0.0499849	0.0126281	1.390436	1.566837
13008	-1232.48	-1452.088	219.6077	0.3310901	0.424296	0.392128	0.127209	0.0563676	1.295132	1.441051
13014	-1252.548	-1471.334	218.7864	0.4481021	0.343135	0.549609	0.0616711	0.0455853	1.415595	1.8769
13020	-1248.651	-1467.402	218.7507	0.5007003	0.314715	0.62994	0.0195584	0.0357865	1.338733	1.918755
13026	-1243.957	-1462.645	218.6876	0.3563026	0.208753	0.717663	0.0493097	0.0242742	1.36417	2.029493
13032	-1229.282	-1447.373	218.091	0.3662241	0.526111	0.432769	0.0152596	0.0258607	0.8402492	2.735388
13038	-1218.03	-1437.214	219.184	0.2513578	0.745216	0.221532	0.0165058	0.0167469	1.064385	1.927341
13044	-1209.935	-1428.66	218.7255	0.2513578	0.685434	0.282026	0.00277238	0.0297676	1.123871	2.19093
13050	-1208.818	-1427.962	219.1441	0.2883629	0.486871	0.465361	0.00344369	0.0443242	1.133692	1.902888
13056	-1225.554	-1444.958	219.4039	0.3264945	0.499191	0.424223	0.00353083	0.0730557	1.242753	1.633007
13062	-1230.535	-1450.378	219.8427	0.2370333	0.589121	0.320496	0.00416691	0.0862168	1.535277	1.065597
13068	-1229.518	-1449.145	219.627	0.1974719	0.69217	0.19509	0.00379022	0.10895	1.156	1.535958
13074	-1229.384	-1448.799	219.4156	0.2608567	0.696686	0.223475	0.0296791	0.0501599	1.23634	1.646617
13080	-1231.026	-1450.142	219.1166	0.2561049	0.585866	0.340574	0.0360464	0.0375144	1.159268	1.908672
13086	-1217.855	-1437.296	219.4414	0.2170924	0.68775	0.23044	0.038809	0.0430005	1.249276	1.613374
13092	-1221.418	-1440.806	219.3876	0.2274181	0.548367	0.312544	0.0267607	0.112329	1.449996	1.508348
13098	-1220.157	-1439.756	219.5994	0.214465	0.705431	0.26503	0.0183087	0.0112311	1.350445	1.418844
13104	-1223.528	-1442.787	219.2589	0.2977551	0.697849	0.276449	0.0190976	0.00660465	1.295703	1.708921
13110	-1235.487	-1455.119	219.6314	0.2996415	0.396941	0.503548	0.0829981	0.0165128	1.460595	1.305002
13116	-1218.931	-1438.374	219.4427	0.3185169	0.39614	0.502532	0.0762067	0.0251218	1.381016	1.506346
13122	-1222.975	-1442.079	219.1041	0.3549819	0.511301	0.420339	0.0514118	0.0169481	1.323608	1.775012
13128	-1242.081	-1460.613	218.532	0.3680776	0.516556	0.397155	0.0167912	0.0694975	1.131604	2.276821
13134	-1236.294	-1454.662	218.3678	0.3756292	0.494539	0.422851	0.0160755	0.0665353	1.170682	2.352949
13140	-1240.523	-1460.374	219.8513	0.2447641	0.576964	0.347845	0.0578968	0.0172941	1.426861	1.157308
13146	-1236.008	-1455.749	219.7417	0.2160471	0.526943	0.434632	0.0302819	0.00814382	1.528315	1.157308
13152	-1236.893	-1456.569	219.6755	0.2374001	0.68299	0.259376	0.0406899	0.0169442	1.443903	1.290751
13158	-1223.627	-1443.541	219.9143	0.3341162	0.558894	0.369089	0.0181954	0.0538225	1.609031	0.8875559
13164	-1219.389	-1439.236	219.8474	0.3089373	0.718357	0.233952	0.0386215	0.00906876	1.64295	0.9393026
13170	-1220.758	-1440.736	219.9773	0.2467325	0.56885	0.37528	0.0523648	0.00350555	1.59218	0.8676761
13176	-1212.822	-1432.434	219.6128	0.2521626	0.719702	0.227325	0.0508496	0.00212348	1.616719	1.199762
13182	-1201.911	-1421.565	219.6542	0.2709098	0.739221	0.207422	0.0514198	0.00193756	1.465443	1.289937
13188	-1209.971	-1429.54	219.5692	0.3263722	0.589733	0.315606	0.0782387	0.0164217	1.378965	1.408265
13194	-1222.082	-1441.621	219.5385	0.2642761	0.650486	0.297415	0.0340037	0.0180954	1.463499	1.384779
13200	-1234.096	-1454.058	219.9625	0.2387558	0.663298	0.303273	0.0149763	0.0184518	1.599226	0.8757414
13206	-1237.131	-1456.975	219.844	0.3463909	0.469376	0.504851	0.0104908	0.0152829	1.745196	0.796681
13212	-1233.383	-1453.347	219.9637	0.274821	0.72439	0.229968	0.035814	0.00982822	1.745196	0.6593117
13218	-1229.087	-1448.936	219.8486	0.2739285	0.56451	0.242419	0.0273064	0.165764	1.68963	0.9007712
13224	-1224.108	-1443.912	219.8042	0.2950836	0.498918	0.279374	0.0306737	0.191034	1.631435	1.002092
13230	-1220.095	-1439.777	219.6819	0.2110488	0.604092	0.158052	0.0270158	0.210841	1.631435	1.116171
13236	-1233.809	-1453.557	219.7476	0.1912883	0.498461	0.23472	0.0303053	0.236513	1.342765	1.293316
13242	-1234.842	-1454.506	219.6632	0.1912883	0.833563	0.149516	0.000398678	0.0165219	1.427153	1.293316
13248	-1226.976	-1446.691	219.7148	0.1912883	0.808178	0.161208	0.00160053	0.0290135	1.375546	1.293316
13254	-1220.431	-1440.223	219.7922	0.2158726	0.655644	0.259732	0.00193596	0.0826881	1.401761	1.222847
13260	-1219.229	-1439.028	219.7992	0.2230405	0.737534	0.236229	0.0065627	0.0196741	1.437149	1.189413
13266	-1219.82	-1439.429	219.6095	0.2462892	0.569048	0.404732	0.00655864	0.0196619	1.499201	1.300355
13272	-1230.793	-1450.404	219.611	0.2401653	0.510215	0.460658	0.0114987	0.0176291	1.698757	1.128727
13278	-1222.287	-1441.778	219.4914	0.4868078	0.408302	0.539135	0.0319302	0.0206324	1.547265	1.227723
13284	-1223.506	-1442.23	218.7242	0.5346585	0.608856	0.312763	0.0476139	0.0307668	1.287143	1.948265
13290	-1224.219	-1443.329	219.1102	0.3158845	0.39158	0.381433	0.0421376	0.18485	1.142415	1.911778
13296	-1214.641	-1433.672	219.0311	0.2875629	0.327213	0.535246	0.0427557	0.094786	1.182712	1.946292
13302	-1221.453	-1440.63	219.1769	0.2495762	0.421293	0.420214	0.0469986	0.111495	1.182712	1.851729
13308	-1218.886	-1437.32	218.4345	0.3772798	0.446476	0.424683	0.0345083	0.0943323	1.018095	2.406477
13314	-1225.017	-1443.221	218.2044	0.27556	0.57513	0.317333	0.0288024	0.0787344	1.103282	2.532784
13320	-1232.58	-1451.451	218.8709	0.2619667	0.586311	0.323503	0.0099214	0.0802651	1.217033	2.034233
13326	-1225.454	-1444.011	218.5571	0.3545949	0.568038	0.385332	0.00524321	0.041386	1.375616	2.108815
13332	-1217.123	-1436.604	219.4815	0.3671269	0.512114	0.430211	0.0114687	0.0462061	1.276549	1.531764
13338	-1229.511	-1449.267	219.7564	0.3786349	0.351519	0.519874	0.0263596	0.102248	1.686834	0.9412486
13344	-1228.968	-1448.687	219.7189	0.2842677	0.585431	0.406588	0.00531188	0.00266893	1.625923	1.092643
13350	-1225.171	-1444.938	219.7669	0.3459441	0.578759	0.390387	0.0282912	0.00256258	1.580523	1.060918
13356	-1217.854	-1437.491	219.6374	0.3749455	0.582905	0.393184	0.0213301	0.00258094	1.551691	1.184885
13362	-1217.314	-1437.221	219.9067	0.3736155	0.511709	0.37766	0.107349	0.00328226	1.604868	0.8692711
13368	-1219.337	-1439.066	219.7286	0.2707417	0.493783	0.427902	0.0751473	0.00316728	1.827837	0.8807667
13374	-1222.409	-1442.466	220.0577	0.3008317	0.485937	0.486669	0.0237917	0.00360226	1.626162	0.690632
13380	-1219.315	-1439.19	219.8749	0.2711127	0.624589	0.33964	0.0166039	0.0191676	1.703962	0.854296
13386	-1228.015	-1447.841	219.8259	0.3419527	0.418008	0.512077	0.0526659	0.0172495	1.690261	0.8900998
13392	-1215.101	-1434.593	219.4914	0.2263387	0.629459	0.316592	0.00244103	0.0515081	1.36266	1.495705
13398	-1225.539	-1445.371	219.8318	0.2263387	0.632872	0.28998	0.0147985	0.0623496	1.36266	1.226148
13404	-1236.151	-1455.838	219.6872	0.233606	0.441816	0.403778	0.040114	0.114292	1.421656	1.298724
13410	-1236.531	-1456.247	219.7166	0.2426377	0.569124	0.338696	0.0270183	0.0651621	1.42163	1.275938
13416	-1236.918	-1456.507	219.5896	0.1615086	0.842569	0.0902757	0.00626102	0.0608947	1.204393	1.490471
13422	-1226.834	-1445.635	218.8019	0.1904757	0.744183	0.123615	0.0211765	0.111025	1.109513	2.132399
13428	-1229.957	-1448.12	218.1623	0.2390867	0.604975	0.218431	0.0211786	0.155415	0.9734447	2.640649
13434	-1228.508	-1446.99	218.4828	0.2439052	0.594752	0.307632	0.00541631	0.0921994	0.9852519	2.434044
13440	-1219.868	-1438.283	218.4155	0.3368286	0.384697	0.479366	0.00123066	0.134707	0.902412	2.509024
13446	-1218.745	-1437.227	218.4819	0.327284	0.410333	0.496172	0.0012738	0.0922214	1.013958	2.400907
13452	-1225.001	-1443.205	218.2038	0.2603649	0.516199	0.345953	0.00133809	0.13651	0.8995847	2.660877
13458	-1217.752	-1435.272	217.5195	0.3148058	0.346628	0.51379	0.00556872	0.134013	0.9886637	3.011489
13464	-1220.928	-1439.328	218.4001	0.3148058	0.394337	0.49257	0.00880221	0.104291	0.9185722	2.516405
13470	-1220.156	-1438.504	218.3481	0.2425756	0.59599	0.284544	0.00926058	0.110205	1.012883	2.50107
13476	-1219.47	-1438.78	219.3109	0.223239	0.554282	0.334614	0.0086125	0.102492	1.137006	1.787256
13482	-1221.3	-1440.477	219.1768	0.2774693	0.412902	0.505063	0.0203432	0.0616917	1.151404	1.870769
13488	-1221.948	-1441.318	219.3699	0.3480989	0.362367	0.612315	0.00177771	0.0235395	1.119537	1.735155
13494	-1212.796	-1432.034	219.2379	0.3038942	0.494013	0.485897	0.00141068	0.0186796	1.175294	1.805892
13500	-1212.158	-1431.346	219.1881	0.2233184	0.626952	0.34859	0.000751544	0.0237063	1.31674	1.747585
13506	-1221.905	-1441.231	219.3255	0.2369183	0.486109	0.48647	0.000842611	0.0265788	1.31674	1.652971
13512	-1223.917	-1443.141	219.2239	0.3167737	0.521555	0.428787	0.0015259	0.0481322	1.278091	1.739658
13518	-1225.145	-1444.626	219.4813	0.2233515	0.582338	0.362216	0.00170374	0.0537417	1.15479	1.654645
13524	-1212.533	-1432.16	219.6276	0.2233515	0.716028	0.197935	0.00209487	0.0839428	1.368341	1.386254
13530	-1233.483	-1452.24	218.7569	0.3003081	0.545114	0.305504	0.0308944	0.118487	1.186897	2.122039
13536	-1228.407	-1446.713	218.3061	0.2907289	0.356379	0.511766	0.0274517	0.104403	1.003965	2.528413
13542	-1220.438	-1439.57	219.1318	0.352548	0.471072	0.445541	0.0550852	0.028302	1.185019	1.852754
13548	-1231.997	-1450.975	218.9785	0.2373365	0.492465	0.387412	0.0564847	0.0636384	1.185019	1.983501
13554	-1221.946	-1439.912	217.9654	0.3063278	0.608331	0.323767	0.0413193	0.0265827	0.9503568	2.767546
13560	-1215.04	-1433.792	218.7519	0.3040906	0.548995	0.376098	0.0372891	0.0376178	0.9954202	2.248362
13566	-1224.745	-1442.797	218.052	0.3186474	0.434809	0.453312	0.039559	0.0723198	0.9087292	2.736277
13572	-1241.321	-1458.326	217.0048	0.2805874	0.401578	0.556785	0.0311621	0.0104751	0.8470048	3.408561
13578	-1229.475	-1447.493	218.0176	0.3102458	0.385363	0.546026	0.0604148	0.00819589	0.9253713	2.749776
13584	-1231.298	-1449.694	218.3958	0.3048576	0.589783	0.364878	0.042494	0.00284502	0.9698633	2.490113
13590	-1241.38	-1459.071	217.6911	0.2765393	0.522711	0.429988	0.0442582	0.0030426	0.9587861	2.93528
13596	-1227.642	-1445.631	217.9894	0.2936325	0.283286	0.605888	0.106538	0.00428727	1.004652	2.722971
13602	-1234.467	-1453.496	219.0285	0.3398698	0.510354	0.415973	0.0247757	0.0488972	1.228883	1.899045
13608	-1232.566	-1451.73	219.164	0.3064775	0.432336	0.440291	0.0360323	0.0913413	1.324627	1.752673
13614	-1228.946	-1448.214	219.2684	0.2570203	0.387392	0.456838	0.0373865	0.118384	1.234177	1.752673
13620	-1225.785	-1445.591	219.8054	0.2454927	0.69581	0.264454	0.0018096	0.0379259	1.946684	0.5273555
13626	-1223.234	-1443.223	219.9882	0.2557414	0.677016	0.305824	0.00426472	0.0128951	1.669398	0.7523776
13632	-1239.708	-1458.932	219.224	0.3664819	0.445538	0.47202	0.0283752	0.0540667	1.36006	1.658805
13638	-1236.438	-1455.502	219.0635	0.2546313	0.442141	0.467619	0.00393035	0.0863091	1.224592	1.900423
13644	-1217.782	-1437.727	219.9449	0.3005064	0.645379	0.334568	0.0120791	0.00797464	1.47327	1.017194
13650	-1209.81	-1428.725	218.9148	0.3005064	0.400422	0.587255	0.00749443	0.00482935	1.183107	2.020406
13656	-1219.589	-1439.47	219.8818	0.2883607	0.564812	0.39459	0.0102018	0.0303964	1.432157	1.119583
13662	-1229.189	-1448.873	219.6845	0.3457675	0.558098	0.394106	0.0174373	0.0303591	1.55099	1.16282
13668	-1221.18	-1440.976	219.7964	0.2811318	0.504453	0.356224	0.0441143	0.0952081	1.471287	1.16282
13674	-1228.792	-1447.233	218.4414	0.3504025	0.462194	0.430211	0.0240098	0.0835854	1.200934	2.298544
13680	-1220.128	-1438.123	217.995	0.4062957	0.482279	0.475149	0.0250532	0.017519	1.026951	2.660009
13686	-1238.493	-1454.865	216.3714	0.7550189	0.509052	0.382531	0.102994	0.00542319	0.6786965	3.623268
13692	-1222.381	-1440.295	217.9142	0.2713973	0.213536	0.69254	0.0933223	0.000601797	0.9880065	2.78311
13698	-1235.842	-1453.72	217.8783	0.4212389	0.457843	0.429612	0.108985	0.0035593	0.9688186	2.759204
13704	-1224.049	-1441.91	217.8615	0.4076793	0.325496	0.60709	0.0649121	0.00250204	1.077539	2.710213
13710	-1225.012	-1443.514	218.5023	0.3174641	0.461706	0.456764	0.032599	0.0489311	1.098338	2.337958
13716	-1224.255	-1443.307	219.0518	0.4175732	0.50266	0.453475	0.0307434	0.0131215	1.128224	1.910619
13722	-1219.995	-1439.044	219.0486	0.3059368	0.447121	0.472547	0.0477738	0.0325584	1.216524	1.906609
13728	-1221.38	-1440.926	219.5458	0.3059368	0.514567	0.364328	0.068891	0.0522138	1.491951	1.346375
13734	-1227.926	-1447.734	219.8088	0.3862396	0.328873	0.616684	0.0424382	0.0120052	1.738466	0.8130094
13740	-1240.155	-1460.055	219.9002	0.2467143	0.484051	0.476167	0.0279528	0.0118294	1.674042	0.8620371
13746	-1238.636	-1458.677	220.0407	0.2620848	0.707327	0.232634	0.0408465	0.0191917	1.65866	0.6823552
13752	-1245.651	-1465.538	219.8869	0.2762264	0.618223	0.358037	0.0140997	0.00964011	1.838035	0.6219974
13758	-1230.816	-1450.782	219.9665	0.242867	0.43548	0.512268	0.0281736	0.0240793	1.663356	0.791178
13764	-1227.854	-1447.857	220.0031	0.311339	0.313171	0.617595	0.0484705	0.0207637	1.663356	0.7124611
13770	-1233.319	-1452.96	219.6408	0.4907108	0.515256	0.381266	0.079748	0.0237297	1.914594	0.6477634
13776	-1215.921	-1435.759	219.8377	0.2374103	0.55093	0.407663	0.0160343	0.0253726	1.897907	0.5977038
13782	-1212.449	-1432.548	220.0992	0.258462	0.630403	0.338791	0.00177403	0.0290327	1.620376	0.6417413
13788	-1220.526	-1440.431	219.9057	0.3997617	0.481641	0.452511	0.0037919	0.062056	1.742053	0.6284299
13794	-1223.006	-1442.695	219.6892	0.3483992	0.478948	0.449981	0.00936237	0.061709	1.979268	0.6690657
13800	-1222.33	-1442.208	219.8776	0.2892266	0.290971	0.633625	0.0308202	0.0445839	1.822287	0.6690657
13806	-1223.998	-1443.869	219.8707	0.3048001	0.51236	0.371859	0.0114724	0.104308	1.796849	0.7159674
13812	-1217.905	-1437.698	219.7937	0.3396676	0.562406	0.408182	0.0181406	0.0112719	1.830561	0.7534452
13818	-1217.783	-1437.716	219.9335	0.334164	0.535448	0.437217	0.00251698	0.0248171	1.785089	0.5568297
13824	-1221.379	-1440.994	219.6149	0.4332184	0.575061	0.395608	0.00687497	0.0224553	2.014993	0.4137258
13830	-1225.104	-1444.798	219.6946	0.2238318	0.673667	0.277861	0.00620771	0.0422648	2.04901	0.4503407
13836	-1225.426	-1445.136	219.7103	0.257894	0.484022	0.481245	0.0272603	0.00747256	2.037956	0.4503407
13842	-1218.923	-1438.869	219.9455	0.3518939	0.364573	0.557256	0.0351506	0.0430196	1.517611	0.9411628
13848	-1222.809	-1442.721	219.912	0.2759168	0.56587	0.375992	0.0373437	0.0207945	1.588889	0.9411628
13854	-1224.94	-1444.697	219.7569	0.2851924	0.370484	0.539471	0.0689682	0.0210764	1.991173	0.5033813
13860	-1215.747	-1435.632	219.885	0.2905516	0.655915	0.294794	0.0377736	0.0115172	1.859191	0.5327704
13866	-1225.366	-1445.18	219.8142	0.2646345	0.559444	0.395128	0.0350091	0.0104188	1.936515	0.4680668
13872	-1227.437	-1447.148	219.7105	0.4292064	0.102816	0.856915	0.0297725	0.0104971	1.936515	0.5415716
13878	-1233.607	-1453.517	219.9101	0.2897197	0.644539	0.263779	0.0892786	0.00240348	1.767321	0.7096014
13884	-1219.415	-1439.243	219.8277	0.2393789	0.693105	0.283655	0.020656	0.00258458	1.921929	0.4605927
13890	-1219.246	-1439.012	219.7664	0.27025	0.600604	0.271012	0.114463	0.0139217	1.961277	0.6182738
13896	-1217.65	-1437.603	219.953	0.353125	0.504213	0.436577	0.046301	0.0129091	1.618554	0.8138725
13902	-1232.415	-1452.267	219.8519	0.2587924	0.533792	0.437548	0.0177033	0.0109566	1.747123	0.8315754
13908	-1239.468	-1459.196	219.7288	0.3777737	0.445229	0.534524	0.0144344	0.00581193	1.753848	0.8988642
13914	-1231.937	-1451.679	219.7415	0.3777737	0.3817	0.531855	0.0452698	0.0411758	1.741177	0.8988642
13920	-1247.411	-1466.046	218.635	0.2501951	0.300624	0.596374	0.0139616	0.0890403	1.145455	2.235432
13926	-1236.003	-1455.384	219.3812	0.3212454	0.355343	0.588707	0.00650619	0.049444	1.184674	1.692922
13932	-1227.93	-1447.173	219.2425	0.3164613	0.28687	0.616285	0.00563181	0.0912127	1.181	1.794547
13938	-1235.436	-1454.124	218.6882	0.3393733	0.272996	0.666364	0.0133957	0.0472442	0.9731674	2.291056
13944	-1223.89	-1443.774	219.8836	0.2895005	0.684633	0.269423	0.0321232	0.0138216	1.7754	0.7395188
13950	-1231.379	-1451.197	219.8182	0.2613899	0.724524	0.209115	0.0339949	0.0323666	1.854984	0.7276546
13956	-1223.105	-1442.972	219.8671	0.2609472	0.582918	0.363691	0.0273507	0.0260406	1.762245	0.7919113
13962	-1226.896	-1446.644	219.7479	0.3106855	0.597756	0.351532	0.0240087	0.0267035	1.989006	0.5190454
13968	-1225.758	-1445.557	219.799	0.3421685	0.517112	0.460452	0.011873	0.0105624	1.919159	0.5262386
13974	-1238.164	-1457.653	219.4886	0.426379	0.477362	0.479077	0.0123532	0.0312078	2.16174	0.4650021
13980	-1228.461	-1448.162	219.7016	0.3305799	0.517388	0.422954	0.0343617	0.0252966	2.02253	0.4650021
13986	-1238.538	-1458.302	219.7645	0.285673	0.565458	0.357314	0.0663714	0.0108564	1.96613	0.59882
13992	-1231.348	-1451.193	219.8454	0.2925165	0.651463	0.288569	0.0536019	0.00636591	1.882864	0.59882
13998	-1235.121	-1455.009	219.8877	0.262965	0.574393	0.358315	0.024425	0.0428664	1.693837	0.852612
14004	-1234.126	-1454.074	219.9482	0.2393963	0.485479	0.370156	0.0981504	0.046215	1.698587	0.7669833
14010	-1223.949	-1443.736	219.7861	0.2889062	0.621469	0.289589	0.0767873	0.0121546	1.708964	0.9431924
14016	-1223.254	-1443.031	219.7771	0.3102998	0.452212	0.386031	0.0414643	0.120293	1.651902	1.00193
14022	-1216.454	-1436.152	219.6974	0.2593952	0.623734	0.281275	0.0880203	0.00697051	1.516275	1.213033
14028	-1223.154	-1442.811	219.657	0.2362671	0.679724	0.287159	0.0259536	0.00716339	1.579883	1.192178
14034	-1226.965	-1446.568	219.6034	0.3595514	0.583914	0.387637	0.0222953	0.00615368	1.74658	1.049484
14040	-1223.828	-1443.695	219.8668	0.2531974	0.582914	0.386974	0.0239687	0.00614314	1.665046	0.9108483
14046	-1212.552	-1432.448	219.8963	0.3064749	0.585071	0.388405	0.0240574	0.00246624	1.518791	1.017578
14052	-1218.222	-1437.51	219.2881	0.539918	0.512262	0.3939	0.0936271	0.000210786	1.524391	1.368344
14058	-1212.08	-1431.783	219.7025	0.4001778	0.432079	0.519219	0.0485386	0.000163833	1.603673	1.060883
14064	-1218.251	-1437.945	219.694	0.4072394	0.518925	0.336901	0.144137	3.76976e-05	1.845977	0.7996012
14070	-1227.095	-1446.733	219.638	0.4059052	0.524671	0.398763	0.0764745	9.06598e-05	1.860454	0.8535775
14076	-1215.7	-1435.463	219.763	0.3608285	0.646762	0.245523	0.107675	4.06304e-05	1.762755	0.863773
14082	-1216.865	-1436.685	219.8194	0.373746	0.570686	0.334269	0.0950092	3.58512e-05	1.751654	0.7945239
14088	-1226.56	-1446.373	219.813	0.2771795	0.586636	0.310129	0.102932	0.000303354	1.696626	0.931403
14094	-1220.933	-1440.802	219.8695	0.2923726	0.607132	0.286328	0.106447	9.3185e-05	1.635312	0.931403
14100	-1217.234	-1437.157	219.9232	0.3221939	0.51598	0.359024	0.124846	0.000150601	1.639056	0.849897
14106	-1217.209	-1437.128	219.9184	0.3221939	0.548078	0.312925	0.138822	0.00017501	1.712569	0.7590019
14112	-1216.265	-1436.201	219.9361	0.2875336	0.606334	0.293416	0.100086	0.000164099	1.517645	0.9865893
14118	-1223.059	-1442.489	219.4298	0.2915199	0.455312	0.485299	0.0592118	0.000176507	1.5155	1.423359
14124	-1221.849	-1441.511	219.6624	0.2915199	0.695487	0.208347	0.0958967	0.000269613	1.513963	1.238163
14130	-1222.624	-1441.896	219.2724	0.2424983	0.561421	0.401629	0.0366649	0.000284967	1.411363	1.623666
14136	-1218.552	-1437.859	219.3075	0.2528594	0.544557	0.389565	0.065602	0.000276407	1.210926	1.741673
14142	-1222.119	-1440.918	218.7991	0.3532223	0.41372	0.478775	0.107093	0.000413231	1.183548	2.076662
14148	-1227.455	-1446.179	218.7241	0.2976131	0.586329	0.368946	0.044561	0.00016346	1.164637	2.158736
14154	-1224.746	-1444.143	219.3976	0.2624828	0.506097	0.442496	0.0512197	0.000187885	1.234117	1.660999
14160	-1234.092	-1453.474	219.3817	0.2541527	0.449469	0.491861	0.0585789	9.15674e-05	0.9882623	1.844608
14166	-1227.094	-1446.101	219.0067	0.3464091	0.452792	0.487014	0.059186	0.00100808	1.106903	1.992926
14172	-1251.217	-1470	218.7831	0.3587987	0.414954	0.529493	0.0459286	0.00962408	1.021978	2.190034
14178	-1235.598	-1454.326	218.7277	0.2968945	0.46214	0.479695	0.0511514	0.00701344	1.0321	2.242366
14184	-1230.725	-1449.153	218.428	0.4219382	0.306069	0.662502	0.0290591	0.00237029	1.069776	2.354207
14190	-1220.37	-1439.005	218.6353	0.3213562	0.429628	0.531743	0.0363277	0.00230051	0.9376325	2.354207
14196	-1221.358	-1439.821	218.4629	0.2452483	0.472574	0.447838	0.07754	0.00204794	0.8914181	2.505388
14202	-1224.167	-1442.047	217.88	0.2695242	0.455199	0.485033	0.0582509	0.00151714	0.8238248	2.903656
14208	-1228.169	-1446.98	218.8109	0.2326836	0.568584	0.39946	0.0283095	0.00364595	0.816867	2.331804
14214	-1219.401	-1438.461	219.0591	0.229087	0.616783	0.362577	0.017269	0.00337128	1.17447	1.9352
14220	-1227.591	-1446.624	219.0328	0.6119096	0.57018	0.294876	0.123852	0.0110916	1.014219	1.869663
14226	-1230.903	-1449.533	218.63	0.5580424	0.457866	0.526172	0.0133326	0.0026296	1.114082	2.10968
14232	-1221.753	-1439.77	218.0169	0.2939686	0.620934	0.336705	0.0274896	0.014871	0.9532349	2.737533
14238	-1225.49	-1443.646	218.1562	0.2723703	0.363261	0.557439	0.0295489	0.0497518	0.8204056	2.737533
14244	-1232.362	-1451.287	218.925	0.3413369	0.457757	0.475793	0.0286036	0.0378465	1.173207	2.005373
14250	-1217.989	-1437.119	219.1293	0.2780292	0.637546	0.294602	0.0215883	0.0462638	0.9990666	2.005373
14256	-1222.796	-1441.681	218.8851	0.2576566	0.30416	0.581076	0.0213654	0.0933995	0.9328651	2.211103
14262	-1224.712	-1444.446	219.7337	0.2301223	0.330612	0.574301	0.0536417	0.0414452	1.08797	1.52084
14268	-1228.007	-1447.809	219.8017	0.242251	0.398373	0.439899	0.0841426	0.0775851	1.496157	1.139647
14274	-1228.79	-1448.713	219.9225	0.2752716	0.263545	0.636315	0.0488132	0.0513266	1.37578	1.137104
14280	-1219.749	-1439.407	219.6576	0.2752716	0.511661	0.45606	0.0256884	0.00659088	1.182977	1.506609
14286	-1222.009	-1441.496	219.4871	0.3022221	0.522747	0.426583	0.0364823	0.0141871	1.411463	1.455859
14292	-1255.573	-1475.372	219.7986	0.3121323	0.396878	0.551617	0.0119081	0.0395963	1.913591	0.6196036
14298	-1247.702	-1467.622	219.9195	0.3983977	0.394969	0.593097	0.000699151	0.011235	1.732925	0.6196036
14304	-1237.355	-1456.899	219.5443	0.3123196	0.34956	0.626592	0.00755574	0.0162925	1.319874	1.478334
14310	-1233.197	-1452.987	219.7892	0.2204143	0.567145	0.407433	0.015529	0.00989252	1.163055	1.419263
14316	-1238.214	-1457.967	219.7527	0.2380031	0.687909	0.279154	0.0215517	0.0113845	1.337903	1.3142
14322	-1239.405	-1459.193	219.7878	0.1932112	0.527436	0.373922	0.0645465	0.034096	1.364762	1.243602
14328	-1232.616	-1452.637	220.0208	0.2837027	0.49879	0.475644	0.0135162	0.0120493	1.241223	1.167061
14334	-1232.082	-1451.745	219.6623	0.3359989	0.565492	0.381284	0.0360248	0.0171992	1.337298	1.363524
14340	-1219.869	-1439.515	219.6458	0.243531	0.49296	0.475445	0.0112859	0.0203092	1.282218	1.442422
14346	-1218.103	-1437.737	219.6341	0.2881072	0.499009	0.374472	0.114847	0.0116731	1.287645	1.442422
14352	-1211.913	-1431.467	219.554	0.270074	0.543709	0.408016	0.0138996	0.0343746	1.197901	1.573095
14358	-1224.133	-1442.911	218.7784	0.3405376	0.522043	0.409706	0.023081	0.04517	1.096876	2.152496
14364	-1240.197	-1459.47	219.2729	0.2439402	0.380711	0.455512	0.0450004	0.118777	1.108167	1.836793
14370	-1244.795	-1463.386	218.5904	0.5610151	0.490558	0.400478	0.0865748	0.0223895	1.147784	2.111543
14376	-1241.466	-1460.419	218.9527	0.5261929	0.360266	0.536878	0.0770869	0.0257697	1.04386	1.96401
14382	-1233.289	-1451.383	218.0938	0.4423028	0.20961	0.698696	0.0581574	0.0335369	0.9725254	2.612825
14388	-1246.019	-1464.385	218.3656	0.8291948	0.418687	0.459679	0.077147	0.0444874	1.141266	2.077948
14394	-1257.715	-1476.045	218.33	0.505917	0.574315	0.401327	0.00897264	0.0153854	1.039352	2.384909
14400	-1246.295	-1463.245	216.95	1.28989	0.761807	0.0617592	0.089352	0.087082	0.8399466	2.871896
14406	-1249.099	-1465.632	216.5328	1.279031	0.71134	0.143565	0.100073	0.0450224	0.8618181	3.115255
14412	-1262.447	-1480.366	217.9191	0.677018	0.635684	0.193267	0.122093	0.048955	0.6927883	2.744793
14418	-1243.111	-1460.85	217.7392	0.721012	0.528397	0.297513	0.124588	0.0495027	1.011869	2.630696
14424	-1230.795	-1447.953	217.158	0.2879424	0.522267	0.444037	0.0126362	0.0210605	0.7642775	3.365884
14430	-1231.577	-1449.34	217.7634	0.9690836	0.756974	0.193427	0.0482446	0.0013545	0.7889564	2.59447
14436	-1228.016	-1445.482	217.4661	0.934715	0.551309	0.350816	0.0968889	0.000986487	0.8924377	2.735177
14442	-1224.076	-1441.314	217.2379	0.4924605	0.482003	0.418455	0.0945604	0.00498138	0.8948692	3.148824
14448	-1220.905	-1438.454	217.5488	0.5063442	0.522551	0.453658	0.0189833	0.00480753	0.7167045	3.061526
14454	-1214.676	-1432.682	218.0067	0.3078807	0.340883	0.577748	0.0593197	0.0220487	1.015328	2.702038
14460	-1227.328	-1445.522	218.1935	0.3501998	0.455738	0.459001	0.0557841	0.0294777	1.044957	2.553066
14466	-1222.779	-1441.177	218.3975	0.3017411	0.42527	0.52483	0.0370275	0.0128726	1.212406	2.336957
14472	-1227.239	-1445.826	218.5872	0.2906037	0.276313	0.661788	0.0435857	0.0183131	0.9832963	2.364761
14478	-1239.463	-1457.741	218.278	0.2947784	0.259644	0.621865	0.100806	0.0176848	1.124769	2.469506
14484	-1250.16	-1468.197	218.0364	0.320364	0.405037	0.512893	0.04481	0.0372596	0.9836549	2.699331
14490	-1233.075	-1451.606	218.5308	0.2685557	0.346652	0.562493	0.0417457	0.0491093	1.187516	2.274386
14496	-1223.331	-1443.047	219.7164	0.2684693	0.668177	0.24968	0.0511705	0.0309728	1.282396	1.386802
14502	-1218.718	-1438.264	219.5459	0.3212974	0.466536	0.406699	0.0357284	0.0910368	1.238027	1.534875
14508	-1218.284	-1437.553	219.2693	0.3104744	0.480613	0.40964	0.0528134	0.0569333	1.201937	1.763438
14514	-1211.348	-1429.671	218.3237	0.3261992	0.484542	0.47695	0.017567	0.0209404	0.9797684	2.521991
14520	-1217.449	-1436.329	218.8805	0.3704532	0.470804	0.503995	0.0149923	0.0102079	1.122921	2.054641
14526	-1219.529	-1438.164	218.6357	0.3400931	0.338999	0.627882	0.0291352	0.00398379	1.064422	2.265889
14532	-1220.862	-1439.303	218.4409	0.2472397	0.432298	0.468903	0.0486988	0.0501007	1.064889	2.410425
14538	-1219.679	-1437.401	217.7217	0.2322235	0.445547	0.468175	0.0644443	0.0218338	0.8391113	2.989468
14544	-1219.562	-1438.258	218.6957	0.2511545	0.5382	0.37374	0.0386772	0.049383	0.9411602	2.327381
14550	-1238.708	-1455.784	217.0766	0.2511545	0.496314	0.385626	0.035667	0.0823938	0.7899052	3.402458
14556	-1244.283	-1460.647	216.3636	0.2808473	0.34865	0.431779	0.0702603	0.149311	0.8413596	3.784193
14562	-1243.687	-1462.726	219.0389	0.2808592	0.404388	0.514844	0.0506804	0.0300876	1.040991	2.037068
14568	-1233.634	-1452.744	219.11	0.3031297	0.386991	0.443971	0.0977956	0.0712427	1.131884	1.923203
14574	-1231.092	-1450.173	219.0811	0.3035908	0.346114	0.60654	0.0304217	0.0169246	1.16063	1.923203
14580	-1227.767	-1447.242	219.4751	0.4874079	0.408182	0.514378	0.0347771	0.042663	1.275474	1.457171
14586	-1230.773	-1450.382	219.6092	0.3287001	0.493227	0.431268	0.023355	0.0521493	1.499074	1.279666
14592	-1222.716	-1440.956	218.2397	0.3704821	0.422858	0.53051	0.0195703	0.0270612	1.032282	2.523051
14598	-1227.45	-1446.625	219.1754	0.2565636	0.561477	0.410585	0.00127415	0.0266642	1.237652	1.814888
14604	-1230.061	-1449.606	219.5447	0.3019325	0.415021	0.548427	0.000936221	0.0356159	1.293136	1.501846
14610	-1229.782	-1448.559	218.7779	0.28361	0.37707	0.566312	0.00135652	0.0552622	1.213775	2.094744
14616	-1228.291	-1447.158	218.8672	0.281048	0.393293	0.553807	0.00492402	0.0479761	1.125194	2.094744
14622	-1228.567	-1447.137	218.5696	0.264244	0.446375	0.49293	0.00451605	0.0561791	0.8420633	2.469094
14628	-1221.857	-1440.772	218.9149	0.2324864	0.430358	0.52122	0.00351112	0.0449102	1.32036	1.934695
14634	-1223.062	-1442.332	219.2701	0.2240533	0.62301	0.335032	0.00755779	0.0344004	1.336292	1.676055
14640	-1226.033	-1445.678	219.6451	0.3558446	0.596728	0.363084	0.00723896	0.0329492	1.44503	1.280032
14646	-1220.165	-1439.635	219.4706	0.3014982	0.5891	0.358443	0.0199296	0.032528	1.466207	1.426876
14652	-1218.527	-1438.482	219.955	0.2468411	0.64597	0.308833	0.0171712	0.028026	1.481726	1.009976
14658	-1217.312	-1437.044	219.7318	0.2429589	0.644846	0.308296	0.0188804	0.0279772	1.402717	1.279004
14664	-1230.405	-1450.103	219.6983	0.2486142	0.495177	0.368736	0.0144982	0.121589	1.546676	1.1864
14670	-1232.921	-1452.68	219.759	0.4909477	0.477567	0.418701	0.0565431	0.0471894	1.528601	0.9973295
14676	-1228.58	-1448.067	219.4867	0.5926737	0.410638	0.513637	0.0207892	0.0549354	1.480395	1.196576
14682	-1231.581	-1451.179	219.5982	0.2526929	0.380375	0.556383	0.00855868	0.0546828	1.566927	1.254133
14688	-1220.517	-1440.327	219.8101	0.3915043	0.326985	0.600585	0.00980221	0.0626279	1.591746	0.9738483
14694	-1210.153	-1430.101	219.948	0.3421621	0.462515	0.468004	0.00835855	0.0611228	1.665864	0.7662961
14700	-1217.959	-1437.945	219.9862	0.2330241	0.56757	0.293903	0.0101717	0.128355	1.280974	1.165327
14706	-1221.982	-1441.849	219.8668	0.3153543	0.561864	0.355628	0.049257	0.0332509	1.442658	1.113047
14712	-1218.872	-1437.909	219.0369	0.3784988	0.483923	0.418892	0.0580195	0.039166	1.442658	1.726444
14718	-1217.047	-1436.579	219.5322	0.3753572	0.534075	0.384487	0.0486181	0.0328195	1.485748	1.326877
14724	-1212.307	-1432.041	219.7339	0.2951012	0.576567	0.363226	0.0459296	0.0142773	1.511197	1.17834
14730	-1220.065	-1439.289	219.2239	0.3404653	0.406049	0.515804	0.0403115	0.0378356	1.441635	1.613196
14736	-1227.902	-1447.214	219.312	0.3358987	0.645363	0.311467	0.0181602	0.0250095	1.176601	1.741348
14742	-1226.264	-1445.056	218.7924	0.3878541	0.31077	0.603316	0.0545766	0.0313378	1.089355	2.125669
14748	-1226.141	-1445.825	219.6841	0.3396598	0.52095	0.433164	0.0285788	0.0173069	1.340661	1.341728
14754	-1221.145	-1440.352	219.2073	0.3305106	0.523529	0.436527	0.0163484	0.0235953	1.362902	1.686023
14760	-1229.436	-1448.81	219.3737	0.2604887	0.479636	0.423903	0.0638584	0.0326023	1.244369	1.670861
14766	-1226.856	-1446.305	219.4499	0.2351279	0.638974	0.268706	0.0758526	0.0164679	1.175459	1.664798
14772	-1229.344	-1448.383	219.0392	0.3244575	0.440127	0.496283	0.0522475	0.0113431	1.239931	1.890641
14778	-1232.028	-1450.887	218.8587	0.3226176	0.568952	0.356862	0.0595225	0.0146633	1.107443	2.100204
14784	-1222.709	-1442.498	219.7891	0.3017409	0.350848	0.614749	0.00914356	0.0252598	1.298408	1.307904
14790	-1232.882	-1452.139	219.2571	0.261281	0.637073	0.290796	0.0262507	0.0458803	1.304107	1.71122
14796	-1235.607	-1455.188	219.5809	0.3544955	0.476395	0.40795	0.0370764	0.0785777	1.237163	1.493756
14802	-1230.617	-1447.613	216.9963	0.3441015	0.482306	0.413012	0.0251297	0.0795526	0.9155506	3.354947
14808	-1225.324	-1442.911	217.5876	0.4198102	0.299486	0.667429	0.0152998	0.017786	0.9380779	2.954827
14814	-1220.773	-1439.496	218.7231	0.3424139	0.200371	0.749174	0.0138134	0.0366411	1.036845	2.226448
14820	-1214.92	-1433.691	218.7709	0.3804057	0.304855	0.603155	0.025185	0.0668049	1.080805	2.149161
14826	-1224.544	-1442.906	218.3612	0.2610459	0.584458	0.291471	0.0224076	0.101664	1.109735	2.432125
14832	-1230.193	-1449.405	219.2118	0.2886649	0.240658	0.584744	0.0314418	0.143156	1.28863	1.749501
14838	-1218.281	-1437.913	219.6328	0.2354044	0.359643	0.459405	0.0356107	0.145341	1.28863	1.446503
14844	-1223.88	-1443.238	219.359	0.2584001	0.345817	0.535812	0.0432502	0.0751212	1.247416	1.679328
14850	-1226.382	-1445.037	218.6551	0.2873747	0.295961	0.603859	0.0448723	0.0553077	1.089498	2.25437
14856	-1220.681	-1439.127	218.4465	0.337553	0.344395	0.540224	0.055765	0.059616	1.183937	2.311522
14862	-1223.389	-1441.74	218.3507	0.3140164	0.394957	0.549715	0.00222521	0.0531031	0.9066999	2.554864
14868	-1214.136	-1432.523	218.3872	0.2576386	0.489991	0.463033	0.00224598	0.0447295	0.9951272	2.487899
14874	-1214.146	-1432.719	218.5725	0.2672547	0.460712	0.509233	0.000306572	0.0297483	1.019897	2.354808
14880	-1214.92	-1432.487	217.5671	0.2672547	0.635114	0.356153	0.000428568	0.00830409	0.9123772	3.038781
14886	-1220.784	-1439.041	218.2565	0.2672547	0.391932	0.582708	0.000699017	0.024661	0.8655751	2.648828
14892	-1229.089	-1446.891	217.8023	0.3363227	0.375824	0.598758	0.00101143	0.0244066	0.8109	2.940927
14898	-1226.043	-1444.611	218.5676	0.3336316	0.399249	0.490938	0.00108956	0.108723	0.9756297	2.368517
14904	-1219.525	-1438.5	218.975	0.342555	0.391691	0.581999	0.0011321	0.0251782	1.113298	2.011468
14910	-1226.477	-1445.978	219.5007	0.3159543	0.458312	0.518052	0.00157432	0.0220616	1.430333	1.425971
14916	-1223.746	-1443.493	219.7463	0.2566089	0.540023	0.387251	0.0210926	0.0516341	1.695559	1.004865
14922	-1230.148	-1449.983	219.835	0.2719776	0.562891	0.376661	0.0203416	0.0401068	1.831944	0.7348982
14928	-1240.04	-1459.818	219.7787	0.2730187	0.677952	0.263264	0.0104781	0.0483051	1.92795	0.6646589
14934	-1227.307	-1447.214	219.908	0.2730187	0.374289	0.542389	0.0315721	0.0517499	1.771275	0.7146563
14940	-1223.652	-1443.537	219.8847	0.2662992	0.543965	0.354426	0.0399465	0.061663	1.771275	0.7530786
14946	-1214.776	-1434.683	219.9069	0.2936741	0.574049	0.316524	0.0665874	0.0428404	1.821948	0.5957293
14952	-1212.595	-1432.449	219.8537	0.2109944	0.760705	0.21981	0.0112058	0.00827925	1.872606	0.5957293
14958	-1226.287	-1446.078	219.7904	0.2107615	0.777136	0.176033	0.0426908	0.00414023	1.872606	0.7265943
14964	-1235.629	-1455.434	219.8048	0.1946432	0.689734	0.237338	0.0575583	0.0153693	1.752836	0.8536171
14970	-1227.724	-1447.472	219.7482	0.3935287	0.325237	0.652225	0.0124088	0.0101289	1.760667	0.8536171
14976	-1222.544	-1442.538	219.9941	0.2911725	0.483955	0.426144	0.0214431	0.0684574	1.578836	0.854473
14982	-1225.202	-1444.576	219.3744	0.3238558	0.613103	0.368066	0.0113842	0.00744664	1.516844	1.453101
14988	-1225.552	-1444.897	219.3452	0.3597979	0.611601	0.367165	0.0113563	0.00987834	1.424153	1.527306
14994	-1234.065	-1453.096	219.0304	0.3140037	0.621647	0.357339	0.0109738	0.0100406	1.168919	1.948389
15000	-1234.889	-1454.065	219.1759	0.2513867	0.509741	0.482549	0.00274666	0.00496366	1.393838	1.705523
15006	-1235.876	-1455.008	219.1313	0.3828314	0.491875	0.465635	0.00265039	0.0398397	1.35168	1.721663
15012	-1230.952	-1449.667	218.7147	0.4355863	0.422043	0.529627	0.00301463	0.0453149	1.174697	2.093605
15018	-1225.975	-1445.453	219.4776	0.2973942	0.410439	0.524281	0.00407192	0.0612078	1.232182	1.597809
15024	-1238.328	-1457.257	218.9291	0.3295702	0.262698	0.581173	0.0375609	0.118568	1.46225	1.811688
15030	-1236.489	-1455.307	218.8178	0.3898778	0.395325	0.450418	0.0371106	0.117146	1.227516	2.016745
15036	-1229.408	-1448.27	218.8622	0.3541886	0.421439	0.503335	0.039562	0.035664	1.210323	2.016745
15042	-1220.151	-1439.082	218.9311	0.2943935	0.358694	0.591545	0.0279055	0.0218564	1.174816	2.016745
15048	-1223.947	-1443.117	219.1701	0.3779358	0.273027	0.65518	0.048314	0.023479	1.088502	1.879721
15054	-1225.112	-1443.622	218.5104	0.3206379	0.32129	0.60575	0.0424425	0.0305177	1.088502	2.338013
15060	-1218.496	-1437.508	219.0118	0.313734	0.359566	0.554547	0.038855	0.0470316	1.124981	1.990366
15066	-1223.436	-1442.923	219.487	0.2893464	0.511006	0.384703	0.0471814	0.0571103	1.269351	1.565964
15072	-1224.278	-1443.292	219.0138	0.2467208	0.41286	0.4473	0.0369445	0.102895	1.107791	2.012202
15078	-1230.002	-1449.314	219.3115	0.262837	0.486139	0.387576	0.0371282	0.0891564	1.317932	1.66256
15084	-1231.156	-1450.838	219.6822	0.2694237	0.450965	0.411442	0.042947	0.0946464	1.387456	1.330612
15090	-1229.816	-1449.097	219.2816	0.2540255	0.423752	0.452078	0.0110352	0.113135	1.375037	1.643542
15096	-1233.864	-1453.238	219.3744	0.3509747	0.504912	0.403724	0.088913	0.00245053	1.38245	1.541216
15102	-1240.355	-1459.226	218.8709	0.4380376	0.389397	0.536775	0.0685712	0.00525737	1.50052	1.766551
15108	-1238.547	-1457.046	218.4986	0.4014865	0.378095	0.509249	0.104633	0.00802225	1.120484	2.288226
15114	-1240.432	-1458.872	218.4401	0.3396262	0.494539	0.452884	0.0260135	0.0265636	1.109281	2.362244
15120	-1234.755	-1451.863	217.1073	0.2641442	0.552636	0.334559	0.0850898	0.0277153	1.047489	3.232229
15126	-1219.298	-1437.904	218.6068	0.2952551	0.48121	0.431071	0.0740922	0.013627	1.047489	2.310364
15132	-1224.911	-1442.271	217.3603	0.513171	0.352785	0.563913	0.0703607	0.0129407	0.8407891	3.095849
15138	-1214.559	-1432.856	218.2963	0.4080739	0.351236	0.561437	0.0409187	0.046408	1.013203	2.480534
15144	-1219.677	-1435.859	216.181	0.4285184	0.423992	0.526117	0.00640304	0.0434884	0.8879728	3.805822
15150	-1206.602	-1424.023	217.4219	0.3243962	0.467028	0.483474	0.0087881	0.04071	0.7175176	3.227983
15156	-1215.283	-1432.675	217.3915	0.3243962	0.34236	0.598197	0.0295992	0.0298429	0.7550512	3.223746
15162	-1217.574	-1436.124	218.5492	0.3762632	0.396033	0.512694	0.0117076	0.0795652	1.175153	2.233731
15168	-1216.392	-1434.252	217.8605	0.3193683	0.353519	0.602541	0.0054178	0.0385231	0.8888805	2.864674
15174	-1236.241	-1454.649	218.4076	0.3600569	0.392199	0.539811	0.0293934	0.0385972	1.093282	2.384119
15180	-1229.364	-1448.552	219.1882	0.3142821	0.425964	0.463376	0.0513688	0.0592918	1.252815	1.783136
15186	-1218.821	-1437.846	219.0256	0.2995497	0.483976	0.421433	0.0577369	0.0368535	1.13994	1.975611
15192	-1243.372	-1461.162	217.7902	0.4194997	0.284739	0.632776	0.0658539	0.016632	0.9854217	2.803769
15198	-1240.31	-1458.298	217.9878	0.2996768	0.304451	0.615307	0.0636818	0.0165601	0.9346368	2.765248
15204	-1245.82	-1465.03	219.2099	0.2735904	0.509497	0.483486	0.00617368	0.000843013	0.8961144	2.020981
15210	-1238.292	-1457.213	218.9211	0.48	0.370062	0.601349	0.0134746	0.0151148	1.084848	1.988551
15216	-1233.292	-1452.098	218.8055	0.3277132	0.498993	0.397527	0.0550185	0.0484606	0.9828443	2.214039
15222	-1229.864	-1448.277	218.4131	0.6131846	0.378656	0.511069	0.0707328	0.0395428	1.112917	2.214039
15228	-1223.024	-1441.239	218.2143	0.5387771	0.362788	0.52412	0.0725392	0.0405527	1.038199	2.43763
15234	-1217.854	-1435.572	217.7187	0.3063918	0.376957	0.544591	0.0343386	0.0441135	0.8285643	2.990474
15240	-1217.781	-1435.735	217.9538	0.3352896	0.327751	0.596466	0.0298562	0.0459266	0.9814012	2.74599
15246	-1222.861	-1439.903	217.0427	0.2951876	0.282556	0.615798	0.0207659	0.08088	0.7457584	3.442711
15252	-1224.851	-1443.916	219.0653	0.2951876	0.349108	0.492937	0.0266512	0.131303	1.123484	1.961196
15258	-1211.81	-1431.061	219.2513	0.2360271	0.484187	0.356941	0.0374379	0.121434	0.945316	1.961196
15264	-1231.169	-1450.011	218.8411	0.2291186	0.288301	0.555317	0.0368511	0.119531	1.155094	2.093122
15270	-1242.616	-1461.774	219.1583	0.29334	0.453149	0.474634	0.0513724	0.0208452	1.235186	1.822582
15276	-1237.261	-1456.892	219.6312	0.286109	0.38134	0.50594	0.0547608	0.0579596	1.414629	1.346203
15282	-1235.884	-1455.582	219.6986	0.3619385	0.448397	0.453811	0.0858984	0.0118938	1.21038	1.42051
15288	-1246.118	-1465.332	219.2146	0.3361618	0.484948	0.446779	0.0554096	0.0128633	0.9414669	1.968923
15294	-1234.881	-1454.453	219.5715	0.3636746	0.265031	0.682214	0.0221966	0.0305589	1.303541	1.445611
15300	-1222.295	-1441.504	219.2091	0.3998886	0.212529	0.72987	0.0249077	0.0326936	1.345242	1.661122
15306	-1234.584	-1454.235	219.6507	0.2809408	0.223556	0.712083	0.035954	0.0284066	1.414828	1.33168
15312	-1227.155	-1446.843	219.6876	0.2651123	0.565173	0.335188	0.0501565	0.0494825	1.402944	1.314388
15318	-1232.728	-1452.494	219.766	0.2503787	0.277407	0.553586	0.0628484	0.106159	1.265417	1.362381
15324	-1243.627	-1462.81	219.1832	0.2687831	0.557847	0.251851	0.0724082	0.117894	1.150966	1.868047
15330	-1244.985	-1463.494	218.5097	0.244473	0.669727	0.243182	0.069916	0.0171749	1.078024	2.358432
15336	-1230.747	-1448.837	218.0901	0.244473	0.64984	0.266547	0.0288236	0.0547894	0.9663787	2.689823
15342	-1240.469	-1459.411	218.9418	0.3548474	0.348739	0.455713	0.0796608	0.115888	0.9952052	2.105897
15348	-1225.55	-1444.281	218.7312	0.3484795	0.389282	0.508694	0.023124	0.0789002	1.145363	2.148263
15354	-1232.383	-1450.465	218.0824	0.2516664	0.453324	0.356866	0.0591024	0.130708	0.8546683	2.763113
15360	-1234.603	-1452.135	217.5322	0.304447	0.491985	0.46207	0.0136069	0.0323381	0.9723935	3.016654
15366	-1222.595	-1440.55	217.9551	0.3831309	0.372447	0.55591	0.0121825	0.0594602	0.8224517	2.821205
15372	-1228.281	-1446.464	218.1824	0.2404799	0.359692	0.462678	0.0485525	0.129077	0.990744	2.61764
15378	-1236.733	-1456.385	219.6517	0.342776	0.491793	0.350105	0.0527229	0.105379	1.263312	1.42609
15384	-1220.345	-1440.119	219.7732	0.359429	0.457611	0.490465	0.0373011	0.0146226	1.274087	1.312834
15390	-1232.413	-1452.059	219.646	0.4494268	0.433631	0.498728	0.0485919	0.0190488	1.462922	1.198509
15396	-1233.832	-1453.63	219.7979	0.3272092	0.37584	0.572738	0.0369409	0.0144814	1.408052	1.198509
15402	-1236.031	-1454.535	218.5043	0.3818282	0.44625	0.494623	0.0466207	0.0125063	1.312982	2.170789
15408	-1232.874	-1451.215	218.341	0.3698965	0.525778	0.446666	0.016262	0.0112937	1.164177	2.376821
15414	-1242.304	-1460.481	218.1771	0.4787732	0.40221	0.566485	0.022665	0.00863948	0.9495179	2.553919
15420	-1230.22	-1448.565	218.3446	0.2788478	0.559913	0.412129	0.0185739	0.00938362	1.127661	2.429212
15426	-1210.809	-1429.352	218.5425	0.2461652	0.51654	0.477766	0.00337817	0.00231556	1.109414	2.317715
15432	-1224.102	-1443.178	219.0763	0.4083681	0.452269	0.543362	0.00386789	0.000501615	1.402819	1.709468
15438	-1234.09	-1452.885	218.7951	0.4084813	0.349574	0.618831	0.0286087	0.00298668	1.403651	1.90328
15444	-1229.41	-1448.869	219.4593	0.4808735	0.416203	0.53949	0.0340615	0.0102459	1.471011	1.321735
15450	-1235.008	-1454.718	219.7103	0.3116355	0.458917	0.417882	0.0887287	0.0344726	1.403864	1.282423
15456	-1235.681	-1455.071	219.3895	0.5003171	0.453325	0.441686	0.0876474	0.017342	1.435542	1.389941
15462	-1231.647	-1451.107	219.4593	0.4480345	0.34471	0.572196	0.0666475	0.0164458	1.38396	1.415067
15468	-1230.484	-1450.052	219.5682	0.3301935	0.632018	0.305837	0.0447041	0.017441	1.389141	1.399369
15474	-1237.135	-1455.452	218.3167	0.5370931	0.429831	0.465891	0.098627	0.00565124	0.864937	2.483175
15480	-1237.829	-1455.343	217.5146	0.356976	0.179656	0.752049	0.0679369	0.000358214	0.6874035	3.178476
15486	-1233.697	-1450.548	216.8507	0.4255802	0.283815	0.58466	0.129677	0.00184823	0.6240164	3.572674
15492	-1233.217	-1452.769	219.5519	0.2709678	0.519706	0.38881	0.0527057	0.0387778	1.219479	1.558683
15498	-1235.298	-1454.603	219.3049	0.2709678	0.660229	0.214274	0.0526219	0.0728748	1.278554	1.694372
15504	-1229.784	-1448.976	219.1925	0.5734963	0.427872	0.437161	0.0458841	0.0890831	1.460627	1.464712
15510	-1237.104	-1456.369	219.2655	0.4055705	0.435457	0.489298	0.0309373	0.0443077	1.251499	1.684307
15516	-1233.61	-1452.091	218.4809	0.5056345	0.524087	0.365	0.0669425	0.04397	1.085515	2.259492
15522	-1225.737	-1444.272	218.5351	0.4288864	0.548786	0.394371	0.0414639	0.0153794	1.104852	2.259492
15528	-1221.252	-1440.297	219.0443	0.6112582	0.520251	0.41963	0.047126	0.0129936	1.184228	1.744681
15534	-1229.603	-1449.135	219.5322	0.3000289	0.465663	0.4538	0.0696213	0.0109156	1.366752	1.456319
15540	-1226.843	-1446.358	219.5155	0.2862947	0.557039	0.420467	0.0193303	0.00316383	1.403774	1.444748
15546	-1225.077	-1444.746	219.669	0.2251325	0.511402	0.428604	0.0567697	0.00322506	1.278835	1.424067
15552	-1220.757	-1440.308	219.5513	0.5320534	0.485849	0.360756	0.152884	0.000510549	1.423829	1.242957
15558	-1229.117	-1448.622	219.5043	0.5320534	0.369222	0.431965	0.198398	0.000414838	1.466015	1.24703
15564	-1224.947	-1442.294	217.3473	0.3473788	0.46646	0.518332	0.00565109	0.00955658	0.915395	3.146359
15570	-1235.665	-1455.222	219.5564	0.3750842	0.490319	0.323256	0.142921	0.0435042	1.665179	1.156421
15576	-1233.223	-1452.648	219.4252	0.3357104	0.507514	0.403382	0.0524657	0.0366382	1.347098	1.537178
15582	-1234.949	-1454.827	219.8775	0.3290644	0.654995	0.255671	0.0526555	0.0366788	1.356529	1.173291
15588	-1229.305	-1448.964	219.6592	0.3423701	0.522372	0.347253	0.0856141	0.0447606	1.566562	1.173291
15594	-1212.153	-1431.631	219.4781	0.343587	0.481446	0.431086	0.0496812	0.0377861	1.277591	1.545735
15600	-1212.766	-1431.797	219.031	0.4850933	0.336257	0.580431	0.0599093	0.0234024	1.1192	1.887959
15606	-1226.906	-1446.871	219.9647	0.2697076	0.573435	0.372895	0.0453218	0.00834741	1.51823	0.9614581
15612	-1236.079	-1455.889	219.8097	0.3231352	0.624339	0.337771	0.0288019	0.0090884	1.655761	0.9577901
15618	-1221.567	-1441.503	219.936	0.3006896	0.437994	0.470695	0.0560643	0.0352475	1.608682	0.883267
15624	-1220.79	-1440.708	219.918	0.3090372	0.603945	0.308033	0.0471078	0.0409134	1.608682	0.8994251
15630	-1235.321	-1455.143	219.822	0.2764455	0.777437	0.169408	0.0342015	0.0189538	1.439214	1.169547
15636	-1220.845	-1440.273	219.428	0.3637631	0.38557	0.58626	0.0105024	0.0176674	1.284389	1.567278
15642	-1226.346	-1445.66	219.3139	0.3084837	0.644996	0.31713	0.00568116	0.0321922	1.118265	1.791322
15648	-1229.324	-1448.274	218.95	0.2876824	0.344238	0.531247	0.00780901	0.116706	1.13096	2.034924
15654	-1230.763	-1449.081	218.318	0.2876824	0.421883	0.459643	0.0161068	0.102367	0.9744988	2.540067
15660	-1233.334	-1452.066	218.7319	0.2710162	0.54707	0.337588	0.0246129	0.0907292	1.084578	2.210934
15666	-1223.536	-1442.029	218.4929	0.4694692	0.418672	0.475356	0.0569067	0.0490652	0.9800792	2.341918
15672	-1228.051	-1446.536	218.4852	0.349934	0.322562	0.577393	0.0383967	0.0616483	0.99812	2.399751
15678	-1248.41	-1466.475	218.065	0.3421236	0.476284	0.383395	0.0707182	0.0696035	0.9117925	2.71786
15684	-1240.62	-1459.67	219.0503	0.2390569	0.682343	0.271039	0.00948533	0.0371319	1.016871	2.047807
15690	-1230.366	-1449.33	218.964	0.3204922	0.503271	0.405545	0.0356256	0.0555589	1.18255	1.981453
15696	-1231.92	-1451.427	219.5066	0.3295209	0.42113	0.421095	0.0583784	0.0993967	1.213695	1.578275
15702	-1227.521	-1446.677	219.1562	0.4325734	0.500767	0.456413	0.00277598	0.0400448	1.225183	1.763048
15708	-1212.38	-1431.905	219.5252	0.2703525	0.697171	0.296642	0.00452281	0.00166368	1.149939	1.628923
15714	-1206.257	-1425.979	219.722	0.2572943	0.604248	0.352007	0.0433326	0.000412336	1.303423	1.366973
15720	-1210.236	-1429.941	219.705	0.2793368	0.692164	0.281505	0.0259169	0.000414478	1.305076	1.37604
15726	-1206.522	-1425.732	219.2104	0.3704386	0.611796	0.373916	0.0140312	0.000256974	1.446501	1.604149
15732	-1213.283	-1432.326	219.0438	0.5695171	0.51009	0.382855	0.106943	0.000111788	1.091449	1.839664
15738	-1229.663	-1447.436	217.773	0.989869	0.67201	0.232553	0.0951359	0.000301072	0.9576797	2.47031
15744	-1223.312	-1442.338	219.0265	0.7871401	0.563084	0.387255	0.0493067	0.000354687	1.205105	1.610065
15750	-1225.021	-1444.469	219.448	0.6700532	0.543168	0.441722	0.0125217	0.00258874	1.352713	1.267926
15756	-1219.42	-1438.903	219.4838	0.5444327	0.541757	0.440574	0.0120321	0.00563704	1.349261	1.34839
15762	-1216.327	-1435.41	219.0831	0.7906245	0.515837	0.471681	0.00664766	0.00583513	1.387728	1.428971
15768	-1212.687	-1431.669	218.9822	0.6115533	0.532118	0.461854	0.00528989	0.000738031	1.092722	1.850884
15774	-1210.361	-1429.525	219.1639	0.2883893	0.438113	0.540462	0.00619024	0.0152349	1.190113	1.850884
15780	-1216.966	-1435.583	218.6172	0.2730773	0.578292	0.412497	0.00573499	0.00347562	1.014721	2.328993
15786	-1211.541	-1430.307	218.7668	0.2780253	0.49318	0.497827	0.00692134	0.00207155	0.8639499	2.328993
15792	-1223.985	-1441.555	217.5706	0.2966139	0.378474	0.607072	0.0103468	0.00410696	0.8312697	3.080076
15798	-1219.553	-1437.408	217.855	0.2966139	0.424539	0.51878	0.0426525	0.0140285	0.7737904	2.944041
15804	-1228.995	-1446.085	217.0902	0.2869435	0.329696	0.592953	0.0660878	0.0112632	0.7852712	3.393546
15810	-1216.275	-1434.298	218.023	0.3787225	0.413324	0.539252	0.0440918	0.00333308	0.940519	2.70983
15816	-1214.54	-1432.411	217.8715	0.4129987	0.383731	0.557162	0.0560122	0.00309444	0.9154432	2.800336
15822	-1225.156	-1443.827	218.6708	0.5667499	0.34157	0.592111	0.0652897	0.00102864	0.9067585	2.212109
15828	-1212.595	-1430.816	218.2213	0.4870754	0.438446	0.538163	0.0206888	0.00270201	0.9505907	2.520701
15834	-1234.678	-1453.243	218.5651	0.4574046	0.468617	0.506383	0.0221124	0.00288794	0.9333517	2.333074
15840	-1246.376	-1464.627	218.251	0.3754336	0.288763	0.66945	0.0172024	0.0245847	0.8721376	2.613087
15846	-1233.388	-1450.055	216.6662	0.5284361	0.442836	0.530414	0.0110121	0.0157379	0.6887113	3.584489
15852	-1234.386	-1450.944	216.5579	0.528288	0.537237	0.430209	0.0134016	0.0191529	0.6223747	3.685804
15858	-1225.771	-1442.998	217.2273	0.4594085	0.490785	0.473438	0.0182797	0.0174969	1.023507	3.097665
15864	-1229.725	-1448.227	218.5017	0.4419095	0.488055	0.431397	0.0687606	0.0117874	1.043149	2.31275
15870	-1228.242	-1447.409	219.1674	0.3544289	0.369152	0.553531	0.0695051	0.00781187	1.154682	1.848262
15876	-1231.108	-1449.933	218.8246	0.3252446	0.296217	0.610956	0.0857041	0.00712247	1.255209	2.02416
15882	-1221.933	-1440.754	218.8203	0.2671305	0.489433	0.423389	0.0791489	0.00802888	1.033632	2.187111
15888	-1220.936	-1440.435	219.4998	0.2936081	0.625694	0.339646	0.0220613	0.0125983	1.129983	1.656599
15894	-1222.237	-1441.701	219.4642	0.3025756	0.545555	0.423105	0.0245837	0.00675666	1.042231	1.741444
15900	-1214.62	-1433.7	219.0804	0.3229984	0.547103	0.424305	0.0246535	0.00393822	1.145829	1.927001
15906	-1215.894	-1435.009	219.1149	0.2707766	0.543754	0.434797	0.0174129	0.00403559	0.9634112	2.039708
15912	-1222.856	-1441.408	218.5518	0.2994272	0.407752	0.436297	0.083912	0.0720394	1.034199	2.352781
15918	-1222.551	-1441.222	218.6712	0.342264	0.429771	0.491912	0.0100559	0.0682607	0.9129832	2.339085
15924	-1207.012	-1425.593	218.5813	0.2780508	0.391025	0.446171	0.0392662	0.123538	0.9887408	2.367558
15930	-1211.992	-1430.953	218.9608	0.3140673	0.364206	0.546824	0.0187559	0.0702141	1.186184	1.983463
15936	-1206.899	-1425.686	218.7877	0.2711352	0.652264	0.297153	0.0177033	0.0328797	1.081893	2.176525
15942	-1208.937	-1428.485	219.5485	0.2781387	0.545334	0.348034	0.0230739	0.0835576	1.237502	1.546677
15948	-1212.91	-1431.353	218.4426	0.2735307	0.603095	0.369817	0.0180684	0.00901906	0.9373035	2.487969
15954	-1218.975	-1437.214	218.2388	0.3538835	0.403513	0.489813	0.0842725	0.0224007	1.034952	2.529475
15960	-1214.796	-1432.626	217.8301	0.4651249	0.452781	0.463044	0.0484536	0.035721	0.971356	2.762299
15966	-1216.875	-1435.371	218.4962	0.2998012	0.446415	0.456533	0.0618338	0.0352187	0.9036514	2.470065
15972	-1225.47	-1444.067	218.5976	0.361949	0.346526	0.557327	0.0612573	0.0348903	1.146322	2.228111
15978	-1238.593	-1457.449	218.8565	0.5868051	0.348937	0.561205	0.0329615	0.0568968	1.144165	1.91908
15984	-1240	-1457.939	217.9385	0.4032171	0.415144	0.568048	0.00160311	0.0152052	0.7037231	2.893177
15990	-1229.815	-1448.705	218.8898	0.338413	0.509069	0.48123	0.00740196	0.0022986	1.232124	1.99083
15996	-1225.091	-1444.645	219.5543	0.5164438	0.503082	0.47557	0.0190761	0.00227157	1.457965	1.225092
16002	-1225.143	-1445.007	219.8636	0.4870919	0.678096	0.250073	0.0694854	0.00234474	1.190679	1.214251
16008	-1229.203	-1448.569	219.366	0.4442839	0.398949	0.525436	0.0742348	0.00137949	0.9973447	1.768108
16014	-1216.32	-1435.034	218.7143	0.2826571	0.557633	0.392716	0.0161318	0.0335193	1.102816	2.208624
16020	-1218.56	-1437.855	219.2946	0.4255232	0.354523	0.581078	0.0169241	0.047475	1.111743	1.750023
16026	-1224.522	-1443.314	218.7921	0.4982584	0.463272	0.483061	0.0143388	0.0393279	1.226867	1.967787
16032	-1209.522	-1428.87	219.3485	0.3889489	0.390082	0.542724	0.030144	0.03705	1.136365	1.716875
16038	-1215.961	-1435.304	219.3422	0.3688863	0.357185	0.550683	0.0413311	0.0508001	1.183735	1.698948
16044	-1224.376	-1442.713	218.3367	0.2623935	0.252759	0.570775	0.107838	0.0686284	1.097496	2.45511
16050	-1226.177	-1443.148	216.9712	0.3566597	0.27202	0.634104	0.0222366	0.0716399	0.9257234	3.35866
16056	-1224.101	-1442.443	218.3421	0.342903	0.44472	0.513021	0.00760251	0.034657	1.026078	2.475103
16062	-1212.721	-1431.173	218.4518	0.3197216	0.382014	0.53278	0.00653054	0.0786761	0.9303232	2.475103
16068	-1219.904	-1437.704	217.8002	0.3744926	0.330241	0.600417	0.00703568	0.0623058	1.005574	2.808157
16074	-1227.27	-1445.764	218.4939	0.3781949	0.382109	0.488621	0.0211753	0.108095	0.8708779	2.461264
16080	-1220.912	-1440.395	219.4835	0.2185467	0.780084	0.16254	0.0214183	0.0359577	1.110709	1.683088
16086	-1217.495	-1436.751	219.2563	0.2185467	0.772006	0.160857	0.0315513	0.0355854	1.158228	1.809013
16092	-1219.256	-1437.98	218.7242	0.2320387	0.66964	0.250166	0.0450379	0.0351556	0.9754171	2.285824
16098	-1234.372	-1451.149	216.777	0.243236	0.441348	0.387409	0.037491	0.133753	0.7689987	3.589252
16104	-1215.387	-1433.06	217.6728	0.3364528	0.488547	0.426923	0.0415005	0.0430291	0.7649338	3.046199
16110	-1222.577	-1440.485	217.9074	0.4604388	0.528995	0.396692	0.0599474	0.0143658	0.9155441	2.751899
16116	-1215.142	-1433.812	218.6704	0.3477368	0.553472	0.390056	0.0451573	0.0113145	1.08534	2.226928
16122	-1223.539	-1442.384	218.8448	0.4480606	0.613872	0.302668	0.0773393	0.00612031	1.270562	1.935584
16128	-1223.976	-1442.972	218.9966	0.3213397	0.576728	0.382987	0.0373307	0.0029542	1.217817	1.935584
16134	-1229.054	-1448.509	219.4552	0.3001437	0.603476	0.332721	0.0626324	0.00117017	1.242722	1.605589
16140	-1215.58	-1435.18	219.5996	0.3003041	0.572939	0.355174	0.0668591	0.00502793	1.32426	1.43716
16146	-1233.358	-1452.639	219.2805	0.3339115	0.448433	0.436386	0.0821467	0.0330341	1.473192	1.551767
16152	-1228.168	-1447.587	219.4188	0.2937267	0.64047	0.226889	0.0945994	0.0380418	1.459333	1.47407
16158	-1205.941	-1425.452	219.5111	0.263129	0.636823	0.244975	0.0654447	0.0527571	1.391031	1.461927
16164	-1210.159	-1429.758	219.599	0.2718122	0.539397	0.328522	0.0599024	0.0721792	1.391031	1.393126
16170	-1212.928	-1432.667	219.7385	0.2736503	0.428563	0.449607	0.0611912	0.0606389	1.407753	1.267584
16176	-1215.24	-1435.059	219.8187	0.2836179	0.719864	0.220378	0.0446668	0.0150918	1.402307	1.202608
16182	-1222.706	-1442.633	219.9264	0.2119219	0.476788	0.412235	0.0580452	0.0529318	1.347883	1.151531
16188	-1220.202	-1439.573	219.3711	0.2192141	0.446985	0.435258	0.0544169	0.0633404	1.347144	1.594048
16194	-1211.351	-1430.707	219.3557	0.336484	0.486972	0.422237	0.00492322	0.0858669	1.16748	1.716738
16200	-1212.753	-1431.324	218.5714	0.4334091	0.3789	0.588236	0.00685874	0.0260049	1.125971	2.219907
16206	-1212.357	-1431.442	219.0851	0.3113114	0.546923	0.40993	0.0137092	0.029437	1.298628	1.82385
16212	-1222.129	-1441.098	218.9696	0.4256374	0.628821	0.33139	0.0298242	0.00996404	1.075414	1.996532
16218	-1211.646	-1430.208	218.5624	0.3493784	0.468604	0.485217	0.0337826	0.0123961	0.9687882	2.369672
16224	-1220.805	-1439.71	218.9047	0.2547011	0.561281	0.380003	0.0470128	0.0117025	1.033479	2.133173
16230	-1221.594	-1438.772	217.1779	0.2411697	0.526154	0.422171	0.0486879	0.00298724	0.9374053	3.25569
16236	-1221.466	-1438.756	217.2904	0.4895939	0.504579	0.404095	0.0860464	0.00527937	0.9054259	3.11302
16242	-1219.048	-1437.95	218.9026	0.4844097	0.522574	0.413184	0.0538896	0.0103522	1.28352	1.863983
16248	-1225.71	-1444.782	219.0713	0.281049	0.617045	0.356337	0.0122217	0.0143961	1.215023	1.898672
16254	-1239.053	-1458.187	219.134	0.269761	0.613227	0.354132	0.022906	0.00973532	1.154989	1.898672
16260	-1242.393	-1461.421	219.0282	0.2962656	0.480365	0.496068	0.0179432	0.005624	1.200135	1.934307
16266	-1235.708	-1454.232	218.5243	0.266256	0.548016	0.351531	0.0260291	0.0744242	1.136434	2.311428
16272	-1231.579	-1450.231	218.6515	0.2441262	0.508509	0.428265	0.0147434	0.0484828	0.9408888	2.355453
16278	-1222.125	-1440.891	218.7664	0.4619543	0.454238	0.496105	0.022251	0.0274061	1.27279	1.97796
16284	-1219.552	-1438.584	219.0317	0.3207047	0.39868	0.534134	0.0373962	0.0297903	1.119989	1.97796
16290	-1222.884	-1441.886	219.0027	0.322579	0.605163	0.294372	0.0234742	0.0769909	1.094596	2.013589
16296	-1218.381	-1436.475	218.094	0.4554632	0.469264	0.487357	0.0201267	0.0232519	1.026843	2.571436
16302	-1229.913	-1448.567	218.6543	0.4059508	0.472207	0.446655	0.0724361	0.00870113	0.9184992	2.315354
16308	-1226.293	-1444.463	218.1707	0.7086266	0.511071	0.367612	0.112353	0.00896462	1.096451	2.315354
16314	-1232.64	-1449.527	216.8877	0.5260266	0.377811	0.552937	0.0641342	0.00511727	0.8862507	3.341013
16320	-1230.184	-1447.619	217.4345	0.5176025	0.480751	0.408691	0.0816085	0.0289492	0.799504	3.073565
16326	-1224.54	-1443.098	218.5584	0.3055381	0.456809	0.502025	0.0350408	0.00612552	1.194211	2.244545
16332	-1219.67	-1437.86	218.1901	1.03192	0.613023	0.309567	0.0328933	0.0445167	1.073263	2.102364
16338	-1221.126	-1439.656	218.5299	0.6026831	0.394898	0.569804	0.00662144	0.0286768	1.250601	2.055057
16344	-1221.897	-1439.871	217.9735	0.3826366	0.3327	0.626105	0.0170347	0.0241601	1.078819	2.653359
16350	-1243.58	-1461.313	217.7329	0.4371298	0.578157	0.330598	0.0296025	0.0616419	0.817228	2.930682
16356	-1229.758	-1448.634	218.8761	0.3624248	0.42866	0.46154	0.0378186	0.0719805	0.9897747	2.148837
16362	-1219.648	-1439.297	219.6488	0.3078938	0.412176	0.499692	0.0409448	0.0471871	1.255036	1.449854
16368	-1223.081	-1443.013	219.9315	0.2740122	0.460865	0.464604	0.0274711	0.0470601	1.440805	1.069662
16374	-1230.977	-1450.809	219.8313	0.2692856	0.483383	0.468	0.0130872	0.0355296	1.597745	1.016099
16380	-1233.278	-1453.041	219.763	0.2458077	0.601548	0.337951	0.0162864	0.0442149	1.583972	1.095496
16386	-1237.843	-1457.47	219.6272	0.2596313	0.498353	0.440151	0.039649	0.0218471	1.30733	1.437428
16392	-1248.615	-1465.803	217.1886	0.3755084	0.539629	0.387331	0.0688429	0.00419648	0.8980886	3.23863
16398	-1255.852	-1473.708	217.8559	0.4216806	0.56484	0.377352	0.0528089	0.004999	1.003154	2.75171
16404	-1258.874	-1475.586	216.7118	0.3817599	0.4089	0.520005	0.0614378	0.00965705	0.7626663	3.594415
16410	-1249.374	-1467.228	217.8536	0.3006922	0.487254	0.433308	0.0756341	0.00380477	0.7827672	2.938418
16416	-1229.492	-1448.065	218.573	0.4025402	0.406042	0.533233	0.0552843	0.00544106	1.275722	2.1393
16422	-1235.923	-1454.56	218.6374	0.3876647	0.496566	0.470187	0.0299052	0.00334227	1.22365	2.1393
16428	-1240.194	-1458.762	218.5683	0.5882231	0.435038	0.511522	0.0432669	0.010173	1.09361	2.142851
16434	-1228.365	-1447.321	218.9559	0.4065553	0.367503	0.545979	0.0655405	0.0209769	1.169205	1.954113
16440	-1240.108	-1459.196	219.0872	0.4065553	0.414444	0.533861	0.0399346	0.0117601	1.27612	1.791565
16446	-1239.781	-1459.524	219.7428	0.4600082	0.373178	0.538202	0.0434754	0.0451447	1.412398	1.149518
16452	-1227.924	-1447.733	219.8089	0.2210049	0.762639	0.178775	0.0128555	0.0457303	1.674444	0.9565843
16458	-1221.134	-1440.89	219.7559	0.2449145	0.772715	0.181137	0.0251691	0.0209784	1.89019	0.768811
16464	-1226.904	-1446.608	219.7046	0.232359	0.649204	0.275274	0.0382494	0.0372725	1.761824	0.9780122
16470	-1228.188	-1448.028	219.8403	0.2632168	0.659151	0.24351	0.0338358	0.0635039	1.760083	0.8292911
16476	-1231.905	-1451.789	219.8836	0.2663734	0.671039	0.228077	0.0362347	0.0646492	1.72771	0.8148589
16482	-1229.354	-1449.358	220.0041	0.1969549	0.819192	0.123169	0.0105325	0.0471065	1.62195	0.7669637
16488	-1221.341	-1441.183	219.8423	0.1969549	0.762939	0.191114	0.00540006	0.0405466	1.872414	0.5991772
16494	-1218.333	-1438.241	219.9076	0.1963852	0.562258	0.352899	0.00997143	0.0748708	1.789061	0.6441104
16500	-1224.531	-1444.303	219.7718	0.2326873	0.671603	0.240917	0.0102814	0.0771986	1.81919	0.8391903
16506	-1227.073	-1446.813	219.7399	0.1947418	0.685883	0.252891	0.0141511	0.0470741	1.849388	0.8141303
16512	-1225.438	-1445.022	219.5835	0.205483	0.64383	0.278178	0.0204136	0.0575785	1.241584	1.509345
16518	-1224.993	-1444.51	219.5167	0.2178556	0.688295	0.261387	0.0435026	0.00681546	1.191264	1.601082
16524	-1222.203	-1441.315	219.1123	0.2178556	0.764301	0.182584	0.0502711	0.00284387	1.138784	1.920459
16530	-1226.036	-1445.409	219.3724	0.2807772	0.714422	0.259911	0.0249464	0.000720244	1.319569	1.614957
16536	-1218.299	-1437.313	219.0141	0.2533034	0.601256	0.381912	0.0160545	0.000776936	1.169114	1.97116
16542	-1224.484	-1443.451	218.9671	0.2904686	0.429826	0.529097	0.0400005	0.00107636	1.178754	1.991151
16548	-1231.642	-1451.207	219.565	0.2904686	0.545985	0.427359	0.0262948	0.000361129	1.180408	1.573717
16554	-1242.322	-1461.501	219.1784	0.3466612	0.532866	0.442197	0.0245846	0.000352451	1.284408	1.754509
16560	-1241.73	-1460.946	219.2157	0.3367728	0.496907	0.358182	0.144221	0.000689843	1.253571	1.754509
16566	-1229.531	-1448.212	218.6811	0.310876	0.360739	0.58514	0.0535942	0.000526494	1.132783	2.203418
16572	-1235.248	-1453.56	218.312	0.5961684	0.574222	0.317363	0.108096	0.000318806	1.255874	2.198505
16578	-1234.487	-1452.949	218.4617	0.5785682	0.46048	0.414775	0.124405	0.000339556	1.273428	2.101546
16584	-1234.7	-1452.723	218.0236	0.3039018	0.437386	0.475929	0.0864966	0.000188206	1.162194	2.602304
16590	-1239.893	-1458.124	218.2306	0.3921087	0.386755	0.498366	0.114305	0.000573151	0.9526136	2.567663
16596	-1250.459	-1469.029	218.57	0.4651189	0.534839	0.404382	0.0603223	0.000456864	1.082196	2.229891
16602	-1232.174	-1450.804	218.6297	0.3083708	0.453601	0.475962	0.0687278	0.00170932	1.15499	2.223051
16608	-1239.793	-1459.29	219.4968	0.3255856	0.325737	0.587343	0.0848108	0.00210933	1.236205	1.570628
16614	-1245.083	-1464.377	219.295	0.3228265	0.427885	0.550059	0.0214815	0.000574379	1.332207	1.648544
16620	-1227.057	-1446.365	219.3076	0.2685012	0.645318	0.341903	0.0124573	0.000321717	1.235589	1.723184
16626	-1213.186	-1432.699	219.5135	0.3042998	0.659871	0.294002	0.0455238	0.000603582	1.36429	1.470975
16632	-1221.86	-1441.551	219.6913	0.2987184	0.273127	0.691863	0.0346246	0.000385814	1.51296	1.212162
16638	-1225.717	-1445.49	219.7724	0.3630822	0.41505	0.555528	0.0272706	0.00215162	1.555786	1.067737
16644	-1224.624	-1444.611	219.9873	0.2393894	0.48456	0.506632	0.00843943	0.000368394	1.388791	1.067737
16650	-1227.009	-1446.831	219.8219	0.2524144	0.607733	0.386206	0.00589368	0.000167138	1.554592	1.068245
16656	-1231.957	-1451.801	219.8435	0.2495251	0.605008	0.375396	0.0181972	0.00139889	1.701193	0.89648
16662	-1218.666	-1438.646	219.9798	0.2495251	0.58369	0.40195	0.0115546	0.00280526	1.729425	0.6643921
16668	-1226.446	-1446.095	219.6482	0.3529506	0.580538	0.404878	0.00362565	0.0109588	1.382684	1.329687
16674	-1228.709	-1448.411	219.7018	0.3416726	0.398102	0.577319	0.0106776	0.0139017	1.270735	1.381942
16680	-1236.672	-1456.383	219.7105	0.2942894	0.439019	0.483638	0.00569856	0.0716446	1.349368	1.332682
16686	-1232.427	-1451.636	219.2087	0.2751114	0.432795	0.479931	0.00829709	0.0789762	1.289925	1.753474
16692	-1231.39	-1450.559	219.1693	0.2323011	0.429824	0.476637	0.00824014	0.0852987	1.062931	1.936699
16698	-1235.831	-1454.901	219.0698	0.2759443	0.442336	0.452047	0.0368639	0.0687533	1.155445	1.940826
16704	-1230.385	-1449.247	218.8613	0.2558693	0.56473	0.346704	0.0412719	0.0472944	1.215013	2.042299
16710	-1219.589	-1439.254	219.6647	0.2774543	0.549108	0.337113	0.0432233	0.0705556	1.180471	1.502803
16716	-1224.444	-1443.186	218.7421	0.2268699	0.56334	0.344838	0.0196505	0.0721722	1.152025	2.159368
16722	-1216.956	-1435.774	218.8179	0.327103	0.321932	0.664929	0.00383715	0.00930258	1.055128	2.159368
16728	-1223.481	-1441.389	217.9071	0.332993	0.297623	0.67416	0.0168645	0.0113532	0.9240391	2.810276
16734	-1213.991	-1432.431	218.4398	0.2832493	0.198146	0.785885	0.00273478	0.0132347	0.9695422	2.467898
16740	-1229.181	-1448.299	219.118	0.4087416	0.406564	0.574889	0.00178425	0.0167624	1.041439	1.929728
16746	-1232.557	-1451.468	218.9109	0.3799143	0.41059	0.575952	0.0012947	0.0121633	1.203261	1.976162
16752	-1226.52	-1445.458	218.9384	0.434432	0.279655	0.695666	0.00308622	0.0215924	1.345976	1.82907
16758	-1224.555	-1442.978	218.4236	0.343603	0.508598	0.442062	0.00140801	0.0479325	1.025562	2.423955
16764	-1239.775	-1458.907	219.1321	0.3589339	0.368767	0.56834	0.0509404	0.011952	1.243931	1.808924
16770	-1244.771	-1463.675	218.9034	0.392429	0.546025	0.39188	0.0280243	0.0340707	1.165285	1.999794
16776	-1253.748	-1472.172	218.4244	0.5468581	0.490424	0.430549	0.068505	0.0105222	1.261507	2.155222
16782	-1241.109	-1460.503	219.3936	0.3446381	0.503899	0.442378	0.0429115	0.0108113	1.304411	1.587591
16788	-1242.904	-1461.724	218.8199	0.2718831	0.61979	0.359399	0.00865731	0.0121528	1.179993	2.091334
16794	-1238.932	-1457.017	218.0845	0.4104527	0.413977	0.506559	0.0483905	0.0310741	1.112254	2.549605
16800	-1237.326	-1454.557	217.2303	0.4500399	0.327748	0.45342	0.126566	0.0922653	0.9364227	3.152949
16806	-1240.518	-1458.985	218.4669	0.405407	0.334888	0.477213	0.129323	0.0585757	1.194178	2.259153
16812	-1233.553	-1452.549	218.9963	0.4715107	0.386782	0.548066	0.0444535	0.0206977	1.024521	1.984087
16818	-1242.058	-1460.258	218.2003	0.3759064	0.394632	0.453966	0.134258	0.017144	1.096386	2.505041
16824	-1235.99	-1453.924	217.9345	0.2500828	0.506786	0.413822	0.0718897	0.00750261	0.7202587	2.934296
16830	-1231.182	-1449.699	218.5169	0.2459599	0.556406	0.386272	0.0490849	0.0082372	0.9280823	2.448656
16836	-1225.227	-1443.712	218.4842	0.2516684	0.566372	0.329383	0.0398222	0.0644232	0.960987	2.448656
16842	-1222.449	-1441.064	218.6159	0.3959065	0.571102	0.332133	0.0683378	0.0284274	1.016181	2.282896
16848	-1219.224	-1436.47	217.2462	0.289111	0.524029	0.367049	0.0497952	0.0591262	1.064885	3.135859
16854	-1219.423	-1437.18	217.7563	0.3458974	0.399749	0.530986	0.0460156	0.0232486	0.9360446	2.889424
16860	-1214.092	-1431.861	217.7696	0.3244802	0.350068	0.57716	0.0337801	0.0389922	0.9360446	2.889424
16866	-1222.002	-1438.707	216.7045	0.2740779	0.578503	0.356928	0.0435356	0.0210338	0.871223	3.570653
16872	-1240.381	-1457.764	217.3831	0.3053417	0.48593	0.374605	0.119383	0.0200813	0.837886	3.185459
16878	-1237.082	-1454.236	217.1544	0.3053417	0.372583	0.557405	0.0468358	0.0231759	0.8307596	3.324805
16884	-1234.23	-1451.954	217.7243	0.2843455	0.532965	0.384369	0.0592863	0.0233797	0.7750753	3.02438
16890	-1228.52	-1447.658	219.1381	0.228018	0.467471	0.472914	0.0277812	0.0318339	0.97581	2.015083
16896	-1231.538	-1450.959	219.4215	0.2971247	0.557348	0.385523	0.0266317	0.0304972	1.185087	1.672197
16902	-1237.967	-1457.36	219.3932	0.2662354	0.510721	0.393979	0.0380721	0.0572281	1.210981	1.680276
16908	-1227.105	-1446.617	219.5118	0.2426905	0.436932	0.40801	0.039428	0.11563	1.18707	1.612741
16914	-1233.989	-1453.012	219.0233	0.3430589	0.269276	0.657995	0.00960981	0.0631192	1.067463	2.009581
16920	-1240.62	-1459.617	218.9968	0.280547	0.584076	0.342233	0.0221241	0.0515671	0.9595882	2.118466
16926	-1233.665	-1452.546	218.8807	0.280547	0.420829	0.473714	0.0200739	0.0853833	1.013035	2.15932
16932	-1241.449	-1460.108	218.6595	0.432018	0.493418	0.389097	0.0240372	0.0934479	0.8850359	2.318708
16938	-1228.132	-1446.592	218.4597	0.3427219	0.470496	0.453097	0.0236049	0.0528019	0.848523	2.512721
16944	-1237.402	-1455.773	218.3709	0.3551479	0.455418	0.4735	0.0159021	0.0551796	0.9833442	2.478649
16950	-1241.762	-1458.447	216.6851	0.3260481	0.390761	0.49252	0.0537923	0.0629267	0.9635623	3.515544
16956	-1248.712	-1465.409	216.697	0.5656939	0.515903	0.381208	0.0710194	0.0318701	0.7380553	3.515544
16962	-1237.032	-1453.247	216.2149	1.117198	0.668811	0.27937	0.021174	0.0306444	0.6527603	3.515544
16968	-1222.062	-1439.654	217.5919	0.9429537	0.510127	0.436123	0.0270288	0.026721	0.8852619	2.657246
16974	-1225.018	-1442.159	217.1412	0.7093636	0.48726	0.416573	0.0717865	0.0243802	0.8218223	3.115411
16980	-1237.219	-1455.076	217.8575	0.623254	0.421035	0.481212	0.0704002	0.027353	0.8934913	2.694423
16986	-1236.202	-1453.793	217.5911	0.58418	0.517133	0.401339	0.058715	0.0228129	0.6376487	3.035705
16992	-1224.76	-1441.524	216.764	0.4518859	0.422576	0.483505	0.0666901	0.0272297	0.7355042	3.544207
16998	-1227.97	-1445.625	217.6553	0.5448233	0.524694	0.39819	0.0497913	0.0273256	0.9487703	2.834064
17004	-1226.236	-1446.14	219.9042	0.303404	0.606025	0.344731	0.0373571	0.0118869	1.589815	0.9382266
17010	-1225.053	-1444.975	219.922	0.2632073	0.502423	0.38004	0.0818684	0.035669	1.589815	0.9319657
17016	-1227.002	-1446.855	219.8534	0.2976245	0.477431	0.399943	0.0811225	0.0415038	1.738777	0.8276572
17022	-1217.847	-1437.674	219.827	0.4537199	0.569381	0.401349	0.0145965	0.0146729	1.649368	0.8276572
17028	-1219.06	-1438.606	219.5464	0.4121238	0.502781	0.45968	0.00414781	0.0333907	1.717752	1.090563
17034	-1233.979	-1453.829	219.8495	0.2573803	0.567433	0.403154	0.00363776	0.0257757	1.465696	1.124377
17040	-1232.748	-1452.475	219.7265	0.2587874	0.601578	0.372469	0.00336089	0.0225917	1.414585	1.273799
17046	-1230.206	-1449.958	219.7515	0.2454307	0.557641	0.364269	0.00938104	0.0687089	1.534204	1.150668
17052	-1246.115	-1465.646	219.5308	0.2967419	0.497265	0.343894	0.00836535	0.150476	1.491231	1.361992
17058	-1249.706	-1469.172	219.4652	0.2202269	0.599251	0.273571	0.014407	0.112771	1.560244	1.361992
17064	-1239.786	-1459.318	219.5321	0.2420148	0.446555	0.365363	0.0215854	0.166496	1.551532	1.320304
17070	-1233.791	-1453.179	219.3887	0.3243682	0.526271	0.310664	0.0222493	0.140817	1.454827	1.489075
17076	-1226.219	-1445.965	219.7466	0.2609669	0.434004	0.496519	0.0149258	0.0545512	1.454827	1.223239
17082	-1241.899	-1461.483	219.584	0.1938226	0.421131	0.481793	0.0185601	0.0785164	1.402072	1.37868
17088	-1238.56	-1457.774	219.2136	0.1892283	0.751037	0.205914	0.00823051	0.0348182	1.390648	1.660101
17094	-1226.475	-1445.825	219.3503	0.2922847	0.325914	0.516248	0.00494333	0.152895	1.3786	1.58536
17100	-1222.857	-1442.108	219.2511	0.2444144	0.441701	0.426726	0.0102132	0.12136	1.290035	1.725476
17106	-1229.052	-1448.581	219.5284	0.3383961	0.441701	0.426726	0.0102132	0.12136	1.33719	1.465965
17112	-1231.362	-1450.925	219.5632	0.3308966	0.378695	0.515576	0.00820708	0.097522	1.307979	1.465243
17118	-1232.902	-1452.589	219.6871	0.2844464	0.452764	0.451055	0.00746597	0.0887157	1.671262	1.080071
17124	-1230.601	-1450.205	219.6038	0.2883529	0.613465	0.322685	0.00534117	0.0585082	1.362801	1.40783
17130	-1231.443	-1450.875	219.4321	0.3200535	0.443152	0.529158	0.0129921	0.0146973	1.428014	1.478323
17136	-1223.522	-1442.984	219.4627	0.270209	0.490958	0.465499	0.0293342	0.0142079	1.417395	1.477762
17142	-1227.856	-1446.307	218.4512	0.6503804	0.46274	0.488605	0.0326362	0.0160195	1.267801	2.062465
17148	-1239.489	-1458.093	218.6036	0.6196308	0.574698	0.382596	0.0286453	0.0140605	1.255744	1.990852
17154	-1228.826	-1447.229	218.4035	0.75937	0.523782	0.374793	0.0797876	0.0216368	1.02798	2.175158
17160	-1223.11	-1441.563	218.4527	0.6576821	0.498865	0.418609	0.0578209	0.0247043	1.086384	2.175158
17166	-1219.514	-1438.031	218.517	0.5095169	0.502737	0.421858	0.0582696	0.017136	1.17617	2.175158
17172	-1220.731	-1439.408	218.6778	0.5076108	0.43956	0.438677	0.0614592	0.0603041	1.017311	2.175158
17178	-1216.238	-1435.163	218.9249	0.4032121	0.427342	0.454279	0.059751	0.0586279	1.214918	1.946178
17184	-1231.812	-1450.704	218.8919	0.4032121	0.555442	0.348421	0.0792966	0.0168409	1.030806	2.090482
17190	-1238.168	-1457.34	219.1721	0.3814629	0.564414	0.335223	0.0867048	0.0136578	1.074412	1.88605
17196	-1231.858	-1450.532	218.6745	0.2913302	0.390566	0.539984	0.0599984	0.00945097	1.130207	2.214751
17202	-1248.098	-1466.224	218.126	0.3149769	0.465964	0.434295	0.0856104	0.0141311	0.9560414	2.663003
17208	-1244.66	-1462.45	217.7893	0.3058485	0.462738	0.431268	0.0850177	0.0209763	1.033349	2.824331
17214	-1227.655	-1445.879	218.2244	0.2689376	0.597011	0.31042	0.0541026	0.0384665	0.9321785	2.62733
17220	-1233.366	-1452.155	218.7886	0.2933848	0.396053	0.423448	0.0479053	0.132594	1.166442	2.116512
17226	-1228.829	-1448.123	219.2938	0.323192	0.362037	0.504796	0.0353432	0.0978238	1.132774	1.789895
17232	-1230.393	-1448.692	218.2995	0.2592276	0.497258	0.349702	0.0737149	0.0793247	0.9370589	2.578652
17238	-1232.169	-1451.087	218.9189	0.3492671	0.550867	0.347002	0.0234186	0.0787121	1.111543	2.04691
17244	-1220.065	-1439.193	219.1275	0.2554681	0.536043	0.349891	0.0467688	0.0672977	1.456	1.695732
17250	-1214.598	-1433.633	219.0348	0.2970078	0.500602	0.376618	0.0503414	0.0724385	1.227879	1.910891
17256	-1221.737	-1440.303	218.5658	0.4041284	0.537232	0.356355	0.0843949	0.022018	1.042401	2.293702
17262	-1226.898	-1446.101	219.2024	0.3770647	0.594464	0.268688	0.0636329	0.0732155	1.021464	1.903733
17268	-1234.993	-1453.895	218.9015	0.292873	0.479972	0.459195	0.0459869	0.0148463	0.9317673	2.195948
17274	-1223.489	-1442.134	218.6454	0.3490547	0.46715	0.452638	0.0606364	0.0195757	1.035089	2.274673
17280	-1216.585	-1435.401	218.8161	0.2849342	0.585586	0.367108	0.0311992	0.0161067	0.9367369	2.24958
17286	-1212.432	-1431.746	219.3132	0.2471044	0.473495	0.440978	0.0338463	0.0516813	1.108411	1.809011
17292	-1205.875	-1425.078	219.2028	0.2652359	0.660649	0.281291	0.0232567	0.0348034	1.173067	1.839855
17298	-1213.12	-1432.397	219.277	0.2563652	0.612793	0.327826	0.0107239	0.0486571	1.157778	1.799877
17304	-1226.245	-1445.303	219.0573	0.2563652	0.340956	0.537142	0.0129572	0.108945	1.042626	2.026636
17310	-1224.111	-1442.978	218.8679	0.3133668	0.637302	0.346399	0.00679503	0.00950401	1.102644	2.100545
17316	-1211.628	-1430.844	219.2156	0.2871971	0.574024	0.411598	0.00599395	0.00838357	1.171915	1.828187
17322	-1219.527	-1438.692	219.1645	0.2871971	0.6184	0.359486	0.0111432	0.0109712	1.223017	1.828187
17328	-1216.559	-1435.459	218.9005	0.3941389	0.483214	0.430042	0.0346811	0.0520628	1.131784	2.023103
17334	-1224.112	-1442.483	218.3702	0.3996065	0.444137	0.394328	0.113682	0.0478525	1.014165	2.438039
17340	-1230.86	-1449.912	219.0519	0.315364	0.582825	0.307652	0.0734205	0.0361033	1.090109	1.986341
17346	-1240.035	-1459.071	219.0359	0.2597739	0.478887	0.308314	0.134293	0.0785063	1.124249	1.986341
17352	-1228.987	-1448.101	219.1137	0.406764	0.621234	0.230982	0.119547	0.0282366	1.382226	1.698567
17358	-1235.845	-1454.654	218.8082	0.2915569	0.432902	0.426872	0.137626	0.00259987	1.078584	2.161519
17364	-1241.962	-1460.972	219.0094	0.243226	0.509436	0.419991	0.0331463	0.0374267	1.133723	1.997689
17370	-1246.143	-1465.265	219.1218	0.3339981	0.482508	0.366014	0.0196166	0.131862	1.292801	1.793727
17376	-1250.198	-1469.237	219.0382	0.4713903	0.557718	0.380796	0.021265	0.040221	1.33099	1.746081
17382	-1243.858	-1463.449	219.5914	0.3045223	0.359082	0.595826	0.0191961	0.0258959	1.248836	1.499171
17388	-1242.142	-1461.514	219.372	0.3446191	0.253986	0.63643	0.0232595	0.0863248	1.375539	1.551265
17394	-1248.128	-1467.639	219.5116	0.3675146	0.298065	0.654644	0.0280581	0.019233	1.233941	1.540799
17400	-1242.697	-1460.462	217.7643	1.679156	0.743828	0.117317	0.0802419	0.0586127	1.100381	1.979755
17406	-1233.938	-1451.916	217.9773	1.230888	0.745662	0.222444	0.0170806	0.0148134	1.212238	2.024642
17412	-1233.463	-1451.041	217.5779	1.045737	0.474325	0.400813	0.117975	0.00688748	0.9659317	2.552271
17418	-1234.649	-1451.695	217.0459	1.070492	0.667882	0.150554	0.171838	0.00972634	0.8757178	2.918185
17424	-1238.299	-1457.132	218.8322	0.3186886	0.436679	0.489427	0.0313313	0.042563	1.182049	2.069947
17430	-1230.176	-1448.601	218.4246	0.3354867	0.453456	0.490598	0.0428085	0.0131383	0.9920813	2.447649
17436	-1250.001	-1468.806	218.8052	0.3354867	0.513364	0.459244	0.0140672	0.0133248	1.013441	2.191359
17442	-1245.681	-1464.351	218.6698	0.4593288	0.475952	0.466446	0.0205875	0.0370143	1.128709	2.1386
17448	-1236.779	-1455.874	219.0957	0.3759957	0.335138	0.586723	0.0101911	0.0679478	1.014187	1.981066
17454	-1242.528	-1459.904	217.376	0.3749871	0.375453	0.501439	0.0712798	0.0518289	0.7319614	3.226242
17460	-1240.725	-1459.631	218.9058	0.3775274	0.443511	0.386067	0.0420386	0.128384	1.184596	1.993295
17466	-1226.266	-1445.114	218.8474	0.3853917	0.287454	0.626803	0.0348638	0.0508792	1.019201	2.13682
17472	-1240.527	-1459.43	218.9022	0.3351642	0.450583	0.417707	0.0546489	0.0770619	1.292679	1.943324
17478	-1239.239	-1458.629	219.3907	0.2362932	0.546595	0.306549	0.0319986	0.114858	1.403845	1.54203
17484	-1238.345	-1458.271	219.9261	0.2109633	0.684754	0.288501	0.0076174	0.0191275	1.56702	0.9407441
17490	-1233.293	-1453.292	219.9989	0.2324117	0.654105	0.313099	0.0145244	0.0182714	1.341024	1.100089
17496	-1235.877	-1454.82	218.9428	0.3906653	0.453869	0.491474	0.0154855	0.0391723	1.307233	1.878586
17502	-1249.096	-1468.167	219.0711	0.4924508	0.456068	0.493855	0.0358953	0.014182	1.030834	1.915842
17508	-1233.973	-1452.903	218.9301	0.3018639	0.454005	0.515314	0.0274441	0.00323643	1.276063	1.947655
17514	-1245.23	-1464.703	219.4725	0.3637964	0.475644	0.507664	0.0133012	0.00339069	1.19364	1.601041
17520	-1248.252	-1467.417	219.1649	0.3666684	0.395306	0.556496	0.0392291	0.00896834	1.114093	1.871648
17526	-1250.214	-1468.365	218.1514	0.4637652	0.451302	0.514373	0.0248566	0.00946863	0.9584623	2.573336
17532	-1244.607	-1463.975	219.3679	0.340433	0.559898	0.285461	0.136408	0.0182334	1.399493	1.538641
17538	-1237.206	-1456.075	218.8694	0.4994546	0.549019	0.279915	0.15245	0.0186155	1.313248	1.856148
17544	-1263.838	-1482.765	218.927	0.3626034	0.239458	0.533026	0.180193	0.0473231	1.221439	1.962
17550	-1247.267	-1466.195	218.9284	0.3835886	0.290876	0.488471	0.191431	0.0292211	1.203969	1.962
17556	-1240.705	-1460.014	219.3087	0.311472	0.413505	0.404504	0.160013	0.0219779	1.417694	1.581053
17562	-1236.094	-1455.505	219.4111	0.2794221	0.490912	0.312109	0.183091	0.0138875	1.234348	1.64873
17568	-1233.841	-1452.513	218.6717	0.3121358	0.306301	0.513572	0.114238	0.0658892	1.085754	2.2394
17574	-1239.826	-1457.871	218.045	0.2809432	0.375206	0.450173	0.139937	0.0346838	0.9105101	2.749157
17580	-1257.468	-1474.8	217.3316	0.3065564	0.542581	0.315982	0.110045	0.0313922	0.845205	3.211284
17586	-1252.227	-1469.25	217.0227	0.2334936	0.471034	0.311261	0.155655	0.0620499	0.6087916	3.538557
17592	-1227.79	-1444.491	216.7005	0.4692675	0.382101	0.44428	0.123284	0.0503346	0.7921484	3.538557
17598	-1231.882	-1447.586	215.7042	0.4213622	0.380113	0.441969	0.127845	0.0500727	0.6048212	4.243399
17604	-1233.972	-1448.897	214.9246	0.3813975	0.357437	0.519711	0.0845547	0.0382975	0.6135365	4.696426
17610	-1239.55	-1454.996	215.4452	0.3307858	0.510502	0.373463	0.0743349	0.0417008	0.7707953	4.335285
17616	-1259.749	-1476.451	216.7022	0.3290172	0.320309	0.517105	0.108354	0.0542318	0.8499499	3.570702
17622	-1245.245	-1464.084	218.8388	0.2894364	0.513473	0.393132	0.0748186	0.0185764	1.223233	2.047069
17628	-1232.586	-1451.429	218.8432	0.2602456	0.622781	0.279978	0.0554838	0.0417572	1.225555	2.047069
17634	-1235.601	-1455.341	219.7398	0.2591832	0.396135	0.47114	0.0695484	0.0631761	1.334242	1.328201
17640	-1229.737	-1449.11	219.3734	0.2789832	0.639257	0.280631	0.0459966	0.0341161	1.362184	1.583538
17646	-1230.855	-1450.715	219.8598	0.2015511	0.572966	0.251529	0.00884054	0.166665	1.429702	1.131686
17652	-1223.633	-1443.492	219.8591	0.2424441	0.552759	0.361963	0.0123633	0.0729148	1.453889	1.126137
17658	-1228.195	-1448.046	219.851	0.2302551	0.395059	0.515084	0.0130272	0.0768303	1.563347	1.029286
17664	-1216.055	-1435.846	219.7911	0.4639147	0.410608	0.535356	0.011671	0.0423652	1.669305	0.8356128
17670	-1221.599	-1441.358	219.7592	0.4000757	0.525484	0.434461	0.0132397	0.0268152	1.735736	0.8637461
17676	-1225.796	-1445.72	219.9241	0.1905771	0.622032	0.285913	0.00862788	0.083427	1.623265	0.86103
17682	-1222.095	-1441.963	219.8683	0.2954513	0.648049	0.27233	0.00898874	0.0706322	1.405804	1.152811
17688	-1228.73	-1448.554	219.8243	0.1989781	0.550072	0.375513	0.0171564	0.0572587	1.509546	1.089399
17694	-1231.157	-1450.984	219.8271	0.1889473	0.73013	0.137317	0.0104633	0.12209	1.496969	1.089399
17700	-1232.764	-1452.587	219.8229	0.2240164	0.657781	0.277346	0.0141695	0.0507034	1.389482	1.210281
17706	-1225.163	-1444.623	219.4599	0.311049	0.540149	0.394212	0.0442144	0.0214253	1.314888	1.545629
17712	-1241.449	-1460.984	219.5342	0.3129796	0.466562	0.467472	0.0381909	0.0277743	1.111889	1.638711
17718	-1232.354	-1451.628	219.274	0.2533824	0.634974	0.265757	0.0236935	0.0755764	1.208367	1.76687
17724	-1215.195	-1434.447	219.2517	0.2350965	0.627477	0.28041	0.0174285	0.0746842	1.229047	1.76687
17730	-1226.679	-1446.264	219.5855	0.2953633	0.616148	0.349263	0.00809252	0.026496	1.375677	1.410023
17736	-1219.893	-1439.552	219.6591	0.2179869	0.559544	0.326976	0.00774894	0.10573	1.303812	1.410127
17742	-1223.73	-1443.062	219.3326	0.2457399	0.506289	0.374838	0.00179542	0.117077	1.079898	1.815238
17748	-1236.822	-1455.836	219.0137	0.2894834	0.563554	0.375008	0.00394098	0.057497	1.288218	1.88624
17754	-1226.601	-1445.328	218.7276	0.3983906	0.577472	0.380672	0.00453915	0.0373167	1.051048	2.187145
17760	-1225.811	-1443.518	217.7068	0.3461751	0.380157	0.58708	0.000576894	0.0321867	0.9549059	2.907863
17766	-1234.803	-1452.38	217.5767	0.334576	0.431737	0.531129	0.000580268	0.0365539	0.789081	3.089898
17772	-1241.401	-1458.799	217.3976	0.2910198	0.641506	0.333916	0.00986418	0.0147146	0.9899568	3.089898
17778	-1228.151	-1446.81	218.6597	0.3944178	0.42911	0.557865	0.00608632	0.00693863	1.287141	2.079423
17784	-1229.282	-1448.188	218.9063	0.2932044	0.311752	0.674271	0.00893669	0.00504097	0.9275686	2.195463
17790	-1218.096	-1435.218	217.1222	0.3111869	0.389126	0.558904	0.0111547	0.0408146	0.7540308	3.38714
17796	-1219.301	-1436.967	217.6658	0.3244863	0.46003	0.500657	0.0157858	0.0235278	0.870956	2.9912
17802	-1212.829	-1430.625	217.7961	0.3542359	0.486766	0.420018	0.0349807	0.0582354	0.7579071	2.969435
17808	-1216.165	-1433.19	217.025	0.2831832	0.409073	0.498306	0.00439467	0.0882266	0.8283379	3.407205
17814	-1223.081	-1441.801	218.7201	0.262097	0.606347	0.309992	0.00651399	0.0771468	0.8909541	2.343429
17820	-1219.406	-1437.777	218.3704	0.3803737	0.525763	0.419689	0.00564827	0.0489004	0.9767954	2.471242
17826	-1234.773	-1453.633	218.8599	0.3284937	0.655444	0.325724	0.000272844	0.0185601	1.197514	2.037752
17832	-1232.513	-1451.528	219.015	0.4140114	0.363191	0.596646	0.000371821	0.0397908	1.197514	1.890709
17838	-1235.33	-1454.94	219.6104	0.3887751	0.320588	0.656839	0.00106379	0.0215087	1.251913	1.440458
17844	-1226.751	-1446.103	219.3521	0.2722266	0.573561	0.404934	0.00263687	0.0188682	1.099978	1.786422
17850	-1229.692	-1448.717	219.025	0.312464	0.510315	0.451922	0.00819117	0.0295719	1.449676	1.760359
17856	-1220.541	-1439.85	219.3089	0.4131742	0.301829	0.622855	0.0449448	0.0303717	1.240327	1.656649
17862	-1218.846	-1437.947	219.1005	0.3787842	0.350137	0.554199	0.0430476	0.0526165	1.164111	1.87512
17868	-1215.749	-1434.832	219.0823	0.3066369	0.315515	0.635873	0.0364253	0.0121863	1.228839	1.87512
17874	-1217.447	-1435.934	218.4864	0.4698929	0.395958	0.536919	0.0516825	0.0154402	1.134354	2.247186
17880	-1230.72	-1449.005	218.2843	0.3123604	0.400238	0.542722	0.0522411	0.00479845	0.8940751	2.604369
17886	-1236.103	-1455.021	218.9188	0.3207561	0.285006	0.532549	0.0850553	0.0973893	0.963404	2.155689
17892	-1227.999	-1445.992	217.9924	0.3113163	0.310379	0.647338	0.0191883	0.0230952	0.9611173	2.74298
17898	-1242.931	-1460.955	218.0241	0.3667812	0.534912	0.427269	0.031118	0.00670101	0.8943614	2.74298
17904	-1231.854	-1449.278	217.4244	0.2936179	0.402141	0.510499	0.0371796	0.0501806	0.8894853	3.133226
17910	-1218.118	-1436.197	218.0787	0.3519602	0.439794	0.519955	0.0196177	0.0206331	0.8927782	2.717072
17916	-1222.786	-1441.101	218.3152	0.2803698	0.393501	0.551505	0.0186061	0.0363872	0.884624	2.598965
17922	-1232.071	-1451.369	219.2985	0.3408795	0.617868	0.345891	0.0281917	0.00804886	1.011916	1.862504
17928	-1240.249	-1458.414	218.1648	0.3003997	0.611597	0.284857	0.0696195	0.0339261	1.03075	2.597213
17934	-1232.043	-1451.247	219.2032	0.2637239	0.569212	0.33568	0.0193136	0.0757949	1.395004	1.684735
17940	-1219.135	-1437.934	218.7993	0.2637239	0.617887	0.285099	0.0477622	0.0492511	1.094914	2.161305
17946	-1226.013	-1445.076	219.0632	0.3655483	0.622235	0.300456	0.0691776	0.00813126	1.147184	1.918841
17952	-1222.324	-1441.655	219.3307	0.429215	0.551556	0.431519	0.00971712	0.00720764	1.275023	1.605614
17958	-1225.826	-1445.35	219.5236	0.289505	0.668166	0.31931	0.00719036	0.00533342	1.236885	1.562934
17964	-1224.847	-1444.367	219.5197	0.2370366	0.690622	0.258977	0.0320726	0.0183282	1.246597	1.562934
17970	-1235.763	-1455.366	219.6029	0.3262372	0.585102	0.395748	0.0162639	0.00288549	1.291836	1.449419
17976	-1225.73	-1445.143	219.4124	0.5503183	0.41584	0.555449	0.022827	0.00588448	1.179424	1.528712
17982	-1213.626	-1433.524	219.8977	0.4141973	0.480701	0.434036	0.0806646	0.00459822	1.383212	1.07336
17988	-1216.85	-1436.688	219.8376	0.3524403	0.404335	0.552284	0.010186	0.0331944	1.154326	1.36104
17994	-1223.198	-1442.747	219.5492	0.3379971	0.440558	0.509254	0.01402	0.0361682	1.279515	1.494052
18000	-1223.759	-1442.849	219.09	0.3269525	0.549385	0.392858	0.0126548	0.0451025	1.272339	1.832726
18006	-1224.694	-1444.033	219.3387	0.2785183	0.475914	0.495084	0.0159477	0.0130545	1.183501	1.73639
18012	-1229.132	-1448.511	219.3787	0.2785183	0.400142	0.525274	0.0654414	0.00914242	1.157451	1.726563
18018	-1233.477	-1452.197	218.7196	0.2630784	0.463187	0.450416	0.0785569	0.00783951	1.133171	2.188248
18024	-1222.311	-1441.417	219.1057	0.2619965	0.50452	0.392952	0.0422083	0.0603204	1.020728	2.008709
18030	-1220.096	-1438.748	218.6528	0.2913638	0.588902	0.339844	0.0174484	0.0538051	0.9993143	2.312728
18036	-1245.518	-1464.962	219.4433	0.2913638	0.660723	0.253392	0.0252907	0.0605942	1.316511	1.562916
18042	-1227.81	-1446.655	218.8446	0.3942407	0.406584	0.524689	0.0523683	0.0163589	1.243027	1.986185
18048	-1232.046	-1451.177	219.1316	0.3689621	0.38473	0.517369	0.0391169	0.0587838	1.195184	1.837731
18054	-1225.913	-1444.467	218.5547	0.4668485	0.431149	0.406471	0.0809383	0.0814421	1.082855	2.238264
18060	-1235.701	-1454.31	218.6085	0.4110377	0.461101	0.388947	0.0774489	0.0725034	1.080224	2.238264
18066	-1230.619	-1448.552	217.933	0.4593945	0.394366	0.534598	0.0662398	0.00479638	1.122863	2.609376
18072	-1229.098	-1447.127	218.029	0.322448	0.606399	0.35707	0.0355817	0.000949134	1.015803	2.683422
18078	-1216.997	-1435.158	218.161	0.2678117	0.632409	0.333596	0.0332426	0.000752248	1.088568	2.569875
18084	-1205.964	-1424.681	218.7161	0.3259125	0.469824	0.484146	0.0403989	0.00563098	1.081226	2.208894
18090	-1218.41	-1436.879	218.4689	0.3189091	0.409716	0.579985	0.00471791	0.005581	0.8560786	2.511144
18096	-1228.044	-1446.824	218.7806	0.3240754	0.347928	0.631979	0.014482	0.005611	0.9596351	2.246394
18102	-1227.562	-1446.66	219.0981	0.2779571	0.575553	0.378044	0.0271181	0.0192844	1.346868	1.790387
18108	-1228.641	-1447.834	219.1932	0.3434627	0.502946	0.454565	0.00796856	0.0345211	1.205587	1.80057
18114	-1234.306	-1453.521	219.2149	0.3620485	0.500411	0.452274	0.0129673	0.0343471	1.144974	1.818506
18120	-1225.275	-1444.019	218.7441	0.3882651	0.48867	0.441662	0.0371627	0.0325048	1.142219	2.122485
18126	-1229.123	-1447.562	218.4394	0.4377629	0.456187	0.454894	0.0238881	0.065031	1.111058	2.311598
18132	-1230.547	-1449.127	218.5803	0.3439505	0.330506	0.544365	0.0649351	0.0601939	1.045929	2.311598
18138	-1226.969	-1444.707	217.7377	0.3826866	0.351042	0.590345	0.0216787	0.0369349	0.7694387	2.984757
18144	-1231.825	-1449.131	217.3066	0.3702113	0.458571	0.480741	0.0262294	0.0344584	0.825524	3.214112
18150	-1234.184	-1452.574	218.3899	0.3114517	0.369692	0.548617	0.0246266	0.0570642	0.9897451	2.479394
18156	-1241.324	-1459.962	218.6383	0.2934366	0.253751	0.657919	0.0222368	0.0660934	0.8957601	2.387198
18162	-1242.475	-1461.482	219.0068	0.3650847	0.402433	0.567806	0.0227261	0.00703496	1.410589	1.777099
18168	-1234.749	-1452.55	217.8008	0.3530993	0.383119	0.593325	0.0217352	0.00182087	1.011811	2.813569
18174	-1242.386	-1460.444	218.0574	0.335937	0.450489	0.432544	0.0956621	0.0213057	0.9707514	2.688739
18180	-1237.768	-1457.043	219.2754	0.2972941	0.425075	0.54542	0.00836518	0.0211403	1.207165	1.759712
18186	-1245.586	-1464.366	218.7792	0.2995558	0.302618	0.575112	0.0063209	0.115949	1.097496	2.166005
18192	-1241.669	-1460.34	218.6708	0.2995558	0.390008	0.497128	0.00386815	0.108996	1.205947	2.166005
18198	-1240.64	-1459.648	219.0076	0.3626857	0.391883	0.550983	0.0011756	0.0559588	1.386228	1.794703
18204	-1236.249	-1455.564	219.3154	0.3214919	0.3076	0.630406	0.000484666	0.0615099	1.547867	1.475376
18210	-1232.203	-1451.955	219.7525	0.2995283	0.612236	0.380052	0.000605238	0.00710765	1.556509	1.120139
18216	-1232.222	-1452.148	219.9261	0.3129913	0.51258	0.482868	0.000131945	0.00441998	1.705745	0.7648454
18222	-1222.937	-1442.874	219.9369	0.2451056	0.586358	0.396445	0.000108329	0.0170892	1.589997	0.9160683
18228	-1229.648	-1449.635	219.9866	0.2538767	0.646474	0.335126	0.000115908	0.0182847	1.54052	0.9160683
18234	-1230.848	-1450.625	219.7773	0.2589445	0.633734	0.328521	0.00161071	0.036134	1.612137	1.055709
18240	-1238.598	-1458.456	219.8579	0.2589445	0.331659	0.55853	0.00273843	0.107072	1.514977	1.071295
18246	-1233.799	-1453.279	219.4805	0.2296849	0.188799	0.667203	0.0160934	0.127905	1.358161	1.508032
18252	-1231.414	-1451.247	219.8325	0.1893069	0.671204	0.164386	0.0132754	0.151134	1.385418	1.184546
18258	-1229.503	-1449.357	219.8538	0.2423875	0.722634	0.176982	0.0234688	0.0769156	1.493941	1.094446
18264	-1224.991	-1444.993	220.0015	0.2249774	0.630893	0.25909	0.0222009	0.0878162	1.524177	0.9127344
18270	-1244.059	-1461.412	217.353	0.2594892	0.54867	0.360662	0.0744145	0.0162534	0.7601806	3.257116
18276	-1236.457	-1455.335	218.8781	0.294282	0.54867	0.360662	0.0744145	0.0162534	1.019209	2.154022
18282	-1235.341	-1455.102	219.7609	0.2519353	0.339241	0.592954	0.0546109	0.0131938	1.394832	1.26195
18288	-1218.204	-1437.9	219.6964	0.4435567	0.347114	0.606716	0.0369962	0.0091738	1.511008	1.116624
18294	-1224.228	-1443.672	219.4443	0.5204102	0.542558	0.425093	0.0259212	0.00642758	1.758982	1.050853
18300	-1225.964	-1445.674	219.7099	0.4319001	0.57693	0.330345	0.0855272	0.00719802	1.887774	0.6757028
18306	-1239.557	-1459.356	219.7987	0.4446564	0.506162	0.391931	0.0921252	0.00978162	1.763621	0.7176361
18312	-1230.402	-1450.147	219.7446	0.4446564	0.474145	0.464646	0.0542124	0.00699666	1.84117	0.6759963
18318	-1228.745	-1448.643	219.8982	0.3463037	0.570089	0.37987	0.0443212	0.0057201	1.768171	0.6759963
18324	-1229.841	-1449.823	219.9819	0.2498329	0.65051	0.299686	0.0406393	0.00916413	1.724381	0.6703313
18330	-1229.292	-1449.187	219.8952	0.2339325	0.666273	0.306948	0.0173926	0.00938619	1.778549	0.7245407
18336	-1232.932	-1452.905	219.973	0.345527	0.600241	0.371381	0.0170215	0.0113565	1.744275	0.5007377
18342	-1228.87	-1448.789	219.9187	0.2210275	0.591964	0.36626	0.0305756	0.0111999	1.747038	0.730712
18348	-1232.493	-1452.371	219.8777	0.2742524	0.527773	0.378531	0.0897367	0.00395951	1.734301	0.811935
18354	-1229.098	-1449.038	219.9407	0.2769013	0.483644	0.438976	0.0645033	0.012876	1.774828	0.6439533
18360	-1229.849	-1449.767	219.9179	0.2820212	0.487826	0.442772	0.024636	0.0447658	1.726336	0.7651244
18366	-1225.916	-1445.873	219.9568	0.2820212	0.367451	0.541702	0.00602795	0.08482	1.742239	0.675186
18372	-1226.171	-1446.099	219.9283	0.2778138	0.470419	0.442681	0.0193674	0.0675324	1.645394	0.8586139
18378	-1219.123	-1438.931	219.8078	0.2976335	0.46106	0.438739	0.0223318	0.0778692	1.703823	0.9217757
18384	-1232.739	-1452.503	219.7641	0.3438746	0.598148	0.36022	0.0323617	0.00927053	1.703823	0.9418195
18390	-1236.951	-1456.888	219.9371	0.2502721	0.669734	0.263846	0.0242714	0.0421492	1.529383	0.9802484
18396	-1231.988	-1451.879	219.8902	0.1929974	0.635792	0.264599	0.0380863	0.0615227	1.68711	0.8273362
18402	-1231.5	-1451.386	219.886	0.3039177	0.461607	0.459894	0.0158596	0.0626395	1.658041	0.8824291
18408	-1226.405	-1446.287	219.8816	0.2613852	0.436297	0.415366	0.033096	0.115241	1.654307	0.9057597
18414	-1230.302	-1450.321	220.019	0.2613852	0.397389	0.521743	0.0175033	0.0633649	1.555116	0.8617082
18420	-1220.858	-1440.672	219.8143	0.26794	0.446968	0.523689	0.00526558	0.0240776	1.809595	0.7978866
18426	-1217.205	-1437.168	219.9631	0.2630557	0.569112	0.339652	0.00996102	0.0812755	1.60626	0.8671504
18432	-1231.463	-1451.256	219.7921	0.2552879	0.409308	0.429256	0.0176253	0.143811	1.916967	0.6645625
18438	-1243.337	-1463.105	219.768	0.3054569	0.429831	0.414342	0.0170129	0.138815	1.827443	0.8192016
18444	-1223.467	-1443.385	219.9181	0.2210829	0.504848	0.415184	0.0284321	0.051536	1.827443	0.5339738
18450	-1231.493	-1451.506	220.0136	0.2211366	0.259663	0.6248	0.0162144	0.0993235	1.560844	0.8547739
18456	-1235.472	-1455.129	219.6568	0.3126436	0.288009	0.609699	0.0272198	0.0750721	1.746482	1.026164
18462	-1236.954	-1456.754	219.8004	0.3329302	0.353786	0.60063	0.0334364	0.0121473	1.562091	1.054558
18468	-1241.379	-1461.282	219.9027	0.2718719	0.266358	0.65344	0.0603315	0.0198713	1.519742	1.022069
18474	-1229.818	-1449.514	219.6969	0.3364543	0.283874	0.642255	0.0592989	0.0145714	1.466571	1.229852
18480	-1227.502	-1446.684	219.1818	0.3267186	0.286509	0.594939	0.0260536	0.0924983	1.403009	1.677251
18486	-1230.254	-1449.559	219.3051	0.2998167	0.444736	0.441484	0.0350816	0.0786988	1.288595	1.680624
18492	-1229.998	-1449.678	219.6799	0.2996385	0.40166	0.471932	0.00693302	0.119475	1.255039	1.428916
18498	-1232.221	-1451.814	219.5931	0.3130027	0.132605	0.839147	0.00586287	0.0223848	1.335574	1.428916
18504	-1250.694	-1470.517	219.8237	0.3631962	0.268438	0.690933	0.0146898	0.025939	1.370518	1.188067
18510	-1235.984	-1455.658	219.6743	0.3683597	0.32622	0.59197	0.0022434	0.0795663	1.379162	1.302525
18516	-1242.454	-1461.64	219.1856	0.4724423	0.442449	0.542479	0.00535409	0.00971749	1.41041	1.583226
18522	-1241.465	-1461.216	219.7511	0.2936158	0.480607	0.493755	0.000573486	0.0250647	1.37501	1.279156
18528	-1238.231	-1457.885	219.6532	0.22681	0.521079	0.455616	0.000176325	0.0231287	1.432879	1.315684
18534	-1230.32	-1449.948	219.6285	0.4104879	0.594048	0.329385	0.0608174	0.0157493	1.50852	1.204578
18540	-1235.503	-1455.171	219.6678	0.323358	0.52907	0.362703	0.0789664	0.0292603	1.325048	1.374764
18546	-1222.107	-1441.789	219.6825	0.3082943	0.536667	0.367912	0.0801003	0.0153205	1.279888	1.404647
18552	-1229.273	-1448.119	218.846	0.3346679	0.508992	0.390473	0.0875011	0.0130337	1.308604	1.970551
18558	-1218.39	-1437.979	219.5895	0.3633685	0.508992	0.390473	0.0875011	0.0130337	1.55621	1.229301
18564	-1229.532	-1448.704	219.1712	0.5750072	0.508992	0.390473	0.0875011	0.0130337	1.491509	1.456216
18570	-1229.06	-1448.478	219.4185	0.2822731	0.604399	0.298224	0.0800282	0.0173496	1.487018	1.456216
18576	-1232.437	-1451.95	219.5133	0.290122	0.590202	0.391434	0.0119799	0.00638412	1.49693	1.37326
18582	-1239.606	-1459.383	219.7765	0.4058703	0.576197	0.382146	0.00761953	0.034038	1.599388	0.9879844
18588	-1241.48	-1461.2	219.7206	0.411881	0.39224	0.578895	0.00665291	0.0222112	1.629858	1.008335
18594	-1228.276	-1447.249	218.9732	0.6561421	0.502242	0.463605	0.0286938	0.00545898	0.9646768	1.912096
18600	-1217.666	-1436.425	218.7589	0.4203469	0.471267	0.515929	0.00672874	0.0060751	1.139914	2.096376
18606	-1228.598	-1448.007	219.4091	0.3846087	0.367961	0.618901	0.0080717	0.00506549	1.387538	1.49281
18612	-1232.127	-1451.201	219.0737	0.388555	0.336008	0.650174	0.00847955	0.00533896	1.255404	1.825622
18618	-1221.006	-1439.807	218.8002	0.3419399	0.519179	0.461054	0.0114921	0.00827464	1.224311	2.054063
18624	-1233.388	-1451.686	218.2981	0.3147495	0.281487	0.605652	0.0234549	0.0894067	0.9244748	2.57626
18630	-1227.141	-1445.626	218.4846	0.3582419	0.460035	0.489299	0.0212629	0.0294024	0.9689108	2.41485
18636	-1232.811	-1450.585	217.7738	0.2699645	0.496663	0.420634	0.0229558	0.0597468	0.9907829	2.866864
18642	-1236.989	-1455.815	218.8269	0.3704089	0.535509	0.425337	0.0212362	0.0179184	1.208516	2.03352
18648	-1234.572	-1453.349	218.7769	0.3479729	0.476402	0.46101	0.0230173	0.0395709	1.063513	2.172005
18654	-1230.807	-1449.587	218.78	0.2741762	0.529325	0.379097	0.0298182	0.0617601	0.9989572	2.234707
18660	-1248.765	-1466.26	217.4941	0.357324	0.282806	0.680522	0.00694011	0.0297314	0.9285079	3.046908
18666	-1242.576	-1460.79	218.2141	0.5050598	0.303885	0.670324	0.00460714	0.0211838	1.002768	2.481417
18672	-1240.616	-1458.323	217.7069	0.299323	0.502991	0.474599	0.00741208	0.0149984	0.8419207	2.991439
18678	-1252.552	-1469.846	217.2941	0.3034274	0.284482	0.534667	0.0849247	0.0959262	0.8543587	3.228962
18684	-1238.627	-1456.376	217.7489	0.2946664	0.545709	0.389844	0.0359403	0.0285064	1.012416	2.864467
18690	-1239.583	-1458.784	219.2004	0.2727299	0.468895	0.366729	0.0421737	0.122202	1.018363	1.94571
18696	-1241.887	-1461.373	219.4856	0.2386871	0.469876	0.365404	0.042262	0.122457	1.248685	1.586609
18702	-1236.599	-1455.63	219.0313	0.4729811	0.327132	0.557234	0.0385944	0.077039	1.229968	1.820007
18708	-1237.113	-1456.155	219.0422	0.3309778	0.591373	0.365304	0.019063	0.0242591	1.229968	1.89273
18714	-1222.25	-1441.465	219.2157	0.249367	0.568491	0.350166	0.0181514	0.0631917	1.14352	1.85196
18720	-1230.863	-1450.646	219.7835	0.2313924	0.274192	0.596104	0.0221304	0.107574	1.311039	1.309896
18726	-1237.931	-1457.066	219.1345	0.2584823	0.343031	0.541772	0.0174281	0.0977693	1.177134	1.884276
18732	-1234.267	-1453.315	219.0484	0.2584823	0.73461	0.225619	0.0094915	0.0302791	1.046855	2.029598
18738	-1231.747	-1450.156	218.4095	0.2641995	0.377949	0.520791	0.0526625	0.048598	0.8401011	2.570192
18744	-1235.218	-1453.85	218.6319	0.4975302	0.446464	0.467696	0.0657825	0.0200575	0.7875802	2.358434
18750	-1214.593	-1432.272	217.6793	0.45423	0.387627	0.570603	0.0320098	0.00976001	0.8683582	2.922598
18756	-1217.533	-1436.16	218.6278	0.250287	0.464543	0.456101	0.0715541	0.00780148	0.9168626	2.385921
18762	-1225.645	-1444.707	219.0617	0.3606116	0.445822	0.462739	0.0725954	0.0188438	1.109449	1.947701
18768	-1237.044	-1456.311	219.2671	0.6657588	0.638395	0.293985	0.0602896	0.00733093	1.266008	1.481962
18774	-1240.93	-1459.932	219.0025	0.4711142	0.610979	0.298496	0.0835087	0.0070161	1.185689	1.871355
18780	-1229.982	-1449.233	219.2511	0.3006716	0.485794	0.40929	0.0946093	0.010307	1.185539	1.790637
18786	-1218.706	-1438.168	219.4618	0.3470502	0.495042	0.461388	0.0209659	0.0226046	1.176541	1.629743
18792	-1222.649	-1441.92	219.2712	0.2214447	0.574724	0.348012	0.0209753	0.0562892	1.026616	1.889893
18798	-1224.657	-1444.412	219.7546	0.2193886	0.568951	0.346972	0.0226973	0.06138	1.14984	1.455554
18804	-1227.53	-1447.183	219.6534	0.2810596	0.511335	0.460513	0.00953833	0.0186144	1.155673	1.529033
18810	-1226.428	-1445.966	219.5382	0.3835557	0.50143	0.42745	0.0634351	0.00768477	1.357357	1.418129
18816	-1229.846	-1449.316	219.4708	0.2826566	0.468495	0.505407	0.00859926	0.0174982	1.351692	1.518638
18822	-1225.469	-1445.398	219.929	0.2480994	0.222794	0.657412	0.0196638	0.10013	1.448143	1.067527
18828	-1225.116	-1445.033	219.9173	0.2510906	0.271844	0.566903	0.0264693	0.134784	1.53074	0.9988664
18834	-1220.907	-1440.95	220.0428	0.2194762	0.632218	0.243926	0.0113892	0.112467	1.602591	0.760502
18840	-1223.484	-1443.396	219.9116	0.2151614	0.684079	0.227139	0.0077373	0.0810454	1.543557	0.982737
18846	-1231.853	-1451.684	219.8306	0.2151614	0.59241	0.293046	0.00998237	0.104562	1.624614	0.982737
18852	-1225.299	-1445.038	219.7386	0.2362317	0.434376	0.454008	0.00891684	0.102699	1.609357	1.093471
18858	-1231.122	-1450.766	219.6439	0.3248317	0.360791	0.580754	0.0114062	0.047049	1.518007	1.237043
18864	-1225.294	-1444.881	219.5874	0.3518305	0.394779	0.498511	0.0248321	0.0818778	1.403851	1.361892
18870	-1211.911	-1431.698	219.787	0.2759171	0.417521	0.52723	0.0183243	0.0369252	1.37753	1.25202
18876	-1212.074	-1431.461	219.3873	0.3731302	0.44865	0.493011	0.0220704	0.0362681	1.192697	1.658181
18882	-1208.885	-1428.171	219.286	0.320204	0.448822	0.4932	0.0177176	0.0402598	1.282617	1.691404
18888	-1221.47	-1440.585	219.1144	0.4192326	0.45766	0.420631	0.0806571	0.0410525	0.9795916	1.967599
18894	-1224.532	-1443.577	219.0454	0.2735272	0.515014	0.40882	0.00790756	0.0682586	1.071404	2.013797
18900	-1225.401	-1444.751	219.3497	0.2413004	0.376713	0.561625	0.0108632	0.0507984	1.271569	1.668437
18906	-1224.97	-1444.431	219.4607	0.2558511	0.511586	0.396459	0.00250588	0.0894492	1.161138	1.668437
18912	-1214.29	-1433.748	219.4573	0.2597706	0.499065	0.39904	0.0425683	0.0593269	1.191535	1.648912
18918	-1222.939	-1442.215	219.2758	0.4587743	0.366776	0.556109	0.032216	0.044899	1.242611	1.648912
18924	-1231.961	-1450.599	218.638	0.2930268	0.484485	0.435089	0.0381072	0.0423187	1.155801	2.221439
18930	-1220.949	-1439.808	218.8591	0.357074	0.36565	0.549157	0.0480978	0.0370949	1.135877	2.066711
18936	-1234.131	-1452.898	218.7672	0.3422157	0.366024	0.549719	0.0457425	0.0385142	0.9320052	2.265638
18942	-1231.414	-1449.872	218.4583	0.4472331	0.198505	0.734901	0.0611517	0.00544218	1.155248	2.265638
18948	-1238.791	-1457.317	218.5269	0.557089	0.458652	0.387481	0.141293	0.0125743	1.028592	2.232839
18954	-1234.652	-1453.139	218.487	0.3911767	0.267823	0.540326	0.174317	0.0175344	1.103634	2.311825
18960	-1243.683	-1462.992	219.3094	0.4255178	0.425419	0.492743	0.071867	0.00997164	1.237102	1.650788
18966	-1244.209	-1463.57	219.3611	0.3293121	0.347035	0.591004	0.039782	0.0221784	1.057408	1.79303
18972	-1249.07	-1467.621	218.5508	0.3544572	0.423294	0.556551	0.00964287	0.0105129	1.200466	2.226832
18978	-1233.484	-1452.26	218.7756	0.3293375	0.619764	0.350761	0.014324	0.0151506	1.117687	2.145314
18984	-1227.933	-1446.88	218.9473	0.3069557	0.600557	0.312283	0.0687867	0.0183727	1.077946	2.066631
18990	-1228.597	-1447.762	219.1647	0.3192804	0.548006	0.376366	0.0596862	0.015942	1.161292	1.860598
18996	-1224.807	-1444.12	219.3133	0.231228	0.639331	0.292836	0.0368948	0.0309379	1.196007	1.746283
19002	-1221.463	-1440.775	219.3119	0.2381269	0.754456	0.209442	0.019834	0.0162681	1.247062	1.712359
19008	-1227.038	-1445.917	218.8791	0.2650125	0.608077	0.350574	0.0141189	0.0272302	1.09941	2.106131
19014	-1229.877	-1448.185	218.3087	0.2787735	0.694942	0.244182	0.0440279	0.0168479	1.16756	2.426707
19020	-1227.005	-1446.527	219.5226	0.2787735	0.453286	0.4669	0.0360999	0.0437148	1.256034	1.55204
19026	-1228.384	-1447.576	219.1916	0.4192387	0.421901	0.408576	0.120895	0.0486273	1.361089	1.65037
19032	-1222.922	-1442.387	219.4652	0.2907762	0.398419	0.501794	0.0511548	0.0486324	1.291593	1.5653
19038	-1225.615	-1444.621	219.0058	0.3365278	0.47062	0.417232	0.0764903	0.0356575	1.227667	1.916688
19044	-1223.737	-1442.444	218.7071	0.3689627	0.593497	0.309053	0.060665	0.0367853	1.204217	2.116003
19050	-1229.721	-1448.435	218.7132	0.3944009	0.29181	0.621104	0.0641208	0.0229654	1.17797	2.116003
19056	-1219.461	-1439.006	219.5456	0.29223	0.487452	0.460522	0.0475428	0.00448368	1.404535	1.419458
19062	-1215.398	-1434.822	219.4239	0.29223	0.53706	0.442935	0.0115234	0.00848177	1.213383	1.6516
19068	-1211.097	-1430.506	219.4087	0.3669589	0.543882	0.424876	0.0152667	0.015975	1.351911	1.52992
19074	-1220.66	-1440.309	219.6488	0.3812186	0.535251	0.418133	0.0130463	0.0335697	1.499727	1.215409
19080	-1222.568	-1442.21	219.6421	0.3119408	0.612959	0.345692	0.00943119	0.031918	1.492472	1.265511
19086	-1218.259	-1437.961	219.7014	0.2544955	0.58906	0.399133	0.0106921	0.00111494	1.383509	1.319705
19092	-1223.689	-1443.378	219.6892	0.3757326	0.581903	0.384821	0.0296688	0.00360755	1.383509	1.28224
19098	-1222.488	-1441.891	219.4029	0.264456	0.674166	0.320485	0.000634957	0.00471466	1.321699	1.593785
19104	-1221.356	-1440.345	218.9885	0.264456	0.597288	0.386067	0.00811717	0.00852761	1.311113	1.892003
19110	-1233.754	-1452.568	218.814	0.2665672	0.53857	0.428788	0.00440897	0.0282331	1.260728	2.042619
19116	-1236.555	-1455.964	219.4082	0.333818	0.532264	0.45058	0.00546055	0.0116954	1.381707	1.524983
19122	-1236.608	-1456.122	219.5137	0.3227315	0.319598	0.622587	0.00515732	0.0526581	1.367175	1.46151
19128	-1232.956	-1452.475	219.5188	0.3148724	0.348322	0.585578	0.00870978	0.0573908	1.239583	1.556318
19134	-1230.827	-1450.333	219.5054	0.2760477	0.555252	0.305255	0.0480085	0.0914852	1.365995	1.483381
19140	-1222.168	-1441.673	219.5052	0.2431559	0.492048	0.40712	0.059576	0.0412566	1.368853	1.483381
19146	-1217.526	-1436.973	219.4463	0.4415242	0.464076	0.48915	0.0323253	0.014448	1.416278	1.404736
19152	-1232.327	-1450.03	217.7028	0.5332189	0.364078	0.580242	0.0384808	0.0171992	1.004504	2.778535
19158	-1232.563	-1451.567	219.0041	0.4107315	0.50063	0.345285	0.14165	0.012435	1.239984	1.871158
19164	-1233.852	-1452.864	219.0119	0.4447185	0.445562	0.41737	0.128473	0.00859622	1.201664	1.871158
19170	-1220.2	-1439.436	219.2365	0.3461062	0.540863	0.325413	0.100167	0.0335568	1.272242	1.722567
19176	-1227.949	-1446.51	218.561	0.3090988	0.282153	0.588768	0.0782498	0.0508293	1.075763	2.317698
19182	-1222.16	-1440.079	217.9192	0.3842784	0.204461	0.702003	0.0567034	0.0368333	0.9791764	2.74702
19188	-1225.411	-1443.951	218.5396	0.323733	0.504587	0.410872	0.0712453	0.0132964	1.129263	2.292262
19194	-1226.431	-1445.397	218.9667	0.3454326	0.392718	0.587961	0.0151899	0.00413118	1.131427	2.003632
19200	-1238.438	-1457.179	218.7413	0.4343199	0.664338	0.299233	0.0354917	0.000937592	1.064177	2.149239
19206	-1235.194	-1454.333	219.1395	0.4525222	0.281047	0.658804	0.0600714	7.72203e-05	1.176917	1.795408
19212	-1236.546	-1456.063	219.517	0.2752876	0.642055	0.299768	0.0580791	9.77341e-05	1.331413	1.500763
19218	-1222.792	-1441.829	219.0371	0.3863474	0.541164	0.411171	0.0473163	0.000348038	1.33335	1.798268
19224	-1239.009	-1457.699	218.6906	0.2487289	0.642217	0.290735	0.0669541	9.39335e-05	1.115006	2.219221
19230	-1228.102	-1445.982	217.8802	0.340117	0.506719	0.45555	0.0376793	5.14782e-05	1.053832	2.744835
19236	-1222.211	-1440.678	218.4672	0.3164906	0.496213	0.496671	0.00702402	9.20587e-05	0.9586949	2.448715
19242	-1218.59	-1437.65	219.0595	0.4776702	0.4555	0.481291	0.0631193	8.92081e-05	1.289083	1.756251
19248	-1219.514	-1438.807	219.2938	0.2592675	0.680023	0.272464	0.047412	0.000101163	1.20351	1.756251
19254	-1227.775	-1446.88	219.105	0.2168398	0.722496	0.230772	0.0464119	0.000320635	1.131912	1.929716
19260	-1237.335	-1456.628	219.293	0.253349	0.741586	0.223974	0.0341637	0.000276087	1.213564	1.749951
19266	-1226.903	-1445.851	218.9476	0.3678561	0.397803	0.587824	0.0141656	0.00020765	1.115258	2.016558
19272	-1222.288	-1440.057	217.7691	0.6001413	0.480903	0.504501	0.0144187	0.000177146	1.138061	2.613193
19278	-1220.058	-1437.474	217.4161	0.4857236	0.402668	0.582804	0.0136636	0.000864547	0.9296328	3.02571
19284	-1235.67	-1453.121	217.4509	0.4495072	0.40217	0.582082	0.0136466	0.00210167	0.9296328	3.02571
19290	-1226.207	-1443.966	217.7589	0.3556728	0.422671	0.559361	0.014381	0.00358736	0.8666709	2.925715
19296	-1228.964	-1446.554	217.5899	0.4203632	0.450539	0.535635	0.0100017	0.00382389	0.9216719	2.962981
19302	-1220.881	-1438.796	217.915	0.4052257	0.450473	0.535556	0.0101473	0.00382333	0.9412113	2.762188
19308	-1228.448	-1447.256	218.8077	0.4924185	0.290838	0.682419	0.0194242	0.00731869	1.055303	2.07527
19314	-1222.036	-1440.451	218.415	0.4016333	0.363347	0.564748	0.0211703	0.0507349	1.112368	2.346617
19320	-1220.943	-1439.345	218.4015	0.3373805	0.568859	0.39565	0.0203567	0.0151343	1.046719	2.427093
19326	-1219.98	-1437.552	217.5723	0.2973687	0.54041	0.40733	0.0297388	0.0225213	0.9613287	3.001061
19332	-1228.489	-1446.092	217.603	0.3295315	0.550057	0.400017	0.0359119	0.0140136	0.9142988	3.001061
19338	-1236.262	-1454.106	217.8435	0.2878909	0.268623	0.637937	0.0631636	0.0302766	1.154279	2.721926
19344	-1236.951	-1455.199	218.2481	0.6588929	0.494609	0.333342	0.116302	0.0557476	0.9470595	2.394497
19350	-1237.021	-1454.695	217.6739	0.3647493	0.376271	0.458971	0.122348	0.0424097	0.8659508	2.973391
19356	-1238.169	-1456.317	218.1487	0.3759586	0.394162	0.443042	0.116912	0.0458834	0.9241832	2.643894
19362	-1216.417	-1433.914	217.497	0.4019214	0.394162	0.443042	0.116912	0.0458834	0.9873182	2.989001
19368	-1230.364	-1448.543	218.1794	0.3864301	0.366386	0.45339	0.127236	0.0529882	0.958807	2.598428
19374	-1239.344	-1456.611	217.267	0.917294	0.499688	0.410542	0.0175036	0.0722668	1.006583	2.797859
19380	-1226.842	-1443.787	216.945	1.023672	0.531058	0.369246	0.0228926	0.0768036	1.116003	2.861858
19386	-1243.369	-1460.837	217.4676	0.9286122	0.461801	0.385513	0.0185531	0.134133	0.7768255	2.808591
19392	-1226.185	-1444.023	217.838	0.6936963	0.525778	0.429407	0.0322971	0.0125178	1.106965	2.528371
19398	-1233.684	-1452.545	218.8613	0.4414306	0.461661	0.39975	0.1305	0.00808878	1.16473	1.999635
19404	-1239.119	-1458.246	219.1276	0.2600867	0.456032	0.394877	0.135727	0.0133641	1.288477	1.812616
19410	-1229.197	-1447.461	218.264	0.2956625	0.60317	0.333156	0.0529581	0.0107162	1.00899	2.550374
19416	-1233.879	-1451.34	217.461	0.2610146	0.590511	0.343783	0.0546475	0.0110581	1.092598	2.994894
19422	-1236.74	-1455.314	218.5745	0.3846571	0.377439	0.553013	0.0578432	0.0117047	1.133512	2.240042
19428	-1243.527	-1461.571	218.044	0.4064485	0.149842	0.745213	0.0933135	0.0116317	1.168965	2.541677
19434	-1230.362	-1448.649	218.2874	0.4349714	0.371044	0.535844	0.0670969	0.0260145	0.9003478	2.541677
19440	-1238.909	-1457.492	218.5826	0.3322242	0.397182	0.519047	0.0603659	0.0234048	1.007126	2.339539
19446	-1229.793	-1448.737	218.9446	0.2430142	0.531707	0.363297	0.0635412	0.0414558	1.029156	2.109641
19452	-1229.06	-1448.358	219.2985	0.2863806	0.445839	0.388373	0.0543117	0.111476	1.109693	1.814126
19458	-1236.314	-1455.068	218.7541	0.3815488	0.492891	0.42936	0.0181645	0.0595848	1.225563	2.064669
19464	-1233.908	-1453.332	219.4235	0.2816825	0.503033	0.376211	0.00318118	0.117576	1.305508	1.587835
19470	-1221.684	-1441.168	219.484	0.2361556	0.553733	0.419562	0.0135175	0.0131881	1.355771	1.508377
19476	-1220.018	-1439.602	219.5837	0.3052549	0.58507	0.376053	0.01176	0.0271166	1.417772	1.375245
19482	-1233.239	-1453.04	219.8014	0.3134544	0.565807	0.370617	0.0222669	0.0413091	1.563494	1.062576
19488	-1230.037	-1449.057	219.0205	0.3134544	0.51552	0.39916	0.0441843	0.0411357	1.490435	1.734634
19494	-1219.874	-1439.676	219.8014	0.2237412	0.484551	0.427955	0.00716888	0.0803256	1.455918	1.17143
19500	-1215.272	-1434.898	219.6257	0.2534254	0.447305	0.483547	0.00773054	0.0614176	1.253797	1.479612
19506	-1204.762	-1424.35	219.5881	0.2871615	0.576194	0.36265	0.0136154	0.0475412	1.357355	1.424423
19512	-1218.82	-1438.443	219.6231	0.2806481	0.458399	0.498719	0.00506026	0.0378221	1.539959	1.252181
19518	-1217.832	-1437.615	219.7833	0.2183913	0.44865	0.416668	0.0236327	0.111049	1.539959	1.110704
19524	-1216.189	-1435.818	219.6298	0.3258026	0.400975	0.478677	0.0211174	0.0992303	1.569246	1.205109
19530	-1211.608	-1431.246	219.6383	0.3335574	0.64237	0.306305	0.0182253	0.0331003	1.556125	1.205109
19536	-1216.693	-1436.611	219.9175	0.2426047	0.68598	0.236437	0.0196257	0.0579577	1.449663	1.076528
19542	-1214.374	-1434.199	219.8249	0.2092174	0.652746	0.274904	0.0228187	0.0495316	1.336372	1.247044
19548	-1220.315	-1439.895	219.58	0.2233135	0.562581	0.329928	0.0175162	0.0899747	1.538042	1.288724
19554	-1223.799	-1443.347	219.5479	0.206088	0.731433	0.243386	0.00550102	0.0196801	1.446777	1.379935
19560	-1221.223	-1440.882	219.6591	0.2012414	0.772704	0.193194	0.0134881	0.020614	1.310462	1.396762
19566	-1217.977	-1437.842	219.8657	0.2266642	0.669531	0.303512	0.0155246	0.0114322	1.551767	1.025218
19572	-1214.234	-1434.059	219.8254	0.2512317	0.604147	0.286785	0.0226509	0.0864162	1.590483	1.030606
19578	-1212.458	-1432.246	219.7878	0.2391044	0.591413	0.338853	0.00980056	0.059934	1.740529	0.9137591
19584	-1227.46	-1447.274	219.8137	0.3122504	0.576084	0.386315	0.016709	0.0208918	1.685641	0.9279676
19590	-1221.096	-1440.862	219.7656	0.3092821	0.474814	0.480549	0.0207848	0.0238528	1.589792	1.073477
19596	-1225.923	-1445.612	219.6885	0.3701332	0.441629	0.534873	0.00275872	0.0207397	1.589792	1.10903
19602	-1216.59	-1435.779	219.1891	0.2251796	0.430249	0.478107	0.00169662	0.0899469	1.213513	1.819139
19608	-1217.116	-1436.639	219.5233	0.3224853	0.386635	0.521874	0.0136426	0.0778481	1.454532	1.386887
19614	-1216	-1435.775	219.7754	0.2436485	0.509698	0.413907	0.0113916	0.0650035	1.314113	1.315678
19620	-1218.73	-1438.621	219.8907	0.2740181	0.352621	0.583616	0.0165222	0.0472412	1.514394	1.038466
19626	-1228.002	-1447.025	219.023	0.2773154	0.368669	0.610175	0.00887013	0.0122861	1.308447	1.868631
19632	-1235.419	-1455.079	219.6598	0.2830738	0.430636	0.509972	0.0103611	0.0490315	1.291726	1.420785
19638	-1224.01	-1443.564	219.553	0.2992187	0.384867	0.554597	0.0188884	0.0416481	1.607545	1.248806
19644	-1227.87	-1447.564	219.6938	0.3313823	0.384178	0.597764	0.00784222	0.0102153	1.503663	1.2036
19650	-1234.268	-1453.538	219.2704	0.5674221	0.38391	0.597346	0.0162489	0.00249575	1.473456	1.399853
19656	-1222.928	-1442.378	219.4496	0.2888741	0.672011	0.314191	0.0116258	0.00217206	1.341377	1.54062
19662	-1235.957	-1455.301	219.3444	0.4416446	0.413066	0.510603	0.0738613	0.00246945	1.304454	1.56583
19668	-1222.953	-1442.126	219.1724	0.3204648	0.385878	0.552292	0.0594856	0.00234518	1.218965	1.815277
19674	-1231.312	-1450.8	219.488	0.3859461	0.514725	0.436417	0.0470051	0.00185314	1.26579	1.524055
19680	-1244.139	-1463.623	219.4833	0.3991024	0.399498	0.476457	0.0686601	0.055385	1.269906	1.516423
19686	-1236.802	-1456.282	219.4803	0.3022611	0.443091	0.508192	0.027982	0.020735	1.363549	1.497203
19692	-1228.953	-1448.527	219.5739	0.3079476	0.446306	0.511879	0.0209286	0.0208855	1.326173	1.452742
19698	-1230.201	-1449.11	218.9092	0.2418561	0.506759	0.451323	0.0197055	0.0222124	1.022558	2.13704
19704	-1232.238	-1452	219.7617	0.3405013	0.501361	0.460312	0.0213829	0.0169438	1.447907	1.188356
19710	-1237.284	-1457.142	219.8584	0.2125238	0.583273	0.336024	0.0397512	0.0409525	1.5509	1.026984
19716	-1225.103	-1444.713	219.6094	0.355237	0.516346	0.439367	0.0161376	0.0281496	1.5858	1.19215
19722	-1229.216	-1448.824	219.6084	0.5457488	0.537069	0.42246	0.0230457	0.017426	1.527761	1.089595
19728	-1227.308	-1446.326	219.0185	0.3795419	0.434636	0.491872	0.0532023	0.0202892	1.146113	1.942454
19734	-1229.651	-1448.501	218.8503	0.4086399	0.449985	0.514224	0.024343	0.0114483	1.090117	2.075735
19740	-1224.729	-1443.659	218.9302	0.3262464	0.582959	0.353211	0.0332632	0.0305663	1.200174	1.990107
19746	-1220.382	-1439.23	218.8479	0.2528589	0.720989	0.240101	0.0176518	0.0212583	1.147879	2.095467
19752	-1223.601	-1442.091	218.4897	0.2147648	0.371135	0.470098	0.0473385	0.111429	1.158581	2.314385
19758	-1229.305	-1447.886	218.5807	0.2288802	0.582916	0.281082	0.0538582	0.0821439	1.17464	2.249518
19764	-1224.552	-1443.756	219.2042	0.2871805	0.616552	0.348597	0.029026	0.00582471	1.179329	1.830919
19770	-1215.581	-1433.48	217.8991	0.3118316	0.491922	0.437417	0.0610556	0.00960505	1.135719	2.693008
19776	-1217.78	-1436.175	218.3953	0.4222526	0.517574	0.389628	0.0804354	0.0123622	1.137489	2.331804
19782	-1229.653	-1447.363	217.7104	0.2896225	0.680638	0.248488	0.057196	0.0136774	1.082369	2.84652
19788	-1227.645	-1445.734	218.0896	0.3127053	0.636306	0.284933	0.0357198	0.0430411	1.21536	2.52562
19794	-1230.944	-1449.906	218.962	0.3319754	0.399406	0.507712	0.0472749	0.0456075	1.401643	1.829817
19800	-1236.08	-1455.28	219.2	0.3524444	0.640866	0.261163	0.0824284	0.0155425	1.150245	1.829817
19806	-1244.146	-1463.689	219.5435	0.2193626	0.682278	0.198649	0.0993826	0.0196905	1.368276	1.449963
19812	-1226.807	-1446.314	219.5066	0.302913	0.595741	0.299299	0.0859198	0.01904	1.399456	1.449963
19818	-1228.225	-1447.592	219.3673	0.4126156	0.56826	0.316061	0.0623742	0.0533048	1.586199	1.353828
19824	-1236.214	-1455.509	219.2954	0.5065467	0.579866	0.332032	0.0825647	0.00553698	1.454361	1.443276
19830	-1224.762	-1444.252	219.4902	0.2927968	0.489814	0.477766	0.0244527	0.00796725	1.428727	1.443276
19836	-1233.406	-1452.964	219.5578	0.4045691	0.438823	0.508793	0.040834	0.0115503	1.183538	1.52187
19842	-1223.902	-1443.137	219.2352	0.4797939	0.549785	0.424467	0.0112767	0.014471	1.424388	1.531154
19848	-1218.185	-1437.033	218.8486	0.2709441	0.540035	0.426425	0.0193257	0.0142144	1.146603	2.094527
19854	-1230.775	-1449.825	219.0502	0.443462	0.495245	0.464459	0.00969911	0.0305972	1.184618	1.857428
19860	-1231.157	-1450.482	219.3246	0.3389415	0.427091	0.508781	0.0235386	0.0405894	1.284717	1.654442
19866	-1223.177	-1442.965	219.7877	0.2529606	0.472654	0.491765	0.0130602	0.0225208	1.273873	1.338435
19872	-1225.443	-1444.044	218.6016	0.3327801	0.386019	0.572903	0.0341239	0.00695368	0.900443	2.39492
19878	-1223.301	-1441.705	218.4039	0.2927845	0.528095	0.425284	0.0424425	0.00417833	1.020395	2.456486
19884	-1232.209	-1450.626	218.4171	0.3309953	0.28739	0.697153	0.0116684	0.00378874	1.044114	2.421392
19890	-1228.093	-1446.601	218.508	0.3543395	0.418833	0.52486	0.0414548	0.0148517	0.9379774	2.421392
19896	-1220.525	-1439.831	219.3064	0.2631046	0.434914	0.509878	0.0407801	0.0144277	1.38236	1.619926
19902	-1214.029	-1433.372	219.3423	0.3302607	0.590731	0.399239	0.00567726	0.00435231	1.395123	1.565354
19908	-1221.194	-1440.606	219.4112	0.3656191	0.374599	0.611673	0.0114186	0.00230925	1.302476	1.565354
19914	-1227.152	-1446.695	219.5435	0.3358955	0.513932	0.475399	0.00887464	0.00179477	1.468252	1.353956
19920	-1219.093	-1438.588	219.4957	0.4088866	0.526056	0.463541	0.00865328	0.00175001	1.625528	1.219212
19926	-1219.55	-1439.039	219.489	0.4701873	0.559455	0.387161	0.0519225	0.00146165	1.353318	1.399473
19932	-1213.236	-1432.31	219.0733	0.3112129	0.514267	0.428146	0.0565753	0.00101168	1.437731	1.73537
19938	-1233.078	-1452.137	219.0591	0.2861017	0.681149	0.276018	0.0424276	0.000404786	1.363164	1.804486
19944	-1218.589	-1437.995	219.4053	0.3100173	0.477393	0.506853	0.0153679	0.000386204	1.316245	1.585093
19950	-1223.453	-1441.98	218.5265	1.069087	0.491147	0.49161	0.0169892	0.000253756	1.062321	1.860143
19956	-1237.589	-1455.567	217.9784	0.9736931	0.843889	0.121029	0.0345658	0.000516286	0.9616786	2.348474
19962	-1227.715	-1445.276	217.5611	1.978599	0.709927	0.251992	0.0375352	0.000545803	1.149546	1.925035
19968	-1235.874	-1453.649	217.7755	1.47498	0.884751	0.038543	0.0736873	0.00301822	1.133923	2.06445
19974	-1227.074	-1445.416	218.3422	1.015059	0.813088	0.0546401	0.130854	0.00141796	1.024197	2.045542
19980	-1229.651	-1447.546	217.8953	1.369052	0.676194	0.268583	0.0441362	0.0110873	1.158794	2.030637
19986	-1245.201	-1462	216.7995	0.8782531	0.622377	0.19921	0.119222	0.0591902	0.7615927	3.248885
19992	-1231.749	-1449.808	218.0595	0.7206724	0.574049	0.320452	0.0973466	0.00815214	0.9339927	2.480219
19998	-1219.354	-1437.784	218.4302	0.4974287	0.551214	0.341408	0.103713	0.00366511	1.186186	2.23266
20004	-1225.358	-1444.392	219.0336	0.2888449	0.44984	0.506373	0.0411425	0.0026451	1.280719	1.877888
20010	-1234.395	-1453.642	219.2475	0.3141619	0.4187	0.447364	0.0969204	0.0370161	1.260812	1.736232
20016	-1237.066	-1455.126	218.0599	0.2773274	0.425268	0.485283	0.0583707	0.0310778	1.061692	2.647785
20022	-1236.438	-1455.242	218.804	0.3659518	0.257369	0.624409	0.0515593	0.0666631	1.081265	2.134467
20028	-1229.914	-1448.478	218.5636	0.4155758	0.306763	0.598102	0.0774094	0.0177256	1.071854	2.269926
20034	-1228.376	-1446.845	218.4694	0.3746998	0.286709	0.559003	0.137721	0.0165668	1.046253	2.367827
20040	-1228.049	-1446.974	218.925	0.2918265	0.316508	0.428899	0.0979346	0.156658	0.9168125	2.190676
20046	-1232.405	-1451.111	218.7061	0.3261169	0.31572	0.507625	0.0924851	0.0841706	1.119244	2.190676
20052	-1225.212	-1444.435	219.2229	0.2790743	0.436419	0.479832	0.0407997	0.0429492	1.245311	1.774054
20058	-1228.963	-1448.179	219.216	0.3256113	0.436419	0.479832	0.0407997	0.0429492	1.123758	1.848759
20064	-1238.984	-1458.12	219.1362	0.2361375	0.264781	0.558389	0.0798604	0.0969703	1.226235	1.848759
20070	-1225.524	-1444.004	218.4798	0.2686737	0.359933	0.499846	0.0483793	0.0918417	1.08723	2.370787
20076	-1233.623	-1451.404	217.7812	0.3788431	0.403182	0.559906	0.0167402	0.0201718	0.9435542	2.855298
20082	-1231.073	-1449.768	218.6947	0.3625646	0.463634	0.492551	0.0316949	0.0121206	0.9435542	2.295617
20088	-1231.009	-1449.324	218.3151	0.3723299	0.467965	0.497152	0.0288213	0.00606168	1.026809	2.478493
20094	-1238.473	-1457.481	219.0077	0.256194	0.385533	0.506804	0.102669	0.00499392	1.051682	2.0535
20100	-1227.611	-1446.427	218.8157	0.2610378	0.578289	0.371323	0.0471979	0.00318946	1.103333	2.145374
20106	-1221.458	-1439.764	218.3056	0.260878	0.439916	0.484428	0.0748147	0.000840937	0.922081	2.584059
20112	-1225.19	-1443.499	218.3083	0.260878	0.509094	0.413877	0.0750613	0.00196775	1.011761	2.526653
20118	-1218.976	-1438.231	219.2546	0.3543818	0.60224	0.334359	0.0601319	0.00326862	1.356363	1.645837
20124	-1230.44	-1449.313	218.8724	0.2699181	0.532571	0.358728	0.0180403	0.0906607	1.322225	1.962285
20130	-1223.497	-1442.45	218.9525	0.2335269	0.546046	0.371516	0.0209187	0.0615192	1.206441	1.986059
20136	-1217.225	-1436.234	219.0092	0.2079729	0.360141	0.431365	0.0119208	0.196574	1.243167	1.915806
20142	-1220.489	-1439.677	219.1872	0.2806922	0.396498	0.521992	0.0336217	0.0478886	1.148325	1.865217
20148	-1226.828	-1445.081	218.2526	0.3872946	0.433831	0.476984	0.0367874	0.0523976	1.139795	2.439386
20154	-1235.606	-1453.742	218.1364	0.5259784	0.451935	0.461904	0.0139302	0.072231	1.19074	2.398816
20160	-1218.892	-1436.861	217.9691	0.3852952	0.492484	0.434394	0.00629593	0.0668265	0.9034694	2.762286
20166	-1223.888	-1442.175	218.287	0.3002815	0.264361	0.634774	0.00321213	0.0976528	0.8342323	2.64313
20172	-1218.083	-1435.686	217.6031	0.3598566	0.229403	0.686003	0.00239273	0.0822007	0.971653	2.954553
20178	-1218.292	-1436.891	218.5991	0.272234	0.35204	0.563411	0.00100859	0.0835408	0.9285077	2.395255
20184	-1215.874	-1433.428	217.5549	0.318273	0.588204	0.383646	0.00512569	0.0230245	0.9161778	3.032587
20190	-1220.085	-1438.925	218.84	0.4946585	0.460948	0.505278	0.00614957	0.0276237	1.046549	2.058296
20196	-1218.088	-1437.213	219.1251	0.3463384	0.427008	0.498294	0.048498	0.0261996	1.291903	1.786559
20202	-1218.255	-1437.78	219.5256	0.27723	0.679363	0.2588	0.0426412	0.019196	1.237618	1.563621
20208	-1213.94	-1433.606	219.6659	0.27723	0.416381	0.543594	0.00943488	0.0305904	1.301885	1.409454
20214	-1224.889	-1444.165	219.2761	0.3338727	0.558773	0.410697	0.0210255	0.00950443	1.391095	1.614987
20220	-1239.753	-1458.585	218.8316	0.4337081	0.415968	0.485369	0.0395019	0.0591611	1.201815	1.999446
20226	-1247.403	-1466.533	219.1304	0.2518343	0.369596	0.557415	0.0300202	0.0429681	1.243625	1.841837
20232	-1232.622	-1452.03	219.4079	0.2909672	0.527782	0.405051	0.00605589	0.0611108	1.282431	1.613723
20238	-1231.884	-1450.186	218.3016	0.4659267	0.557923	0.370365	0.0273845	0.0443273	1.046083	2.423352
20244	-1217.678	-1436.616	218.9386	0.3486877	0.479452	0.419153	0.0776313	0.0237634	1.015565	2.097389
20250	-1223.231	-1441.684	218.4523	0.3226684	0.424909	0.52958	0.0343906	0.0111198	0.9699534	2.448916
20256	-1217.155	-1435.08	217.9247	0.3302862	0.458279	0.498809	0.0370914	0.00582003	1.064699	2.714653
20262	-1224.823	-1442.972	218.1491	0.3649236	0.475358	0.495298	0.0208748	0.00846919	0.9854789	2.610923
20268	-1228.677	-1446.843	218.1655	0.289711	0.344632	0.552436	0.0889945	0.0139376	0.9971296	2.62016
20274	-1225.91	-1443.912	218.0027	0.3130104	0.37885	0.522986	0.0978306	0.000334261	0.8355589	2.812763
20280	-1227.149	-1446.166	219.017	0.36452	0.391811	0.513048	0.0948125	0.00032791	1.157459	1.943589
20286	-1227.298	-1446.592	219.2942	0.36452	0.391856	0.513107	0.0948234	0.000213189	1.306312	1.64811
20292	-1224.055	-1442.428	218.3733	0.5424366	0.402655	0.402051	0.194925	0.000369047	1.100424	2.295015
20298	-1235.798	-1453.527	217.7292	0.5821356	0.378521	0.516661	0.10411	0.000707664	0.9107602	2.788735
20304	-1230.137	-1448.474	218.337	0.688931	0.441092	0.47796	0.0794171	0.0015304	1.133435	2.198172
20310	-1238.108	-1456.671	218.5625	0.392928	0.284937	0.453601	0.25955	0.00191209	1.059036	2.291185
20316	-1239.225	-1457.844	218.619	0.585042	0.369535	0.407968	0.220777	0.00172027	1.23439	2.019036
20322	-1233.702	-1453.602	219.9003	0.3065999	0.238052	0.668518	0.0252856	0.0681447	1.374634	1.147845
20328	-1234.772	-1453.385	218.6129	0.2755169	0.303001	0.559494	0.062417	0.0750887	1.293312	2.152082
20334	-1223.85	-1441.364	217.5139	0.346281	0.330575	0.54157	0.0535597	0.074295	0.9409874	3.032144
20340	-1228.814	-1447.878	219.0639	0.3095603	0.447888	0.416722	0.0801481	0.0552419	1.233096	1.883791
20346	-1234.931	-1454.051	219.1198	0.2783216	0.365837	0.555392	0.0336485	0.0451219	1.34625	1.775673
20352	-1225.214	-1444.289	219.0744	0.2674178	0.474616	0.470353	0.0182867	0.0367441	1.283188	1.852174
20358	-1222.489	-1441.718	219.229	0.25101	0.228311	0.649288	0.0219567	0.100444	1.129903	1.852174
20364	-1231.023	-1450.59	219.567	0.2153913	0.658697	0.28864	0.0112622	0.041401	1.231089	1.533998
20370	-1228.06	-1446.809	218.7496	0.2120926	0.593688	0.260542	0.0164291	0.129341	1.146689	2.1536
20376	-1225.257	-1444.157	218.8999	0.2193218	0.605012	0.33015	0.0208185	0.0440189	1.000191	2.1536
20382	-1218.251	-1437.259	219.0075	0.2887963	0.475444	0.482694	0.0342669	0.00759505	1.130269	1.996916
20388	-1222.556	-1441.795	219.239	0.2758406	0.446738	0.442184	0.0934851	0.0175929	1.143576	1.833822
20394	-1225.536	-1444.533	218.9968	0.2758406	0.414958	0.483728	0.0306347	0.0706796	1.042198	2.064962
20400	-1242.201	-1461.382	219.181	0.4070156	0.428475	0.543891	0.022737	0.00489708	1.270278	1.729927
20406	-1230.716	-1448.334	217.6182	0.3800293	0.37998	0.557377	0.0524554	0.0101874	1.150059	2.828318
20412	-1230.242	-1448.781	218.5395	0.3230432	0.374126	0.456338	0.161555	0.00798172	1.080209	2.323865
20418	-1227.674	-1446.245	218.5707	0.2542941	0.338317	0.610862	0.0384657	0.0123554	1.071703	2.323865
20424	-1226.838	-1446.002	219.164	0.3400677	0.412386	0.553128	0.0112872	0.023198	1.32026	1.742521
20430	-1214.809	-1433.084	218.2746	0.3423886	0.392279	0.572531	0.00352608	0.0316647	1.193081	2.412771
20436	-1224.267	-1443.127	218.8594	0.3423886	0.373078	0.580417	0.0118315	0.0346737	1.171908	2.049334
20442	-1224.567	-1443.233	218.6654	0.3678947	0.36132	0.60756	0.0123848	0.0187352	1.171908	2.164815
20448	-1212.334	-1430.723	218.3896	0.2783809	0.469351	0.490224	0.0160877	0.0243369	1.103861	2.415882
20454	-1221.921	-1441.093	219.1727	0.2468837	0.590099	0.389978	0.0137548	0.00616784	1.319773	1.759733
20460	-1221.013	-1440.728	219.7157	0.2624254	0.622086	0.360322	0.00474408	0.0128485	1.217218	1.438455
20466	-1219.985	-1439.881	219.896	0.2935539	0.514394	0.392462	0.0264565	0.066688	1.466457	1.073272
20472	-1236.129	-1456.068	219.9389	0.2082701	0.528319	0.383037	0.0235571	0.0650866	1.73557	0.7050489
20478	-1222.926	-1442.877	219.9502	0.2254527	0.706236	0.251119	0.0122844	0.0303603	1.644264	0.8321863
20484	-1226.105	-1446.024	219.9187	0.2440193	0.715731	0.254495	0.0115518	0.018222	1.668393	0.8463731
20490	-1222.449	-1442.325	219.8756	0.2440193	0.62883	0.347854	0.00884135	0.0144747	1.508918	1.060296
20496	-1226.803	-1446.537	219.7347	0.2562219	0.639426	0.292996	0.00399907	0.063579	1.552906	1.149118
20502	-1223.826	-1442.288	218.4621	0.3412219	0.45381	0.488766	0.0465228	0.0109011	0.9810788	2.428739
20508	-1237.78	-1454.8	217.0199	0.3412219	0.330663	0.628307	0.0305323	0.0104977	0.8486319	3.381487
20514	-1239.964	-1459.518	219.5537	0.3317349	0.531512	0.425142	0.0103672	0.0329786	1.236802	1.525474
20520	-1228.419	-1447.924	219.5056	0.3238987	0.485863	0.490521	0.0156915	0.00792409	1.289489	1.525474
20526	-1234.241	-1453.826	219.5846	0.2936235	0.458769	0.499245	0.0205137	0.0214729	1.265706	1.49504
20532	-1231.939	-1451.311	219.3723	0.3079614	0.527956	0.40196	0.0494422	0.0206424	1.367396	1.57254
20538	-1233.652	-1453.007	219.3543	0.2307338	0.667104	0.251435	0.0553785	0.026083	1.270667	1.66433
20544	-1230.734	-1448.701	217.9671	0.3020527	0.362087	0.51112	0.0528804	0.0739125	1.162991	2.637229
20550	-1235.669	-1453.936	218.2676	0.2171276	0.681263	0.256882	0.0247079	0.0371473	1.036664	2.531871
20556	-1237.108	-1456.662	219.5543	0.2432034	0.689481	0.259284	0.0221999	0.0290353	1.452989	1.380998
20562	-1228.985	-1448.128	219.1436	0.2426529	0.53544	0.31502	0.0296079	0.119932	1.274945	1.810843
20568	-1229.464	-1448.87	219.4058	0.240489	0.571639	0.305505	0.0187	0.104156	1.295757	1.610654
20574	-1231.744	-1451.269	219.5244	0.2688829	0.598434	0.326492	0.0655036	0.00957061	1.420533	1.428522
20580	-1231.801	-1450.956	219.1549	0.281225	0.61953	0.338002	0.0407675	0.00170041	1.360066	1.740956
20586	-1232.254	-1451.591	219.3367	0.2604315	0.637762	0.347949	0.012287	0.00200254	1.24141	1.699288
20592	-1226.361	-1445.106	218.7447	0.2290504	0.709455	0.237038	0.0512794	0.00222766	1.129396	2.172817
20598	-1221.591	-1439.469	217.8779	0.3778334	0.661831	0.288253	0.0478372	0.00207812	1.046027	2.734498
20604	-1226.121	-1443.949	217.8276	0.3175611	0.42227	0.522444	0.0519143	0.00337173	0.9093899	2.872745
20610	-1231.404	-1449.807	218.403	0.2971635	0.429473	0.488941	0.0794583	0.00212748	1.12921	2.387438
20616	-1242.138	-1458.982	216.8444	0.2799523	0.465148	0.492485	0.0391286	0.00323825	0.7111665	3.581507
20622	-1231.061	-1448.917	217.8563	0.3638652	0.575071	0.352391	0.0554153	0.017122	1.032788	2.762253
20628	-1232.071	-1450.06	217.9894	0.4831342	0.614092	0.355044	0.0190453	0.0118189	1.078816	2.587519
20634	-1230.235	-1447.513	217.2778	0.4076273	0.587953	0.365886	0.0281476	0.0180138	0.99281	3.113873
20640	-1229.761	-1447.557	217.7957	0.3005448	0.634858	0.312438	0.0240358	0.0286683	0.8924022	2.907278
20646	-1235.986	-1454.891	218.9051	0.2730747	0.620567	0.305405	0.0460054	0.028023	1.060592	2.113611
20652	-1230.015	-1448.863	218.8479	0.3935483	0.569803	0.344051	0.0655952	0.0205508	1.321665	1.931531
20658	-1228.252	-1447.533	219.2814	0.2863414	0.67188	0.31473	0.00875332	0.00463752	1.248753	1.729153
20664	-1221.637	-1441.49	219.8528	0.328965	0.627845	0.344688	0.00639891	0.0210673	1.62285	0.9434751
20670	-1229.727	-1449.433	219.7057	0.4291886	0.483509	0.479521	0.00349136	0.0334786	1.692623	0.9434751
20676	-1231.457	-1451.339	219.8821	0.1912383	0.710436	0.265207	0.00274458	0.0216119	1.643223	0.8875823
20682	-1241.135	-1461.21	220.0753	0.2277756	0.631982	0.317523	0.01242	0.0380748	1.562222	0.7763656
20688	-1219.346	-1439.249	219.9022	0.3438396	0.609027	0.32486	0.0230589	0.0430544	1.598465	0.906217
20694	-1219.015	-1438.894	219.8794	0.2541037	0.564272	0.372482	0.050136	0.0131101	1.693845	0.8633445
20700	-1244.989	-1464.069	219.0798	0.261846	0.694488	0.26121	0.0313857	0.012917	1.406008	1.764099
20706	-1232.745	-1452.228	219.4832	0.2435836	0.655565	0.319989	0.0224818	0.00196405	1.294883	1.554981
20712	-1233.641	-1452.141	218.4993	0.3228957	0.514821	0.453278	0.0293383	0.00256305	1.13941	2.311816
20718	-1240.312	-1459.632	219.3199	0.3136282	0.442108	0.488408	0.0512942	0.0181899	1.252965	1.690849
20724	-1235.929	-1454.708	218.7793	0.2726622	0.497447	0.44806	0.0440066	0.0104866	1.240566	2.078084
20730	-1244.986	-1464.819	219.8328	0.2898403	0.598156	0.338764	0.033802	0.0292786	1.86744	0.6679489
20736	-1245.806	-1465.774	219.9683	0.2439439	0.571083	0.312308	0.0341332	0.0824761	1.731028	0.6829288
20742	-1232.343	-1451.616	219.2729	0.2575505	0.633	0.303983	0.0546857	0.00833117	1.196203	1.775973
20748	-1231.318	-1450.237	218.9189	0.3145386	0.578599	0.347689	0.0641836	0.009529	0.9474718	2.16815
20754	-1232.776	-1451.051	218.2757	0.2790719	0.613666	0.318755	0.0588424	0.00873603	0.9047621	2.611175
20760	-1222.832	-1440.676	217.844	0.4775908	0.535766	0.388014	0.0613501	0.0148707	1.01638	2.718936
20766	-1225.01	-1442.921	217.9109	0.2962757	0.537962	0.389604	0.0605219	0.0119118	1.088663	2.718936
20772	-1222.512	-1440.285	217.7725	0.417824	0.324263	0.624867	0.0403015	0.0105686	0.9330203	2.847235
20778	-1222.46	-1440.113	217.6533	0.3245018	0.502116	0.433639	0.0478796	0.0163654	0.8188537	3.029913
20784	-1221.759	-1438.173	216.4137	0.3245018	0.451423	0.467125	0.0634309	0.0180212	0.8140384	3.760053
20790	-1234.384	-1452.056	217.6728	0.248121	0.415402	0.450798	0.108997	0.0248039	0.6942401	3.10667
20796	-1229.791	-1447.996	218.2048	0.3235883	0.416341	0.449073	0.10009	0.0344962	1.02971	2.565864
20802	-1230.118	-1449.226	219.1082	0.3293124	0.507629	0.345587	0.0689891	0.0777951	1.251873	1.833353
20808	-1235.516	-1453.992	218.4756	0.3141675	0.553177	0.310792	0.009557	0.126474	1.447344	2.131442
20814	-1238.692	-1457.845	219.1531	0.4309881	0.59769	0.3358	0.010326	0.0561837	1.205485	1.779897
20820	-1238.519	-1456.645	218.1258	0.2467042	0.407242	0.306586	0.0155792	0.270593	0.7924605	2.774508
20826	-1237.774	-1455.787	218.0128	0.3517336	0.281132	0.54442	0.00949697	0.164951	0.8446882	2.786817
20832	-1233.616	-1452.649	219.0327	0.3421386	0.40062	0.523258	0.0249362	0.0511856	1.21394	1.905361
20838	-1232.43	-1451.605	219.1752	0.2887737	0.689726	0.25873	0.0307051	0.0208389	1.24877	1.802651
20844	-1234.364	-1453.593	219.2291	0.3233507	0.587	0.301817	0.0178436	0.0933398	1.204024	1.785285
20850	-1221.077	-1440.373	219.2963	0.2741628	0.549091	0.395077	0.0111665	0.0446654	1.340822	1.655656
20856	-1219.847	-1439.083	219.2361	0.3154203	0.49249	0.354352	0.0195044	0.133654	1.209999	1.779253
20862	-1220.554	-1439.322	218.7687	0.3614906	0.375141	0.517408	0.0137245	0.0937269	1.105082	2.144144
20868	-1226.4	-1445.721	219.3206	0.397358	0.398827	0.550078	0.0145911	0.0365041	1.480836	1.481381
20874	-1222.882	-1442.305	219.4233	0.3734422	0.523066	0.399347	0.00688228	0.0707048	1.33854	1.525366
20880	-1231.69	-1450.744	219.0536	0.2778589	0.521016	0.397781	0.0107752	0.0704277	1.357525	1.813841
20886	-1213.412	-1432.504	219.0925	0.3641412	0.368492	0.598467	0.00400843	0.0290319	1.180352	1.877092
20892	-1218.973	-1437.82	218.8468	0.2954991	0.51768	0.409149	0.00717119	0.0659991	1.211593	2.048001
20898	-1238.554	-1457.44	218.8866	0.279411	0.491246	0.353248	0.0552346	0.100271	1.104192	2.09608
20904	-1244.814	-1463.338	218.524	0.3039664	0.474385	0.470145	0.0372311	0.0182389	1.201505	2.262467
20910	-1234.245	-1451.98	217.7349	0.2926357	0.452425	0.49795	0.0422372	0.00738727	1.060849	2.844042
20916	-1233.092	-1451.532	218.4395	0.4516991	0.481792	0.440138	0.0537183	0.0243517	1.4403	2.090075
20922	-1223.675	-1442.403	218.7273	0.4840789	0.586016	0.372916	0.0223831	0.0186849	1.365282	1.927701
20928	-1244.201	-1463.644	219.443	0.261685	0.745304	0.208402	0.0202419	0.0260525	1.434033	1.481038
20934	-1255.144	-1474.588	219.4439	0.2852955	0.636328	0.331247	0.0124276	0.0199977	1.458669	1.457743
20940	-1229.767	-1448.227	218.4596	0.3258417	0.423609	0.527354	0.0171997	0.0318369	1.288624	2.24058
20946	-1231.295	-1450.279	218.9839	0.4033952	0.431716	0.548517	0.00772897	0.0120384	1.018304	2.037906
20952	-1229.742	-1447.413	217.6702	0.3313089	0.351662	0.623568	0.00640005	0.0183707	0.9798606	2.920551
20958	-1227.132	-1444.858	217.7255	0.2315587	0.721939	0.208305	0.0131764	0.0565803	0.9153247	2.941221
20964	-1232.7	-1451.611	218.9108	0.2168085	0.792207	0.150716	0.0171361	0.039941	1.159217	2.041263
20970	-1225.279	-1444.685	219.4056	0.2475793	0.575115	0.374028	0.0142471	0.0366099	1.186761	1.689452
20976	-1219.22	-1438.378	219.158	0.2254679	0.549709	0.357505	0.00168933	0.0910959	1.110875	1.910572
20982	-1221.982	-1441.264	219.2817	0.2209842	0.602539	0.299911	0.00185168	0.0956983	1.277396	1.708744
20988	-1232.308	-1452.029	219.7209	0.2600218	0.495107	0.438291	0.00185229	0.0647498	1.548594	1.164815
20994	-1227.312	-1446.996	219.6839	0.2501264	0.682898	0.292275	0.00107903	0.0237488	1.336562	1.370987
21000	-1224.629	-1444.594	219.9657	0.2393579	0.621953	0.327023	0.00114665	0.0498775	1.457365	1.022727
21006	-1216.508	-1436.269	219.7612	0.2398408	0.648087	0.295948	0.00399079	0.0519733	1.584178	1.096375
21012	-1225.824	-1445.131	219.3075	0.4174084	0.48977	0.431874	0.0282915	0.0500647	1.391411	1.545096
21018	-1234.274	-1453.264	218.9897	0.3455906	0.480609	0.423796	0.0594119	0.036183	1.340593	1.846766
21024	-1228.606	-1448.131	219.5246	0.2914939	0.626826	0.33979	0.0272397	0.00614431	1.366995	1.464491
21030	-1227.171	-1446.648	219.4773	0.4215926	0.551765	0.36567	0.0739139	0.00865131	1.255642	1.517074
21036	-1230.252	-1449.53	219.2778	0.3144928	0.313048	0.592583	0.0863872	0.00798178	1.204477	1.754357
21042	-1225.617	-1445.103	219.486	0.426565	0.527057	0.454739	0.00701982	0.0111849	1.178695	1.564277
21048	-1234.549	-1453.32	218.7704	0.4000704	0.497032	0.465848	0.00934912	0.0277708	1.053058	2.157116
21054	-1234.459	-1452.357	217.8986	0.3412029	0.411087	0.571715	0.00602365	0.0111736	0.9565848	2.792475
21060	-1238.292	-1456.503	218.2112	0.3990174	0.27739	0.695866	0.00990913	0.0168351	1.145032	2.456034
21066	-1240.923	-1459.221	218.2974	0.2660488	0.633007	0.338956	0.0139472	0.0140902	1.190366	2.421107
21072	-1227.663	-1446.844	219.1806	0.29031	0.518929	0.455853	0.0164774	0.00874085	1.23152	1.810501
21078	-1241.793	-1461.356	219.5631	0.3987067	0.570888	0.403646	0.0196588	0.00580691	1.314121	1.422704
21084	-1231.434	-1451.073	219.6389	0.3724227	0.583331	0.389293	0.0214424	0.00593348	1.357125	1.346155
21090	-1223.078	-1442.717	219.6384	0.3103655	0.577097	0.392605	0.0283616	0.00193624	1.482626	1.277333
21096	-1219.12	-1438.684	219.5632	0.2629992	0.352271	0.582719	0.0117731	0.0532369	1.303425	1.488768
21102	-1216.885	-1436.282	219.3966	0.3491122	0.440655	0.449038	0.0146632	0.0956432	1.326772	1.566861
21108	-1217.298	-1437.133	219.8352	0.3665993	0.313922	0.586886	0.0131857	0.0860063	1.484107	1.073675
21114	-1230.279	-1450.075	219.7958	0.364344	0.338391	0.593949	0.00814671	0.0595141	1.368413	1.213045
21120	-1232.291	-1451.83	219.5388	0.3627192	0.366468	0.560522	0.00855824	0.0644522	1.313845	1.463201
21126	-1230.238	-1448.513	218.2745	0.276857	0.408523	0.545836	0.0245605	0.0210805	0.9832582	2.563605
21132	-1214.901	-1433.803	218.9017	0.3155433	0.451859	0.489687	0.0276613	0.0307931	0.9962858	2.147229
21138	-1223.188	-1441.727	218.5392	0.367684	0.28945	0.644437	0.0364028	0.0297105	0.8921943	2.424475
21144	-1214.102	-1432.481	218.3791	0.4363902	0.384132	0.538517	0.0594458	0.0179053	0.8795976	2.496562
21150	-1216.334	-1434.51	218.1764	0.4022607	0.384226	0.538649	0.0271342	0.0499908	0.9122776	2.620937
21156	-1238.138	-1457.582	219.444	0.2887808	0.403129	0.563525	0.0193934	0.0139517	1.264503	1.601119
21162	-1242.179	-1461.123	218.9438	0.2581692	0.539906	0.357297	0.0812045	0.0215917	1.129593	2.044115
21168	-1232.947	-1451.697	218.7499	0.5196264	0.390082	0.552813	0.0449434	0.0121623	1.249354	1.96662
21174	-1235.133	-1453.963	218.8292	0.4005275	0.507222	0.391984	0.0814749	0.0193189	1.255106	1.984906
21180	-1251.314	-1468.694	217.3808	1.631936	0.773556	0.115482	0.0185506	0.0924113	1.166191	2.213994
21186	-1243.562	-1461.121	217.559	0.8200231	0.610841	0.34491	0.0138502	0.0303987	1.060794	2.647373
21192	-1233.539	-1452.62	219.0817	0.4807319	0.328248	0.656428	0.0121872	0.00313613	1.320625	1.716458
21198	-1235.794	-1454.593	218.7995	0.8505862	0.585802	0.387948	0.0238853	0.00236513	1.379527	1.600081
21204	-1233.632	-1452.315	218.683	0.8598094	0.35214	0.572756	0.0718817	0.00322269	1.333292	1.709862
21210	-1244.746	-1464.017	219.271	0.4313491	0.494755	0.443251	0.0365812	0.0254131	1.187231	1.709862
21216	-1239.028	-1457.675	218.6472	0.3550289	0.493435	0.445682	0.0342721	0.0266105	1.080629	2.24165
21222	-1227.19	-1445.877	218.6869	0.3465368	0.564636	0.415029	0.0066131	0.0137216	1.102224	2.205846
21228	-1236.457	-1455.311	218.8538	0.3249264	0.502596	0.442436	0.00728932	0.0476783	1.238519	2.015973
21234	-1231.532	-1450.406	218.8744	0.2940347	0.615049	0.372894	0.00614357	0.00591411	1.18422	2.048249
21240	-1232.977	-1451.952	218.9752	0.4085776	0.411064	0.570885	0.0120361	0.00601489	1.124354	1.970123
21246	-1240.192	-1459.696	219.504	0.5344086	0.381987	0.594279	0.0155711	0.00816256	1.525964	1.194488
21252	-1237.484	-1457.039	219.5547	0.3246631	0.360696	0.59093	0.0239894	0.0243851	1.340931	1.449435
21258	-1239.335	-1459.011	219.6768	0.3104185	0.296357	0.679734	0.0151117	0.00879673	1.47598	1.251036
21264	-1231.783	-1451.222	219.4391	0.341289	0.288078	0.67733	0.0260417	0.00855097	1.388345	1.493419
21270	-1222.688	-1442.25	219.562	0.4296321	0.556807	0.384016	0.0503344	0.00884233	1.55618	1.20623
21276	-1244.382	-1463.944	219.5624	0.4003747	0.455979	0.435089	0.0412197	0.0677129	1.450419	1.314765
21282	-1242.391	-1462.029	219.6381	0.2738247	0.452558	0.456855	0.0310213	0.0595655	1.457298	1.309148
21288	-1241.379	-1461.02	219.6412	0.2636582	0.688682	0.252943	0.0317644	0.0266111	1.363076	1.383091
21294	-1243.637	-1463.617	219.9806	0.2115441	0.644483	0.313212	0.0251422	0.0171631	1.752132	0.5746576
21300	-1244.29	-1464.139	219.8495	0.2936477	0.5096	0.45627	0.0198802	0.0142499	1.852351	0.6618342
21306	-1230.607	-1450.497	219.8899	0.2764372	0.651886	0.328653	0.014692	0.00476858	1.823425	0.6491856
21312	-1217.636	-1437.122	219.4864	0.2274744	0.794779	0.168065	0.0293113	0.00784451	1.404487	1.468219
21318	-1221.629	-1441.143	219.5141	0.3012012	0.454348	0.480341	0.0456379	0.0196735	1.404487	1.440898
21324	-1216.541	-1436.085	219.5438	0.3639501	0.312536	0.6018	0.0598598	0.0258042	1.276484	1.486944
21330	-1245.208	-1465.149	219.9411	0.3080495	0.561264	0.359007	0.0632353	0.0164942	1.787152	0.5764928
21336	-1260.803	-1480.581	219.778	0.4009219	0.422827	0.552683	0.0120644	0.0124258	1.869372	0.6271005
21342	-1238.446	-1457.958	219.5119	0.2187967	0.623351	0.307174	0.032718	0.0367569	1.540836	1.339854
21348	-1227.109	-1446.476	219.3669	0.2297907	0.651844	0.306333	0.00338577	0.0384371	1.379362	1.576405
21354	-1222.334	-1441.291	218.9574	0.2927865	0.604702	0.356429	0.00428064	0.0345881	1.348557	1.882645
21360	-1213.796	-1432.553	218.7565	0.3737346	0.471832	0.454962	0.0173129	0.055893	1.106107	2.145428
21366	-1213.648	-1432.33	218.6815	0.3688103	0.434084	0.48991	0.0278954	0.0481109	1.184891	2.145428
21372	-1218.208	-1436.739	218.5313	0.3722248	0.567256	0.351972	0.00808574	0.0726862	0.9421596	2.39579
21378	-1220.82	-1439.125	218.3048	0.2397762	0.515918	0.375079	0.0285594	0.0804439	1.045819	2.507354
21384	-1226.253	-1445.251	218.9978	0.3201969	0.472347	0.420525	0.0169365	0.0901909	1.064898	2.037421
21390	-1230.113	-1449.527	219.4141	0.2326368	0.541305	0.237563	0.0349603	0.186172	1.220188	1.658045
21396	-1222.813	-1442.057	219.2442	0.2372562	0.664986	0.25176	0.0692283	0.0140249	1.379024	1.666606
21402	-1228.322	-1448.04	219.7187	0.2481479	0.559457	0.315322	0.0601489	0.0650716	1.260692	1.403074
21408	-1229.496	-1449.037	219.5409	0.2356485	0.676748	0.264795	0.0180318	0.0404252	1.436984	1.403074
21414	-1232.193	-1451.637	219.4432	0.2356485	0.589417	0.329829	0.0303997	0.0503537	1.522327	1.412703
21420	-1235.07	-1454.551	219.4813	0.2925438	0.650897	0.301966	0.0269406	0.0201967	1.434407	1.445784
21426	-1247.198	-1466.758	219.56	0.2225772	0.729989	0.185066	0.0302142	0.0547311	1.565088	1.282668
21432	-1253.034	-1472.775	219.7408	0.2129604	0.586016	0.324571	0.0875894	0.00182376	1.466161	1.210481
21438	-1234.94	-1453.964	219.0242	0.5359212	0.586458	0.280546	0.130694	0.0023024	1.244524	1.771326
21444	-1233.757	-1452.624	218.8666	0.4271287	0.513334	0.33897	0.146982	0.000713904	1.133835	2.025326
21450	-1240.047	-1459.277	219.2297	0.396598	0.417107	0.437229	0.145493	0.000171273	0.9714917	1.90848
21456	-1234.806	-1453.165	218.3589	0.4427646	0.55161	0.367974	0.0803282	8.82465e-05	1.141709	2.340429
21462	-1223.555	-1442.133	218.5774	0.2994017	0.347439	0.567946	0.0845214	9.28531e-05	1.028038	2.340429
21468	-1218.614	-1437.884	219.27	0.3790979	0.483915	0.409929	0.102394	0.00376132	1.202439	1.731146
21474	-1220.476	-1439.344	218.8677	0.4345787	0.447718	0.438681	0.109576	0.00402514	1.23189	1.954623
21480	-1218.125	-1437.615	219.4902	0.4102728	0.577457	0.320842	0.0965093	0.00519154	1.263068	1.509276
21486	-1215.278	-1434.694	219.4161	0.312387	0.526246	0.420104	0.0512414	0.00240861	1.406908	1.509276
21492	-1225.493	-1445.189	219.6963	0.2398839	0.598686	0.338261	0.0584651	0.00458809	1.713259	1.035963
21498	-1217.8	-1437.595	219.7945	0.2883117	0.55119	0.381522	0.0623918	0.00489624	1.568531	1.074476
21504	-1221.433	-1440.884	219.451	0.3778602	0.625028	0.310949	0.0629741	0.00104858	1.580852	1.314125
21510	-1223.112	-1442.642	219.5299	0.4818341	0.509477	0.438335	0.0513319	0.000855609	1.840103	0.9205151
21516	-1224.954	-1444.639	219.6849	0.2725041	0.642576	0.317349	0.0398495	0.000225482	1.413011	1.307376
21522	-1242.786	-1462.229	219.4434	0.3014508	0.643301	0.317707	0.0387379	0.000253617	1.412249	1.488631
21528	-1243.079	-1462.762	219.6825	0.2903786	0.688112	0.273785	0.0372246	0.000877798	1.466105	1.261637
21534	-1250.599	-1469.488	218.8892	0.6139233	0.507973	0.460298	0.0189428	0.0127853	1.18406	1.850303
21540	-1249.346	-1468.544	219.1972	0.5384584	0.452895	0.493635	0.0402032	0.0132673	1.286171	1.617177
21546	-1241.59	-1461.021	219.4311	0.5176822	0.471863	0.495533	0.0126364	0.0199677	1.347399	1.412566
21552	-1250.176	-1469.648	219.471	0.2879273	0.390067	0.509204	0.0966869	0.00404162	1.270858	1.576964
21558	-1240.904	-1459.515	218.6107	0.2696443	0.572643	0.356543	0.0679726	0.00284133	1.073747	2.295943
21564	-1234.797	-1453.745	218.9482	0.2946179	0.612564	0.323237	0.0616231	0.00257592	1.129488	2.035446
21570	-1232.527	-1451.199	218.6728	0.2483374	0.621486	0.239164	0.0432735	0.0960772	1.010503	2.297776
21576	-1226.519	-1445.955	219.436	0.2916883	0.547543	0.324358	0.0434529	0.0846462	1.265194	1.605684
21582	-1213.879	-1433.215	219.3355	0.334528	0.616052	0.330801	0.00198311	0.0511641	1.393174	1.569903
21588	-1218.433	-1438.002	219.5686	0.4954157	0.464607	0.478863	0.00175197	0.0547781	1.554537	1.147469
21594	-1220.552	-1440.345	219.7934	0.4800176	0.648352	0.328139	0.0110922	0.0124171	1.519964	0.9821401
21600	-1230.295	-1450.052	219.7573	0.5053875	0.466432	0.353903	0.12931	0.0503548	1.60606	0.9020138
21606	-1227.239	-1447.029	219.7901	0.3259897	0.566283	0.347265	0.0209929	0.0654591	1.842788	0.7529696
21612	-1231.269	-1451.111	219.8424	0.2700371	0.605808	0.327964	0.00440734	0.0618208	1.658596	0.9423937
21618	-1233.779	-1453.391	219.6118	0.2731303	0.463171	0.446637	0.00600213	0.0841905	1.507769	1.289653
21624	-1219.217	-1437.826	218.6091	0.2569451	0.46264	0.446286	0.00133087	0.0897438	1.007093	2.340483
21630	-1210.045	-1428.763	218.7183	0.3641405	0.448227	0.459822	0.00134367	0.0906074	1.04006	2.217762
21636	-1213.335	-1432.197	218.8621	0.2782923	0.409069	0.484704	0.00122629	0.105001	1.127749	2.096916
21642	-1211.058	-1429.985	218.9264	0.2966463	0.477465	0.4423	0.00138129	0.078853	1.138243	2.04358
21648	-1219.89	-1439.397	219.507	0.4197336	0.297172	0.604371	0.00404036	0.0944168	1.373474	1.406169
21654	-1220.211	-1439.621	219.4098	0.3728904	0.405531	0.53561	0.00296956	0.0558902	1.509458	1.406169
21660	-1222.502	-1442.15	219.648	0.2484862	0.561849	0.34191	0.0270676	0.0691726	2.090546	0.4177501
21666	-1215.958	-1435.414	219.4557	0.2100848	0.693688	0.235926	0.032672	0.037714	2.262974	0.399517
21672	-1232.88	-1452.794	219.9135	0.2955062	0.404221	0.480682	0.0459673	0.0691299	1.747292	0.7331235
21678	-1236.19	-1455.969	219.7782	0.36292	0.565144	0.356639	0.0433737	0.0348437	1.926074	0.5208654
21684	-1231.275	-1450.994	219.7184	0.3018187	0.653726	0.212941	0.0304762	0.102857	2.021798	0.4728055
21690	-1237.044	-1456.573	219.5281	0.4004681	0.402967	0.551236	0.0225473	0.0232498	2.144056	0.4604965
21696	-1227.686	-1447.137	219.451	0.4109239	0.481846	0.498294	0.0150043	0.00485523	2.196851	0.4094953
21702	-1231.129	-1450.582	219.4534	0.4252865	0.443828	0.535745	0.00805489	0.012372	2.197742	0.4637522
21708	-1211.506	-1431.166	219.6603	0.3143815	0.454361	0.48506	0.0508002	0.00977848	2.070609	0.4523638
21714	-1222.719	-1442.601	219.8821	0.2771789	0.618245	0.326662	0.049098	0.00599491	1.746563	0.7887446
21720	-1226.899	-1446.781	219.882	0.2771789	0.615091	0.304056	0.0564344	0.0244187	1.671512	0.8825238
21726	-1229.4	-1449.228	219.8279	0.233789	0.513742	0.277319	0.0186477	0.190292	1.569961	1.046081
21732	-1213.787	-1433.616	219.829	0.2398844	0.303751	0.557355	0.0365844	0.102309	1.569961	1.046081
21738	-1225.807	-1445.212	219.4048	0.2499292	0.482887	0.435921	0.0489878	0.0322045	1.552346	1.420362
21744	-1229.685	-1449.541	219.8565	0.3016748	0.457155	0.412692	0.0463774	0.083776	1.610935	0.9669969
21750	-1219.842	-1439.668	219.8258	0.278343	0.544638	0.355262	0.045295	0.0548053	1.610935	1.006426
21756	-1221.917	-1441.701	219.7831	0.2786048	0.596047	0.295664	0.0341836	0.0741053	1.749514	0.9058192
21762	-1239.433	-1459.222	219.7888	0.2646301	0.435187	0.386156	0.0106105	0.168046	1.716744	0.9384769
21768	-1238.754	-1458.6	219.8459	0.2041959	0.530874	0.244108	0.00526626	0.219751	1.749833	0.8161796
21774	-1228.196	-1447.997	219.8007	0.2331212	0.247537	0.391542	0.00844691	0.352474	1.808698	0.8161796
21780	-1236.486	-1456.285	219.7983	0.2876655	0.529203	0.348861	0.0718246	0.0501122	1.39873	1.221893
21786	-1241.663	-1461.542	219.8781	0.3812485	0.316347	0.606489	0.0396717	0.0374923	1.387811	1.112466
21792	-1236.353	-1455.957	219.6036	0.3833479	0.375162	0.492093	0.122055	0.0106897	1.479956	1.268428
21798	-1235.307	-1454.415	219.108	0.5194656	0.413617	0.53665	0.0373292	0.0124045	0.9869396	1.902236
21804	-1234.269	-1453.149	218.8807	0.256119	0.272324	0.552073	0.0982953	0.0773071	1.097811	2.106682
21810	-1239.161	-1457.325	218.1646	0.2679173	0.348028	0.548658	0.0954023	0.00791227	0.7921837	2.750157
21816	-1229.339	-1446.931	217.5913	0.5319916	0.433891	0.504279	0.0372384	0.0245917	0.8685999	2.929241
21822	-1239.625	-1457.133	217.5075	0.4648942	0.505521	0.400524	0.0707113	0.0232441	0.9365734	2.978862
21828	-1232.599	-1448.973	216.3736	0.5090688	0.657889	0.269496	0.0577528	0.0148624	0.6764551	3.772249
21834	-1220.449	-1438.422	217.9728	0.3303451	0.595427	0.359899	0.0299982	0.0146765	1.068342	2.682897
21840	-1218.538	-1436.676	218.1373	0.3148308	0.495651	0.459548	0.0290182	0.015783	0.9852891	2.638084
21846	-1214.907	-1433.858	218.9511	0.3396001	0.480273	0.44529	0.0642801	0.0101578	1.365979	1.858501
21852	-1218.047	-1437.52	219.4734	0.2741458	0.485012	0.477977	0.0200529	0.0169589	1.252066	1.591858
21858	-1229.663	-1448.992	219.3286	0.2290016	0.747549	0.209081	0.0309076	0.0124633	1.354708	1.622056
21864	-1228.109	-1446.885	218.7767	0.3551452	0.589473	0.332143	0.0300043	0.0483799	1.306336	2.009296
21870	-1230.635	-1449.588	218.9533	0.2887248	0.473954	0.458536	0.0224887	0.0450213	1.178707	2.000816
21876	-1224.592	-1443.8	219.208	0.2319241	0.573617	0.359952	0.0204612	0.0459704	1.231006	1.795372
21882	-1219.253	-1438.635	219.3817	0.2143941	0.703527	0.248216	0.0141097	0.0341472	1.291266	1.625167
21888	-1219.315	-1438.786	219.471	0.2143941	0.76406	0.217573	0.0133627	0.00500462	1.363275	1.506634
21894	-1225.059	-1444.674	219.6154	0.2892826	0.598541	0.379529	0.0132007	0.00872995	1.566683	1.233986
21900	-1231.096	-1450.958	219.8623	0.2385795	0.692478	0.28215	0.0152725	0.0101001	1.609307	0.9739743
21906	-1224.587	-1444.419	219.832	0.2357695	0.476811	0.465986	0.00611468	0.051088	1.65806	0.9542903
21912	-1238.853	-1458.793	219.9396	0.233905	0.758511	0.213813	0.00607674	0.0215987	1.612751	0.8855953
21918	-1236.384	-1456.162	219.7783	0.295926	0.51389	0.45002	0.0120576	0.0240328	1.766325	0.8855953
21924	-1228.851	-1448.56	219.7094	0.3047796	0.50752	0.444442	0.0243028	0.0237349	1.821082	0.8974335
21930	-1237.389	-1457.224	219.8352	0.3202569	0.459184	0.475116	0.0274502	0.0382494	1.821082	0.7215928
21936	-1232.758	-1452.542	219.7846	0.2660605	0.667086	0.278745	0.0380077	0.0161612	1.684485	0.976464
21942	-1224.7	-1444.589	219.8889	0.2660605	0.431576	0.508035	0.042372	0.018017	1.547265	1.00955
21948	-1217.565	-1437.383	219.8182	0.3055541	0.566693	0.366436	0.0442053	0.0226661	1.752759	0.8496199
21954	-1228.382	-1448.416	220.0336	0.3459655	0.601096	0.331167	0.0399506	0.0277862	1.53743	0.8208099
21960	-1227.961	-1447.751	219.7903	0.3459655	0.429825	0.486144	0.0376476	0.0463834	1.53743	1.079379
21966	-1225.665	-1445.511	219.8464	0.2957363	0.550244	0.368066	0.0285035	0.0531857	1.679892	0.9065055
21972	-1234.279	-1454.153	219.8747	0.2957363	0.557925	0.349456	0.0213514	0.0712676	1.706383	0.8424541
21978	-1225.8	-1445.63	219.8306	0.2850017	0.421093	0.536981	0.0177122	0.0242144	1.783285	0.8055684
21984	-1220.845	-1440.616	219.7714	0.2836172	0.592171	0.3657	0.00807708	0.034052	1.602326	1.065894
21990	-1215.629	-1435.534	219.9047	0.2491992	0.590743	0.364818	0.0104696	0.0339699	1.585	0.9562182
21996	-1222.924	-1442.441	219.5173	0.3425807	0.621016	0.302574	0.040699	0.0357107	1.44809	1.387106
22002	-1229.917	-1449.613	219.6962	0.4384165	0.414311	0.501559	0.0375042	0.0466265	1.44809	1.176808
22008	-1224.498	-1444.273	219.7755	0.4233604	0.521918	0.392389	0.0335448	0.0521484	1.380841	1.178199
22014	-1223.345	-1443.281	219.9353	0.3314085	0.473609	0.431792	0.0376187	0.0569797	1.631769	0.8374366
22020	-1229.23	-1449.039	219.8088	0.5198072	0.497947	0.389838	0.0396543	0.0725612	1.680438	0.7172895
22026	-1225.141	-1445.058	219.9172	0.2892255	0.434789	0.513467	0.00399603	0.0477485	1.680518	0.82477
22032	-1221.374	-1441.284	219.91	0.2753713	0.430444	0.498833	0.00608105	0.064642	1.769945	0.712538
22038	-1217.169	-1436.968	219.7986	0.2924987	0.613083	0.342086	0.00343953	0.0413915	1.876075	0.712538
22044	-1234.368	-1454.068	219.6997	0.4912624	0.580109	0.377848	0.00287808	0.0391653	1.876075	0.5939395
22050	-1231.002	-1450.674	219.6723	0.480116	0.591871	0.346088	0.0391776	0.0228631	1.90416	0.622591
22056	-1239.645	-1459.44	219.7943	0.221399	0.638677	0.204709	0.0629696	0.093645	1.9519	0.4719167
22062	-1225.201	-1444.316	219.1141	0.244433	0.693928	0.26239	0.0403031	0.00337911	1.105326	1.94664
22068	-1213.893	-1432.783	218.8904	0.343354	0.593317	0.34744	0.0344596	0.0247831	1.294224	1.94664
22074	-1212.85	-1432.24	219.39	0.2627442	0.664117	0.269571	0.0385717	0.0277404	1.163977	1.716178
22080	-1221.069	-1440.261	219.1922	0.2382807	0.59634	0.30532	0.032034	0.066306	1.145452	1.866021
22086	-1213.237	-1432.347	219.1102	0.332983	0.378287	0.492886	0.0217874	0.10704	1.199951	1.866021
22092	-1223.3	-1442.772	219.472	0.2858474	0.475792	0.374465	0.0347435	0.115	1.352719	1.516233
22098	-1230.158	-1448.603	218.4453	0.3951952	0.606339	0.302383	0.0226363	0.0686426	1.388526	2.153032
22104	-1224.879	-1444.769	219.8904	0.2676921	0.6565	0.265509	0.0731166	0.00487514	1.59807	0.9560394
22110	-1221.963	-1441.613	219.6491	0.2676921	0.745062	0.191186	0.0597672	0.00398505	1.541546	1.231577
22116	-1228.41	-1447.366	218.9563	0.3149008	0.680916	0.264343	0.0533048	0.00143676	1.255293	1.939827
22122	-1227.097	-1445.991	218.8937	0.281165	0.60978	0.314326	0.0741858	0.00170842	1.250945	1.993976
22128	-1229.805	-1448.702	218.8969	0.281165	0.683357	0.296882	0.0160879	0.00367301	1.207254	2.02094
22134	-1230.803	-1449.433	218.63	0.3431463	0.480574	0.496064	0.0188084	0.0045529	1.122594	2.2309
22140	-1220.184	-1439.209	219.025	0.2531886	0.472078	0.439912	0.0314293	0.0565813	1.156332	1.972414
22146	-1223.494	-1442.417	218.9232	0.3415288	0.475282	0.467479	0.00700966	0.0502296	1.214202	1.979168
22152	-1227.938	-1447.125	219.1866	0.226444	0.693379	0.288351	0.0107905	0.00747938	1.077012	1.91435
22158	-1236.923	-1456.169	219.2457	0.349898	0.693379	0.288351	0.0107905	0.00747938	1.255886	1.725785
22164	-1230.955	-1450.091	219.1359	0.3290703	0.678852	0.28231	0.0105644	0.0282743	1.020012	1.971933
22170	-1219.72	-1438.523	218.8038	0.2561537	0.416586	0.56672	0.00723719	0.00945685	1.038618	2.195377
22176	-1222.16	-1440.987	218.8274	0.2486139	0.490461	0.447785	0.0546049	0.0071493	0.9594309	2.231305
22182	-1222.557	-1441.724	219.1672	0.4647751	0.418849	0.530742	0.0445733	0.00583589	1.133492	1.79821
22188	-1235.207	-1454.169	218.9617	0.4447245	0.274623	0.692989	0.029225	0.00316302	1.309087	1.831926
22194	-1233.76	-1452.55	218.7906	0.4190836	0.367068	0.593273	0.0291707	0.0104881	1.351507	1.935338
22200	-1229.241	-1448.331	219.09	0.4274286	0.352243	0.605338	0.0222461	0.0201724	1.23191	1.807552
22206	-1227.851	-1447.114	219.2635	0.3369933	0.443671	0.498505	0.0192922	0.0385314	1.23191	1.736067
22212	-1234.03	-1453.92	219.8893	0.3369933	0.497481	0.442963	0.0163516	0.0432045	1.367656	1.148904
22218	-1242.169	-1462.26	220.0911	0.2846279	0.711346	0.274714	0.00382747	0.010113	1.471103	0.8699384
22224	-1231.779	-1451.677	219.8978	0.1991384	0.716636	0.210659	0.0377633	0.0349414	1.676269	0.8383908
22230	-1229.221	-1449.066	219.8453	0.3043571	0.750838	0.208954	0.0348144	0.00539317	1.676269	0.9076203
22236	-1238.769	-1458.645	219.8755	0.2421851	0.652471	0.303805	0.0306056	0.0131177	1.776503	0.759913
22242	-1233.339	-1452.958	219.6183	0.2726793	0.280599	0.514358	0.0610012	0.144042	1.480219	1.306851
22248	-1223.26	-1443.146	219.8868	0.2733537	0.400995	0.529446	0.0221776	0.0473813	1.454995	1.098134
22254	-1231.77	-1451.229	219.4585	0.361728	0.492497	0.468257	0.0272382	0.0120079	1.413643	1.448872
22260	-1222.79	-1442.351	219.5604	0.306082	0.366807	0.584227	0.0339841	0.0149818	1.368367	1.431434
22266	-1222.316	-1441.646	219.3297	0.4015907	0.439078	0.522573	0.0265014	0.0118476	1.368367	1.555787
22272	-1234.509	-1453.849	219.3408	0.4880999	0.477329	0.486937	0.0246942	0.0110396	1.294461	1.543168
22278	-1225.313	-1443.74	218.428	0.5246126	0.494209	0.480105	0.01775	0.0079352	1.288022	2.150435
22284	-1215.812	-1435.013	219.2009	0.3592638	0.413984	0.570877	0.00621228	0.0089267	1.306751	1.716839
22290	-1221.518	-1440.726	219.2081	0.4187837	0.414801	0.572005	0.00622455	0.00696979	1.371396	1.631372
22296	-1223.132	-1442.423	219.2914	0.2792553	0.480139	0.503582	0.00143448	0.0148441	1.378281	1.631372
22302	-1229.291	-1448.78	219.4889	0.3059853	0.496608	0.341349	0.00184372	0.160199	1.379358	1.477549
22308	-1234.991	-1454.236	219.2444	0.204077	0.688728	0.208802	0.00447676	0.0979929	1.349206	1.677331
22314	-1219.293	-1438.656	219.3629	0.2024867	0.725888	0.164061	0.00677098	0.10328	1.263774	1.652859
22320	-1215.802	-1435.346	219.5448	0.2133231	0.724102	0.170522	0.00505973	0.100316	1.336896	1.470523
22326	-1224.871	-1444.849	219.9785	0.1981827	0.682655	0.184919	0.00470991	0.127717	1.481584	0.9656024
22332	-1230.197	-1449.535	219.3387	0.1993574	0.573032	0.278517	0.017632	0.130819	1.447334	1.534913
22338	-1225.156	-1444.893	219.7366	0.2230813	0.673989	0.235125	0.0289415	0.0619449	1.261494	1.384428
22344	-1224.762	-1444.267	219.5043	0.3222304	0.546108	0.380251	0.0234502	0.0501916	1.446279	1.408243
22350	-1216.24	-1435.706	219.4663	0.2537025	0.534557	0.372208	0.0378762	0.0553592	1.350645	1.526441
22356	-1212.812	-1432.487	219.6742	0.2535383	0.514078	0.415479	0.0454605	0.024983	1.555604	1.199482
22362	-1220.888	-1440.256	219.3673	0.2975411	0.590568	0.358334	0.0298348	0.0212641	1.532514	1.456448
22368	-1222.249	-1441.71	219.4608	0.3278709	0.409915	0.460008	0.10278	0.0272976	1.459969	1.428732
22374	-1217.727	-1437.525	219.7984	0.2859809	0.604325	0.323977	0.0703613	0.00133706	1.358273	1.256147
22380	-1220.887	-1440.581	219.6936	0.2859809	0.67973	0.284374	0.0331108	0.00278476	1.341387	1.354822
22386	-1222.816	-1442.539	219.7235	0.2568519	0.593222	0.365054	0.0228342	0.0188895	1.263937	1.396751
22392	-1230.229	-1449.164	218.9355	0.4013933	0.508094	0.418907	0.0311135	0.0418854	1.347344	1.850118
22398	-1218.598	-1438.079	219.481	0.2914614	0.540412	0.405537	0.0180337	0.0360177	1.337203	1.519679
22404	-1234.812	-1454.284	219.4729	0.2914614	0.515813	0.421044	0.0164471	0.0466962	1.375566	1.497052
22410	-1216.313	-1436.191	219.8781	0.336003	0.701275	0.248914	0.026947	0.0228649	1.375566	1.152337
22416	-1221.274	-1441.229	219.9549	0.250648	0.642314	0.31431	0.0340267	0.00934959	1.329132	1.152337
22422	-1220.684	-1440.554	219.8694	0.3925115	0.526643	0.405777	0.0582942	0.00928571	1.646712	0.8457849
22428	-1230.392	-1450.158	219.7654	0.4333349	0.534293	0.419518	0.0365889	0.00960014	1.658819	0.9113273
22434	-1233.067	-1452.954	219.8865	0.296963	0.615057	0.357199	0.00887403	0.0188704	1.592232	0.9572481
22440	-1240.323	-1460.068	219.7447	0.3314397	0.442869	0.51801	0.0208682	0.0182534	1.495907	1.166248
22446	-1237.162	-1456.66	219.4982	0.3448928	0.499377	0.428664	0.0172689	0.0546908	1.283172	1.526115
22452	-1250.166	-1469.851	219.6846	0.3701362	0.490782	0.456737	0.0295236	0.0229578	1.626052	1.079221
22458	-1236.859	-1456.549	219.6899	0.2847666	0.440655	0.430522	0.100931	0.027892	1.420169	1.294793
22464	-1238.956	-1457.78	218.8242	0.2637801	0.451286	0.488863	0.0241629	0.035688	1.045142	2.177431
22470	-1231.098	-1450.21	219.112	0.3261005	0.528371	0.448559	0.0178724	0.00519734	1.123153	1.919771
22476	-1236.602	-1455.531	218.9295	0.4606592	0.42801	0.560307	0.00747352	0.00421013	1.197426	1.919771
22482	-1229.661	-1448.023	218.3619	0.591162	0.497416	0.489309	0.0107908	0.0024836	1.059679	2.295999
22488	-1229.756	-1447.88	218.1247	0.3933676	0.400806	0.589308	0.00788468	0.00200122	0.9945139	2.606651
22494	-1229.207	-1447.67	218.4625	0.2984999	0.411368	0.57934	0.00752962	0.00176186	0.9945139	2.43454
22500	-1235.267	-1453.163	217.8961	0.3422201	0.29518	0.689355	0.013318	0.00214702	0.949794	2.797777
22506	-1232.303	-1450.86	218.5576	0.3728005	0.455687	0.535578	0.00752198	0.00121263	0.931371	2.385695
22512	-1220.226	-1438.719	218.4923	0.3467317	0.413314	0.56186	0.0245484	0.000277272	1.015428	2.385695
22518	-1217.675	-1436.091	218.416	0.5149758	0.428825	0.545902	0.0251098	0.000163634	0.9430375	2.385695
22524	-1228.649	-1445.122	216.4736	0.4488067	0.394984	0.578349	0.0266022	6.49782e-05	0.8531975	3.646173
22530	-1231.336	-1448.049	216.7131	0.3020596	0.419842	0.551782	0.0283074	6.91432e-05	0.6058242	3.713981
22536	-1244.155	-1460.684	216.529	0.3986063	0.255172	0.610927	0.133867	3.43406e-05	0.7253292	3.713981
22542	-1236.426	-1455.586	219.1599	0.3019008	0.231593	0.612019	0.153629	0.00275895	1.293658	1.778544
22548	-1228.478	-1447.188	218.7097	0.3669894	0.263308	0.577164	0.0941464	0.0653816	1.03872	2.22278
22554	-1225.247	-1444.059	218.8115	0.3189256	0.637253	0.283081	0.0263145	0.0533514	1.184551	2.081881
22560	-1240.816	-1459.318	218.5024	0.2493395	0.47641	0.355535	0.0203218	0.147733	0.9671507	2.433302
22566	-1237.851	-1456.281	218.43	0.2477498	0.483322	0.403276	0.0415456	0.0718561	0.9510581	2.488802
22572	-1243.035	-1461.603	218.568	0.2146457	0.543345	0.300064	0.0326656	0.123926	0.8040234	2.488802
22578	-1232.277	-1450.576	218.2993	0.300976	0.543858	0.300347	0.0326964	0.123098	1.094445	2.473617
22584	-1233.842	-1453.107	219.2651	0.3007968	0.358305	0.538346	0.0320151	0.0713343	1.220431	1.756583
22590	-1236.425	-1455.429	219.0045	0.3945085	0.303771	0.601396	0.0446611	0.0501722	0.9953046	2.044433
22596	-1230.523	-1449.74	219.2173	0.3895977	0.411231	0.52355	0.0294374	0.035782	1.022438	1.886203
22602	-1239.668	-1459.285	219.6169	0.2977548	0.446394	0.455527	0.0357647	0.0623144	1.31459	1.432187
22608	-1236.544	-1455.182	218.6384	0.5900775	0.287734	0.509737	0.0866421	0.115887	1.343539	1.929396
22614	-1225.043	-1444.305	219.2616	0.3696613	0.462757	0.443284	0.0578964	0.0360628	1.364091	1.627191
22620	-1216.294	-1434.427	218.1329	0.3495146	0.486974	0.439865	0.0372913	0.0358692	1.129425	2.538509
22626	-1224.916	-1443.188	218.2719	0.3028976	0.449546	0.483112	0.0342288	0.0331124	1.056035	2.514254
22632	-1225.694	-1443.418	217.7246	0.4696082	0.455528	0.479599	0.0412621	0.0236112	1.016494	2.796524
22638	-1223.135	-1441.088	217.9526	0.3631504	0.52683	0.398142	0.0477207	0.027307	0.880838	2.796524
22644	-1220.086	-1438.189	218.1031	0.3795569	0.408885	0.531837	0.0470847	0.0121928	0.878365	2.698379
22650	-1219.07	-1437.207	218.1374	0.3755269	0.41714	0.515661	0.0460326	0.021167	0.8120667	2.719963
22656	-1229.045	-1445.335	216.2899	0.3942029	0.336191	0.599542	0.0356692	0.0285987	0.6617236	3.890337
22662	-1228.101	-1445.531	217.4306	0.5170788	0.53594	0.428223	0.0137456	0.0220909	0.8724776	3.032545
22668	-1223.331	-1441.525	218.1945	0.5023381	0.523301	0.431798	0.0233315	0.0215699	0.9698073	2.515979
22674	-1227.199	-1445.552	218.3523	0.3047394	0.469644	0.4804	0.0259576	0.0239977	1.132339	2.415434
22680	-1228.24	-1447.474	219.2346	0.2330766	0.694671	0.288599	0.0106126	0.0061177	1.234741	1.77449
22686	-1244.687	-1464.061	219.3742	0.2430812	0.691522	0.287291	0.00793884	0.0132481	1.192215	1.70761
22692	-1238.798	-1457.536	218.7378	0.2338106	0.583875	0.33106	0.0102353	0.0748291	1.171732	2.150619
22698	-1235.842	-1454.75	218.9079	0.2282847	0.590822	0.285563	0.0294477	0.0941674	1.094445	2.088936
22704	-1237.58	-1456.132	218.5517	0.2784805	0.572061	0.328979	0.00778313	0.0911772	0.9576538	2.405846
22710	-1230.526	-1449.088	218.5619	0.2940925	0.522444	0.428684	0.00919952	0.039673	1.080849	2.318022
22716	-1258.782	-1476.273	217.4911	0.3749428	0.338294	0.589414	0.0466027	0.0256892	1.236873	2.855168
22722	-1237.577	-1455.855	218.2784	0.3348423	0.359129	0.600627	0.0137858	0.0264586	1.140599	2.446435
22728	-1230.637	-1448.689	218.0516	0.5784422	0.445659	0.507512	0.0269705	0.0198587	1.280663	2.361328
22734	-1246.644	-1465.992	219.3485	0.3309898	0.465042	0.438852	0.0700745	0.0260318	1.337436	1.602698
22740	-1238.487	-1457.652	219.1645	0.3429865	0.639442	0.325507	0.00513333	0.0299174	1.235485	1.799891
22746	-1238.688	-1456.862	218.1743	0.2677001	0.630759	0.321087	0.00437198	0.0437825	0.9474391	2.649001
22752	-1245.747	-1463.922	218.1748	0.264309	0.44417	0.446313	0.00607709	0.10344	0.9474391	2.649001
22758	-1248.342	-1466.407	218.065	0.2455165	0.588092	0.350854	0.00882479	0.0522286	1.274166	2.514885
22764	-1239.302	-1456.458	217.1554	0.2668958	0.322321	0.511561	0.00583162	0.160286	0.9674797	3.250854
22770	-1233.634	-1451.734	218.1	0.293914	0.516348	0.348681	0.0488574	0.0861133	0.7242707	2.826428
22776	-1231.409	-1448.632	217.223	0.2736236	0.450032	0.410083	0.0176054	0.12228	0.9877119	3.198107
22782	-1237.59	-1454.773	217.1832	0.2791076	0.445035	0.405529	0.0285137	0.120922	1.026126	3.198107
22788	-1232.331	-1450.714	218.3833	0.3950197	0.325513	0.611724	0.031219	0.031544	1.127792	2.360434
22794	-1232.101	-1450.526	218.4252	0.3312531	0.549465	0.360351	0.0286009	0.0615827	1.098873	2.381559
22800	-1232.158	-1450.845	218.6873	0.3469543	0.381775	0.507101	0.0498165	0.061307	1.182253	2.153481
22806	-1225.803	-1444.628	218.8249	0.3805351	0.398162	0.532204	0.0116963	0.0579379	1.097739	2.102679
22812	-1239.823	-1457.898	218.0751	0.5226361	0.403606	0.539481	0.025745	0.0311686	1.057139	2.523258
22818	-1235.103	-1453.61	218.5071	0.3988549	0.334919	0.618912	0.0295356	0.0166328	1.04071	2.335087
22824	-1235.984	-1454.538	218.5539	0.4080863	0.427788	0.484284	0.0515079	0.0364195	1.092166	2.267304
22830	-1231.145	-1449.653	218.5077	0.3039512	0.435	0.470707	0.0350256	0.0592677	1.210268	2.267304
22836	-1218.977	-1437.89	218.9134	0.3305273	0.54471	0.404741	0.0252893	0.0252597	1.319314	1.91968
22842	-1220.885	-1439.567	218.6823	0.3305273	0.44767	0.455895	0.0647562	0.0316782	1.210727	2.144993
22848	-1230.805	-1448.972	218.1673	0.4376246	0.454757	0.463112	0.0358184	0.0463132	1.082	2.501777
22854	-1226.748	-1445.87	219.1214	0.3162585	0.516799	0.420266	0.0445256	0.0184093	1.360443	1.753974
22860	-1232.693	-1451.236	218.5425	0.3360362	0.509775	0.427986	0.00715252	0.0550869	1.242865	2.212694
22866	-1228.667	-1447.197	218.5303	0.2251985	0.352422	0.546638	0.00947049	0.0914695	1.193268	2.269198
22872	-1229.792	-1448.155	218.3629	0.2600329	0.558515	0.393562	0.0150088	0.0329146	1.128178	2.419487
22878	-1233.685	-1451.724	218.0387	0.272871	0.614533	0.349494	0.0165141	0.0194581	1.033235	2.679006
22884	-1240.313	-1459.764	219.4505	0.2359243	0.365181	0.381917	0.0333612	0.219541	1.296359	1.57709
22890	-1225.395	-1444.811	219.4159	0.3169328	0.507103	0.401102	0.0354354	0.0563594	1.282093	1.599696
22896	-1255.288	-1473.961	218.6729	0.5899528	0.583775	0.275757	0.132998	0.00746986	1.163996	2.026535
22902	-1254.624	-1473.617	218.9928	0.5623419	0.448379	0.326654	0.212478	0.0124894	1.130907	1.852697
22908	-1255.863	-1474.656	218.7928	0.3288528	0.478668	0.408015	0.0999844	0.0133331	1.130907	2.125657
22914	-1248.3	-1467.032	218.7325	0.608277	0.534007	0.329584	0.125639	0.0107702	1.311911	1.874048
22920	-1228.903	-1447.4	218.497	0.4278488	0.505229	0.431115	0.0444962	0.0191596	1.059487	2.31347
22926	-1223.546	-1442.655	219.1089	0.3229864	0.460475	0.50253	0.0184683	0.0185267	1.141075	1.910937
22932	-1227.113	-1446.519	219.4059	0.3428419	0.438888	0.478971	0.061173	0.0209685	1.222074	1.639245
22938	-1224.121	-1443.575	219.454	0.2811335	0.450559	0.491707	0.0167284	0.0410055	1.336716	1.542623
22944	-1215.816	-1434.782	218.9661	0.3168596	0.418121	0.515317	0.0091099	0.0574525	1.298401	1.903366
22950	-1222.107	-1440.496	218.3887	0.3541937	0.500351	0.442493	0.00782251	0.0493334	1.148197	2.363983
22956	-1220.564	-1439.571	219.0071	0.2920629	0.493524	0.436456	0.00810135	0.0619187	1.201156	1.948943
22962	-1223.968	-1443.279	219.3109	0.2587558	0.482255	0.356222	0.00613848	0.155385	1.201156	1.745932
22968	-1221.755	-1440.571	218.8157	0.2814798	0.469877	0.37202	0.00670748	0.151396	1.234988	2.056294
22974	-1227.268	-1447.243	219.9754	0.2393167	0.455447	0.49332	0.00482318	0.0464096	1.368122	1.097996
22980	-1217.471	-1437.017	219.5458	0.2556687	0.622232	0.337843	0.0127528	0.0271724	1.474326	1.371186
22986	-1221.685	-1441.51	219.825	0.2084254	0.692231	0.263386	0.0163724	0.0280099	1.573961	1.03455
22992	-1230.982	-1450.948	219.9652	0.2317151	0.544808	0.423639	0.0206366	0.0109173	1.573961	0.8999616
22998	-1228.274	-1448.242	219.9676	0.2606316	0.605488	0.324583	0.0680781	0.00185094	1.649939	0.80761
23004	-1237.869	-1457.689	219.8205	0.2413444	0.530763	0.408638	0.0598929	0.000705188	1.796872	0.80761
23010	-1235.722	-1455.597	219.875	0.2541975	0.722811	0.248211	0.0284612	0.000516537	1.753588	0.7935281
23016	-1224.37	-1444.274	219.9035	0.2080104	0.779448	0.205445	0.01435	0.000756512	1.736962	0.7584231
23022	-1219.227	-1439.153	219.9258	0.2332197	0.787783	0.207642	0.00427812	0.000296952	1.736962	0.7415883
23028	-1227.034	-1446.993	219.9597	0.261451	0.577051	0.412726	0.0100813	0.000142257	1.712155	0.7297782
23034	-1226.306	-1445.92	219.6131	0.2933717	0.663937	0.323837	0.0121149	0.000111619	1.332145	1.422922
23040	-1219.624	-1438.651	219.027	0.27543	0.606219	0.363314	0.0298934	0.000573394	1.216238	1.928816
23046	-1226.245	-1445.643	219.3979	0.2528334	0.615565	0.365676	0.0161167	0.00264257	1.170984	1.706133
23052	-1229.779	-1449.524	219.7443	0.2316784	0.544202	0.450282	0.0013893	0.00412664	1.529931	1.158822
23058	-1229.212	-1449.055	219.8432	0.2356703	0.656677	0.311956	0.0018159	0.029551	1.566708	1.034845
23064	-1239.137	-1459.016	219.879	0.1996929	0.688591	0.253566	0.00138953	0.056453	1.365953	1.169717
23070	-1232.046	-1451.548	219.5021	0.1751204	0.507546	0.443626	0.00449157	0.044337	1.328587	1.480619
23076	-1229.139	-1448.689	219.5502	0.2127068	0.498436	0.456953	0.00608717	0.0385239	1.311299	1.485517
23082	-1244.038	-1463.073	219.0348	0.267773	0.416245	0.531193	0.0155305	0.0370321	1.273771	1.885566
23088	-1219.012	-1438.367	219.3552	0.2693827	0.407293	0.55075	0.0161023	0.0258551	1.220606	1.700034
23094	-1227.175	-1446.647	219.4721	0.2770291	0.568631	0.363209	0.0185724	0.0495869	1.26258	1.584591
23100	-1230.574	-1447.016	216.442	0.3305286	0.37424	0.580902	0.0122232	0.0326352	0.8199858	3.738259
23106	-1238.708	-1455.827	217.1183	0.5692855	0.236223	0.695555	0.00909898	0.0591226	0.8199858	3.217797
23112	-1240.151	-1457.188	217.0368	0.3721989	0.434568	0.494823	0.0285487	0.0420603	0.9484151	3.300029
23118	-1234.009	-1452.504	218.4953	0.2800414	0.413673	0.522077	0.0268532	0.0373965	0.9336341	2.4562
23124	-1230.323	-1448.447	218.1243	0.2800414	0.48764	0.433173	0.035912	0.0432747	1.11563	2.574192
23130	-1223.231	-1442.658	219.4265	0.2646896	0.550223	0.40635	0.0157177	0.0277099	1.072326	1.754741
23136	-1231.602	-1450.974	219.3712	0.253857	0.696604	0.251163	0.0282247	0.0240084	1.34223	1.602534
23142	-1227.445	-1446.813	219.368	0.2372134	0.694273	0.190644	0.0245174	0.0905653	1.378493	1.577497
23148	-1227.983	-1447.051	219.0683	0.2232993	0.733066	0.184334	0.0247186	0.0578818	1.115868	1.967101
23154	-1210.705	-1429.014	218.3085	0.2724797	0.475619	0.431357	0.0278379	0.0651862	1.102686	2.468513
23160	-1208.963	-1427.772	218.8094	0.2996249	0.392419	0.54349	0.0191793	0.0449108	1.199019	2.079831
23166	-1213.116	-1430.861	217.7443	0.2720309	0.62346	0.321299	0.0108321	0.0444082	0.8898509	2.945421
23172	-1239.109	-1457.175	218.0652	0.2485483	0.386994	0.510229	0.0322565	0.070521	0.8583711	2.771322
23178	-1235.097	-1453.272	218.1753	0.2997938	0.471091	0.47602	0.00342406	0.0494652	0.7371888	2.771322
23184	-1236.946	-1454.722	217.7752	0.3374549	0.405452	0.546843	0.00513275	0.042573	0.8807379	2.91472
23190	-1222.388	-1440.573	218.1853	0.2921606	0.389601	0.557059	0.00664342	0.0466971	0.8605622	2.691526
23196	-1227.853	-1446.944	219.0905	0.2643834	0.672751	0.301511	0.00362061	0.0221172	1.114273	1.956091
23202	-1228.174	-1447.694	219.5198	0.2446159	0.515504	0.446322	0.00400094	0.0341734	1.173654	1.61685
23208	-1229.634	-1448.929	219.2948	0.1874347	0.471687	0.359705	0.00991083	0.158697	1.044852	1.843905
23214	-1222.2	-1440.977	218.7768	0.2208671	0.611904	0.344621	0.00104385	0.0424318	0.9451089	2.269179
23220	-1229.373	-1448.123	218.7499	0.2734443	0.475173	0.443359	0.00282033	0.0786479	1.245685	2.093922
23226	-1224.865	-1443.932	219.0666	0.2569444	0.566989	0.336402	0.00276397	0.0938447	1.17772	1.929999
23232	-1213.227	-1432.924	219.697	0.2561582	0.517728	0.438112	0.00162479	0.0425344	1.222822	1.448918
23238	-1220.834	-1440.008	219.1738	0.2923815	0.602076	0.376624	0.00105486	0.0202452	1.198057	1.837659
23244	-1219.293	-1438.508	219.2148	0.4360061	0.575082	0.409689	0.00183857	0.0133906	1.255843	1.698054
23250	-1218.777	-1437.543	218.7663	0.4360061	0.513768	0.479513	0.0011681	0.00555056	1.077171	2.123458
23256	-1221.594	-1439.186	217.5922	0.4122638	0.438707	0.555524	0.0010029	0.00476557	0.8152915	3.029755
23262	-1244.452	-1461.592	217.1398	0.612258	0.343223	0.631244	0.0136712	0.0118616	0.8782792	3.143774
23268	-1244.327	-1461.466	217.1389	0.6131325	0.247217	0.697823	0.0471754	0.00778399	0.8782792	3.143774
23274	-1232.525	-1450.551	218.0258	0.4175509	0.462938	0.427868	0.101065	0.00812886	0.937477	2.690109
23280	-1238.282	-1456.279	217.9975	0.517498	0.499286	0.383986	0.0907001	0.0260286	0.8702084	2.690109
23286	-1245.608	-1462.699	217.0916	0.8418645	0.616796	0.324619	0.036581	0.0220044	0.7657082	3.095431
23292	-1237.488	-1455.85	218.3621	1.073934	0.59967	0.337276	0.0584961	0.00455803	1.078851	1.957068
23298	-1236.131	-1454.139	218.0072	0.920531	0.63285	0.226429	0.105479	0.0352425	1.224339	2.196149
23304	-1233.992	-1452.577	218.5849	1.036525	0.678359	0.264941	0.0425175	0.0141825	1.073678	1.834319
23310	-1229.227	-1447.973	218.7457	0.4143111	0.628355	0.30613	0.0491275	0.0163874	1.020932	2.186124
23316	-1219.713	-1438.434	218.7213	0.2235346	0.595112	0.320072	0.0356973	0.0491187	1.130501	2.186124
23322	-1231.674	-1450.398	218.7243	0.3713352	0.500433	0.398549	0.0269137	0.0741042	1.077574	2.186124
23328	-1229.292	-1448.725	219.4333	0.4055565	0.419699	0.504872	0.0170044	0.0584239	1.4022	1.450223
23334	-1239.603	-1457.909	218.3063	0.5628641	0.383625	0.5407	0.0131057	0.0625698	1.107862	2.319567
23340	-1229.761	-1448.649	218.8873	0.2812378	0.212346	0.63535	0.0299631	0.122342	1.221838	2.017583
23346	-1222.96	-1442.533	219.573	0.3235211	0.338494	0.571536	0.0658996	0.0240709	1.178952	1.557589
23352	-1210.295	-1429.432	219.1371	0.2830841	0.495542	0.422465	0.0600566	0.0219366	1.179526	1.877621
23358	-1225.827	-1444.616	218.7885	0.4646166	0.435032	0.511347	0.0352288	0.0183927	1.210183	2.003303
23364	-1234.295	-1453.386	219.0912	0.4206215	0.397467	0.523207	0.0360459	0.0432797	1.405607	1.689334
23370	-1232.246	-1451.481	219.2347	0.4224604	0.429177	0.450718	0.0733726	0.0467325	1.410248	1.581447
23376	-1229.419	-1448.523	219.1035	0.3113734	0.604424	0.322605	0.0395219	0.0334491	1.256041	1.840475
23382	-1247.145	-1466.055	218.9105	0.2151917	0.558263	0.351964	0.0545258	0.0352465	1.092254	2.085111
23388	-1222.614	-1441.043	218.4288	0.3510663	0.463311	0.448103	0.0747644	0.0138211	1.168006	2.327289
23394	-1231.866	-1450.641	218.7753	0.2999085	0.516353	0.451675	0.0297354	0.00223621	1.285029	2.045537
23400	-1230.478	-1448.939	218.4617	0.3448044	0.539067	0.426445	0.0310434	0.00344453	1.072886	2.369509
23406	-1221.56	-1440.222	218.6617	0.3155903	0.543675	0.422653	0.0307674	0.00290386	1.081817	2.247235
23412	-1232.965	-1451.111	218.1455	0.3347045	0.408202	0.471033	0.118585	0.00218028	1.054873	2.582957
23418	-1237.226	-1456.202	218.9758	0.2795358	0.372883	0.56002	0.0666074	0.000489443	1.161182	1.999379
23424	-1240.258	-1459.106	218.848	0.435236	0.419958	0.522915	0.0559924	0.001134	1.378716	1.868095
23430	-1214.93	-1434.053	219.1227	0.2779882	0.43837	0.522455	0.0387143	0.000460165	1.290419	1.812447
23436	-1229.215	-1448.537	219.3219	0.2676189	0.492997	0.428994	0.0760234	0.00198505	1.379999	1.609893
23442	-1232.727	-1452.078	219.3503	0.2678177	0.574689	0.384786	0.0395898	0.000935217	1.159215	1.746914
23448	-1227.589	-1446.603	219.0136	0.3341676	0.637234	0.315987	0.0438677	0.00291162	1.143543	1.969035
23454	-1227.354	-1446.366	219.012	0.259757	0.500297	0.463343	0.0355287	0.000831604	1.173996	1.969035
23460	-1234.529	-1452.747	218.218	0.4963401	0.459612	0.474568	0.0649995	0.000819762	0.964131	2.508559
23466	-1227.688	-1445.806	218.1184	0.6693259	0.562404	0.36447	0.0713422	0.00178366	0.8840737	2.508559
23472	-1224.818	-1442.602	217.7836	0.7887235	0.533102	0.345481	0.118422	0.00299566	1.131558	2.484327
23478	-1227.549	-1446.725	219.1763	0.2721807	0.42056	0.515084	0.0627417	0.00161362	1.131558	1.885522
23484	-1231.225	-1449.587	218.3617	0.4140335	0.442598	0.473	0.0827517	0.00165039	1.072971	2.398605
23490	-1232.964	-1451.135	218.1703	0.4384462	0.532528	0.422635	0.0437972	0.00104038	1.242467	2.398605
23496	-1224.821	-1444.033	219.212	0.2623362	0.495624	0.45769	0.0458115	0.000874734	1.384804	1.685895
23502	-1221.054	-1440.31	219.2555	0.3303945	0.568465	0.357163	0.0727158	0.00165593	1.318729	1.68322
23508	-1226.392	-1445.56	219.1679	0.4911347	0.368077	0.53641	0.0796399	0.0158734	1.119683	1.789534
23514	-1214.14	-1433.359	219.22	0.3029205	0.523336	0.430257	0.0387706	0.00763655	1.163331	1.826856
23520	-1217.649	-1436.63	218.9812	0.3491815	0.460404	0.48269	0.0475423	0.00936427	1.296799	1.880808
23526	-1215.26	-1434.519	219.2596	0.4654665	0.625829	0.344972	0.0144291	0.0147696	1.286463	1.624363
23532	-1230.185	-1448.691	218.5058	0.3890302	0.411081	0.414458	0.163524	0.0109379	1.405224	2.105845
23538	-1225.725	-1444.582	218.8574	0.3495762	0.26131	0.651284	0.0823851	0.00502099	1.281487	1.974557
23544	-1225.397	-1443.327	217.9302	0.3693621	0.460512	0.508144	0.0268946	0.0044499	1.094226	2.676801
23550	-1225.463	-1443.477	218.0135	0.3216067	0.556182	0.417185	0.0233377	0.00329513	1.04253	2.676801
23556	-1226.973	-1445.677	218.7035	0.2891126	0.563671	0.422802	0.0119329	0.00159369	1.049545	2.248555
23562	-1234.384	-1451.279	216.8952	0.2490342	0.640223	0.347079	0.00735606	0.00534191	0.7727104	3.518511
23568	-1223.762	-1440.615	216.8524	0.3865247	0.27369	0.706031	0.0170036	0.00327518	0.7486469	3.518511
23574	-1218.355	-1435.783	217.4278	0.3293482	0.506277	0.453936	0.0333662	0.00642149	0.8482714	3.145187
23580	-1222.271	-1439.871	217.6001	0.3890031	0.431595	0.386975	0.0284443	0.152985	0.9698984	2.943885
23586	-1220.236	-1439.171	218.9343	0.3048041	0.475901	0.498353	0.0144491	0.0112972	1.192637	1.999815
23592	-1227.555	-1446.869	219.3147	0.3521406	0.47299	0.495305	0.0200798	0.0116246	1.227504	1.696013
23598	-1217.789	-1437.32	219.5302	0.3716066	0.327065	0.64676	0.0109958	0.0151792	1.339563	1.445077
23604	-1218.598	-1438.143	219.545	0.3653556	0.523145	0.449623	0.0123931	0.0148386	1.339563	1.437305
23610	-1218.566	-1438.364	219.7982	0.281105	0.530209	0.455695	0.00271284	0.0113831	1.453914	1.17641
23616	-1225.731	-1445.209	219.4778	0.2602387	0.456024	0.50112	0.00741481	0.0354409	1.349308	1.518622
23622	-1228.62	-1448.543	219.9233	0.3412795	0.422522	0.546726	0.00808962	0.0226625	1.453828	1.03549
23628	-1225.926	-1445.384	219.4587	0.3275907	0.550114	0.435831	0.00346154	0.0105937	1.31984	1.536234
23634	-1226.866	-1445.839	218.973	0.3782304	0.550018	0.435756	0.00346094	0.0107648	1.31984	1.856133
23640	-1231.315	-1450.177	218.8621	0.4398302	0.325668	0.630474	0.0379472	0.00591081	1.231089	1.955656
23646	-1234.027	-1453.035	219.0082	0.5507345	0.522469	0.342388	0.129427	0.00571649	1.20642	1.798335
23652	-1236.801	-1455.141	218.3398	1.164902	0.50896	0.345037	0.141817	0.00418639	1.091117	1.904531
23658	-1244.746	-1462.346	217.6	1.259596	0.624668	0.201309	0.0510937	0.122929	1.065775	2.347046
23664	-1236.788	-1454.82	218.032	1.458547	0.64869	0.20905	0.0611883	0.0810718	1.134479	1.902131
23670	-1246.157	-1465.059	218.9023	0.4956641	0.452209	0.503353	0.0384187	0.00601957	1.301857	1.843986
23676	-1231.995	-1450.744	218.7483	0.400422	0.454403	0.490117	0.0505772	0.00490266	1.03241	2.184685
23682	-1234.57	-1454.252	219.682	0.3404842	0.59917	0.292064	0.104229	0.00453754	1.309556	1.367582
23688	-1245.349	-1464.713	219.3643	0.2859357	0.350507	0.537928	0.103208	0.00835732	1.387902	1.569851
23694	-1237.284	-1456.103	218.8186	0.3769309	0.614783	0.345296	0.0238987	0.016022	1.295756	1.977572
23700	-1232.358	-1451.596	219.2381	0.2393007	0.552807	0.356137	0.0227202	0.0683359	1.172181	1.816283
23706	-1233.699	-1452.116	218.4168	0.3075706	0.412267	0.468348	0.0723264	0.0470583	1.130288	2.375121
23712	-1229.118	-1447.337	218.2194	0.3363837	0.277343	0.610951	0.105338	0.00636825	1.154746	2.473975
23718	-1232.806	-1450.712	217.9055	0.4640295	0.553346	0.406976	0.0349396	0.004739	1.054831	2.665557
23724	-1234.281	-1452.158	217.877	0.2896214	0.41869	0.521526	0.0273132	0.0324702	1.21203	2.665557
23730	-1227.593	-1446.285	218.6926	0.2766146	0.519213	0.409054	0.020627	0.0511063	1.099218	2.226047
23736	-1225.059	-1443.524	218.4648	0.3648593	0.423481	0.4726	0.0324355	0.0714834	1.195497	2.280464
23742	-1226.713	-1445.359	218.6455	0.3624771	0.423018	0.472084	0.0552575	0.0496409	1.169252	2.182041
23748	-1216.721	-1435.649	218.9281	0.2347173	0.581341	0.301309	0.0754641	0.041886	0.9332801	2.182041
23754	-1216.066	-1434.747	218.6809	0.2248545	0.427949	0.416477	0.101431	0.0541434	0.9749332	2.312421
23760	-1223.417	-1442.112	218.6953	0.2876714	0.463208	0.450791	0.0551546	0.0308463	1.166848	2.178423
23766	-1219.194	-1438.214	219.0195	0.324494	0.622802	0.273492	0.0587154	0.0449907	1.222413	1.915823
23772	-1223.595	-1442.776	219.1807	0.3376161	0.685493	0.195327	0.0658175	0.0533627	1.211082	1.807977
23778	-1228.89	-1447.933	219.043	0.3420999	0.348595	0.602556	0.0217119	0.0271367	1.373434	1.788933
23784	-1228.658	-1446.762	218.1041	0.4286652	0.380734	0.430272	0.172933	0.0160612	1.268557	2.429509
23790	-1229.562	-1448.047	218.4849	0.3093435	0.488518	0.479015	0.0227618	0.00970564	1.039816	2.388731
23796	-1220.444	-1438.561	218.1164	0.2922073	0.516071	0.462467	0.00981685	0.011645	0.9282734	2.692273
23802	-1230.052	-1448.472	218.42	0.3049619	0.51956	0.438257	0.00988322	0.0322997	0.9282734	2.500928
23808	-1234.98	-1452.633	217.6526	0.3265758	0.495701	0.432188	0.0533001	0.0188116	0.8932236	2.984992
23814	-1230.947	-1449.67	218.7224	0.3532982	0.348301	0.604396	0.00939801	0.037905	1.332066	2.029115
23820	-1230.325	-1449.244	218.9187	0.3340792	0.447985	0.508388	0.0224717	0.0211548	1.237252	1.969871
23826	-1236.713	-1455.677	218.9646	0.3816461	0.268418	0.643404	0.0302072	0.0579702	1.157596	1.969871
23832	-1236.545	-1455.207	218.6622	0.3816461	0.341322	0.568794	0.0253765	0.0645069	1.113959	2.197597
23838	-1225.844	-1444.534	218.69	0.4032746	0.393233	0.563511	0.00795356	0.0353017	0.9577695	2.268826
23844	-1213.286	-1430.771	217.4843	0.3153094	0.405039	0.580807	0.00260256	0.0115514	1.024842	3.010743
23850	-1221.562	-1440.386	218.8244	0.3114342	0.395659	0.567357	0.00254229	0.0344425	1.001672	2.195328
23856	-1224.441	-1444.15	219.7092	0.3153477	0.483517	0.438141	0.00115963	0.0771829	1.18675	1.453061
23862	-1222.11	-1441.426	219.3157	0.2779871	0.523964	0.444946	0.000612937	0.030477	1.28123	1.683664
23868	-1232.974	-1452.425	219.4509	0.3359767	0.567789	0.359903	0.000495786	0.0718117	1.231505	1.602996
23874	-1226.009	-1445.417	219.4076	0.355941	0.371464	0.496707	0.000903902	0.130925	1.2615	1.602996
23880	-1233.16	-1452.739	219.5793	0.2852394	0.531995	0.442122	0.000454215	0.0254287	1.200642	1.549627
23886	-1234.73	-1454.092	219.3616	0.4339969	0.562572	0.343821	0.000480322	0.093127	1.199716	1.634599
23892	-1235.345	-1454.465	219.1206	0.3037095	0.441034	0.411914	0.000818558	0.146234	1.250636	1.834937
23898	-1233.055	-1451.335	218.2803	0.260534	0.482728	0.450855	0.000895943	0.065521	1.080542	2.501217
23904	-1235.719	-1454.401	218.6816	0.3604987	0.565529	0.425887	0.00232287	0.00626118	0.9689116	2.288729
23910	-1235.018	-1452.781	217.763	0.5955256	0.391689	0.606422	0.000445321	0.00144365	0.8873255	2.773895
23916	-1238.071	-1456.577	218.5056	0.3395141	0.310963	0.687137	0.000194344	0.00170588	0.917836	2.441848
23922	-1237.079	-1455.838	218.7586	0.4333973	0.442685	0.556421	0.000125286	0.000768674	1.099276	2.115589
23928	-1224.03	-1442.76	218.7299	0.465694	0.42157	0.575686	0.000332551	0.0024118	1.097724	2.115589
23934	-1225.631	-1442.433	216.8021	0.3807454	0.381169	0.617664	0.00049092	0.000676085	0.5651459	3.657014
23940	-1237.693	-1454.334	216.6409	0.3902128	0.384396	0.614439	0.000492285	0.000672555	0.718832	3.657014
23946	-1238.463	-1456.21	217.7472	0.613524	0.382438	0.611309	0.000353034	0.00590019	0.905162	2.761084
23952	-1233.898	-1450.234	216.336	0.7843293	0.316216	0.679308	0.000324911	0.00415037	0.9286459	3.480428
23958	-1224.204	-1441.28	217.0756	0.3686386	0.327902	0.665449	0.000586903	0.00606132	0.8783958	3.319993
23964	-1226.708	-1443.402	216.6941	0.4059064	0.328061	0.665771	0.000104211	0.00606425	0.6538636	3.656223
23970	-1229.113	-1445.345	216.2317	0.3988603	0.305827	0.651285	4.43701e-05	0.0428442	0.7239616	3.885815
23976	-1230.755	-1446.986	216.2312	0.3494944	0.309644	0.676329	0.000119453	0.0139082	0.7622225	3.885815
23982	-1232.807	-1449.856	217.0491	0.4890703	0.315623	0.672278	0.000103035	0.0119966	1.023427	3.186588
23988	-1230.616	-1448.64	218.0243	0.4211416	0.316003	0.666855	0.000145975	0.0169962	0.8327973	2.753168
23994	-1228.809	-1447.414	218.6059	0.4253391	0.40255	0.575613	0.000185954	0.0216511	1.152639	2.185047
24000	-1244.13	-1462.344	218.214	0.3146626	0.251546	0.731534	0.0117564	0.00516302	0.9553819	2.609212
24006	-1238.456	-1455.743	217.287	0.3607688	0.622126	0.336028	0.0290761	0.0127692	0.8775016	3.199111
24012	-1233.953	-1453.104	219.1508	0.3365126	0.442193	0.47601	0.064081	0.0177157	1.234602	1.812841
24018	-1234.959	-1453.505	218.5453	0.4949189	0.441348	0.500965	0.0444544	0.0132321	1.15253	2.181583
24024	-1237.824	-1455.016	217.1928	0.2964557	0.32435	0.606393	0.0538098	0.0154474	0.8789342	3.276043
24030	-1243.063	-1460.177	217.1135	0.2313941	0.350229	0.589258	0.0581032	0.00240963	0.9654723	3.276043
24036	-1231.928	-1449.588	217.6599	0.296493	0.552324	0.415674	0.0317469	0.000254967	0.9384603	2.962376
24042	-1219.786	-1438.135	218.3493	0.4142798	0.482011	0.467913	0.0498115	0.000264582	1.013162	2.443921
24048	-1228.107	-1446.396	218.2892	0.3201125	0.602562	0.336952	0.0601665	0.000319584	1.239719	2.382544
24054	-1223.001	-1442.313	219.3116	0.2773787	0.691692	0.245522	0.0626693	0.000117388	1.197649	1.745653
24060	-1210.166	-1429.325	219.1588	0.2566457	0.63616	0.310858	0.0529162	6.54244e-05	1.367066	1.736365
24066	-1223.382	-1441.85	218.4676	0.261051	0.725216	0.246282	0.0284193	8.32906e-05	1.176908	2.322196
24072	-1234.529	-1452.662	218.1324	0.2017401	0.742111	0.20564	0.0521982	5.05089e-05	1.085566	2.57947
24078	-1242.387	-1461.422	219.0354	0.265596	0.584006	0.334092	0.0818233	7.91753e-05	1.161008	1.961605
24084	-1241.357	-1460.479	219.1219	0.3741545	0.506613	0.43649	0.0567483	0.000149696	1.243847	1.808179
24090	-1240.329	-1459.626	219.2974	0.4555923	0.472411	0.48413	0.042911	0.000548319	1.521048	1.428704
24096	-1235.095	-1454.355	219.2593	0.4696333	0.544076	0.431888	0.0234692	0.000566647	1.194537	1.687589
24102	-1230.213	-1449.98	219.7674	0.4691765	0.395961	0.503286	0.093445	0.007308	1.666776	0.8613453
24108	-1230.322	-1450.224	219.9019	0.2931594	0.562799	0.345585	0.0624419	0.0291743	1.765216	0.7245232
24114	-1237.298	-1457.22	219.9225	0.4509954	0.420055	0.443991	0.0899641	0.0459896	1.537451	0.8511289
24120	-1243.851	-1463.666	219.815	0.5042306	0.52899	0.312324	0.136787	0.0218986	1.58753	0.8580808
24126	-1236.57	-1456.313	219.7426	0.3234638	0.530943	0.313477	0.139965	0.0156156	1.655169	1.025936
24132	-1238.105	-1457.937	219.8327	0.3180854	0.500158	0.396704	0.0833764	0.0197615	1.609474	0.9846703
24138	-1236.262	-1455.923	219.6613	0.4658983	0.486657	0.385995	0.105709	0.0216382	1.663187	0.9846703
24144	-1235.806	-1455.598	219.7918	0.2847848	0.591622	0.346931	0.0540758	0.00737062	1.560677	1.085411
24150	-1233.076	-1452.79	219.7144	0.4337795	0.465992	0.437471	0.08064	0.0158972	1.560677	1.062365
24156	-1240.904	-1460.573	219.6692	0.3627617	0.498382	0.397103	0.0875126	0.0170022	1.400849	1.292432
24162	-1243.206	-1462.887	219.681	0.2734228	0.672601	0.282374	0.0242425	0.0207826	1.575293	1.174433
24168	-1230.464	-1450.008	219.5435	0.2553942	0.651709	0.299157	0.0322198	0.0169139	1.503338	1.350098
24174	-1240.873	-1460.399	219.5254	0.2660274	0.634982	0.31381	0.0393304	0.0118773	1.489406	1.374546
24180	-1244.656	-1464.208	219.5515	0.2239567	0.740329	0.216131	0.0366324	0.00690775	1.460232	1.374048
24186	-1232.658	-1452.333	219.6754	0.2694933	0.61423	0.319636	0.0415993	0.0245353	1.420307	1.30965
24192	-1222.021	-1440.985	218.9645	0.3756382	0.309361	0.617936	0.0339585	0.0387452	1.197303	1.946458
24198	-1245.981	-1464.055	218.0732	0.3322252	0.26263	0.636667	0.0498515	0.050852	1.291344	2.481623
24204	-1221.445	-1439.381	217.9358	0.350171	0.352059	0.601249	0.0132426	0.0334497	1.24736	2.587393
24210	-1226.563	-1445.151	218.5877	0.3927484	0.47052	0.445711	0.00654363	0.0772254	1.062727	2.272817
24216	-1238.65	-1456.723	218.0731	0.252935	0.291633	0.598582	0.00869307	0.101091	1.128819	2.600305
24222	-1226.047	-1446.037	219.9896	0.1924587	0.78534	0.193636	0.0100356	0.0109883	1.461598	0.9692479
24228	-1226.391	-1446.395	220.0045	0.17524	0.727864	0.239279	0.0257957	0.0070615	1.491277	0.8982183
24234	-1231.584	-1451.537	219.9531	0.2456159	0.726673	0.238887	0.0257534	0.00868643	1.533862	0.9588753
24240	-1229.658	-1449.493	219.8346	0.2456159	0.504789	0.447647	0.035568	0.0119968	1.73532	0.8671385
24246	-1223.504	-1443.474	219.9692	0.3527833	0.597257	0.379301	0.00924761	0.0141944	1.578934	0.8436452
24252	-1235.315	-1455.284	219.9685	0.2556712	0.57535	0.331166	0.0130955	0.0803886	1.720362	0.702333
24258	-1233.95	-1453.891	219.941	0.2460583	0.620951	0.357413	0.0141334	0.00750254	1.720362	0.7465942
24264	-1227.378	-1447.282	219.9041	0.2319188	0.639891	0.337813	0.0145646	0.00773139	1.796844	0.6760376
24270	-1219.609	-1439.322	219.7134	0.2577477	0.625981	0.352736	0.01372	0.00756332	2.015614	0.618999
24276	-1231.96	-1451.601	219.6411	0.5020378	0.611078	0.349383	0.0170401	0.0224986	1.91736	0.6130423
24282	-1228.965	-1448.53	219.5651	0.4037558	0.567203	0.406718	0.0158166	0.0102624	2.082889	0.3970302
24288	-1234.714	-1454.086	219.3722	0.4380361	0.543806	0.305646	0.10555	0.0449975	2.183033	0.3193448
24294	-1244.151	-1463.756	219.6053	0.3784466	0.464601	0.484182	0.0326254	0.0185916	2.085305	0.538039
24300	-1241.529	-1460.829	219.2994	0.3382149	0.521513	0.452217	0.0116567	0.0146129	2.370718	0.355789
24306	-1244.644	-1463.918	219.2735	0.329144	0.380924	0.588163	0.00851429	0.0223985	2.337644	0.2958574
24312	-1238.033	-1457.629	219.5959	0.2389102	0.483574	0.469162	0.0158925	0.0313713	2.135429	0.403468
24318	-1235.422	-1455.196	219.7738	0.3313876	0.483574	0.469162	0.0158925	0.0313713	1.894698	0.6896631
24324	-1242.153	-1462.058	219.9051	0.3372539	0.591321	0.310556	0.0597612	0.0383613	1.78513	0.6383603
24330	-1236.493	-1456.302	219.8099	0.4293748	0.37271	0.606617	0.00254863	0.0181236	1.794292	0.6674232
24336	-1226.034	-1445.816	219.7815	0.3267925	0.358744	0.583886	0.0225678	0.0348026	1.609747	1.030438
24342	-1234.178	-1453.956	219.7783	0.2602795	0.397724	0.489406	0.0796663	0.0332039	1.660552	1.007634
24348	-1222.109	-1441.897	219.7882	0.3078748	0.656821	0.275259	0.0449231	0.0229973	1.660552	0.98323
24354	-1235.472	-1455.307	219.8351	0.3900704	0.515779	0.345678	0.101271	0.0372727	1.619406	0.9192859
24360	-1233.916	-1453.87	219.9546	0.3499358	0.382392	0.480907	0.0231634	0.113537	1.665031	0.750206
24366	-1227.432	-1447.231	219.7987	0.3230042	0.312967	0.619368	0.017732	0.049933	1.851219	0.729348
24372	-1237.209	-1457.187	219.9786	0.3337885	0.237291	0.688679	0.0197163	0.0543139	1.654913	0.7451316
24378	-1222.623	-1442.523	219.9	0.2597957	0.5278	0.412731	0.0127718	0.0466971	1.77723	0.7212537
24384	-1221.187	-1441.048	219.8607	0.2695839	0.624427	0.310234	0.0259075	0.039431	1.77723	0.7782533
24390	-1225.022	-1444.94	219.9175	0.2919998	0.489691	0.407385	0.038324	0.0645998	1.779771	0.6721172
24396	-1224.246	-1443.968	219.7217	0.3370438	0.565773	0.355893	0.03348	0.0448539	2.000716	0.5130254
24402	-1228.029	-1447.765	219.736	0.2439577	0.63569	0.310931	0.0177042	0.0356746	2.006762	0.5766618
24408	-1238.122	-1457.721	219.5982	0.2497954	0.455685	0.467061	0.0148324	0.0624213	2.155538	0.5048349
24414	-1230.162	-1449.591	219.4296	0.2601604	0.585046	0.326798	0.041753	0.0464027	2.290708	0.3821544
24420	-1220.692	-1440.214	219.5218	0.2601604	0.477086	0.448621	0.0480133	0.0262795	2.229224	0.4665262
24426	-1229.711	-1449.38	219.6692	0.3810417	0.522811	0.40818	0.0442418	0.0247663	2.014424	0.5644579
24432	-1224.293	-1444.029	219.736	0.2770268	0.51644	0.422519	0.0365763	0.0244645	2.014424	0.5028654
24438	-1209.892	-1429.708	219.8167	0.2641886	0.630137	0.270625	0.0272898	0.0719487	1.917743	0.6022527
24444	-1212.638	-1432.458	219.8198	0.2182429	0.656187	0.281812	0.0404141	0.0215869	1.799568	0.7961835
24450	-1223.776	-1443.778	220.0024	0.3010737	0.511432	0.416161	0.0314987	0.0409081	1.6694	0.711497
24456	-1239.723	-1459.358	219.6351	0.3010737	0.454691	0.413688	0.0507662	0.0808547	1.829582	0.9700684
24462	-1234.494	-1452.935	218.4405	0.3438107	0.270295	0.628189	0.0704794	0.0310366	1.317108	2.227376
24468	-1237.718	-1456.495	218.7768	0.3680364	0.482904	0.453236	0.0508506	0.01301	1.232407	2.052012
24474	-1229.12	-1447.598	218.4773	0.3143572	0.49524	0.442423	0.0496374	0.0126996	1.037623	2.393337
24480	-1228.48	-1446.472	217.9916	0.3818006	0.520331	0.384234	0.0827922	0.0126428	0.8375655	2.790409
24486	-1226.116	-1444.486	218.3698	0.2841172	0.448679	0.44475	0.0872399	0.0193307	0.8700066	2.573492
24492	-1231.161	-1449.08	217.9194	0.4048277	0.416225	0.53806	0.0273188	0.0183959	0.8270771	2.829213
24498	-1226.731	-1445.009	218.2774	0.3779619	0.257152	0.695685	0.0128916	0.0342712	0.9768734	2.530468
24504	-1215.586	-1434.006	218.4204	0.2914207	0.422121	0.503224	0.00778601	0.0668695	1.062057	2.420226
24510	-1218.862	-1437.272	218.4098	0.3366609	0.573617	0.291607	0.0448536	0.0899229	1.20152	2.324099
24516	-1230.933	-1450.039	219.1057	0.2646923	0.405613	0.370817	0.070324	0.153246	0.9900993	2.02881
24522	-1220.961	-1439.5	218.5388	0.2987461	0.612832	0.291907	0.0341579	0.0611029	1.103578	2.317037
24528	-1222.667	-1441.942	219.2754	0.2504011	0.431748	0.434705	0.063204	0.0703427	1.316185	1.69002
24534	-1220.524	-1439.626	219.102	0.3529026	0.474725	0.37555	0.0606662	0.0890581	1.454014	1.685806
24540	-1226.24	-1445.266	219.0252	0.405826	0.530567	0.352224	0.045413	0.0717959	1.297802	1.819891
24546	-1216.541	-1435.021	218.4802	0.2425594	0.734028	0.21836	0.0288761	0.0187365	1.019389	2.414071
24552	-1235.418	-1454.029	218.6103	0.2323227	0.650399	0.270442	0.0306959	0.0484626	1.024044	2.327585
24558	-1225.631	-1444.207	218.5755	0.278688	0.613229	0.313232	0.0355526	0.037987	1.086925	2.308718
24564	-1225.799	-1444.243	218.4439	0.4078406	0.440521	0.432141	0.0433484	0.0839895	1.137649	2.308718
24570	-1222.339	-1440.793	218.4541	0.3824429	0.350515	0.504451	0.0545708	0.0904638	1.208328	2.270411
24576	-1228.506	-1446.813	218.3071	0.3298761	0.347119	0.499564	0.0637288	0.0895875	1.057475	2.482488
24582	-1225.678	-1444.526	218.8483	0.3917812	0.402005	0.489583	0.0567328	0.0516788	1.239956	1.987097
24588	-1227.927	-1446.89	218.9633	0.3808659	0.482076	0.447001	0.0622046	0.00871812	1.334558	1.851268
24594	-1226.561	-1445.758	219.1971	0.3305687	0.546839	0.368967	0.0762513	0.00794205	1.341175	1.708678
24600	-1229.575	-1449.026	219.4512	0.3877894	0.520727	0.351349	0.0818513	0.0460733	1.463098	1.400965
24606	-1220.644	-1440.259	219.6142	0.3577794	0.548555	0.347156	0.0808745	0.0234152	1.377246	1.358407
24612	-1211.17	-1430.255	219.0852	0.3577794	0.574582	0.301098	0.0576005	0.066719	1.409349	1.726836
24618	-1213.878	-1432.893	219.015	0.2834348	0.545817	0.350909	0.0557728	0.0475012	1.293996	1.882753
24624	-1209.667	-1429.1	219.4335	0.2960457	0.615501	0.284514	0.0677494	0.032235	1.342167	1.549935
24630	-1218.186	-1437.408	219.222	0.3202151	0.481499	0.387475	0.0585855	0.0724403	1.502489	1.579097
24636	-1221.001	-1440.206	219.2044	0.3694159	0.498421	0.348715	0.146203	0.00666122	1.303728	1.711239
24642	-1229.021	-1448.51	219.4892	0.3516834	0.493006	0.448473	0.051932	0.00658886	1.357856	1.473392
24648	-1231.083	-1449.978	218.8947	0.3362962	0.555405	0.30018	0.120596	0.0238182	1.300923	1.942293
24654	-1226.576	-1445.43	218.8543	0.427186	0.348197	0.517813	0.133289	0.000700468	1.147914	2.024108
24660	-1222.121	-1440.23	218.1091	0.3702003	0.448315	0.483885	0.0658598	0.00194006	1.196121	2.502453
24666	-1234.562	-1452.98	218.4184	0.3076852	0.624541	0.270474	0.090531	0.0144534	0.9581898	2.482416
24672	-1226.445	-1445.454	219.009	0.267055	0.628076	0.272005	0.0838222	0.0160969	1.125404	2.002888
24678	-1224.885	-1443.147	218.2625	0.3453504	0.501648	0.373296	0.115036	0.0100204	1.125404	2.461749
24684	-1215.509	-1434.765	219.2556	0.3965928	0.42749	0.381605	0.168858	0.0220461	1.158376	1.762176
24690	-1222.314	-1441.078	218.7639	0.4227161	0.48257	0.301928	0.190615	0.0248866	1.329287	1.966062
24696	-1227.469	-1446.106	218.6374	0.4209915	0.433064	0.441681	0.104334	0.0209205	1.109846	2.194834
24702	-1228.915	-1448.558	219.6432	0.3253914	0.459291	0.407869	0.110653	0.0221875	1.144617	1.530258
24708	-1233.736	-1453.1	219.364	0.3326456	0.495402	0.321431	0.0851709	0.0979963	1.144142	1.729031
24714	-1235.205	-1453.828	218.6229	0.3814768	0.406889	0.40826	0.123648	0.0612023	1.16883	2.187576
24720	-1233.162	-1451.818	218.656	0.3150383	0.517189	0.370117	0.0508078	0.061886	1.180175	2.187576
24726	-1240.168	-1459.937	219.7688	0.3895618	0.468837	0.46202	0.0460577	0.0230861	1.275192	1.296712
24732	-1247.09	-1466.689	219.5991	0.2321462	0.575849	0.399858	0.0185876	0.00570565	1.339576	1.43273
24738	-1240.719	-1459.946	219.2274	0.2318184	0.669502	0.289891	0.0343155	0.00629126	1.339576	1.705812
24744	-1242.94	-1462.754	219.8147	0.2379345	0.564824	0.299038	0.0353983	0.10074	1.499216	1.124748
24750	-1222.301	-1442.088	219.7863	0.3032766	0.527334	0.443433	0.0183254	0.0109077	1.565106	1.079819
24756	-1238.049	-1457.703	219.6542	0.2069188	0.623543	0.327961	0.0355987	0.0128977	1.511226	1.242329
24762	-1242.291	-1460.974	218.6829	0.2561185	0.568339	0.406114	0.0103369	0.0152096	1.045282	2.268996
24768	-1234.605	-1453.969	219.3648	0.3621149	0.495975	0.474195	0.0120698	0.0177594	1.277709	1.619068
24774	-1246.473	-1465.215	218.742	0.3800009	0.485455	0.485349	0.0118138	0.0173827	1.071538	2.174165
24780	-1243.993	-1462.483	218.4898	0.3896118	0.442693	0.53162	0.0178287	0.00785786	0.9892393	2.383572
24786	-1248.912	-1466.141	217.2285	0.3751721	0.360198	0.518985	0.0797054	0.0411119	0.9632724	3.176519
24792	-1240.61	-1458.282	217.6717	0.2980025	0.417506	0.484059	0.0920393	0.00639514	0.8867758	2.985971
24798	-1246.591	-1463.599	217.0082	0.2216077	0.675422	0.264	0.0566423	0.00393566	0.7158348	3.4824
24804	-1258.702	-1476.462	217.7599	0.2564798	0.629645	0.301234	0.0646309	0.00449073	0.670451	3.068883
24810	-1249.11	-1467.345	218.2351	0.289532	0.409381	0.369139	0.117774	0.103705	0.9080979	2.63218
24816	-1238.056	-1456.372	218.3161	0.289532	0.445844	0.397593	0.0955631	0.0610003	1.144622	2.43434
24822	-1233.31	-1452.053	218.7432	0.4393926	0.485452	0.379953	0.0904131	0.0441818	1.195596	2.058779
24828	-1227.359	-1446.578	219.2187	0.3632003	0.360364	0.563631	0.0321372	0.0438686	1.442927	1.604667
24834	-1232.062	-1451.376	219.3141	0.3928062	0.438727	0.494681	0.0178629	0.0487284	1.324464	1.604667
24840	-1247.61	-1467.384	219.7736	0.2891585	0.450304	0.516999	0.0255445	0.00715256	1.579717	1.083298
24846	-1247.856	-1467.642	219.7864	0.2941101	0.424035	0.420346	0.0571056	0.0985133	1.612602	1.038331
24852	-1238.904	-1457.887	218.9829	0.2329673	0.641263	0.235963	0.00468849	0.118086	1.398287	1.835418
24858	-1227.659	-1447.197	219.5379	0.2956357	0.393377	0.470045	0.0283204	0.108257	1.478184	1.366967
24864	-1238.945	-1457.65	218.705	0.6314416	0.421654	0.494924	0.0665596	0.0168615	1.34512	1.853473
24870	-1240.502	-1459.89	219.3888	0.4062753	0.428446	0.486789	0.0676317	0.0171331	1.367853	1.509311
24876	-1254.002	-1473.372	219.3703	0.4922194	0.548356	0.300701	0.132115	0.0188283	1.306395	1.509311
24882	-1245.791	-1465.457	219.6654	0.2306228	0.713128	0.211912	0.0393164	0.0356433	1.640828	1.130138
24888	-1236.971	-1456.683	219.7123	0.2306228	0.68019	0.197731	0.0352345	0.0868443	1.423113	1.276403
24894	-1220.452	-1440.206	219.7541	0.2493261	0.526829	0.380846	0.0336453	0.0586798	1.38408	1.276403
24900	-1223.787	-1443.312	219.5244	0.3217547	0.538603	0.389358	0.0343973	0.0376423	1.381945	1.442507
24906	-1223.404	-1442.914	219.5096	0.3217547	0.504381	0.387044	0.0515057	0.0570698	1.223685	1.572044
24912	-1225.158	-1445.028	219.8704	0.3217547	0.384861	0.502794	0.0415485	0.0707966	1.377445	1.164903
24918	-1232.332	-1452.097	219.7654	0.2517014	0.555587	0.357983	0.017347	0.0690832	1.440065	1.220289
24924	-1235.536	-1453.431	217.8958	0.4173234	0.370373	0.531281	0.0706526	0.027693	1.012638	2.723834
24930	-1218.701	-1436.934	218.2325	0.2854823	0.360819	0.555922	0.0739295	0.00932974	0.9167027	2.629324
24936	-1223.349	-1441.933	218.5836	0.4471186	0.274175	0.674244	0.0458009	0.00577997	0.965638	2.306863
24942	-1225.849	-1443.939	218.0901	0.2207269	0.448547	0.47926	0.0453068	0.0268866	0.9220358	2.713396
24948	-1223.58	-1441.485	217.9051	0.2890663	0.239107	0.711848	0.0317059	0.0173395	0.9125492	2.83154
24954	-1229.194	-1447.473	218.2796	0.3217946	0.331062	0.641943	0.00793678	0.0190582	1.048635	2.508132
24960	-1229.528	-1448.341	218.8133	0.4216606	0.341937	0.618607	0.0233215	0.0161353	1.177548	2.034921
24966	-1227.707	-1447.319	219.612	0.3718636	0.473926	0.459613	0.0383807	0.0280799	1.290052	1.420111
24972	-1223.05	-1442.643	219.5939	0.3674907	0.497337	0.436668	0.0452096	0.0207853	1.500526	1.269521
24978	-1235.616	-1455.233	219.6169	0.3674907	0.516781	0.425713	0.0250264	0.0324793	1.556166	1.203483
24984	-1228.658	-1445.674	217.0165	0.3686699	0.266648	0.672173	0.0261178	0.0350614	0.8297565	3.383302
24990	-1243.278	-1462.758	219.4804	0.3417948	0.444438	0.444658	0.0136009	0.0973034	1.241081	1.571838
24996	-1242.398	-1461.421	219.0231	0.4032285	0.425472	0.425683	0.040801	0.108044	1.241081	1.861798
25002	-1249.492	-1469.143	219.6504	0.2822517	0.509483	0.312282	0.0488572	0.129378	1.288295	1.430868
25008	-1247.306	-1466.698	219.3919	0.3635811	0.464199	0.4224	0.0660854	0.0473155	1.251644	1.617563
25014	-1245.605	-1463.699	218.0934	0.2768468	0.355776	0.497551	0.0778429	0.0688306	1.105192	2.600325
25020	-1242.28	-1460.116	217.8359	0.3155449	0.597759	0.264063	0.118201	0.019977	0.8347021	2.913563
25026	-1231.458	-1450.045	218.5872	0.3396197	0.279713	0.535368	0.136397	0.0485216	0.9395011	2.376606
25032	-1226.465	-1445.143	218.6788	0.3396197	0.462965	0.431503	0.0789286	0.0266032	1.064286	2.238498
25038	-1233.071	-1451.049	217.978	0.3155367	0.546859	0.351143	0.0932312	0.00876673	1.165665	2.624857
25044	-1237.992	-1456.29	218.2977	0.2880254	0.555685	0.404015	0.0342153	0.0060846	1.059925	2.499366
25050	-1226.535	-1444.617	218.0819	0.2944639	0.512112	0.372335	0.1085	0.0070523	1.03461	2.647515
25056	-1240.005	-1458.578	218.5725	0.2775607	0.511819	0.377937	0.107516	0.00272722	1.094792	2.305795
25062	-1232.892	-1451.297	218.4053	0.3124693	0.709063	0.216032	0.0685293	0.00637631	1.049192	2.432089
25068	-1244.812	-1464.108	219.2954	0.3170875	0.187176	0.71386	0.0779954	0.020969	1.308689	1.667322
25074	-1245.65	-1465.11	219.4607	0.3880057	0.471309	0.432363	0.0822373	0.0140908	1.340751	1.487148
25080	-1242.485	-1462.31	219.8251	0.323771	0.49336	0.358321	0.126652	0.0216675	1.381485	1.199624
25086	-1246.573	-1466.448	219.8752	0.3097991	0.541782	0.320222	0.104478	0.0335189	1.531601	1.024082
25092	-1245.563	-1465.086	219.523	0.4260283	0.433146	0.402981	0.129726	0.034147	1.760302	1.061251
25098	-1226.44	-1446.144	219.7039	0.3047969	0.508763	0.393179	0.0795954	0.0184623	1.733974	0.9956945
25104	-1231.721	-1451.222	219.5016	0.3614911	0.533011	0.390212	0.0528817	0.0238946	2.204497	0.5065011
25110	-1234.339	-1453.897	219.5574	0.3271678	0.579478	0.354494	0.0420342	0.0239932	2.155171	0.4154897
25116	-1239.896	-1459.489	219.5937	0.2726368	0.621999	0.308885	0.0451185	0.023998	2.155171	0.4648068
25122	-1235.903	-1455.153	219.2496	0.3992289	0.430803	0.514191	0.0352781	0.0197284	1.37843	1.608391
25128	-1225.418	-1445.154	219.7366	0.2709601	0.411647	0.534113	0.0347867	0.0194536	1.361017	1.307819
25134	-1233.699	-1453.473	219.7739	0.2878361	0.295451	0.510854	0.142463	0.0512328	1.337408	1.292991
25140	-1233.311	-1452.913	219.6018	0.3480036	0.381018	0.551299	0.0516643	0.0160193	1.389289	1.364042
25146	-1235.771	-1454.669	218.8976	0.4045169	0.460857	0.443184	0.0849699	0.0109887	1.338773	1.880022
25152	-1229.067	-1448.421	219.3542	0.321815	0.476281	0.365517	0.146846	0.0113564	1.270841	1.650505
25158	-1233.27	-1452.884	219.614	0.3534462	0.595025	0.3758	0.0204258	0.00874888	1.441761	1.309409
25164	-1241.731	-1461.381	219.6505	0.2495396	0.63605	0.348056	0.0133681	0.00252646	1.466982	1.293348
25170	-1241.945	-1461.441	219.4968	0.5733425	0.485228	0.424531	0.0884722	0.00176898	1.629937	1.071819
25176	-1237.083	-1456.5	219.4168	0.4811881	0.407679	0.504956	0.085291	0.00207457	1.482556	1.346245
25182	-1246.752	-1465.891	219.1398	0.458273	0.41061	0.508586	0.0359805	0.0448234	1.471477	1.581975
25188	-1255.66	-1474.671	219.0112	0.5655593	0.365961	0.556294	0.027609	0.050137	1.450774	1.61244
25194	-1249.889	-1469.401	219.5122	0.3981287	0.353639	0.512917	0.06767	0.0657747	1.42551	1.375985
25200	-1243.968	-1463.213	219.2447	0.5431678	0.386302	0.494153	0.0606212	0.0589233	1.535519	1.391017
25206	-1240.279	-1459.648	219.3683	0.4507792	0.457331	0.433489	0.0460049	0.0631759	1.48001	1.409142
25212	-1234.52	-1453.926	219.4057	0.2802564	0.4825	0.381185	0.0852782	0.0510364	1.332715	1.581244
25218	-1233.06	-1452.387	219.3265	0.3776251	0.448842	0.345766	0.16707	0.0383215	1.388539	1.557605
25224	-1244.839	-1464.423	219.5839	0.3753596	0.442492	0.505747	0.037761	0.0140005	1.264969	1.45885
25230	-1244.282	-1463.728	219.446	0.4141597	0.526895	0.385359	0.0803877	0.00735805	1.373524	1.45676
25236	-1252.948	-1472.259	219.3111	0.4578938	0.450057	0.448661	0.0970722	0.00420989	1.360816	1.537649
25242	-1245.064	-1463.421	218.3573	0.4976826	0.434029	0.462186	0.0999984	0.0037873	0.9810437	2.409686
25248	-1239.431	-1458.524	219.0934	0.3646706	0.48063	0.441818	0.0739204	0.00363133	1.146959	1.89896
25254	-1235.384	-1453.755	218.371	0.3314054	0.479868	0.441117	0.0738032	0.00521161	1.094191	2.418729
25260	-1231.644	-1450.461	218.8169	0.3038624	0.450553	0.50736	0.0290183	0.0130684	1.258984	2.034053
25266	-1233.556	-1452.348	218.7923	0.3104055	0.450397	0.506707	0.0313673	0.0115285	1.23514	2.064086
25272	-1243.561	-1461.708	218.147	0.2701975	0.434583	0.541511	0.018978	0.00492795	0.9215	2.681443
25278	-1248.242	-1465.853	217.611	0.2855982	0.533642	0.436547	0.0175098	0.0123012	0.8282795	3.060143
25284	-1242.225	-1460.429	218.2046	0.3718925	0.425488	0.562117	0.00711696	0.00527849	0.951568	2.594323
25290	-1237.575	-1456.272	218.6968	0.3585568	0.525442	0.378425	0.0611341	0.0349986	1.117673	2.184048
25296	-1238.408	-1457.54	219.1325	0.2852617	0.443982	0.475272	0.0767795	0.00396653	1.13257	1.91221
25302	-1230.879	-1449.644	218.7646	0.3284597	0.496105	0.430718	0.069582	0.0035947	1.174234	2.115859
25308	-1223.068	-1440.996	217.9281	0.4370557	0.488374	0.470354	0.0362859	0.00498587	1.121776	2.625984
25314	-1228.519	-1447.406	218.8871	0.3421391	0.646675	0.306214	0.0405087	0.00660198	1.314772	1.935573
25320	-1248.822	-1467.338	218.5158	0.2939159	0.216562	0.6814	0.0245021	0.0775358	1.212419	2.263393
25326	-1235.924	-1454.252	218.3274	0.3124144	0.570032	0.295716	0.0322377	0.102015	1.186505	2.394583
25332	-1234.65	-1453.444	218.794	0.3507488	0.531237	0.313346	0.0541093	0.101308	1.142381	2.108128
25338	-1245.298	-1463.238	217.9397	0.3526811	0.379288	0.434409	0.0653855	0.120917	1.14975	2.644245
25344	-1236.358	-1453.831	217.4732	0.3300579	0.382579	0.431555	0.0638996	0.121966	1.01124	3.020588
25350	-1233.693	-1451.483	217.7893	0.2724038	0.399976	0.419395	0.062099	0.11853	0.897173	2.913788
25356	-1240.413	-1458.904	218.4912	0.2833563	0.434097	0.456613	0.0364951	0.0727941	1.084528	2.362997
25362	-1234.822	-1452.869	218.0468	0.3218643	0.486503	0.44814	0.0462661	0.0190913	1.049327	2.652057
25368	-1228.035	-1446.453	218.4181	0.2556522	0.373619	0.565781	0.0281053	0.0324949	1.086157	2.411376
25374	-1232.289	-1450.939	218.6493	0.2892576	0.597408	0.304386	0.0411605	0.0570454	1.214515	2.176959
25380	-1229.9	-1448.746	218.8463	0.2481527	0.610036	0.31082	0.0428397	0.0363048	1.373189	1.946791
25386	-1238.708	-1457.468	218.7602	0.2373358	0.497446	0.377142	0.0831664	0.0422452	1.066414	2.204911
25392	-1239.312	-1457.916	218.6046	0.2076032	0.231104	0.725805	0.0203798	0.0227113	1.209812	2.204911
25398	-1246.391	-1465.803	219.4112	0.3608261	0.306008	0.652026	0.0234001	0.0185657	1.600668	1.340411
25404	-1234.37	-1453.953	219.5831	0.4701328	0.49778	0.440117	0.034629	0.0274748	1.578614	1.135078
25410	-1233.246	-1452.799	219.5527	0.3398248	0.373727	0.482633	0.123012	0.0206278	1.386166	1.409092
25416	-1231.079	-1450.612	219.5327	0.2638189	0.375924	0.432263	0.110697	0.081117	1.156562	1.619447
25422	-1232.374	-1451.741	219.367	0.2601775	0.691381	0.210327	0.0538622	0.0444289	1.38018	1.577592
25428	-1229.33	-1448.651	219.3203	0.2601775	0.584254	0.331655	0.0429559	0.0411354	1.185005	1.750571
25434	-1226.378	-1445.718	219.3395	0.2353853	0.566847	0.371011	0.0480532	0.0140888	1.140657	1.767338
25440	-1234.184	-1453.094	218.9092	0.2710735	0.566429	0.366002	0.0173034	0.050265	0.9299501	2.196251
25446	-1224.618	-1443.326	218.7075	0.3487671	0.464475	0.427	0.0301525	0.0783728	1.056973	2.220832
25452	-1227.858	-1447.26	219.4023	0.2548571	0.501935	0.412834	0.0124304	0.0728005	1.076891	1.769046
25458	-1230.668	-1449.468	218.8002	0.4192346	0.412937	0.518339	0.0137086	0.0550159	1.233358	2.007993
25464	-1229.515	-1448.298	218.783	0.3734292	0.409322	0.494585	0.0204347	0.0756589	1.042844	2.169539
25470	-1251.342	-1469.197	217.8553	1.374009	0.736141	0.263145	0.000284766	0.000429258	1.017872	2.146657
25476	-1240.228	-1458.472	218.244	0.7901593	0.521373	0.477038	0.00121152	0.000376912	1.086513	2.219532
25482	-1245.345	-1465.17	219.8258	0.2754689	0.614481	0.367215	0.00781319	0.0104908	1.614838	1.003332
25488	-1251.214	-1470.945	219.7303	0.3092276	0.484132	0.499599	0.0061558	0.0101129	1.37437	1.291174
25494	-1235.359	-1454.851	219.4915	0.2791419	0.537278	0.447435	0.00702145	0.0082661	1.364622	1.494266
25500	-1233.789	-1453.466	219.6772	0.2832479	0.611777	0.369727	0.0112449	0.00725028	1.516453	1.225907
25506	-1217.743	-1437.161	219.4185	0.2774812	0.516403	0.467621	0.00750373	0.0084728	1.391981	1.528693
25512	-1204.516	-1423.968	219.4518	0.2781718	0.515	0.406695	0.00407015	0.074235	1.358522	1.528693
25518	-1223.593	-1442.998	219.4051	0.3447192	0.385553	0.474354	0.000781049	0.139312	1.246716	1.621133
25524	-1227.568	-1446.591	219.0236	0.2602387	0.490344	0.460299	0.00118444	0.0481729	1.099537	2.010978
25530	-1221.534	-1440.522	218.9881	0.2991006	0.403785	0.53349	0.00689298	0.0558328	1.124654	2.010978
25536	-1225.809	-1444.565	218.7565	0.315001	0.340452	0.566895	0.00450302	0.0881497	0.9779464	2.253243
25542	-1222.147	-1441.62	219.4737	0.2148621	0.413058	0.410953	0.00855323	0.167436	1.261728	1.579957
25548	-1224.321	-1444.114	219.7932	0.3272485	0.265194	0.705366	0.00482141	0.0246183	1.464095	1.153774
25554	-1213.478	-1432.819	219.3414	0.3495993	0.294323	0.690124	0.000968321	0.0145846	1.2873	1.635434
25560	-1218.418	-1437.947	219.5288	0.2663201	0.427752	0.551817	0.000774261	0.0196576	1.317048	1.504027
25566	-1237.157	-1456.305	219.148	0.3672539	0.454671	0.444263	0.000822987	0.100243	1.376781	1.700645
25572	-1228.11	-1447.579	219.4688	0.3215485	0.533012	0.455142	0.00219907	0.00964701	1.376781	1.488696
25578	-1232.839	-1452.153	219.3139	0.2548165	0.294876	0.675218	0.00448105	0.0254245	1.368251	1.625172
25584	-1233.514	-1452.637	219.1234	0.3233911	0.566112	0.399155	0.00965665	0.0250762	1.281901	1.804521
25590	-1231.016	-1450.205	219.189	0.2897175	0.536414	0.326612	0.0506913	0.086283	1.231926	1.804521
25596	-1224.012	-1442.963	218.951	0.3139044	0.475616	0.46417	0.00794692	0.0522676	1.220258	1.967267
25602	-1220.206	-1439.004	218.7978	0.3307186	0.329305	0.611187	0.0341487	0.0253587	1.092005	2.147022
25608	-1227.318	-1446.365	219.0469	0.2535784	0.487374	0.457357	0.0428617	0.0124081	1.323191	1.844518
25614	-1233.566	-1453.073	219.5077	0.2761322	0.439128	0.5004	0.0468955	0.0135759	1.323191	1.513731
25620	-1221.135	-1440.513	219.378	0.3161123	0.280071	0.668856	0.0447723	0.00630098	1.386588	1.551246
25626	-1232.431	-1451.598	219.167	0.3151538	0.346176	0.623784	0.0262006	0.00383932	1.095095	1.905601
25632	-1226.313	-1444.202	217.8893	0.3605249	0.440371	0.524831	0.027937	0.0068613	1.043683	2.73691
25638	-1225.854	-1444.283	218.4297	0.2996479	0.263806	0.657449	0.0685463	0.0101988	1.139759	2.363221
25644	-1231.059	-1449.22	218.1612	0.3617979	0.462338	0.424619	0.0858904	0.0271525	1.055437	2.561517
25650	-1242.574	-1461.349	218.7749	0.3443627	0.24549	0.654893	0.0456056	0.0540119	1.214856	2.075933
25656	-1242.643	-1461.505	218.8622	0.3980387	0.253467	0.676173	0.0189314	0.0514294	1.197441	2.002719
25662	-1240.627	-1460.261	219.6338	0.3499191	0.572823	0.385081	0.00661161	0.0354846	1.508343	1.240375
25668	-1226.656	-1446.464	219.8084	0.2356325	0.553277	0.396557	0.00787901	0.0422868	1.531345	1.100907
25674	-1258.066	-1476.412	218.3466	0.4718739	0.327443	0.639987	0.00442317	0.0281467	1.24104	2.267211
25680	-1245.205	-1464.544	219.3392	0.3525383	0.495121	0.436005	0.0452783	0.0235966	1.15265	1.731356
25686	-1226.547	-1445.879	219.3322	0.3136935	0.453068	0.426599	0.0547723	0.0655615	1.274657	1.666605
25692	-1219.696	-1438.762	219.0656	0.2489683	0.639893	0.280878	0.0360628	0.0431665	1.274657	1.864923
25698	-1219.789	-1438.761	218.9719	0.2713019	0.483564	0.478399	0.0272525	0.0107852	1.199253	1.977869
25704	-1231.604	-1449.593	217.989	0.2668377	0.574707	0.380086	0.0323891	0.0128181	1.094494	2.67259
25710	-1226.112	-1445.176	219.0648	0.3621334	0.482862	0.472799	0.0385612	0.00577761	1.331837	1.793063
25716	-1230.529	-1449.368	218.8392	0.2883459	0.459219	0.449648	0.0547173	0.0364151	0.9733664	2.210371
25722	-1215.201	-1433.407	218.2064	0.3195809	0.428913	0.494447	0.0365965	0.0400432	0.9376366	2.623262
25728	-1226.28	-1444.441	218.1606	0.4326578	0.538038	0.386282	0.0482596	0.0274207	0.7107404	2.738139
25734	-1224.748	-1442.551	217.8031	0.4042166	0.228703	0.627443	0.0988351	0.0450189	1.114582	2.725094
25740	-1226.019	-1443.518	217.4988	0.3958932	0.221712	0.695186	0.0351837	0.0479187	1.014783	2.974446
25746	-1234.351	-1452.802	218.4513	0.3817331	0.275357	0.672505	0.0216576	0.0304801	1.014267	2.396099
25752	-1234.373	-1453.9	219.5264	0.3867927	0.577819	0.385164	0.0263121	0.0107046	1.261876	1.497809
25758	-1238.62	-1458.064	219.4436	0.348384	0.306822	0.661888	0.0102516	0.0210383	1.261876	1.580307
25764	-1233.275	-1452.786	219.5114	0.3663901	0.334223	0.635724	0.00984636	0.0202067	1.181272	1.580307
25770	-1228.696	-1447.485	218.7886	0.365634	0.420937	0.51663	0.036984	0.0254493	1.02433	2.181715
25776	-1233.445	-1450.491	217.0458	0.2925856	0.497697	0.44802	0.0437282	0.0105546	0.7617897	3.432098
25782	-1227.736	-1446.558	218.8226	0.3127986	0.540389	0.420093	0.023339	0.0161799	1.061982	2.156923
25788	-1235.994	-1454.614	218.62	0.2629073	0.473799	0.501098	0.0109169	0.0141861	0.8839955	2.411135
25794	-1223.3	-1442.297	218.9968	0.3382421	0.475387	0.502777	0.0076017	0.0142336	1.114193	1.998175
25800	-1228.878	-1447.354	218.4764	0.322057	0.390753	0.530737	0.00966886	0.0688416	1.070658	2.37037
25806	-1233.379	-1452.368	218.9895	0.322057	0.283175	0.62983	0.00451218	0.0824829	1.163486	1.976581
25812	-1218.832	-1437.07	218.2382	0.3312518	0.347804	0.564564	0.00426853	0.0833637	1.075762	2.513594
25818	-1228.605	-1446.99	218.3851	0.3409815	0.536954	0.385883	0.00375858	0.0734044	0.9814851	2.476929
25824	-1233.637	-1452.013	218.3757	0.3829751	0.439004	0.482935	0.0131053	0.0649556	0.9604028	2.476929
25830	-1233.208	-1451.867	218.659	0.325777	0.614367	0.354263	0.00702272	0.0243473	1.053525	2.263548
25836	-1236.936	-1456.301	219.3652	0.3373804	0.470681	0.470946	0.00829571	0.0500779	1.231777	1.663983
25842	-1247.544	-1466.217	218.673	0.5568853	0.533087	0.399169	0.00586754	0.0618766	1.1895	2.032381
25848	-1246.856	-1465.662	218.8054	0.5568853	0.370593	0.567243	0.0370782	0.0250859	1.057116	2.032381
25854	-1251.752	-1468.307	216.5549	0.5523059	0.413854	0.461294	0.099912	0.0249403	0.6534217	3.655332
25860	-1235.043	-1451.53	216.4866	0.4477583	0.16	0.791731	0.0386269	0.00964217	0.784489	3.67901
25866	-1229.294	-1445.786	216.4921	0.5425888	0.395906	0.585465	0.00154099	0.0170885	0.6853046	3.67901
25872	-1242.301	-1459.296	216.9953	0.5629658	0.391542	0.586121	0.00188338	0.0204542	0.7821942	3.316631
25878	-1238.281	-1455.724	217.4435	0.4491301	0.370245	0.620511	0.00563269	0.00361119	0.7512716	3.13682
25884	-1241.057	-1458.572	217.515	0.4279902	0.360777	0.63243	0.00406332	0.00272964	0.9482894	2.987936
25890	-1227.338	-1444.555	217.2166	0.4849729	0.417154	0.571178	0.00469828	0.00696977	0.9486996	3.133888
25896	-1227.228	-1444.513	217.2851	0.5991991	0.539937	0.446688	0.00301889	0.0103566	0.9361067	3.030773
25902	-1238.37	-1457.203	218.8331	0.5991991	0.525014	0.448619	0.00710863	0.0192588	1.244277	1.858059
25908	-1250.258	-1468.921	218.6629	0.5879203	0.444139	0.514567	0.0250019	0.0162921	1.244277	1.981112
25914	-1260.795	-1479.733	218.9373	0.5703275	0.444423	0.514897	0.0250179	0.0156622	1.105896	1.901879
25920	-1247.205	-1465.684	218.4795	0.6047099	0.346912	0.561811	0.0721145	0.0191627	1.14211	2.157863
25926	-1244.01	-1462.756	218.7461	0.3893148	0.51023	0.409628	0.0519584	0.0281841	1.032992	2.191693
25932	-1232.732	-1451.199	218.4672	0.3020093	0.325078	0.646331	0.0132384	0.0153526	0.9434675	2.46272
25938	-1247.033	-1465.307	218.2742	0.289269	0.410084	0.574116	0.0120276	0.00377274	1.141461	2.46272
25944	-1236.674	-1454.748	218.0744	0.3672772	0.352899	0.626327	0.0109356	0.00983864	1.059519	2.610256
25950	-1221.645	-1439.237	217.5915	0.3838005	0.389674	0.587387	0.0120752	0.0108639	0.9103357	2.9874
25956	-1237.105	-1455.257	218.1518	0.4183727	0.361064	0.561104	0.0647403	0.0130915	1.000038	2.573235
25962	-1231.178	-1449.217	218.0395	0.2831221	0.607668	0.299339	0.0781368	0.0148558	0.932437	2.738673
25968	-1226.995	-1445.712	218.7164	0.2985191	0.236641	0.689441	0.0526084	0.0213101	0.9658124	2.291682
25974	-1244.304	-1459.978	215.6732	0.3455531	0.428401	0.405127	0.0734204	0.0930519	0.5195573	4.343085
25980	-1235.311	-1454.232	218.9211	0.5077153	0.478525	0.492298	0.0199858	0.00919084	2.516998	0.2818219
25986	-1240.118	-1459.193	219.0747	0.3974182	0.455822	0.475421	0.0623418	0.0064148	2.473799	0.2867915
25992	-1223.269	-1440.189	216.9195	0.4668851	0.399021	0.494326	0.0815608	0.0250918	0.8271255	3.391471
25998	-1228.151	-1445.552	217.4004	0.4750877	0.427659	0.465785	0.0796634	0.0268926	0.7972228	3.120378
26004	-1222.073	-1439.444	217.3714	0.4001441	0.515613	0.459479	0.0201045	0.00480337	0.8946929	3.120378
26010	-1225.704	-1442.37	216.6653	0.5019793	0.423321	0.546572	0.0226021	0.00750536	0.8972176	3.479109
26016	-1230.949	-1448.723	217.7737	0.3622176	0.524207	0.455139	0.0188211	0.00183324	0.7050115	3.011191
26022	-1225.461	-1443.131	217.6697	0.3552768	0.384539	0.600238	0.0121947	0.00302835	1.029156	2.881637
26028	-1223.14	-1441.004	217.8644	0.3511104	0.523692	0.44385	0.0300979	0.00236005	1.025451	2.767348
26034	-1234.952	-1453.431	218.4793	0.2711494	0.513932	0.435578	0.0481743	0.00231607	0.9461146	2.459791
26040	-1230.026	-1448.448	218.4222	0.277435	0.355115	0.628472	0.0131143	0.00329853	1.001787	2.459791
26046	-1225.592	-1443.942	218.3508	0.2710843	0.594997	0.397081	0.00523747	0.00268473	1.074572	2.459791
26052	-1221.811	-1440.126	218.3148	0.3328497	0.580358	0.401799	0.00272506	0.0151175	1.008314	2.507323
26058	-1224.412	-1442.857	218.4453	0.2572556	0.597761	0.36221	0.0198288	0.0202006	0.9060538	2.507323
26064	-1237.786	-1456.327	218.5406	0.3749406	0.517066	0.389865	0.00614726	0.0869219	1.004717	2.348906
26070	-1235.154	-1454.015	218.8611	0.3325179	0.464368	0.441417	0.00782828	0.0863871	1.098573	2.100646
26076	-1239.281	-1458.102	218.8206	0.2693663	0.540973	0.373381	0.00332505	0.0823216	1.007848	2.203363
26082	-1237.023	-1455.68	218.6573	0.3312706	0.415775	0.496748	0.0321951	0.0552818	1.026391	2.279994
26088	-1229.876	-1447.402	217.5256	0.3606783	0.351523	0.597205	0.00738364	0.0438881	0.9559762	3.010157
26094	-1238.99	-1458.353	219.3633	0.3911622	0.300679	0.685682	0.000434302	0.0132055	1.385233	1.52481
26100	-1230.435	-1448.932	218.4972	0.3633277	0.37291	0.61543	0.00211757	0.00954242	1.12269	2.307026
26106	-1227.442	-1446.36	218.9184	0.3347243	0.510615	0.481228	0.000984631	0.00717209	1.086841	2.069746
26112	-1226.453	-1445.721	219.2677	0.2571733	0.672398	0.318829	0.000854816	0.00791775	1.128973	1.826137
26118	-1225.674	-1444.336	218.6624	0.4064629	0.318062	0.664036	0.00149814	0.016404	1.139176	2.167812
26124	-1225.435	-1443.897	218.4622	0.3607112	0.447219	0.548861	0.000746113	0.00317407	1.011681	2.400935
26130	-1228.632	-1446.789	218.1566	0.3710925	0.52601	0.469245	0.00101089	0.00373328	0.9822719	2.605438
26136	-1228.898	-1446.832	217.9339	0.3575377	0.335506	0.642302	0.0170823	0.00511011	0.9139913	2.790138
26142	-1217.432	-1435.308	217.8762	0.2851689	0.335506	0.642302	0.0170823	0.00511011	1.010877	2.790138
26148	-1225.626	-1442.968	217.3419	0.4091635	0.428472	0.542904	0.0218156	0.00680811	0.6883192	3.255662
26154	-1234.558	-1453.132	218.5735	0.3138401	0.412645	0.529664	0.00987566	0.0478155	0.8359996	2.459885
26160	-1218.815	-1437.204	218.3898	0.3252107	0.398856	0.508387	0.0468617	0.0458948	0.9049548	2.52783
26166	-1228.313	-1446.819	218.5055	0.2524888	0.344945	0.580865	0.0591442	0.0150453	0.9679768	2.430825
26172	-1226.688	-1445.355	218.6664	0.3267347	0.413935	0.472179	0.0934429	0.0204438	1.009125	2.286904
26178	-1224.716	-1443.593	218.8775	0.3852713	0.507547	0.480776	0.00516531	0.00651181	1.144094	2.035003
26184	-1216.923	-1436.437	219.5138	0.3565359	0.406678	0.564458	0.0273953	0.00146811	1.337187	1.467834
26190	-1220.219	-1439.777	219.5585	0.3491543	0.463697	0.483243	0.0454291	0.00763121	1.297612	1.467834
26196	-1226.102	-1444.952	218.8498	0.2509942	0.308377	0.52257	0.0341687	0.134884	1.050687	2.157774
26202	-1231.054	-1449.696	218.6426	0.3020149	0.32351	0.625509	0.0191831	0.0317974	1.223292	2.172348
26208	-1232.894	-1450.944	218.0505	0.4122606	0.401201	0.532891	0.0252787	0.0406296	1.053106	2.606428
26214	-1226.667	-1444.603	217.9358	0.407773	0.282426	0.62748	0.0514705	0.0386231	0.9083334	2.768207
26220	-1220.078	-1437.359	217.2807	0.404782	0.334503	0.576653	0.0374628	0.0513811	0.6762309	3.301155
26226	-1221.524	-1439.469	217.9449	0.4674463	0.393765	0.501651	0.0440999	0.060484	0.7618182	2.818688
26232	-1221.766	-1439.787	218.0216	0.2855311	0.410613	0.510777	0.0231034	0.0555068	0.8183813	2.818688
26238	-1215.911	-1433.293	217.381	0.3125979	0.416571	0.529123	0.0224022	0.0319037	0.7385068	3.243462
26244	-1228.677	-1447.094	218.4175	0.3253423	0.534851	0.416908	0.0220616	0.0261789	0.8828984	2.524243
26250	-1216.223	-1434.183	217.9592	0.3594021	0.445899	0.51625	0.0163107	0.0215409	0.6332154	2.944065
26256	-1220.879	-1439.259	218.3801	0.3207427	0.446864	0.508281	0.0208946	0.0239602	0.8249271	2.585161
26262	-1219.717	-1437.884	218.1673	0.2968858	0.555838	0.382109	0.00613964	0.0559139	0.7654816	2.759619
26268	-1216.031	-1433.221	217.1905	0.3061115	0.438915	0.485999	0.0413793	0.033707	0.7976942	3.322767
26274	-1223.422	-1441.208	217.786	0.2862691	0.519386	0.403004	0.04277	0.0348398	0.9253771	2.896465
26280	-1231.174	-1449.249	218.0755	0.3462535	0.316736	0.609889	0.0672257	0.00614994	0.8403402	2.753449
26286	-1227.618	-1445.607	217.9893	0.3509788	0.481368	0.403471	0.106512	0.00864864	0.9094451	2.761984
26292	-1227.506	-1445.316	217.8105	0.5172061	0.483476	0.39145	0.113772	0.0113019	0.9136022	2.778157
26298	-1226.842	-1445.626	218.7833	0.347302	0.313897	0.473775	0.153217	0.0591106	0.9922549	2.214323
26304	-1226.822	-1445.787	218.9658	0.2867561	0.308211	0.52511	0.057139	0.10954	1.145564	2.014959
26310	-1236.519	-1455.788	219.2686	0.240421	0.608223	0.331191	0.0224103	0.0381758	1.28344	1.717511
26316	-1238.589	-1457.913	219.3236	0.3997624	0.654812	0.281253	0.0365349	0.0274001	1.399999	1.538034
26322	-1227.422	-1446.946	219.5239	0.3634254	0.489536	0.395877	0.0777226	0.0368644	1.255957	1.51755
26328	-1231.384	-1450.431	219.0474	0.4475864	0.487379	0.413404	0.0585272	0.0406902	1.214335	1.836297
26334	-1225.702	-1444.982	219.2795	0.3799008	0.495144	0.429397	0.0557455	0.019714	1.214335	1.715609
26340	-1225.075	-1444.599	219.5239	0.2771956	0.504244	0.390292	0.0310103	0.0744535	1.128658	1.644064
26346	-1228.855	-1447.301	218.446	0.3022954	0.494756	0.416462	0.0259211	0.0628605	1.053271	2.406863
26352	-1232.594	-1450.561	217.9669	0.2617772	0.491192	0.424173	0.0223463	0.0622887	0.9307418	2.786829
26358	-1236.344	-1454.878	218.534	0.3855341	0.35666	0.495067	0.0184533	0.12982	0.7635992	2.499743
26364	-1221.024	-1439.332	218.3076	0.2442797	0.509505	0.439231	0.0295233	0.0217403	0.9130037	2.588536
26370	-1221.91	-1439.956	218.0454	0.4839172	0.507332	0.463697	0.0132119	0.0157591	0.9145265	2.653946
26376	-1227.519	-1445.592	218.0728	0.4075224	0.489671	0.481961	0.0239149	0.00445284	0.8205269	2.738264
26382	-1222.163	-1440.403	218.24	0.5561644	0.425255	0.528215	0.0418089	0.00472177	0.7655225	2.5807
26388	-1223.289	-1440.073	216.7839	0.5181213	0.29664	0.648656	0.052533	0.00217085	0.5663694	3.593264
26394	-1218.936	-1437.223	218.2863	0.3704521	0.493386	0.467212	0.0378383	0.00156361	0.6200516	2.748684
26400	-1224.962	-1441.545	216.5831	0.4573799	0.39091	0.545219	0.0617378	0.00213281	0.7067734	3.662865
26406	-1226.442	-1443.527	217.0857	0.3273074	0.322569	0.612392	0.0467593	0.018279	0.614561	3.485029
26412	-1228.085	-1445.356	217.2703	0.3791294	0.393507	0.505407	0.0505323	0.0505528	0.6892072	3.311998
26418	-1229.033	-1445.89	216.8566	0.3227862	0.408146	0.485014	0.0319255	0.074914	0.844411	3.486106
26424	-1234.031	-1450.797	216.7654	0.3227862	0.51841	0.383342	0.0293582	0.0688898	0.869935	3.524368
26430	-1226.173	-1443.983	217.8095	0.3042486	0.625744	0.321025	0.0229758	0.030255	0.7670642	2.973494
26436	-1234.738	-1453.27	218.5316	0.2053574	0.619119	0.317626	0.0232057	0.0400493	0.7966505	2.512538
26442	-1231.234	-1449.605	218.3705	0.2252885	0.631845	0.294161	0.0210139	0.0529805	0.8014277	2.616127
26448	-1225.214	-1443.59	218.3753	0.171597	0.240784	0.42888	0.0247724	0.305564	0.990305	2.465317
26454	-1227.013	-1445.658	218.645	0.2168264	0.335264	0.349576	0.0201917	0.294969	0.982986	2.327996
26460	-1228.58	-1447.872	219.2921	0.2669096	0.414241	0.431924	0.0194285	0.134406	1.184371	1.770077
26466	-1228.341	-1447.188	218.8475	0.2586496	0.614403	0.256115	0.0168509	0.112632	1.11922	2.114315
26472	-1227.788	-1447.104	219.3165	0.2527368	0.511806	0.300288	0.0575976	0.130309	1.274374	1.690538
26478	-1225.22	-1444.549	219.3288	0.2527368	0.635649	0.26757	0.0449257	0.0518552	1.300963	1.662844
26484	-1239.016	-1458.817	219.8013	0.3117928	0.549693	0.364526	0.0302848	0.0554966	1.435499	1.179112
26490	-1231.764	-1451.42	219.6565	0.2214201	0.594791	0.320705	0.0266442	0.0578592	1.426236	1.316686
26496	-1229.391	-1449.116	219.7256	0.2555874	0.5178	0.35009	0.0223548	0.109755	1.312376	1.357087
26502	-1237.848	-1457.551	219.7021	0.2710029	0.605431	0.289854	0.0167756	0.0879389	1.395597	1.307766
26508	-1234.969	-1454.828	219.8589	0.3970471	0.563819	0.372867	0.0121125	0.0512017	1.502225	1.010257
26514	-1231.337	-1451.125	219.7878	0.3403583	0.531143	0.401075	0.0244231	0.0433591	1.398493	1.20837
26520	-1226.092	-1445.624	219.5311	0.3504529	0.441927	0.498985	0.0230121	0.0360761	1.605317	1.244791
26526	-1226.38	-1446.244	219.8633	0.291164	0.525636	0.404084	0.027371	0.0429095	1.494537	1.078427
26532	-1223.379	-1443.112	219.7329	0.2775716	0.536569	0.390518	0.0314436	0.041469	1.532639	1.165513
26538	-1225.245	-1445.302	220.0575	0.3000837	0.446103	0.494727	0.00663538	0.0525349	1.363417	1.014615
26544	-1235.211	-1454.594	219.3831	0.2406658	0.686051	0.274198	0.00795244	0.0317987	1.28697	1.63338
26550	-1246.475	-1465.476	219.0013	0.3380654	0.499974	0.447347	0.000799735	0.0518787	1.058804	2.032102
26556	-1253.598	-1470.983	217.3847	0.2231069	0.62182	0.236924	0.00107737	0.140179	0.8262181	3.1964
26562	-1228.556	-1448.285	219.7293	0.2668488	0.702511	0.230492	0.0549845	0.0120131	1.573498	1.134584
26568	-1229.039	-1448.291	219.2525	0.667554	0.574993	0.37017	0.0450039	0.00983251	1.266148	1.491429
26574	-1229.993	-1449.201	219.208	0.4970211	0.503917	0.440181	0.0535156	0.00238613	1.438528	1.528246
26580	-1218.346	-1438.03	219.684	0.4065484	0.319352	0.661491	0.0134856	0.00567156	1.397221	1.254466
26586	-1226.524	-1445.537	219.013	0.4415764	0.467176	0.5048	0.0197279	0.00829684	1.17393	1.891234
26592	-1232.421	-1451.447	219.0261	0.2959339	0.433621	0.537108	0.0209905	0.00828009	1.050427	2.035849
26598	-1223.515	-1441.359	217.8439	0.3067268	0.415906	0.553701	0.0134821	0.0169114	0.920545	2.85942
26604	-1215.827	-1434.623	218.7954	0.3355798	0.63493	0.328132	0.00666398	0.0302735	0.9783897	2.220351
26610	-1224.58	-1443.499	218.9183	0.3425883	0.483859	0.502048	0.00254252	0.0115503	1.134478	2.035015
26616	-1221.755	-1440.496	218.7411	0.4157101	0.426168	0.5329	0.0332663	0.00766532	1.177751	2.085896
26622	-1219.612	-1438.894	219.2821	0.4107874	0.430439	0.528838	0.0324882	0.00823443	1.245752	1.673389
26628	-1228.816	-1448.076	219.2603	0.2882044	0.49785	0.35772	0.0204548	0.123975	1.347986	1.673389
26634	-1234.25	-1454.128	219.8788	0.2999726	0.523777	0.389308	0.0310033	0.0559119	1.438317	1.112671
26640	-1242.426	-1461.983	219.5563	0.4381732	0.447406	0.523396	0.0175827	0.0116159	1.323778	1.393548
26646	-1238.882	-1458.218	219.3359	0.2485099	0.488384	0.483653	0.0189446	0.00901837	1.291993	1.664142
26652	-1233.016	-1452.454	219.438	0.2630485	0.453702	0.505348	0.0308927	0.0100569	1.030424	1.776129
26658	-1232.137	-1450.599	218.4612	0.3095647	0.523385	0.4425	0.0257368	0.00837845	1.002082	2.427428
26664	-1219.705	-1437.893	218.1884	0.4234283	0.314236	0.608926	0.0547442	0.022094	1.192216	2.427428
26670	-1219.079	-1437.912	218.8337	0.4215635	0.336422	0.576689	0.0603567	0.026533	1.24268	1.978
26676	-1227.835	-1446.435	218.6002	0.6325234	0.348713	0.601272	0.0331705	0.0168439	1.264776	1.978
26682	-1223.456	-1441.621	218.1645	0.4478142	0.201045	0.742398	0.0412791	0.0152781	0.9896987	2.555177
26688	-1239.587	-1456.836	217.249	0.3686947	0.442452	0.512751	0.0333028	0.0114941	1.015588	3.136174
26694	-1242.207	-1461.001	218.7937	0.2942789	0.416046	0.483371	0.0897468	0.0108355	1.124455	2.140422
26700	-1228.986	-1446.989	218.0026	0.3459078	0.403425	0.574041	0.0141265	0.00840751	0.810586	2.816195
26706	-1227.072	-1445.974	218.9023	0.3012473	0.336788	0.632344	0.0184011	0.0124664	0.9857771	2.15819
26712	-1227.662	-1445.453	217.7908	0.4638668	0.263299	0.639925	0.0883775	0.00839859	0.9614506	2.793071
26718	-1235.86	-1452.97	217.11	0.2948182	0.43656	0.457692	0.091823	0.0139252	0.8692584	3.330881
26724	-1238.29	-1455.103	216.8124	0.3394194	0.320725	0.581052	0.0852882	0.0129342	0.8669033	3.492888
26730	-1221.821	-1439.667	217.8455	0.3226461	0.258832	0.628329	0.103541	0.00929851	1.050208	2.77463
26736	-1222.524	-1441.295	218.7714	0.2795271	0.363414	0.557919	0.0721846	0.00648257	1.050208	2.206283
26742	-1221.142	-1439.575	218.4328	0.3621663	0.458318	0.506856	0.0320978	0.00272797	0.9745914	2.442108
26748	-1224.57	-1443.107	218.5365	0.3621663	0.609415	0.353526	0.0340026	0.00305653	0.8709682	2.442108
26754	-1230.956	-1449.435	218.479	0.255154	0.300792	0.561563	0.100753	0.0368915	0.9765345	2.442108
26760	-1226.258	-1444.928	218.6695	0.2239811	0.232652	0.650831	0.087982	0.0285343	1.030026	2.284274
26766	-1222.262	-1441.241	218.979	0.2360701	0.230056	0.656172	0.0426042	0.0711675	0.8434587	2.207392
26772	-1210.97	-1429.661	218.6916	0.3658354	0.328428	0.541598	0.0556264	0.0743485	0.900192	2.323721
26778	-1216.876	-1434.967	218.0903	0.2996762	0.27682	0.60834	0.0796424	0.0351979	0.8005227	2.78454
26784	-1215.825	-1434.284	218.4582	0.2996762	0.192657	0.656253	0.0843564	0.0667338	0.9259415	2.479966
26790	-1223.199	-1441.42	218.2218	0.4309243	0.457403	0.480378	0.0186524	0.0435662	0.9240651	2.569957
26796	-1209.392	-1427.335	217.9435	0.2829064	0.553437	0.411238	0.00770882	0.0276156	1.005398	2.752847
26802	-1210.694	-1429.883	219.1886	0.2771909	0.561507	0.402654	0.00782122	0.0280183	1.29464	1.763892
26808	-1214.499	-1433.496	218.9968	0.2744583	0.534545	0.434164	0.00887498	0.022416	1.143745	1.997822
26814	-1223.997	-1442.323	218.3257	0.3528233	0.526382	0.419656	0.00411953	0.0498422	1.062568	2.458337
26820	-1224.208	-1443.754	219.5455	0.3039091	0.494273	0.484505	0.00538768	0.0158337	1.317533	1.482235
26826	-1212.238	-1431.79	219.5528	0.3279377	0.479248	0.485063	0.0142418	0.0214477	1.343751	1.447256
26832	-1226.574	-1445.484	218.9104	0.3398642	0.519826	0.437066	0.0159083	0.0271991	1.047025	2.099072
26838	-1215.995	-1433.982	217.9872	0.2855206	0.538945	0.407782	0.00698402	0.0462891	1.021869	2.715521
26844	-1210.271	-1428.639	218.3677	0.2855206	0.375634	0.53371	0.0300722	0.0605837	0.9410608	2.530339
26850	-1228.131	-1446.538	218.4065	0.2221707	0.624993	0.273593	0.0218445	0.0795691	0.9024935	2.530339
26856	-1224.517	-1443.535	219.0177	0.2233056	0.662429	0.289981	0.023153	0.0244368	1.279002	1.891119
26862	-1221.873	-1441.052	219.1788	0.2233056	0.690673	0.256278	0.0317098	0.0213395	1.117965	1.891119
26868	-1225.013	-1444.076	219.0624	0.2344442	0.604677	0.34951	0.0161023	0.0297105	0.9910216	2.056313
26874	-1212.655	-1430.571	217.9159	0.2099504	0.635691	0.331977	0.0116037	0.0207288	0.9231743	2.815603
26880	-1228.013	-1445.551	217.5373	0.2159918	0.69476	0.242098	0.0205886	0.0425538	0.8548277	3.086773
26886	-1226.876	-1443.773	216.8969	0.2251108	0.644598	0.224619	0.0191021	0.111681	0.8296282	3.481753
26892	-1218.769	-1436.594	217.8247	0.2572654	0.471597	0.409023	0.0236367	0.0957439	0.7263164	2.99661
26898	-1231.763	-1448.829	217.0664	0.2806764	0.479178	0.39674	0.0166379	0.107445	0.7959605	3.402339
26904	-1232.436	-1449.577	217.1408	0.2814247	0.367471	0.566752	0.0493977	0.0163792	0.7212957	3.402339
26910	-1238.966	-1457.292	218.3256	0.3163567	0.454973	0.437512	0.0712865	0.0362291	0.9202897	2.561253
26916	-1237.086	-1454.573	217.4878	0.3965525	0.298362	0.591129	0.0732717	0.0372381	0.7586505	3.133822
26922	-1227.543	-1444.265	216.7217	0.363154	0.315798	0.625675	0.0191124	0.0394143	0.9447896	3.490858
26928	-1240.946	-1458.474	217.5285	0.3315379	0.391597	0.513958	0.0294503	0.064995	0.8313239	3.094569
26934	-1239.691	-1457.611	217.9197	0.2750501	0.52436	0.382928	0.0417068	0.0510049	0.9212045	2.819892
26940	-1241.995	-1458.909	216.9141	0.3788752	0.374633	0.541169	0.0121158	0.0720822	0.6803108	3.525908
26946	-1242.816	-1459.81	216.9938	0.3788752	0.364782	0.605067	0.00801858	0.0221327	0.6674228	3.486967
26952	-1230.54	-1447.956	217.416	0.3133723	0.445072	0.538138	0.00497185	0.011818	0.7184344	3.234423
26958	-1243.892	-1461.226	217.3333	0.3413774	0.423159	0.493038	0.00615205	0.0776512	0.784865	3.234423
26964	-1236.404	-1454.2	217.7966	0.3413774	0.381076	0.578504	0.00721848	0.0332018	0.9675002	2.847818
26970	-1235.305	-1454.001	218.6961	0.4094467	0.390021	0.592084	0.00738794	0.0105062	1.117974	2.158019
26976	-1240.154	-1459.111	218.9567	0.2942953	0.198104	0.655602	0.0122894	0.134005	1.114594	2.039787
26982	-1245.934	-1464.853	218.9194	0.4082235	0.357993	0.549293	0.0895428	0.00317124	1.102626	2.022052
26988	-1227.639	-1446.503	218.8649	0.4100027	0.307003	0.613488	0.0767891	0.00271955	1.245466	1.962048
26994	-1250.872	-1470.781	219.9097	0.2740966	0.492002	0.449003	0.0562008	0.00279481	1.408089	1.119774
27000	-1248.362	-1466.704	218.3416	0.616338	0.447051	0.359867	0.120135	0.0729475	1.287425	2.145065
27006	-1237.122	-1455.619	218.4968	0.253571	0.451805	0.398765	0.0944795	0.0549512	1.223262	2.274217
27012	-1233.538	-1452.758	219.22	0.2689954	0.412978	0.486196	0.0397926	0.061034	1.093994	1.881736
27018	-1235.215	-1454.222	219.0074	0.3903128	0.448042	0.524676	0.0193141	0.00796742	1.290744	1.845934
27024	-1239.963	-1458.771	218.8085	0.3699087	0.36464	0.591877	0.0398034	0.00368014	1.01892	2.170199
27030	-1231.775	-1450.639	218.8646	0.3986183	0.265893	0.704346	0.0224424	0.00731874	1.156446	2.028057
27036	-1230.66	-1449.118	218.4589	0.5559508	0.47621	0.50047	0.0175849	0.00573465	1.149243	2.199609
27042	-1235.865	-1454.268	218.4028	0.3778119	0.433193	0.455262	0.0645265	0.0470183	1.024387	2.422226
27048	-1232.845	-1451.172	218.3277	0.3491577	0.344779	0.569548	0.00775809	0.0779149	1.120471	2.422226
27054	-1238.409	-1456.597	218.1886	0.5213651	0.327254	0.627442	0.00854668	0.0367579	1.273764	2.315933
27060	-1238.167	-1456.353	218.1865	0.2939329	0.326136	0.625299	0.0119327	0.0366324	0.9407485	2.641043
27066	-1236.522	-1453.304	216.7824	0.3377161	0.507218	0.456346	0.0083955	0.0280398	0.7656336	3.570018
27072	-1236.027	-1453.708	217.681	0.4633134	0.396548	0.579124	0.0106543	0.0136745	0.6792321	3.030071
27078	-1225.926	-1444.12	218.1948	0.4382761	0.593846	0.365228	0.0179228	0.0230035	0.8629726	2.6204
27084	-1217.861	-1436.918	219.057	0.4100298	0.423281	0.502815	0.0159688	0.0579353	1.153604	1.894365
27090	-1221.039	-1440.352	219.3128	0.3831489	0.425263	0.505169	0.0113617	0.0582066	1.388791	1.564271
27096	-1220.196	-1439.732	219.5369	0.2862667	0.539828	0.394486	0.0211029	0.0445823	1.380643	1.446108
27102	-1222.696	-1442.025	219.3289	0.4523568	0.547852	0.400624	0.004363	0.0471618	1.299388	1.573636
27108	-1215.947	-1435.488	219.5406	0.2471598	0.521554	0.423705	0.00415357	0.0505875	1.179948	1.597315
27114	-1215.248	-1434.976	219.7276	0.3772028	0.558431	0.418255	0.00697443	0.0163398	1.305535	1.313489
27120	-1219.323	-1438.961	219.638	0.257059	0.592591	0.354919	0.0351509	0.0173393	1.454493	1.313489
27126	-1215.629	-1435.358	219.7295	0.2536638	0.502652	0.432931	0.0425956	0.0218214	1.238129	1.412247
27132	-1227.947	-1447.663	219.716	0.2939122	0.528356	0.409977	0.0447738	0.0168934	1.345511	1.331422
27138	-1220.472	-1439.909	219.437	0.3060651	0.441778	0.512389	0.0332776	0.0125558	1.388285	1.509841
27144	-1221.679	-1440.388	218.7094	0.3012142	0.634342	0.305418	0.0477828	0.0124575	1.128826	2.19054
27150	-1219.164	-1437.838	218.6741	0.4152115	0.388268	0.579502	0.0220763	0.0101536	1.023265	2.230362
27156	-1222.899	-1442.478	219.5786	0.4346947	0.506942	0.454552	0.0354231	0.00308308	1.30325	1.394641
27162	-1234.685	-1454.154	219.4689	0.3109173	0.514127	0.460995	0.0236676	0.00121043	1.345273	1.516397
27168	-1234.292	-1453.755	219.4628	0.4230019	0.550876	0.428671	0.0193275	0.00112556	1.454159	1.375448
27174	-1229.308	-1449.17	219.862	0.3430377	0.626113	0.357376	0.0147106	0.00180031	1.668754	0.8723753
27180	-1241.405	-1459.668	218.2631	0.3912144	0.265657	0.61055	0.0970887	0.026705	0.8062428	2.638605
27186	-1234.015	-1453.334	219.3194	0.3097068	0.224882	0.704488	0.0518121	0.018818	1.011805	1.860419
27192	-1236.063	-1455.089	219.026	0.3518814	0.319871	0.624139	0.0354925	0.0204984	1.117373	1.970482
27198	-1243.634	-1461.742	218.108	0.4873567	0.306449	0.636455	0.0361929	0.0209029	0.8855198	2.631159
27204	-1242.84	-1462.617	219.7772	0.512423	0.517504	0.270207	0.205359	0.00692977	1.583784	0.8968421
27210	-1235.124	-1455.039	219.9151	0.405235	0.565321	0.270152	0.147616	0.0169109	1.54582	0.8979856
27216	-1241.034	-1460.736	219.7018	0.2907436	0.47716	0.444456	0.0732208	0.0051638	1.549738	1.174183
27222	-1248.494	-1468.258	219.7642	0.4846463	0.516939	0.400821	0.0793249	0.00291515	1.545461	0.981228
27228	-1246.594	-1466.494	219.8997	0.2996544	0.66497	0.277992	0.0550163	0.00202182	1.420786	1.10975
27234	-1246.349	-1465.859	219.5096	0.3290198	0.419948	0.501934	0.0745664	0.0035518	1.23534	1.560424
27240	-1249.271	-1467.258	217.9868	0.7564545	0.640791	0.332801	0.00871643	0.0176909	0.8106173	2.578801
27246	-1236.653	-1455.012	218.3593	0.5704114	0.395257	0.551881	0.0207193	0.0321421	1.018479	2.337742
27252	-1236.132	-1454.57	218.4382	0.2823229	0.442703	0.475028	0.0139627	0.0683061	0.9090823	2.506937
27258	-1237.396	-1456.234	218.8377	0.2318563	0.544301	0.358251	0.0181976	0.0792507	0.9264568	2.244414
27264	-1242.217	-1461.928	219.7101	0.2150726	0.374114	0.49958	0.0253766	0.100929	1.37457	1.312728
27270	-1232.083	-1451.892	219.8091	0.2539483	0.53158	0.376005	0.0265962	0.0658182	1.378618	1.235232
27276	-1226.549	-1446.293	219.7446	0.2539483	0.540887	0.412775	0.0162868	0.0300505	1.563715	1.130691
27282	-1228.946	-1448.727	219.7814	0.2539483	0.497426	0.379608	0.0149781	0.107988	1.508143	1.14748
27288	-1232.51	-1452.32	219.8098	0.230743	0.576086	0.320194	0.0126338	0.0910861	1.477018	1.14748
27294	-1236.071	-1454.035	217.964	0.2750387	0.604456	0.32059	0.0289699	0.0459847	0.9027236	2.804248
27300	-1244.248	-1463.004	218.7556	0.230743	0.624008	0.286036	0.0410898	0.048866	1.064265	2.208315
27306	-1228.644	-1446.858	218.2132	0.276216	0.511334	0.340888	0.0202871	0.127491	1.000228	2.591235
27312	-1230.274	-1448.549	218.2748	0.3254101	0.545288	0.394489	0.0300328	0.0301909	1.051238	2.508195
27318	-1234.148	-1452.445	218.2962	0.2843898	0.496263	0.430053	0.040771	0.0329127	0.9253223	2.584771
27324	-1227.062	-1445.32	218.2577	0.3358267	0.370746	0.577065	0.0390227	0.0131664	0.9390169	2.584771
27330	-1217.229	-1435.019	217.7906	0.4113131	0.494744	0.429497	0.052074	0.0236855	0.9207907	2.847096
27336	-1217.071	-1435.444	218.373	0.32684	0.498215	0.435107	0.0524394	0.0142385	1.034676	2.456594
27342	-1227.758	-1446.273	218.515	0.3450726	0.40734	0.513531	0.0623244	0.0168048	0.9281826	2.427134
27348	-1230.062	-1447.903	217.8416	0.2806366	0.565637	0.394706	0.0318275	0.00782923	0.9032218	2.877299
27354	-1237.889	-1455.817	217.9276	0.2908686	0.56754	0.388912	0.0430839	0.000464478	0.8826785	2.835648
27360	-1231.251	-1449.185	217.9347	0.3052202	0.697674	0.260975	0.0411329	0.000217866	1.111829	2.687764
27366	-1246.714	-1464.894	218.1808	0.3271832	0.452695	0.489513	0.0577218	7.09032e-05	1.062898	2.558873
27372	-1240.104	-1457.517	217.4131	0.4374855	0.373185	0.552678	0.0740268	0.000110646	0.8059036	3.128774
27378	-1235.891	-1452.036	216.1452	0.3991135	0.373628	0.565723	0.0605361	0.000113258	0.7771218	3.904806
27384	-1219.332	-1435.511	216.1791	0.3664009	0.352314	0.619417	0.0281618	0.000107465	0.6649867	3.96448
27390	-1225.757	-1443.721	217.9648	0.3845289	0.651732	0.333068	0.0151429	5.77854e-05	1.122014	2.631159
27396	-1227.009	-1445.284	218.2753	0.4469732	0.342353	0.64843	0.00916219	5.48216e-05	0.9472302	2.513071
27402	-1218.974	-1437.09	218.1159	0.5460494	0.400438	0.578098	0.0213975	6.66277e-05	1.008768	2.513071
27408	-1231.207	-1449.319	218.1125	0.3630601	0.351432	0.622038	0.0253171	0.00121282	1.031345	2.60606
27414	-1225.452	-1442.877	217.4252	0.4025544	0.339308	0.585886	0.073182	0.00162382	0.7797214	3.155513
27420	-1240.18	-1458.044	217.8637	0.5084312	0.436052	0.508197	0.0431024	0.0126486	1.249434	2.544086
27426	-1230.983	-1449.527	218.5449	0.3034241	0.444616	0.518177	0.0194432	0.0177639	1.033191	2.356685
27432	-1242.093	-1460.155	218.0618	0.3035161	0.48516	0.479752	0.0269907	0.00809663	1.11636	2.607085
27438	-1223.103	-1441.909	218.8057	0.301652	0.509088	0.391245	0.0668985	0.032768	1.097091	2.148433
27444	-1233.815	-1452.457	218.6421	0.4096005	0.441875	0.443928	0.050255	0.063942	1.186517	2.148433
27450	-1217.337	-1435.669	218.3317	0.4296247	0.479235	0.432665	0.0639457	0.0241544	0.9502065	2.485893
27456	-1231.474	-1449.626	218.1526	0.3729351	0.483727	0.436203	0.0472153	0.0328551	1.091759	2.539108
27462	-1216.657	-1434.191	217.5334	0.4226042	0.44588	0.473183	0.0350745	0.0458626	0.6662022	3.148356
27468	-1210.848	-1427.021	216.1726	0.5016115	0.417336	0.460718	0.08285	0.0390958	0.7867164	3.828802
27474	-1225.284	-1442.351	217.067	0.7094382	0.559201	0.347036	0.0773429	0.0164206	0.6992116	3.232173
27480	-1234.871	-1453.327	218.4556	0.3163926	0.52377	0.406516	0.0330493	0.0366646	0.866776	2.513584
27486	-1229.285	-1447.568	218.2831	0.4312245	0.620844	0.323588	0.0121075	0.0434599	0.8138667	2.60011
27492	-1218.092	-1436.731	218.6385	0.1999355	0.588951	0.306966	0.0628562	0.0412273	1.029049	2.29562
27498	-1228.472	-1446.354	217.8816	0.3057557	0.516025	0.365826	0.0346311	0.0835177	0.8155756	2.9004
27504	-1223.217	-1441.649	218.4323	0.2968651	0.551896	0.361815	0.0286653	0.0576239	0.875415	2.528437
27510	-1235.931	-1454.11	218.1796	0.2545003	0.669113	0.292112	0.0130994	0.0256763	0.7922011	2.741877
27516	-1224.648	-1442.438	217.7904	0.3045073	0.442008	0.50667	0.0110432	0.0402789	0.9273627	2.888319
27522	-1230.288	-1448.013	217.7256	0.3055976	0.420861	0.48243	0.0583576	0.0383518	0.9916001	2.888319
27528	-1231.641	-1449.666	218.0252	0.3900009	0.339113	0.553404	0.0634892	0.0439941	1.102999	2.602819
27534	-1233.037	-1451.018	217.9807	0.358903	0.499438	0.389924	0.044734	0.0659038	0.9437149	2.742872
27540	-1231.619	-1451.09	219.4706	0.2743816	0.471212	0.494662	0.000963503	0.0331631	1.328775	1.537444
27546	-1224.798	-1443.62	218.8217	0.245737	0.595277	0.336599	0.00933977	0.0587846	1.186884	2.086922
27552	-1232.459	-1451.61	219.1516	0.35531	0.585359	0.387158	0.0116223	0.0158603	1.186884	1.83654
27558	-1223.319	-1442.309	218.9901	0.2419591	0.614732	0.364704	0.00562417	0.0149405	1.191989	1.971546
27564	-1228.001	-1447.096	219.0948	0.3614369	0.462847	0.481556	0.0206597	0.0349369	1.274427	1.812375
27570	-1230.849	-1450.011	219.1622	0.346987	0.555133	0.359618	0.0540106	0.0312385	1.246507	1.792069
27576	-1227.136	-1446.191	219.0551	0.4122765	0.468586	0.431541	0.0632761	0.0365974	1.128403	1.911384
27582	-1224.724	-1444.115	219.3914	0.3291339	0.467381	0.472751	0.0317545	0.028113	1.176888	1.687982
27588	-1231.815	-1450.464	218.6481	0.4389321	0.560213	0.36943	0.0393283	0.031029	1.12299	2.168861
27594	-1226.029	-1445.288	219.2595	0.3744796	0.556343	0.411057	0.0106652	0.0219346	1.371823	1.620443
27600	-1236.012	-1454.415	218.4026	0.2573678	0.547922	0.397185	0.0524798	0.00241249	1.057244	2.439318
27606	-1233.106	-1450.623	217.5168	0.5215607	0.372376	0.608432	0.014145	0.00504723	0.8679578	2.980878
27612	-1227.532	-1445.025	217.4928	0.4875135	0.269004	0.701075	0.024105	0.00581574	0.9259775	2.980878
27618	-1220.173	-1438.792	218.6193	0.304126	0.319435	0.660571	0.0150994	0.00489479	0.9666006	2.351528
27624	-1224.393	-1441.866	217.4732	0.2874138	0.199411	0.677223	0.0194701	0.103896	0.8583427	3.124031
27630	-1227.477	-1444.762	217.2851	0.5238328	0.245799	0.653966	0.0217718	0.0784632	0.8579627	3.124031
27636	-1225.984	-1442.633	216.6487	0.5129231	0.269766	0.668997	0.0238947	0.0373431	0.7639083	3.560103
27642	-1223.709	-1440.16	216.4507	0.4175929	0.381933	0.510605	0.041596	0.0658665	0.7159987	3.755103
27648	-1220.064	-1436.662	216.5983	0.4822845	0.376042	0.524693	0.0378417	0.0614235	0.5857214	3.710232
27654	-1224.795	-1442.15	217.3547	0.5122532	0.376	0.552906	0.0267005	0.0443931	0.8099518	3.11811
27660	-1224.72	-1441.963	217.2431	0.5114329	0.36643	0.552997	0.0610656	0.0195076	0.873699	3.147073
27666	-1225.989	-1444.008	218.0189	0.4593046	0.370093	0.558524	0.0524304	0.0189522	0.8377607	2.731986
27672	-1228.208	-1446.286	218.0778	0.4722498	0.376567	0.592006	0.0250665	0.00636045	0.7664106	2.731986
27678	-1236.289	-1453.164	216.8759	0.4224081	0.423243	0.541435	0.0281735	0.00714884	0.8039037	3.454769
27684	-1244.905	-1462.46	217.5557	0.3890272	0.420176	0.516661	0.0400888	0.0230737	0.9296854	2.99475
27690	-1237.339	-1456.177	218.8372	0.3143087	0.567663	0.363478	0.0422948	0.0265642	1.11847	2.109981
27696	-1235.236	-1453.781	218.5445	0.3612236	0.456278	0.465865	0.0396537	0.0382035	1.341886	2.136003
27702	-1227.488	-1446.818	219.3299	0.3907247	0.455111	0.464673	0.0395523	0.0406636	1.214962	1.673293
27708	-1223.079	-1442.867	219.7886	0.4359822	0.43319	0.511558	0.043543	0.0117094	1.539068	1.009631
27714	-1222.567	-1442.372	219.8044	0.4006418	0.389082	0.443807	0.148622	0.0184895	1.766921	0.763927
27720	-1230.452	-1450.215	219.7635	0.5136105	0.284216	0.602867	0.109695	0.0032221	1.698543	0.7683974
27726	-1222.1	-1441.995	219.895	0.3382676	0.398437	0.49885	0.0927359	0.00997671	1.619881	0.8942152
27732	-1221.412	-1441.026	219.6146	0.3937578	0.392003	0.543316	0.0602324	0.00444878	1.635539	1.117569
27738	-1220.944	-1440.721	219.7772	0.3089074	0.482324	0.482297	0.0249346	0.0104443	1.530457	1.117569
27744	-1221.525	-1441.381	219.8552	0.2565286	0.378007	0.579566	0.0329385	0.00948786	1.446917	1.136145
27750	-1224.299	-1444.171	219.8714	0.3778582	0.390058	0.59148	0.00743548	0.0110267	1.370885	1.136145
27756	-1213.088	-1432.738	219.6501	0.3621868	0.452986	0.532943	0.00624806	0.0078233	1.519244	1.210056
27762	-1216.863	-1436.47	219.6076	0.2886697	0.495836	0.497972	0.000974386	0.00521762	1.289381	1.461124
27768	-1214.367	-1433.5	219.1338	0.4428467	0.496865	0.499006	0.000459042	0.00367023	1.395415	1.651863
27774	-1225.022	-1444.805	219.7832	0.2706936	0.528401	0.466379	0.000580335	0.00464002	1.421706	1.219123
27780	-1223.784	-1443.139	219.3547	0.3361234	0.396863	0.59559	0.000838916	0.00670748	1.211313	1.68661
27786	-1229.712	-1448.443	218.7307	0.5094103	0.460481	0.532771	0.00077848	0.00596973	1.204592	2.016214
27792	-1230.755	-1448.946	218.191	0.6749899	0.359697	0.628595	0.00189366	0.00981395	1.139996	2.297316
27798	-1244.549	-1462.378	217.829	0.7166581	0.473301	0.517205	0.00508762	0.00440603	1.028239	2.567811
27804	-1244.995	-1463.305	218.3096	0.3107689	0.491224	0.490697	0.0118792	0.00620022	0.7153791	2.699381
27810	-1245.356	-1462.093	216.7371	0.6255581	0.427633	0.427174	0.103841	0.041352	0.8319135	3.400572
27816	-1235.915	-1453.928	218.0131	0.5285538	0.314737	0.626464	0.0555546	0.00324371	1.086568	2.539765
27822	-1237.665	-1456.542	218.8773	0.4611048	0.306592	0.639996	0.0500782	0.00333392	1.205532	1.949231
27828	-1237.107	-1455.094	217.9867	0.3763639	0.350747	0.525453	0.0569963	0.0668039	1.090025	2.641315
27834	-1232.471	-1450.52	218.0492	0.342592	0.360213	0.539634	0.0585346	0.0416189	1.051807	2.641315
27840	-1233.624	-1451.177	217.5529	0.4003266	0.311115	0.628411	0.0351153	0.0253582	0.628059	3.170867
27846	-1239.007	-1455.646	216.6391	0.4487258	0.330105	0.607977	0.0544277	0.00749042	0.6999174	3.639151
27852	-1233.652	-1452.284	218.632	0.4038278	0.280309	0.664606	0.0430705	0.0120137	0.991086	2.284338
27858	-1225.064	-1442.898	217.8344	0.3602409	0.181886	0.755497	0.0489608	0.0136567	0.8348216	2.897412
27864	-1220.647	-1438.473	217.8257	0.3602409	0.403194	0.484079	0.0567666	0.05596	0.8434415	2.897412
27870	-1233.193	-1451.141	217.9475	0.3003502	0.265993	0.65964	0.0374497	0.0369176	0.8657709	2.831517
27876	-1224.847	-1442.688	217.8405	0.3359644	0.290533	0.628238	0.0409048	0.0403236	0.7896267	2.930871
27882	-1234.414	-1452.211	217.7975	0.3817803	0.498993	0.459501	0.0142997	0.0272062	0.7999496	2.930871
27888	-1225.945	-1444.992	219.0475	0.4315828	0.516768	0.465761	0.0042592	0.0132117	1.026284	1.973756
27894	-1217.722	-1437.004	219.2814	0.3535809	0.354784	0.604438	0.0039728	0.0368055	1.229546	1.717368
27900	-1225.087	-1443.953	218.8668	0.4638922	0.322704	0.636084	0.0041172	0.0370951	1.224618	1.941682
27906	-1233.071	-1452.261	219.1904	0.3125079	0.436747	0.507477	0.00557221	0.0502045	1.172394	1.837823
27912	-1224.738	-1443.937	219.1984	0.2218276	0.485205	0.45736	0.00325601	0.0541788	1.262063	1.778156
27918	-1220.332	-1439.694	219.3617	0.2944881	0.518402	0.419811	0.00277212	0.0590146	1.3461	1.600113
27924	-1230.852	-1449.829	218.9772	0.3520329	0.49964	0.45498	0.00129927	0.0440807	1.130845	1.994091
27930	-1230.132	-1448.929	218.7969	0.4666783	0.46882	0.426914	0.0427526	0.0615132	0.9353623	2.177173
27936	-1236.469	-1455.435	218.9662	0.2459625	0.614594	0.333215	0.0277694	0.0244223	0.920227	2.166759
27942	-1221.088	-1440.348	219.2593	0.2446313	0.670406	0.280348	0.0104681	0.0387784	1.031916	1.898155
27948	-1222.025	-1441.298	219.2724	0.3376267	0.626775	0.24469	0.0658435	0.0626914	1.35672	1.640823
27954	-1230.636	-1449.887	219.2504	0.5197635	0.516732	0.346171	0.0947675	0.0423292	1.191226	1.660896
27960	-1235.733	-1453.956	218.2233	0.4018992	0.360608	0.493912	0.116485	0.0289946	1.076318	2.49003
27966	-1241.258	-1460.114	218.8566	0.5659297	0.390184	0.487318	0.109337	0.01316	1.113064	1.954618
27972	-1221.511	-1439.374	217.8626	0.3568522	0.35146	0.621195	0.0105701	0.0167753	0.9143662	2.833607
27978	-1243.446	-1461.324	217.8785	0.4253081	0.431989	0.508292	0.0185566	0.041162	0.8242091	2.844907
27984	-1231.205	-1450.93	219.7251	0.2889058	0.661425	0.250876	0.0639619	0.0237366	1.913903	0.7694572
27990	-1233.832	-1453.617	219.7856	0.3463452	0.660788	0.267662	0.0639003	0.00764949	1.852632	0.7251361
27996	-1231.089	-1450.988	219.8986	0.3333735	0.472129	0.411464	0.103399	0.013008	1.497204	1.022116
28002	-1242.874	-1462.385	219.5109	0.2132609	0.635235	0.222414	0.0191593	0.123192	1.127843	1.649377
28008	-1233.323	-1452.703	219.3806	0.2646938	0.656679	0.239225	0.0607377	0.0433579	1.177786	1.712905
28014	-1227.758	-1446.628	218.8699	0.2659421	0.561191	0.348796	0.0524695	0.0375426	1.07548	2.127749
28020	-1246.543	-1465.978	219.4342	0.3500056	0.683966	0.27573	0.0218547	0.0184502	1.432854	1.45908
28026	-1238.455	-1457.778	219.323	0.3841359	0.322199	0.592314	0.0553142	0.030172	1.354989	1.581033
28032	-1233.5	-1453.341	219.8411	0.3343484	0.5855	0.262275	0.110416	0.0418085	1.373788	1.187094
28038	-1241.961	-1460.856	218.895	0.3003821	0.635291	0.284579	0.0543352	0.0257941	1.10504	2.085188
28044	-1234.228	-1451.948	217.7208	0.7636122	0.366288	0.589499	0.0404996	0.00371354	0.9085241	2.677978
28050	-1226.788	-1444.777	217.9891	0.4456234	0.590931	0.294269	0.11164	0.0031595	0.9684091	2.677978
28056	-1224.322	-1442.984	218.6619	0.7111031	0.574631	0.206558	0.215369	0.00344203	0.9875189	2.065932
28062	-1236.117	-1454.017	217.9007	0.3486049	0.459491	0.416003	0.0812057	0.0433004	0.7771619	2.897109
28068	-1248.217	-1466.237	218.0202	0.4041024	0.492501	0.405214	0.0790997	0.0231852	0.8499908	2.754219
28074	-1236.595	-1454.58	217.9857	0.854641	0.80278	0.0306513	0.158886	0.00768325	1.211806	2.261816
28080	-1232.467	-1450.553	218.0858	1.253081	0.693786	0.0909986	0.190146	0.0250692	1.118255	2.00127
28086	-1230.465	-1448.207	217.742	0.8708507	0.67753	0.0943896	0.21186	0.0162203	1.049784	2.50796
28092	-1233.011	-1450.427	217.4161	0.9200675	0.736223	0.0818046	0.169442	0.0125307	0.8321004	2.811576
28098	-1240.83	-1458.006	217.1759	1.128949	0.783827	0.027501	0.175331	0.013341	0.7733172	2.86717
28104	-1250.832	-1467.753	216.9204	1.166812	0.623169	0.0218688	0.281255	0.0737072	0.9680135	2.882009
28110	-1260.547	-1478.314	217.7671	0.5460566	0.324263	0.590573	0.00172092	0.0834438	0.8038574	2.85341
28116	-1268.85	-1485.728	216.8772	0.4266074	0.282129	0.63174	0.00540492	0.0807264	0.6868043	3.520147
28122	-1264.043	-1483.073	219.0296	0.2035566	0.711817	0.189634	0.0279211	0.0706281	1.057605	2.024412
28128	-1246.301	-1465.409	219.1073	0.3132731	0.58965	0.254362	0.0476346	0.108354	1.151139	1.908752
28134	-1240.847	-1460.217	219.37	0.2445048	0.602868	0.209714	0.0141942	0.173223	1.21971	1.691161
28140	-1251.733	-1469.934	218.2007	0.6931727	0.532908	0.269698	0.0796858	0.117708	1.102946	2.302503
28146	-1241.773	-1460.928	219.1558	0.4105028	0.549538	0.363645	0.0751803	0.0116369	1.165518	1.818289
28152	-1247.047	-1466.972	219.9245	0.1967935	0.815914	0.131802	0.0182259	0.0340583	1.737761	0.7106628
28158	-1247.182	-1467.089	219.907	0.2610803	0.62846	0.299523	0.0269343	0.0450829	1.798485	0.6709096
28164	-1239.216	-1457.187	217.9717	0.4200576	0.186813	0.74694	0.0547043	0.0115427	1.135882	2.599715
28170	-1237.166	-1455.805	218.639	0.2884608	0.46847	0.465554	0.0585855	0.00739	0.8343818	2.426649
28176	-1234.675	-1453.207	218.5322	0.2663021	0.477649	0.449497	0.0646931	0.00816042	0.9468068	2.426649
28182	-1246.517	-1466.153	219.6363	0.3110382	0.612912	0.364237	0.0159455	0.00690586	1.328426	1.401794
28188	-1252.682	-1472.386	219.7047	0.3014429	0.595519	0.372009	0.0147616	0.01771	1.414761	1.282053
28194	-1241.335	-1459.865	218.53	0.3432039	0.396392	0.526765	0.0614695	0.0153737	1.141611	2.282875
28200	-1240.159	-1459.584	219.4254	0.3317015	0.360851	0.583363	0.0417911	0.0139952	1.155789	1.677753
28206	-1242.38	-1462.194	219.8137	0.4302148	0.396599	0.537778	0.0527222	0.0129016	1.393196	1.128087
28212	-1235.072	-1454.62	219.5478	0.4324471	0.453296	0.448915	0.0602593	0.037529	1.593884	1.183759
28218	-1231.675	-1451.668	219.9928	0.2905477	0.564517	0.336019	0.0461295	0.053334	1.437719	1.008847
28224	-1236.676	-1456.279	219.6021	0.2905477	0.444441	0.480502	0.0330673	0.0419896	1.309128	1.449798
28230	-1229.934	-1449.814	219.8798	0.2811165	0.5816	0.365115	0.0215577	0.031727	1.454543	1.103169
28236	-1232.83	-1452.745	219.9147	0.2811165	0.544111	0.388768	0.0579712	0.00915057	1.604743	0.9196266
28242	-1236.306	-1456.232	219.9258	0.2432793	0.482891	0.443424	0.0477648	0.0259202	1.637643	0.8744875
28248	-1238.512	-1458.385	219.8727	0.4146976	0.496617	0.456028	0.0206973	0.026657	1.742091	0.6720709
28254	-1242.628	-1462.488	219.8604	0.3391971	0.50469	0.416342	0.0213647	0.0576038	1.742091	0.7849643
28260	-1229.687	-1449.65	219.9632	0.2897723	0.487424	0.36527	0.0865355	0.0607707	1.742091	0.6577152
28266	-1234.742	-1454.55	219.8078	0.2843757	0.623659	0.303348	0.0459598	0.0270334	1.538047	1.091671
28272	-1236.408	-1456.405	219.9971	0.2397003	0.613874	0.291851	0.0593185	0.0349568	1.577607	0.860708
28278	-1243.922	-1463.74	219.818	0.257382	0.511073	0.41161	0.0363156	0.0410011	1.566371	1.060576
28284	-1247.927	-1467.245	219.3181	0.2863671	0.565422	0.351086	0.037614	0.0458777	1.340912	1.637495
28290	-1237.694	-1457.491	219.7961	0.2863671	0.482278	0.418677	0.0314482	0.0675971	1.296559	1.308521
28296	-1220.15	-1439.671	219.5219	0.2715356	0.538307	0.321456	0.0250582	0.115179	1.309426	1.514149
28302	-1221.57	-1441.096	219.5256	0.2681308	0.582965	0.333363	0.0274824	0.0561897	1.446299	1.407773
28308	-1235.432	-1455.213	219.7812	0.2193637	0.582965	0.333363	0.0274824	0.0561897	1.365141	1.264039
28314	-1231.385	-1450.803	219.4179	0.218954	0.732911	0.200657	0.0130396	0.053392	1.250029	1.630404
28320	-1230.916	-1449.92	219.0039	0.2738327	0.419526	0.475916	0.0129751	0.0915829	0.845437	2.189275
28326	-1222.904	-1441.661	218.7566	0.2677117	0.461455	0.46924	0.0147864	0.0545185	1.093919	2.189275
28332	-1219.876	-1438.801	218.9253	0.3431237	0.532605	0.412168	0.00733863	0.0478877	1.091627	2.058537
28338	-1222.399	-1440.373	217.9747	0.3327988	0.311058	0.666819	0.00428599	0.0178364	0.8699732	2.802111
28344	-1234.753	-1452.6	217.8465	0.3692243	0.0652591	0.891079	0.0051247	0.038537	0.9731845	2.802111
28350	-1225.275	-1443.798	218.5231	0.3285893	0.306053	0.61002	0.0298016	0.0541263	0.8967411	2.448288
28356	-1222.954	-1441.938	218.9845	0.4288477	0.37314	0.575249	0.0333154	0.0182959	1.282555	1.844495
28362	-1234.3	-1453.38	219.0801	0.2391886	0.465141	0.463114	0.0268212	0.0449242	1.076102	1.988629
28368	-1226.908	-1446.222	219.3142	0.3387262	0.529943	0.368252	0.0372601	0.0645452	1.149688	1.757381
28374	-1224.365	-1443.213	218.848	0.2669683	0.667184	0.292055	0.0315571	0.0092041	1.1559	2.089259
28380	-1237.7	-1456.869	219.1695	0.2507738	0.546809	0.387152	0.0418324	0.024207	1.084231	1.923755
28386	-1231.998	-1450.35	218.3526	0.2422718	0.467058	0.505649	0.00661628	0.0206765	0.935067	2.546813
28392	-1237.835	-1455.976	218.1415	0.2735084	0.301668	0.660703	0.0341598	0.00346874	0.7271808	2.803229
28398	-1228.16	-1446.651	218.4907	0.4754634	0.448455	0.416758	0.127355	0.00743143	1.018837	2.314972
28404	-1235.49	-1454.586	219.0964	0.3173375	0.337959	0.554432	0.0959758	0.0116333	1.055984	1.978722
28410	-1232.139	-1450.804	218.6654	0.3735429	0.348613	0.571671	0.0573616	0.0223539	1.174283	2.160466
28416	-1225.37	-1444.396	219.0257	0.4795765	0.538399	0.389444	0.0545294	0.0176276	1.202758	1.838202
28422	-1231.999	-1450.799	218.8002	0.504377	0.430048	0.496976	0.0336563	0.0393202	1.250541	1.942343
28428	-1222.061	-1440.795	218.7341	0.3800772	0.426879	0.493314	0.0334798	0.0463266	1.085151	2.170427
28434	-1222.622	-1440.588	217.9657	0.2987462	0.426879	0.493314	0.0334798	0.0463266	0.9890775	2.745757
28440	-1220.531	-1438.397	217.8662	0.3246215	0.435506	0.500602	0.0405487	0.0233436	0.9488405	2.823074
28446	-1217.869	-1436.573	218.7039	0.3224609	0.386982	0.546444	0.0431384	0.0234358	0.9972586	2.272021
28452	-1220.14	-1438.604	218.4635	0.26327	0.386982	0.546444	0.0431384	0.0234358	1.052712	2.403434
28458	-1216.876	-1434.833	217.957	0.3377317	0.378768	0.54202	0.0456213	0.0335911	1.065895	2.691315
28464	-1219.439	-1437.297	217.8587	0.3707869	0.433079	0.476064	0.0452466	0.0456098	1.311458	2.586186
28470	-1215.35	-1433.975	218.6249	0.3528986	0.46282	0.472732	0.0279859	0.0364624	1.110563	2.237716
28476	-1224.843	-1444.301	219.4577	0.2897648	0.480144	0.467198	0.0347823	0.0178761	1.301395	1.563883
28482	-1245.508	-1463.304	217.7953	0.3190748	0.451208	0.488232	0.0287629	0.0317963	0.8793542	2.909982
28488	-1229.985	-1447.818	217.8325	0.2526631	0.554777	0.408894	0.00955759	0.0267723	0.8626223	2.909982
28494	-1223.802	-1443.407	219.6044	0.2621665	0.491042	0.441089	0.0194684	0.0484007	1.292545	1.465941
28500	-1211.82	-1431.185	219.3654	0.2771242	0.518942	0.410064	0.0198424	0.0511508	1.239298	1.678297
28506	-1224.675	-1443.319	218.6434	0.3144968	0.526827	0.416295	0.0249074	0.0319704	0.9929587	2.316216
28512	-1221.334	-1439.908	218.5741	0.3013415	0.366938	0.586869	0.0321518	0.0140413	1.068531	2.316216
28518	-1224.567	-1443.449	218.8825	0.3899669	0.40953	0.538915	0.0358837	0.0156711	1.178647	2.006165
28524	-1226.979	-1445.799	218.8197	0.2471645	0.691298	0.253479	0.020644	0.0345797	1.139682	2.119246
28530	-1239.133	-1458.694	219.5616	0.2702365	0.346774	0.586188	0.0582651	0.00877244	1.143909	1.606976
28536	-1239.282	-1459.173	219.8909	0.2666102	0.438961	0.494455	0.0216879	0.0448962	1.685494	0.8581813
28542	-1230.227	-1450.094	219.8671	0.2864775	0.402909	0.52566	0.0232666	0.0481642	1.545908	1.027467
28548	-1222.543	-1442.358	219.8147	0.2762017	0.541997	0.39871	0.0193131	0.0399801	1.601198	1.027467
28554	-1220.655	-1440.524	219.8697	0.2426085	0.442643	0.502954	0.0149095	0.0394939	1.505897	1.068614
28560	-1222.251	-1442.13	219.8789	0.3498835	0.436165	0.495593	0.0146913	0.053551	1.803315	0.6376624
28566	-1227.417	-1447.209	219.7923	0.2337112	0.423769	0.504868	0.0149662	0.0563966	1.853399	0.7670257
28572	-1229.829	-1449.676	219.8471	0.2677752	0.43581	0.387958	0.0358224	0.140409	1.853399	0.6786915
28578	-1228.825	-1448.671	219.846	0.2582	0.318266	0.492329	0.0261606	0.163245	1.733893	0.8551414
28584	-1219.688	-1439.686	219.9984	0.2663022	0.460944	0.389697	0.0509284	0.0984313	1.518147	0.9263888
28590	-1231.456	-1451.3	219.844	0.2399128	0.63096	0.241024	0.0416141	0.0864027	1.496619	1.100772
28596	-1239.185	-1459.028	219.8435	0.3175975	0.397265	0.479515	0.0288888	0.0943314	1.496619	1.083768
28602	-1239.95	-1459.605	219.6543	0.3191617	0.598997	0.3881	0.00875871	0.00414424	1.443824	1.292346
28608	-1230.059	-1448.861	218.8016	0.3300829	0.483269	0.506702	0.00712602	0.00290301	1.172931	2.091866
28614	-1235.754	-1454.55	218.7956	0.3570133	0.480526	0.503747	0.0126458	0.00308162	0.9893083	2.203894
28620	-1238.073	-1455.586	217.5125	0.2951369	0.403259	0.574417	0.00461061	0.0177129	0.9179325	3.063378
28626	-1231.719	-1450.014	218.295	0.2484949	0.531092	0.439508	0.00607218	0.0233279	0.9598644	2.567441
28632	-1230.732	-1448.994	218.2623	0.3718472	0.323892	0.586548	0.0734367	0.0161235	0.9064757	2.58655
28638	-1219.937	-1438.719	218.7819	0.2881831	0.33104	0.599492	0.0529893	0.0164793	1.070534	2.184597
28644	-1223.632	-1442.003	218.3702	0.2881831	0.336095	0.608646	0.0537984	0.00146089	0.764158	2.637923
28650	-1219.962	-1437.764	217.8024	0.3929661	0.340796	0.599848	0.0572722	0.00208357	0.8959417	2.8644
28656	-1226.515	-1444.455	217.9398	0.4862543	0.510165	0.451678	0.0327686	0.00538864	1.068251	2.622898
28662	-1222.55	-1440.07	217.5198	0.5075966	0.40894	0.579024	0.0042485	0.00778742	0.7830778	3.038411
28668	-1226.885	-1444.45	217.5642	0.3296943	0.543498	0.419655	0.00670827	0.030139	0.9047252	3.030013
28674	-1225.601	-1442.657	217.0552	0.5037699	0.215398	0.76306	0.0121977	0.00934448	0.807773	3.301819
28680	-1218.496	-1435.081	216.5854	0.3881686	0.389719	0.566219	0.00623991	0.0378221	0.7012365	3.700257
28686	-1224.682	-1441.34	216.6578	0.3769302	0.325328	0.62577	0.00383696	0.0450649	0.6459221	3.695503
28692	-1231.84	-1448.385	216.5447	0.3769302	0.382373	0.540145	0.0120308	0.0654516	0.7590518	3.695503
28698	-1225.784	-1442.89	217.1062	0.3492661	0.372188	0.525757	0.0831163	0.018938	0.70446	3.412293
28704	-1226.968	-1443.935	216.9669	0.3868575	0.300463	0.607476	0.0719485	0.0201126	0.8157025	3.412293
28710	-1224.246	-1441.94	217.694	0.3278416	0.572433	0.321955	0.0915492	0.014062	0.7720342	3.032428
28716	-1234.368	-1451.655	217.2871	0.4113962	0.440509	0.477512	0.066993	0.0149853	0.7720342	3.237475
28722	-1237.648	-1455.144	217.4963	0.4113962	0.455761	0.452104	0.0634283	0.0287068	0.9287121	3.019706
28728	-1249.659	-1467.667	218.0075	0.3422976	0.475002	0.471191	0.0201363	0.0336715	0.905231	2.756947
28734	-1249.387	-1469.062	219.6751	0.2991566	0.420023	0.442257	0.0264407	0.11128	1.59933	1.151218
28740	-1235.372	-1454.557	219.1851	0.2991566	0.427518	0.441522	0.020202	0.110757	1.224492	1.809823
28746	-1219.918	-1439.183	219.2648	0.3170803	0.27339	0.672285	0.00949032	0.0448349	1.136317	1.809823
28752	-1222.586	-1441.696	219.1098	0.3750867	0.430743	0.53329	0.0024312	0.0335353	1.202036	1.844785
28758	-1230.494	-1449.11	218.6158	0.3721689	0.349461	0.621871	0.00146037	0.0272071	1.01659	2.294786
28764	-1231.729	-1450.263	218.5336	0.3842377	0.373016	0.55992	0.0102793	0.0567845	1.037561	2.327822
28770	-1243.442	-1461.587	218.145	0.3581649	0.36933	0.554387	0.0451597	0.031123	1.175636	2.498335
28776	-1235.972	-1455.05	219.0774	0.4118474	0.476799	0.413844	0.0810585	0.0282981	1.132295	1.893882
28782	-1236.377	-1454.936	218.5595	0.285538	0.360946	0.506703	0.0977034	0.0346477	1.087245	2.317432
28788	-1231.529	-1450.343	218.8137	0.3651249	0.371014	0.520838	0.0950551	0.0130925	1.27103	2.003357
28794	-1246.917	-1465.825	218.908	0.3002968	0.352812	0.565844	0.0692373	0.012106	1.215683	2.003357
28800	-1241.24	-1459.825	218.5849	0.3028554	0.407729	0.475304	0.106798	0.010169	1.06211	2.312998
28806	-1228.242	-1447.191	218.9496	0.2724737	0.646864	0.295355	0.0510863	0.00669501	1.123626	2.042899
28812	-1225.139	-1443.292	218.1528	0.3076929	0.59545	0.272422	0.117058	0.0150701	0.9836376	2.631677
28818	-1224.665	-1442.263	217.5979	0.2879707	0.583105	0.28032	0.120452	0.0161227	0.9675936	2.984033
28824	-1229.601	-1448.47	218.869	0.2782452	0.626899	0.251594	0.0970214	0.0244863	1.366865	1.933283
28830	-1237.398	-1457.006	219.6077	0.2782452	0.604969	0.267953	0.0936275	0.0334504	1.631285	1.188457
28836	-1236.478	-1456.058	219.5797	0.2620564	0.666829	0.244011	0.071537	0.0176231	1.784748	1.0789
28842	-1227.208	-1446.326	219.1185	0.2509733	0.639205	0.301023	0.0428315	0.0169398	1.478063	1.686501
28848	-1220.278	-1439.882	219.6037	0.2360199	0.61891	0.291466	0.0716308	0.0179936	1.272078	1.481272
28854	-1221.767	-1440.979	219.2127	0.4019004	0.612606	0.371089	0.00755214	0.00875321	1.311841	1.681158
28860	-1236.43	-1454.606	218.1762	0.3908236	0.420425	0.560895	0.00878592	0.00989452	1.17659	2.46249
28866	-1237.991	-1456.271	218.2799	0.3475227	0.488779	0.500949	0.006586	0.00368604	0.9331495	2.569977
28872	-1220.902	-1438.289	217.387	0.3855772	0.2454	0.699969	0.0433454	0.0112864	0.9973753	3.05694
28878	-1222.049	-1439.218	217.1687	0.3549614	0.296855	0.601016	0.08103	0.0210988	0.7979242	3.31841
28884	-1225.557	-1442.687	217.1296	0.7098639	0.394865	0.537236	0.039834	0.0280648	0.8776146	3.088793
28890	-1229.835	-1448.295	218.4597	0.3345159	0.392855	0.537244	0.0535828	0.0163179	1.124844	2.341945
28896	-1222.983	-1441.29	218.3068	0.3345159	0.319346	0.603864	0.061129	0.015661	1.059901	2.479388
28902	-1227.575	-1446.413	218.8378	0.4147101	0.460206	0.404595	0.132592	0.00260693	1.034107	2.11727
28908	-1223.522	-1442.537	219.0144	0.4335141	0.493962	0.339678	0.163562	0.00279815	1.305149	1.805415
28914	-1226.709	-1446.262	219.5531	0.3777134	0.523546	0.413788	0.0603407	0.00232513	1.412895	1.366739
28920	-1212.626	-1432.435	219.8091	0.274663	0.660159	0.285756	0.0520779	0.00200673	1.551817	1.08016
28926	-1216.805	-1436.508	219.7034	0.3062232	0.653613	0.282922	0.0587793	0.004685	1.646259	1.08016
28932	-1227.604	-1447.409	219.8054	0.3267937	0.507165	0.380442	0.108757	0.00363528	1.723727	0.8859851
28938	-1231.116	-1450.82	219.7043	0.4460858	0.570077	0.30262	0.120146	0.00715628	1.767031	0.8429183
28944	-1225.937	-1445.684	219.7469	0.3493371	0.541143	0.226047	0.224153	0.00865587	1.837968	0.799799
28950	-1231.984	-1451.81	219.8257	0.4389279	0.451142	0.347948	0.186873	0.0140369	1.685953	0.799799
28956	-1231.35	-1451.101	219.7512	0.3018392	0.531102	0.337505	0.122213	0.00917998	1.782705	0.8950381
28962	-1222.913	-1442.223	219.31	0.3241928	0.565584	0.359417	0.0652233	0.00977598	1.294883	1.663951
28968	-1227.016	-1446.285	219.2691	0.3276209	0.552854	0.344738	0.0742576	0.0281505	1.209018	1.752193
28974	-1228.366	-1447.809	219.4425	0.3081701	0.5253	0.326092	0.120041	0.0285677	1.327639	1.550061
28980	-1217.4	-1436.894	219.494	0.3081701	0.530906	0.398458	0.0656997	0.00493642	1.546164	1.34357
28986	-1219.338	-1439.017	219.6797	0.3373131	0.531882	0.394639	0.06507	0.00840862	1.491232	1.223066
28992	-1233.779	-1453.447	219.6685	0.3762152	0.687872	0.205285	0.0841536	0.0226888	1.474928	1.223066
28998	-1234.431	-1453.936	219.5051	0.3520559	0.413234	0.484424	0.0509679	0.0513739	1.539103	1.319486
29004	-1235.777	-1455.637	219.8597	0.2604129	0.471466	0.438529	0.0434982	0.0465066	1.825884	0.7072311
29010	-1234.944	-1454.82	219.8756	0.2516247	0.675337	0.227965	0.0175305	0.079167	1.825884	0.6795811
29016	-1236.268	-1456.032	219.7638	0.3106885	0.617269	0.309124	0.0220589	0.0515485	1.834093	0.8127919
29022	-1232.072	-1451.788	219.7154	0.3043777	0.592479	0.344121	0.0601217	0.0032792	2.023342	0.5309698
29028	-1231.384	-1451.108	219.7238	0.2822578	0.502607	0.424747	0.0645865	0.00805932	2.023342	0.5309698
29034	-1225.821	-1445.673	219.8522	0.2962757	0.519363	0.410825	0.0679004	0.00191101	1.83207	0.693364
29040	-1225.465	-1445.235	219.77	0.3729692	0.628732	0.328764	0.039581	0.00292247	1.925127	0.5360038
29046	-1231.923	-1451.734	219.8117	0.2843789	0.556635	0.37427	0.0441074	0.0249875	1.873692	0.6989929
29052	-1231.055	-1450.942	219.8867	0.2256	0.703368	0.215927	0.0499836	0.0307215	1.822507	0.6557231
29058	-1230.961	-1450.662	219.7003	0.2135537	0.856105	0.104745	0.0242469	0.0149029	2.03827	0.4493802
29064	-1237.684	-1457.415	219.7305	0.2113416	0.737246	0.19111	0.0561518	0.0154924	2.010497	0.5306509
29070	-1233.715	-1453.428	219.7131	0.2380749	0.70487	0.182718	0.047306	0.0651066	2.039287	0.4876329
29076	-1232.554	-1452.207	219.6532	0.2611689	0.518882	0.398367	0.0348238	0.0479275	2.097036	0.4619006
29082	-1225.653	-1445.235	219.582	0.2611689	0.589025	0.321894	0.0340598	0.0550212	2.168115	0.4615809
29088	-1236.18	-1455.809	219.6293	0.2373638	0.603041	0.24192	0.0592787	0.0957604	2.112741	0.4308982
29094	-1240.833	-1460.702	219.8684	0.248803	0.593009	0.331869	0.0578908	0.0172312	1.855651	0.631901
29100	-1231.8	-1451.794	219.9945	0.3005718	0.470662	0.469715	0.045947	0.0136761	1.682429	0.7032153
29106	-1217.453	-1437.436	219.9828	0.2665393	0.584045	0.352594	0.0163725	0.0469882	1.595328	0.8560971
29112	-1215.252	-1435.118	219.8667	0.393884	0.598694	0.308658	0.0167831	0.0758651	1.639768	0.8560971
29118	-1228.964	-1448.787	219.8228	0.3125294	0.4272	0.440559	0.0239552	0.108285	1.788341	0.7939802
29124	-1221.195	-1441.234	220.0386	0.2991078	0.478235	0.447633	0.053192	0.0209392	1.558069	0.8211702
29130	-1217.309	-1437.31	220.001	0.2646952	0.816409	0.120406	0.0367861	0.0263989	1.669445	0.7312979
29136	-1216.055	-1436.006	219.9513	0.2646952	0.654828	0.272262	0.0376856	0.0352242	1.704466	0.753833
29142	-1224.051	-1443.811	219.7604	0.4669263	0.516308	0.404109	0.0421291	0.0374537	1.790956	0.7004851
29148	-1220.735	-1440.749	220.0137	0.2804248	0.707954	0.269076	0.0168096	0.00616066	1.55382	0.8651647
29154	-1230.991	-1450.915	219.9235	0.2990714	0.641861	0.243955	0.0575711	0.0566131	1.637427	0.8651647
29160	-1233.263	-1452.842	219.5787	0.2792903	0.593551	0.27943	0.0746672	0.052352	1.359044	1.432212
29166	-1221.616	-1441.141	219.5248	0.2686937	0.62012	0.275518	0.077847	0.0265149	1.392183	1.449923
29172	-1232.523	-1451.885	219.3626	0.5099424	0.468778	0.441312	0.0588483	0.0310615	1.262457	1.53462
29178	-1240.899	-1460.628	219.7283	0.3808649	0.523448	0.371552	0.0790272	0.0259722	1.37108	1.256963
29184	-1240.815	-1460.211	219.3959	0.3658916	0.451116	0.464889	0.0551913	0.0288029	1.316224	1.566307
29190	-1232.911	-1452.004	219.093	0.4040367	0.477785	0.492373	0.015897	0.0139448	1.285011	1.782896
29196	-1238.631	-1457.934	219.3031	0.4478636	0.406545	0.545241	0.017604	0.0306095	1.381374	1.535282
29202	-1235.436	-1455.025	219.5886	0.3571584	0.503419	0.405599	0.0167266	0.0742553	1.454322	1.317691
29208	-1244.474	-1464.131	219.6566	0.5317971	0.666299	0.25349	0.0205787	0.0596328	1.47099	1.110566
29214	-1224.666	-1444.608	219.9424	0.3246339	0.514487	0.448949	0.0263422	0.0102221	1.389563	1.087761
29220	-1228.95	-1448.229	219.2787	0.3410896	0.508363	0.463365	0.0181719	0.0101004	1.50287	1.527763
29226	-1234.947	-1454.033	219.0865	0.3315615	0.492426	0.436086	0.0619825	0.00950578	1.492623	1.679243
29232	-1217.653	-1437.347	219.6941	0.4299011	0.533743	0.378835	0.0757979	0.0116245	1.46515	1.170502
29238	-1217.703	-1437.503	219.8005	0.3234647	0.463875	0.460147	0.0658758	0.0101029	1.399019	1.20585
29244	-1223.438	-1443.029	219.5913	0.3274827	0.539031	0.43804	0.0133108	0.0096175	1.39003	1.381958
29250	-1226.136	-1445.28	219.1434	0.4348666	0.536511	0.312365	0.141629	0.00949467	1.39003	1.654105
29256	-1224.993	-1444.118	219.1255	0.5439596	0.59013	0.212222	0.169487	0.0281614	1.300968	1.654105
29262	-1221.827	-1441.064	219.2368	0.6015187	0.542332	0.231897	0.200809	0.0249616	1.232248	1.579912
29268	-1223.782	-1441.701	217.9186	0.7488572	0.621065	0.265563	0.0435108	0.0698619	0.9722698	2.525678
29274	-1216.234	-1434.666	218.4316	0.7488572	0.554893	0.373563	0.0227505	0.0487936	0.8999513	2.24687
29280	-1225.893	-1445.015	219.122	0.6834931	0.501433	0.424563	0.0124971	0.0615059	1.256834	1.582528
29286	-1230.976	-1450.06	219.084	0.4863315	0.647018	0.30607	0.032153	0.0147594	1.250566	1.760138
29292	-1236.528	-1456.033	219.505	0.3192736	0.597306	0.303015	0.0779271	0.0217523	1.28909	1.528108
29298	-1234.026	-1453.613	219.5867	0.3249417	0.40095	0.53101	0.0530949	0.0149447	1.231676	1.507703
29304	-1231.844	-1451.374	219.5298	0.267596	0.447979	0.465799	0.0465745	0.0396472	1.156513	1.621175
29310	-1235.903	-1455.279	219.3761	0.4383812	0.491092	0.398905	0.0665398	0.0434627	1.1668	1.644957
29316	-1241.318	-1459.615	218.2967	0.5404161	0.390501	0.548201	0.0474323	0.0138651	1.411396	2.145064
29322	-1234.853	-1454.141	219.2883	0.3602537	0.539194	0.355281	0.0595316	0.0459939	1.312207	1.650307
29328	-1217.169	-1436.563	219.3947	0.2887782	0.614232	0.245134	0.114807	0.0258259	1.245682	1.650307
29334	-1231.8	-1450.072	218.2717	0.4166486	0.361874	0.517623	0.0799921	0.0405106	1.208323	2.368453
29340	-1221.368	-1440.094	218.7261	0.2589166	0.339763	0.569572	0.0741606	0.0165051	1.090144	2.212169
29346	-1220.191	-1438.89	218.6997	0.2405193	0.618248	0.283519	0.0741886	0.0240445	1.11609	2.212169
29352	-1223.318	-1442.403	219.0846	0.4340836	0.672226	0.230719	0.080666	0.0163886	1.196067	1.83183
29358	-1223.557	-1442.767	219.21	0.6311005	0.585414	0.355963	0.0455636	0.01306	1.248126	1.565063
29364	-1225.576	-1445.288	219.712	0.371871	0.499171	0.341301	0.116323	0.0432055	1.326774	1.312273
29370	-1228.788	-1447.758	218.9695	0.6642023	0.561454	0.280119	0.140823	0.0176037	1.275691	1.693469
29376	-1220.641	-1439.909	219.2676	0.3312021	0.636959	0.314154	0.0384965	0.01039	1.268752	1.709714
29382	-1235.307	-1454.127	218.8204	0.4921977	0.52268	0.385827	0.0360061	0.0554869	1.300336	1.903275
29388	-1232.632	-1450.618	217.9862	0.4921977	0.52466	0.429811	0.0195542	0.0259755	0.9536226	2.661333
29394	-1240.32	-1458.147	217.8268	0.7556	0.453889	0.491842	0.0317973	0.0224717	0.9300626	2.604496
29400	-1230.26	-1448.864	218.6034	0.6342055	0.533072	0.425227	0.0274907	0.0142104	0.9469637	2.183908
29406	-1230.196	-1447.946	217.7507	0.6345848	0.542238	0.398889	0.0407119	0.0181609	1.052398	2.655046
29412	-1228.532	-1446.51	217.9779	0.5032048	0.529464	0.392182	0.0489077	0.029446	1.121519	2.555855
29418	-1235.248	-1454.329	219.0816	0.2691136	0.622375	0.247302	0.0574901	0.072833	1.21186	1.895699
29424	-1245.431	-1464.039	218.6075	0.4869443	0.427285	0.453202	0.104741	0.0147721	1.00874	2.239427
29430	-1241.801	-1460.453	218.6521	0.3388513	0.351402	0.543273	0.0672926	0.0380328	1.090061	2.239427
29436	-1235.701	-1455.004	219.3029	0.2927296	0.536095	0.344699	0.0505471	0.0686586	1.405669	1.600011
29442	-1236.355	-1456.069	219.7145	0.3236776	0.68038	0.272829	0.0442743	0.00251664	1.416356	1.263401
29448	-1227.025	-1446.315	219.2903	0.2723322	0.582337	0.386005	0.0280971	0.0035606	1.173024	1.778559
29454	-1222.76	-1442.299	219.5386	0.2780816	0.472821	0.503723	0.0228131	0.000642784	1.296734	1.510068
29460	-1238.883	-1457.997	219.1137	0.4483451	0.47711	0.493761	0.0113702	0.0177598	1.457772	1.617756
29466	-1235.642	-1455.215	219.5727	0.3609614	0.477673	0.503065	0.0113836	0.00787818	1.37723	1.389246
29472	-1233.714	-1453.455	219.7405	0.4232545	0.508239	0.462684	0.0218784	0.0071977	1.158631	1.389246
29478	-1235.293	-1453.633	218.3401	0.6706893	0.459087	0.516879	0.0197625	0.00427174	1.056451	2.25825
29484	-1241.176	-1459.392	218.2164	0.3935716	0.680238	0.268483	0.0492537	0.00202563	0.8918658	2.613368
29490	-1239.273	-1458.429	219.156	0.3789703	0.449326	0.494887	0.0540665	0.00172105	1.184389	1.823107
29496	-1247.411	-1467.081	219.6702	0.4169619	0.661696	0.245532	0.0826393	0.0101336	1.305886	1.332779
29502	-1226.667	-1445.617	218.9495	0.4224482	0.476544	0.415035	0.102776	0.00564523	1.235565	1.904268
29508	-1231.842	-1450.332	218.4902	0.4943739	0.476544	0.415035	0.102776	0.00564523	1.188333	2.194432
29514	-1250.833	-1469.261	218.4283	0.3747517	0.516683	0.453638	0.00910722	0.0205722	1.059263	2.385635
29520	-1261.147	-1480.298	219.1505	0.4607278	0.40132	0.525088	0.0673798	0.00621289	1.109546	1.828954
29526	-1250.64	-1469.752	219.1117	0.4184593	0.374646	0.528267	0.0731943	0.0238926	1.187201	1.828954
29532	-1234.014	-1453.344	219.3307	0.250084	0.58586	0.359276	0.0344632	0.0204004	1.377957	1.605971
29538	-1236.773	-1456.315	219.5417	0.2336577	0.674416	0.280438	0.0388396	0.00630698	1.377957	1.447599
29544	-1229.629	-1449.13	219.5001	0.2789018	0.565102	0.358332	0.0516338	0.0249315	1.486808	1.394258
29550	-1230.734	-1450.387	219.6528	0.2714255	0.52338	0.397424	0.0534081	0.0257883	1.326959	1.40122
29556	-1227.439	-1447.224	219.785	0.2652455	0.577021	0.370464	0.0368735	0.0156411	1.412662	1.226005
29562	-1223.46	-1443.212	219.7523	0.3097798	0.546717	0.368595	0.0512679	0.0334196	1.507786	1.159628
29568	-1226.024	-1445.635	219.6114	0.3383844	0.643922	0.262454	0.0603831	0.0332418	1.632452	1.159628
29574	-1225.09	-1444.59	219.5	0.369312	0.594517	0.262222	0.0878113	0.0554499	1.489252	1.353447
29580	-1219.183	-1439.09	219.907	0.369312	0.41212	0.461082	0.0777199	0.0490776	1.736266	0.6884396
29586	-1222.057	-1441.87	219.8132	0.3340788	0.504268	0.388276	0.0950975	0.0123587	1.827618	0.7335579
29592	-1232.156	-1451.966	219.8103	0.2665875	0.431129	0.504372	0.051187	0.0133116	1.842632	0.7575268
29598	-1229.09	-1448.879	219.789	0.3152912	0.56781	0.349386	0.0786878	0.00411526	1.906141	0.6553495
29604	-1227.36	-1447.126	219.7658	0.3533654	0.590329	0.355827	0.0436373	0.0102062	1.906141	0.6551139
29610	-1230.966	-1450.591	219.6256	0.3541921	0.547261	0.407002	0.0429228	0.00281457	2.018968	0.70564
29616	-1227.878	-1447.667	219.7893	0.3132241	0.487607	0.367962	0.05887	0.0855611	1.869836	0.7230692
29622	-1220.814	-1440.671	219.8571	0.2459202	0.600885	0.27913	0.0374174	0.0825671	1.82005	0.7217748
29628	-1222.693	-1442.461	219.7687	0.2853747	0.535392	0.449137	0.00854207	0.00692862	1.756851	0.9114468
29634	-1235.939	-1455.637	219.6977	0.459123	0.478293	0.469347	0.0105815	0.0417778	1.756851	0.8483977
29640	-1227.825	-1447.774	219.949	0.2440392	0.49064	0.481463	0.0166348	0.0112627	1.604756	0.8857434
29646	-1241.31	-1461.167	219.8562	0.2826488	0.532481	0.417122	0.0305251	0.0198717	1.692994	0.8857434
29652	-1238.653	-1458.469	219.8161	0.2855463	0.37391	0.568205	0.0437612	0.0141235	1.892558	0.6534952
29658	-1237.592	-1457.342	219.7498	0.3692684	0.444666	0.484611	0.0520423	0.0186802	1.896087	0.6836722
29664	-1240.111	-1459.897	219.7864	0.3433825	0.418983	0.521458	0.0490364	0.0105231	1.837103	0.7510003
29670	-1240.799	-1460.509	219.7101	0.3462174	0.63466	0.336627	0.0236398	0.00507304	1.674228	1.025345
29676	-1226.423	-1445.695	219.2717	0.4734208	0.613608	0.361901	0.0154847	0.00900616	1.456311	1.484552
29682	-1229.565	-1448.941	219.3761	0.5330848	0.434641	0.529525	0.0226569	0.0131776	1.56517	1.270281
29688	-1245.091	-1464.759	219.6674	0.5271034	0.298254	0.657741	0.0380387	0.00596595	1.774706	0.7773147
29694	-1243.097	-1462.863	219.7666	0.3731259	0.467009	0.491385	0.0373078	0.00429873	1.754938	0.8578454
29700	-1253.384	-1472.829	219.4445	0.3552171	0.564028	0.334767	0.0141992	0.0870058	1.392181	1.479367
29706	-1253.225	-1472.617	219.392	0.2476041	0.746843	0.185418	0.00810218	0.059637	1.399179	1.54547
29712	-1249.466	-1468.918	219.452	0.2339836	0.806268	0.175028	0.00514548	0.0135578	1.373795	1.518489
29718	-1241.953	-1461.514	219.5605	0.2978349	0.664441	0.302185	0.0149866	0.0183872	1.370492	1.432481
29724	-1244.547	-1463.751	219.2037	0.2562288	0.504938	0.45972	0.0336809	0.00166133	1.210772	1.813904
29730	-1238.07	-1457.682	219.6126	0.2420985	0.524018	0.409422	0.0648353	0.00172411	1.226069	1.509903
29736	-1234.753	-1453.376	218.6234	0.4534494	0.567568	0.34815	0.0836525	0.000629495	1.160657	2.151635
29742	-1253.385	-1471.672	218.2863	0.5215403	0.615474	0.292508	0.0879652	0.00405236	0.9372699	2.466801
29748	-1246.639	-1464.431	217.7916	0.2922159	0.54242	0.348081	0.104677	0.00482225	0.923321	2.893112
29754	-1230.037	-1448.603	218.5657	0.2621711	0.529782	0.378565	0.0887628	0.00289077	1.063049	2.332149
29760	-1228.47	-1448.111	219.641	0.3272256	0.578026	0.314831	0.103439	0.00370453	1.216733	1.477096
29766	-1232.802	-1452.395	219.5926	0.2960489	0.400168	0.533408	0.06095	0.00547363	1.248884	1.50097
29772	-1238.267	-1457.905	219.6381	0.2092174	0.859683	0.126591	0.0122499	0.00147633	1.271161	1.44766
29778	-1227.777	-1447.358	219.5811	0.2193599	0.643445	0.325859	0.0268959	0.00380023	1.19252	1.553525
29784	-1237.099	-1456.244	219.1449	0.289504	0.479372	0.502398	0.0169712	0.00125951	0.9072346	2.053642
29790	-1230.005	-1449.311	219.3054	0.544028	0.441445	0.552141	0.00573027	0.000683904	1.212874	1.587701
29796	-1229.329	-1448.243	218.9139	0.4118019	0.41885	0.579524	0.000977505	0.000648898	0.9985757	2.092323
29802	-1227.49	-1445.96	218.4695	0.3848817	0.409031	0.589163	0.000993762	0.000812752	0.8096809	2.511533
29808	-1226.61	-1444.879	218.2694	0.3307713	0.517635	0.47824	0.00303353	0.00109144	1.042864	2.514852
29814	-1231.997	-1450.742	218.7447	0.3001005	0.565629	0.427378	0.0033148	0.00367803	1.265227	2.078751
29820	-1227.596	-1446.59	218.9944	0.3125832	0.543113	0.435613	0.00656638	0.0147074	1.213708	1.942951
29826	-1230.958	-1448.886	217.9276	0.3431572	0.524347	0.441868	0.0263599	0.00742499	1.022059	2.734029
29832	-1246.621	-1463.768	217.1466	0.3431589	0.420488	0.539478	0.025306	0.0147288	0.7621739	3.357121
29838	-1238.381	-1456.438	218.0573	0.371622	0.530564	0.359651	0.0625664	0.047218	0.975534	2.670586
29844	-1234.691	-1453.09	218.3985	0.4493989	0.306269	0.538312	0.0847446	0.0706742	1.040023	2.375858
29850	-1238.86	-1457.54	218.6801	0.2746455	0.3012	0.529404	0.0998915	0.0695045	1.003798	2.295635
29856	-1258.743	-1476.63	217.8875	0.5691139	0.451799	0.340865	0.117029	0.0903074	1.00523	2.642105
29862	-1251.554	-1471.032	219.4781	0.5123505	0.505001	0.402023	0.0399471	0.0530298	1.258243	1.449042
29868	-1233.503	-1453.065	219.5616	0.4856988	0.510137	0.437149	0.0409118	0.0118022	1.275284	1.391942
29874	-1236.245	-1455.811	219.5659	0.3352563	0.555677	0.382728	0.0508706	0.0107246	1.437965	1.360492
29880	-1237.879	-1457.408	219.5288	0.563715	0.538908	0.385302	0.0653889	0.010401	1.534801	1.138653
29886	-1248.324	-1468.034	219.71	0.3400912	0.534703	0.382295	0.0683505	0.014651	1.361922	1.303574
29892	-1237.071	-1456.672	219.6016	0.3079145	0.440738	0.432573	0.115975	0.0107139	1.48849	1.303574
29898	-1224.38	-1444.077	219.6969	0.2710468	0.500363	0.459003	0.0357699	0.00486433	1.334608	1.360725
29904	-1224.896	-1444.767	219.8716	0.2648682	0.48994	0.378549	0.0997388	0.0317729	1.529546	1.043909
29910	-1242.235	-1462.063	219.828	0.4381294	0.41614	0.513521	0.0488364	0.021503	1.325636	1.168922
29916	-1221.319	-1441.284	219.9654	0.279283	0.571621	0.313257	0.0956237	0.0194989	1.51525	0.9615885
29922	-1223.79	-1443.467	219.6777	0.3495058	0.605652	0.316492	0.0637449	0.0141118	1.564372	1.154816
29928	-1224.515	-1443.762	219.2467	0.2425193	0.547413	0.346228	0.0870804	0.0192778	1.290008	1.728516
29934	-1218.446	-1438.172	219.7263	0.3038045	0.576073	0.339514	0.0550921	0.0293209	1.501682	1.19001
29940	-1219.936	-1439.772	219.8365	0.2961916	0.573168	0.295888	0.0351581	0.0957865	1.501682	1.094792
29946	-1216.634	-1436.52	219.886	0.1982724	0.840978	0.109805	0.0181383	0.0310786	1.267589	1.246668
29952	-1220.717	-1440.029	219.3118	0.195169	0.762355	0.206775	0.00345428	0.0274158	1.349917	1.62309
29958	-1243.53	-1462.747	219.2162	0.2167064	0.743395	0.162844	0.00592471	0.0878362	1.362603	1.693386
29964	-1229.602	-1448.001	218.3991	0.2433748	0.593784	0.356311	0.00234579	0.0475596	1.070411	2.433113
29970	-1236.089	-1454.567	218.478	0.2654751	0.590473	0.354324	0.00235633	0.0528466	0.9908443	2.433113
29976	-1237.199	-1456.122	218.9239	0.2772879	0.484791	0.48141	0.00334341	0.0304559	1.110011	2.068086
29982	-1224.937	-1443.861	218.9245	0.2570242	0.587523	0.40124	0.00460281	0.00663417	1.112739	2.068086
29988	-1230.38	-1449.811	219.4314	0.2417332	0.696661	0.288405	0.00657193	0.00836167	1.22365	1.644309
29994	-1220.162	-1439.618	219.4555	0.2377184	0.691975	0.286465	0.00652773	0.0150317	1.186864	1.653026
30000	-1238.799	-1458.418	219.6183	0.2377184	0.408707	0.553068	0.0176975	0.0205275	1.178486	1.540574
30006	-1225.883	-1445.575	219.6916	0.2377184	0.658064	0.325429	0.00777783	0.00872934	1.385309	1.325189
30012	-1224.16	-1443.969	219.8093	0.2924336	0.671014	0.25344	0.0568501	0.0186964	1.411377	1.200273
30018	-1234.193	-1453.418	219.2247	0.2459164	0.543289	0.325128	0.029555	0.102027	1.363207	1.692517
30024	-1228.072	-1447.151	219.0792	0.3265427	0.536938	0.321327	0.0791066	0.0626283	1.024424	2.007844
30030	-1218.671	-1437.492	218.821	0.3265427	0.563935	0.337483	0.083084	0.0154983	1.012099	2.185478
30036	-1225.93	-1444.867	218.9374	0.3265427	0.462912	0.464714	0.0682005	0.00417333	1.129491	2.032238
30042	-1223.098	-1442.59	219.4922	0.2689791	0.475209	0.481981	0.0332575	0.00955243	1.391364	1.475275
30048	-1223.036	-1441.735	218.6993	0.3500248	0.51414	0.435487	0.0348616	0.015511	1.013887	2.253262
30054	-1232.074	-1449.976	217.9025	0.5223879	0.344114	0.568079	0.0328102	0.0549966	1.201581	2.540944
30060	-1237.919	-1457.09	219.1703	0.5734833	0.305187	0.616745	0.0360331	0.042035	1.251471	1.635507
30066	-1237.091	-1456.821	219.7301	0.5584397	0.45761	0.46473	0.0141114	0.0635484	1.523484	0.9621556
30072	-1232.417	-1452.351	219.9335	0.2469461	0.523824	0.437847	0.033929	0.00439974	1.550391	0.9621556
30078	-1226.727	-1446.559	219.8313	0.456182	0.356114	0.636718	0.00667423	0.000493723	1.71823	0.7207567
30084	-1215.746	-1435.478	219.732	0.2946029	0.472103	0.483817	0.0424338	0.00164549	1.65872	1.046109
30090	-1217.634	-1437.502	219.8688	0.3110281	0.59078	0.368871	0.0382902	0.00205913	1.65872	0.8974392
30096	-1227.535	-1447.078	219.543	0.3228127	0.513031	0.445149	0.0332511	0.0085686	1.358136	1.446008
30102	-1237.335	-1457.196	219.8618	0.2037789	0.542871	0.428126	0.0244602	0.0045421	1.392376	1.164457
30108	-1238.757	-1458.301	219.5438	0.2337709	0.680215	0.22274	0.0255603	0.0714843	1.339468	1.475294
30114	-1227.512	-1446.593	219.0803	0.2050778	0.682168	0.246107	0.00447562	0.067249	1.116034	1.952206
30120	-1224.906	-1443.992	219.0861	0.2050778	0.714718	0.201967	0.00468917	0.0786261	1.116034	1.948298
30126	-1214.976	-1434.102	219.1254	0.2262389	0.598626	0.342486	0.00592378	0.0529636	1.117665	1.928156
30132	-1216.499	-1435.471	218.972	0.3237177	0.541328	0.423033	0.00107119	0.0345681	1.165122	1.986609
30138	-1209.024	-1427.737	218.7127	0.254779	0.492287	0.479709	0.000796072	0.0272085	1.036604	2.255477
30144	-1227.8	-1446.698	218.8977	0.405198	0.351382	0.622259	0.017743	0.00861578	1.215248	1.963081
30150	-1230.024	-1449.693	219.6682	0.2717939	0.519041	0.410963	0.0443063	0.0256901	1.255165	1.444604
30156	-1233.1	-1452.463	219.3627	0.2809994	0.383267	0.52251	0.0348086	0.0594135	1.216584	1.695617
30162	-1223.158	-1442.738	219.5796	0.2765007	0.542027	0.418944	0.00403808	0.0349907	1.261468	1.506066
30168	-1219.073	-1439.004	219.9317	0.250914	0.671412	0.243595	0.00433555	0.0806567	1.630063	0.8769194
30174	-1229.683	-1449.664	219.9811	0.1943295	0.70147	0.134919	0.00452964	0.159081	1.613693	0.8064316
30180	-1238.494	-1458.426	219.9317	0.2529257	0.608183	0.266079	0.0192423	0.106496	1.443121	1.069798
30186	-1233.255	-1453.019	219.7634	0.2544888	0.637957	0.270597	0.0142452	0.0772015	1.609609	1.071403
30192	-1228.754	-1448.517	219.763	0.2225555	0.70606	0.237573	0.00389495	0.0524716	1.748815	0.9268831
30198	-1239.366	-1459.318	219.9522	0.2354758	0.58613	0.291102	0.0120584	0.11071	1.475056	1.017902
30204	-1222.296	-1442.269	219.9732	0.2357909	0.447889	0.443769	0.0112139	0.0971286	1.454183	1.017902
30210	-1225.032	-1444.905	219.8733	0.2296809	0.567819	0.398889	0.0142167	0.0190757	1.552565	1.017902
30216	-1222.867	-1442.836	219.9687	0.2798816	0.629568	0.332269	0.0127697	0.0253929	1.672381	0.770501
30222	-1224.452	-1444.187	219.735	0.3021263	0.447709	0.492402	0.0334336	0.0264551	1.74668	0.95185
30228	-1236.219	-1455.97	219.7514	0.282818	0.554667	0.371137	0.0414209	0.0327752	1.654966	1.034974
30234	-1236.788	-1456.508	219.7199	0.2421746	0.650119	0.257548	0.0225507	0.0697819	1.654966	1.069272
30240	-1219.653	-1439.425	219.7713	0.3395479	0.56336	0.385397	0.0391283	0.0121147	1.674122	0.9683463
30246	-1228.576	-1448.298	219.7225	0.3052367	0.469203	0.473698	0.0422089	0.0148904	1.697041	1.013689
30252	-1229.469	-1449.25	219.7811	0.3938075	0.519721	0.375869	0.0359466	0.0684635	1.697041	0.889372
30258	-1225.319	-1445.113	219.7939	0.3481053	0.450217	0.464245	0.0560142	0.0295241	1.834622	0.738505
30264	-1234.794	-1454.619	219.8252	0.2717613	0.430711	0.332863	0.0535873	0.182839	1.891008	0.6452106
30270	-1226.917	-1446.99	220.0725	0.2739826	0.623071	0.321312	0.0251674	0.0304499	1.534261	0.8188181
30276	-1227.919	-1447.461	219.5427	0.3297954	0.634933	0.272061	0.0698597	0.023147	1.453423	1.369271
30282	-1222.95	-1442.569	219.6186	0.2718256	0.499499	0.378549	0.0946906	0.0272616	1.453471	1.328273
30288	-1213.152	-1432.085	218.9326	0.333364	0.536892	0.43179	0.0137212	0.0175968	1.223361	1.970155
30294	-1209.155	-1428.176	219.0213	0.3429381	0.577299	0.365728	0.0403079	0.0166653	1.128581	1.970155
30300	-1217.812	-1437.191	219.3794	0.284711	0.614407	0.334093	0.0362764	0.0152238	1.460757	1.504975
30306	-1225.882	-1445.802	219.9198	0.2500808	0.617283	0.304384	0.0364462	0.0418873	1.255186	1.245853
30312	-1220.35	-1439.405	219.0543	0.3093393	0.467198	0.436427	0.0355947	0.0607803	1.285648	1.854586
30318	-1215.875	-1435.16	219.2849	0.2648737	0.517502	0.358104	0.0415662	0.0828277	1.215056	1.753907
30324	-1209.06	-1428.402	219.3427	0.2648737	0.571954	0.328823	0.0407925	0.0584307	1.10877	1.787733
30330	-1209.044	-1428.464	219.4198	0.209226	0.591938	0.232238	0.040344	0.135479	1.264328	1.614899
30336	-1219.319	-1439.141	219.8222	0.2574106	0.469973	0.461152	0.0533031	0.015572	1.518714	1.100998
30342	-1219.38	-1439.135	219.7557	0.2968251	0.519123	0.440763	0.0295176	0.0105964	1.447537	1.213693
30348	-1224.079	-1443.657	219.5781	0.3149872	0.406626	0.570068	0.0190656	0.00424021	1.447537	1.352424
30354	-1222.439	-1442.004	219.5645	0.3541201	0.314225	0.628387	0.0206051	0.036783	1.437099	1.352424
30360	-1223.592	-1442.611	219.0183	0.2717906	0.401584	0.540757	0.012504	0.0451557	1.158139	1.974256
30366	-1217.221	-1436.248	219.0276	0.2717906	0.559907	0.372442	0.0350544	0.0325966	1.158139	1.968032
30372	-1225.296	-1443.843	218.5475	0.2421395	0.46495	0.390201	0.01829	0.126559	1.165392	2.27851
30378	-1223.992	-1442.83	218.8374	0.2381504	0.474445	0.39817	0.0273365	0.100048	1.048336	2.166663
30384	-1233.098	-1450.802	217.7041	0.2381504	0.454516	0.365761	0.0194247	0.160298	0.8724394	2.980744
30390	-1233.925	-1453.556	219.6313	0.2193318	0.73881	0.223971	0.0118946	0.0253248	1.422889	1.33886
30396	-1228.627	-1448.676	220.0484	0.2312301	0.71066	0.239579	0.0254006	0.0243599	1.521128	0.8647378
30402	-1238.852	-1458.79	219.9381	0.3076531	0.470619	0.418772	0.0619626	0.0486468	1.522806	0.970893
30408	-1226.587	-1446.448	219.8612	0.296829	0.426991	0.502987	0.00498914	0.0650332	1.522806	1.051698
30414	-1216.574	-1436.448	219.8739	0.296829	0.434099	0.483613	0.00479697	0.0774913	1.435932	1.120475
30420	-1224.15	-1443.899	219.7492	0.2964763	0.417472	0.503391	0.00461325	0.0745233	1.549959	1.1302
30426	-1221.882	-1441.68	219.7983	0.3019417	0.328789	0.608885	0.00363326	0.0586924	1.51736	1.113235
30432	-1217.942	-1437.02	219.0783	0.3273831	0.579453	0.346929	0.0104787	0.0631388	1.378415	1.767216
30438	-1213.447	-1432.823	219.3757	0.235858	0.720634	0.227455	0.003725	0.048186	1.291202	1.635134
30444	-1212.235	-1431.627	219.3914	0.2808475	0.56794	0.313353	0.0478012	0.0709055	1.291202	1.621732
30450	-1217.651	-1436.126	218.4756	0.2362037	0.406484	0.472204	0.0704466	0.0508651	1.074815	2.381379
30456	-1221.396	-1439.916	218.5197	0.2818978	0.251936	0.535836	0.0727134	0.139514	0.9479601	2.431524
30462	-1223.86	-1442.158	218.2973	0.4990189	0.555995	0.393598	0.0195321	0.0308746	1.005028	2.431524
30468	-1223.768	-1441.971	218.2027	0.2856476	0.447506	0.489771	0.0243047	0.0384186	1.221581	2.458103
30474	-1225.335	-1443.525	218.1894	0.32041	0.50481	0.435914	0.0309517	0.0283246	0.8937771	2.660542
30480	-1236.251	-1454.586	218.3352	0.283613	0.518346	0.403818	0.0220544	0.0557815	0.8545314	2.604655
30486	-1233.067	-1451.148	218.0815	0.283613	0.598473	0.293279	0.0491675	0.0590803	1.059761	2.634572
30492	-1243.676	-1462.476	218.7997	0.2414652	0.497127	0.367303	0.0615774	0.0739922	1.113872	2.148867
30498	-1236.086	-1454.213	218.1269	0.3339565	0.510054	0.379134	0.077023	0.0337895	0.9930613	2.633016
30504	-1224.593	-1443.562	218.9688	0.3810958	0.565534	0.346839	0.0609073	0.0267197	1.324019	1.85461
30510	-1231.897	-1450.962	219.0652	0.4221402	0.450603	0.427371	0.114708	0.0073181	1.347461	1.747746
30516	-1242.329	-1460.973	218.6441	0.5146206	0.500539	0.367901	0.125305	0.00625481	1.347461	1.975194
30522	-1247.394	-1466.155	218.7616	0.3950532	0.568633	0.31718	0.0615769	0.0526105	1.157577	2.097282
30528	-1233.98	-1452.834	218.8533	0.4106119	0.550488	0.364652	0.0243754	0.0604847	1.220469	1.986201
30534	-1235.32	-1454.346	219.0265	0.3382152	0.510042	0.426785	0.00556465	0.0576092	1.309013	1.846435
30540	-1225.527	-1444.953	219.4261	0.3234619	0.423683	0.508293	0.0160416	0.051983	1.429892	1.48001
30546	-1224.011	-1442.586	218.5753	0.5018324	0.494812	0.448662	0.0106409	0.0458846	1.350163	2.027777
30552	-1227.697	-1446.708	219.0111	0.2892398	0.517857	0.466843	0.00626178	0.00903818	1.243551	1.918349
30558	-1230.125	-1449.21	219.0849	0.2587193	0.703295	0.278772	0.0106842	0.00724844	1.198534	1.903417
30564	-1222.487	-1441.551	219.0644	0.253374	0.742822	0.244484	0.0112847	0.00140869	1.032788	2.028517
30570	-1221.497	-1440.971	219.4734	0.2742593	0.593665	0.35927	0.0359853	0.0110792	1.116862	1.689036
30576	-1231.774	-1450.87	219.0958	0.2406683	0.574467	0.351516	0.0481109	0.025906	1.342894	1.796775
30582	-1225.871	-1444.664	218.793	0.2400524	0.565926	0.407996	0.00995785	0.0161193	1.208305	2.091324
30588	-1217.95	-1437.582	219.6317	0.2628433	0.655212	0.314513	0.0162603	0.0140142	1.388229	1.370887
30594	-1228.266	-1447.904	219.6383	0.3583901	0.460675	0.441018	0.0573108	0.0409966	1.566535	1.181894
30600	-1238.801	-1458.663	219.8624	0.3124975	0.413884	0.447234	0.0427733	0.0961094	1.83717	0.6488841
30606	-1226.048	-1445.937	219.8888	0.3076409	0.419056	0.511615	0.0267244	0.0426045	1.835563	0.590748
30612	-1218.394	-1438.133	219.7395	0.3489068	0.425036	0.518917	0.0271058	0.028941	1.973056	0.5356534
30618	-1219.633	-1439.216	219.5833	0.4807741	0.506078	0.471359	0.0208445	0.00171879	1.976163	0.6598591
30624	-1211.433	-1431.127	219.6949	0.4807741	0.467838	0.511304	0.0192695	0.00158892	1.894317	0.5834502
30630	-1229.952	-1449.151	219.1995	0.2442632	0.652269	0.257321	0.0571809	0.03323	1.13379	1.869464
30636	-1226.013	-1444.949	218.9363	0.4146178	0.520465	0.410419	0.0522083	0.0169076	1.168547	1.963065
30642	-1224.477	-1443.25	218.7731	0.3085648	0.23771	0.742745	0.00772825	0.0118168	1.080395	2.178463
30648	-1224.693	-1443.52	218.8275	0.3608715	0.247878	0.691716	0.0071973	0.0532081	0.9938956	2.178463
30654	-1230.293	-1448.428	218.1347	0.267268	0.526066	0.411249	0.00596724	0.0567181	0.8514377	2.732314
30660	-1230.129	-1448.292	218.1631	0.3256158	0.174308	0.690708	0.0419471	0.0930373	0.8484001	2.702756
30666	-1236.477	-1453.778	217.301	0.3721345	0.20828	0.681548	0.0702279	0.039944	0.8484001	3.203014
30672	-1232.019	-1449.594	217.5749	0.3158829	0.20346	0.665778	0.121025	0.00973766	0.9303518	3.012909
30678	-1235.248	-1452.903	217.6554	0.303009	0.27955	0.637968	0.0649852	0.0174971	0.9797011	2.938607
30684	-1220.208	-1438.255	218.0467	0.3407166	0.298897	0.68424	0.0124689	0.00439371	1.048988	2.645314
30690	-1225.897	-1444.741	218.8444	0.6738853	0.42985	0.555108	0.0111221	0.00392056	1.111424	1.887188
30696	-1216.18	-1434.631	218.4517	0.531686	0.43992	0.543221	0.0111339	0.00572468	1.120757	2.23871
30702	-1233.28	-1451.536	218.2557	0.4718828	0.37495	0.603571	0.0123708	0.00910773	1.017239	2.466743
30708	-1228.518	-1446.642	218.1244	0.376094	0.253754	0.71667	0.0197154	0.00986031	0.8864845	2.681978
30714	-1241.7	-1459.438	217.7381	0.3641509	0.358399	0.627617	0.0130584	0.000925507	0.6478931	3.065801
30720	-1236.397	-1453.863	217.4666	0.4491003	0.353194	0.526446	0.108717	0.0116428	0.847334	3.065801
30726	-1223.288	-1441.159	217.8703	0.3047961	0.428469	0.521605	0.0375859	0.0123396	0.8782374	2.869609
30732	-1240.54	-1460.045	219.5052	0.6285096	0.594216	0.198568	0.203827	0.00338905	1.66241	0.9752208
30738	-1227.146	-1446.582	219.4368	0.4679669	0.469798	0.368771	0.161149	0.000281421	1.612531	1.234172
30744	-1229.904	-1449.362	219.4574	0.268385	0.287653	0.58828	0.0124516	0.111616	1.279621	1.584229
30750	-1233.475	-1453.002	219.5269	0.5609869	0.52145	0.431309	0.0470691	0.00017263	1.511685	1.163225
30756	-1238.187	-1457.52	219.333	0.4591334	0.431968	0.466107	0.101738	0.000186558	1.57321	1.357617
30762	-1227.259	-1446.927	219.6682	0.294346	0.401102	0.529609	0.0690535	0.000235418	1.492674	1.250205
30768	-1222.011	-1441.537	219.5264	0.4753439	0.52429	0.340422	0.13406	0.00122768	1.293731	1.412841
30774	-1229.004	-1448.743	219.7394	0.3538882	0.409587	0.424866	0.0512668	0.114281	1.57078	1.090606
30780	-1225.897	-1445.516	219.6192	0.3439634	0.409495	0.497942	0.0600846	0.0324788	1.575687	1.199041
30786	-1220.782	-1440.025	219.243	0.3143376	0.507956	0.449497	0.0279164	0.0146313	1.341047	1.682618
30792	-1223.095	-1441.803	218.7081	0.4023779	0.595067	0.354812	0.0328854	0.0172356	1.461022	1.926875
30798	-1220.192	-1439.407	219.215	0.2873101	0.463422	0.493702	0.0234368	0.0194394	1.228055	1.789804
30804	-1237.344	-1456.58	219.2355	0.3646518	0.702447	0.241779	0.0286868	0.0270865	1.230877	1.743112
30810	-1228.489	-1448.348	219.8592	0.2619441	0.396226	0.555737	0.0065811	0.0414555	1.463011	1.117651
30816	-1241.134	-1460.855	219.7207	0.2288517	0.724655	0.263767	0.00212683	0.0094517	1.598878	1.117651
30822	-1225.744	-1445.071	219.3267	0.2623989	0.718532	0.269632	0.00217412	0.00966187	1.132684	1.782427
30828	-1234.77	-1454.344	219.5735	0.2867037	0.639611	0.349853	0.00193532	0.00860064	1.376818	1.42081
30834	-1235.441	-1454.665	219.2236	0.3154802	0.575097	0.416037	0.00113295	0.00773315	1.491441	1.5878
30840	-1235.524	-1454.716	219.1924	0.3956421	0.424551	0.546737	0.00285716	0.0258544	1.363916	1.662258
30846	-1238.828	-1457.891	219.063	0.2314875	0.651108	0.331484	0.00173228	0.0156754	1.128819	1.963714
30852	-1216.583	-1435.832	219.2498	0.3608234	0.608648	0.348092	0.00558758	0.0376723	1.197239	1.75862
30858	-1222.608	-1441.628	219.02	0.2263022	0.518917	0.463384	0.00450728	0.013192	1.294039	1.880098
30864	-1229.954	-1449.164	219.2103	0.2263022	0.827208	0.164677	0.00195799	0.00615712	1.200656	1.813645
30870	-1226.265	-1445.925	219.659	0.5240253	0.496764	0.48008	0.00319122	0.019965	1.596851	0.9958652
30876	-1230.191	-1450.021	219.8304	0.2983722	0.691578	0.29569	0.00220695	0.0105249	1.633258	0.9722861
30882	-1226.282	-1445.372	219.0893	0.3480596	0.513668	0.460329	0.00565937	0.0203436	1.679871	1.533571
30888	-1225.541	-1444.768	219.2271	0.220228	0.534677	0.271859	0.0229538	0.17051	1.104289	1.86661
30894	-1228.472	-1447.64	219.168	0.2269204	0.643879	0.280881	0.0323557	0.0428838	1.306595	1.769661
30900	-1233.979	-1452.412	218.4335	0.345058	0.438683	0.534938	0.00214042	0.0242391	0.9669885	2.453971
30906	-1240.249	-1457.521	217.2725	0.3959727	0.400626	0.554045	0.00195473	0.0433746	0.8168875	3.227267
30912	-1245.868	-1465.243	219.3742	0.3119699	0.428568	0.462163	0.0956791	0.0135895	1.354381	1.579224
30918	-1257.41	-1476.149	218.739	0.5474404	0.459321	0.518702	0.0109996	0.010977	1.30477	1.917537
30924	-1229.412	-1447.378	217.9655	0.3967212	0.404618	0.573125	0.00174232	0.020514	1.035896	2.677622
30930	-1219.389	-1438.758	219.3684	0.4451422	0.603813	0.339687	0.0394172	0.0170826	1.314219	1.538531
30936	-1223.13	-1442.929	219.7986	0.2851301	0.595826	0.324406	0.0540554	0.0257126	1.442674	1.184738
30942	-1218.679	-1438.123	219.4436	0.2851301	0.43899	0.389494	0.0697003	0.101815	1.384878	1.513663
30948	-1235.08	-1454.61	219.5298	0.299788	0.358269	0.476213	0.0637787	0.101739	1.231561	1.559304
30954	-1229.032	-1447.81	218.7779	0.3454882	0.345841	0.504648	0.0576106	0.0918997	1.264606	2.040587
30960	-1238.574	-1458.06	219.4861	0.2014297	0.530169	0.333512	0.0213593	0.114959	2.2437	0.5572432
30966	-1222.66	-1442.4	219.7394	0.244579	0.662384	0.214634	0.0508919	0.0720903	1.966012	0.6714054
30972	-1216.801	-1436.181	219.3799	0.2851895	0.531323	0.347533	0.0701642	0.0509793	1.206192	1.689876
30978	-1224.318	-1443.739	219.4218	0.3052311	0.464183	0.37082	0.0979973	0.0669994	1.314884	1.575701
30984	-1224.392	-1443.845	219.4536	0.496672	0.42563	0.426616	0.0353838	0.11237	1.324461	1.429134
30990	-1223.831	-1442.305	218.474	0.3512899	0.499742	0.351132	0.0566383	0.0924873	1.020129	2.392329
30996	-1219.437	-1437.889	218.4527	0.2898134	0.36867	0.50526	0.0645832	0.0614877	1.035932	2.416704
31002	-1218.502	-1437.324	218.8223	0.2660355	0.642367	0.239162	0.0747344	0.0437373	1.182468	2.088828
31008	-1227.22	-1445.978	218.7584	0.2660355	0.631262	0.27303	0.0581863	0.037521	1.021698	2.234933
31014	-1231.216	-1450.542	219.3259	0.2991536	0.540969	0.283116	0.0852609	0.0906541	1.235134	1.70399
31020	-1232.015	-1450.381	218.3662	0.2550663	0.469604	0.388709	0.0856181	0.0560687	1.209105	2.366485
31026	-1228.542	-1446.916	218.3735	0.2658319	0.49467	0.409457	0.0368114	0.0590615	0.9518409	2.522946
31032	-1238.036	-1456.032	217.9959	0.2679691	0.579058	0.375838	0.033789	0.0113143	1.07946	2.677482
31038	-1225.019	-1443.606	218.5876	0.3082883	0.532818	0.451628	0.0090148	0.00654012	1.04431	2.320997
31044	-1232.103	-1449.962	217.859	0.2322549	0.638033	0.351116	0.00700851	0.00384245	0.9933043	2.813361
31050	-1218.178	-1437.288	219.1098	0.2119616	0.625597	0.313418	0.0225168	0.0384685	1.165047	1.90226
31056	-1234.766	-1454.18	219.4135	0.2678302	0.62242	0.311637	0.0184148	0.0475282	1.258403	1.63159
31062	-1223.902	-1443.444	219.5419	0.2279089	0.688193	0.249484	0.0264906	0.0358324	1.249167	1.543038
31068	-1231.931	-1451.496	219.5647	0.2495987	0.658739	0.282604	0.0199001	0.0387567	1.298225	1.492108
31074	-1230.424	-1450.106	219.682	0.2040478	0.641612	0.294611	0.0207456	0.0430316	1.468684	1.252946
31080	-1240.397	-1459.787	219.3897	0.2829593	0.631543	0.268156	0.0388805	0.0614209	1.499122	1.468777
31086	-1243.208	-1462.917	219.7092	0.2435571	0.528395	0.367085	0.0441496	0.0603706	1.332883	1.353658
31092	-1236.92	-1456.027	219.1077	0.219261	0.575592	0.347105	0.0466049	0.0306977	1.28123	1.826888
31098	-1223.249	-1441.526	218.2769	0.239358	0.691487	0.20938	0.0681462	0.0309872	1.297429	2.366593
31104	-1211.824	-1430.553	218.7294	0.2385235	0.620485	0.308151	0.0490568	0.0223069	1.21662	2.127415
31110	-1215.174	-1434.071	218.8962	0.2263924	0.579546	0.339358	0.060261	0.0208351	1.046795	2.127415
31116	-1219.757	-1439.155	219.398	0.2651929	0.60872	0.306101	0.0632946	0.021884	1.145318	1.723496
31122	-1229.708	-1447.795	218.0867	0.2910636	0.453785	0.357853	0.0739955	0.114367	1.219912	2.530527
31128	-1225.258	-1444.52	219.2621	0.2858966	0.47498	0.374415	0.0774515	0.0731537	1.220041	1.762899
31134	-1233.339	-1452.159	218.8204	0.2916328	0.375321	0.468731	0.0643668	0.0915811	1.196026	2.076649
31140	-1222.472	-1441.392	218.92	0.2991032	0.298634	0.572934	0.0164908	0.111941	0.9804436	2.150724
31146	-1220.985	-1439.234	218.2491	0.2626468	0.432854	0.383852	0.0711297	0.112164	0.9393941	2.608195
31152	-1224.505	-1443.023	218.5184	0.2174373	0.38883	0.452738	0.0632502	0.0951811	0.96331	2.420821
31158	-1226.571	-1444.57	217.9996	0.2036321	0.311091	0.525338	0.0999025	0.0636684	0.9268036	2.75977
31164	-1227.264	-1445.16	217.8959	0.2477372	0.478525	0.401623	0.105512	0.01434	1.046594	2.75977
31170	-1228.827	-1447.627	218.7996	0.2252691	0.506376	0.403256	0.0753687	0.0149998	0.9905672	2.226334
31176	-1237.106	-1456.175	219.0688	0.25835	0.576655	0.317008	0.0566436	0.0496929	1.200666	1.9129
31182	-1243.264	-1461.8	218.5358	0.336755	0.396815	0.566056	0.0180754	0.0190539	1.03421	2.350297
31188	-1233.015	-1452.078	219.0635	0.4387822	0.365021	0.602459	0.0181645	0.0143554	1.080076	1.922352
31194	-1230.394	-1449.352	218.9586	0.2578926	0.523289	0.437403	0.0214381	0.0178706	0.9919034	2.124998
31200	-1236.162	-1454.635	218.4728	0.2474307	0.619354	0.290228	0.00949042	0.0809273	1.079128	2.381254
31206	-1248.821	-1467.625	218.8033	0.2296444	0.462044	0.365509	0.0360458	0.136401	1.160544	2.114412
31212	-1232.732	-1451.519	218.7867	0.2616859	0.234103	0.651429	0.0839996	0.0304685	1.044403	2.202416
31218	-1250.83	-1469.831	219.0001	0.3443205	0.362044	0.503392	0.0931318	0.0414327	1.101768	2.001657
31224	-1233.452	-1452.809	219.3569	0.4256313	0.546415	0.38405	0.0469758	0.0225586	1.287384	1.579853
31230	-1231.688	-1451.167	219.4785	0.2991769	0.478015	0.482235	0.0213347	0.0184148	1.302248	1.545213
31236	-1232.241	-1451.493	219.2525	0.2991769	0.501876	0.367976	0.0548893	0.0752585	1.425976	1.619998
31242	-1235.923	-1454.652	218.7286	0.5936084	0.42073	0.433196	0.0890823	0.0569908	1.220122	1.949287
31248	-1233.388	-1452.638	219.2508	0.4114809	0.402938	0.460717	0.0690878	0.0672577	1.146021	1.765343
31254	-1234.496	-1453.099	218.6028	0.283151	0.443234	0.468744	0.0446019	0.0434204	1.236582	2.194137
31260	-1235.173	-1454.576	219.4032	0.3211684	0.510168	0.413084	0.00605962	0.0706883	1.462018	1.474023
31266	-1217.338	-1437.079	219.7411	0.2843071	0.572386	0.390024	0.00440399	0.0331855	1.838313	0.8494408
31272	-1224.862	-1444.716	219.8541	0.1966888	0.701271	0.197001	0.0251767	0.0765516	1.594008	0.9766728
31278	-1221.692	-1441.573	219.8804	0.241843	0.734897	0.206447	0.0190769	0.03958	1.589021	0.9766728
31284	-1226.548	-1446.369	219.821	0.2368249	0.46699	0.407973	0.0108558	0.114181	1.647686	0.9766728
31290	-1243.11	-1462.82	219.7107	0.2993252	0.298715	0.614157	0.00925873	0.0778689	1.382528	1.304179
31296	-1243.315	-1462.948	219.6322	0.2820116	0.467851	0.443613	0.0114419	0.0770942	1.467161	1.304179
31302	-1235.221	-1453.878	218.6565	0.4248277	0.421034	0.538705	0.00519074	0.0350702	1.053248	2.216888
31308	-1228.641	-1447.479	218.8381	0.402203	0.39207	0.585727	0.0065601	0.0156426	1.284359	1.958394
31314	-1222.599	-1442.056	219.4566	0.3907074	0.46866	0.496925	0.0266666	0.00774862	1.184621	1.603954
31320	-1223.128	-1442.046	218.9175	0.3907074	0.486168	0.427519	0.0807906	0.00552279	0.9559132	2.129595
31326	-1220.96	-1439.803	218.8421	0.2632853	0.446878	0.479533	0.0683148	0.00527456	1.048858	2.163431
31332	-1226.02	-1444.872	218.8519	0.4069683	0.464073	0.45086	0.0785773	0.00648938	1.168622	2.023753
31338	-1225.064	-1443.507	218.4425	0.3745304	0.394197	0.490307	0.0607417	0.0547543	1.101921	2.349658
31344	-1231.225	-1450.703	219.4781	0.3820082	0.464003	0.464445	0.0415361	0.0300163	1.266483	1.533229
31350	-1226.913	-1446.481	219.5686	0.2247516	0.591896	0.339575	0.0370123	0.0315166	1.338995	1.454787
31356	-1231.894	-1451.502	219.6081	0.2709933	0.530866	0.388498	0.0504782	0.0301579	1.297612	1.458175
31362	-1232.919	-1452.463	219.5444	0.3780221	0.486991	0.466192	0.0258246	0.0209928	1.179795	1.550612
31368	-1230.809	-1450.207	219.3979	0.4269507	0.423334	0.482977	0.0706124	0.0230762	1.285049	1.550612
31374	-1220.24	-1439.598	219.3577	0.299157	0.43996	0.463789	0.0158206	0.0804304	1.288709	1.643127
31380	-1222.57	-1441.889	219.3193	0.2742743	0.363999	0.487253	0.0279808	0.120767	1.172651	1.758283
31386	-1224.226	-1443.497	219.2708	0.2601495	0.552726	0.359639	0.0562192	0.0314156	1.301412	1.703506
31392	-1240.014	-1458.212	218.1979	0.2252094	0.744916	0.138931	0.048291	0.067862	1.050711	2.568637
31398	-1240.918	-1459.318	218.3999	0.1882307	0.523414	0.248741	0.0300316	0.197814	0.9006997	2.52008
31404	-1227.838	-1447.741	219.9027	0.2063059	0.502105	0.313826	0.0127903	0.171278	1.552233	0.9775124
31410	-1235.508	-1455.267	219.7592	0.2481551	0.507953	0.303683	0.0226224	0.165742	1.683641	1.003987
31416	-1236.733	-1456.441	219.7079	0.3178784	0.51337	0.460169	0.0140711	0.0123896	1.698255	1.020668
31422	-1238.207	-1458.097	219.89	0.3251931	0.719358	0.255277	0.0197171	0.00564698	1.364538	1.157302
31428	-1244.967	-1463.832	218.8658	0.3245144	0.450608	0.457801	0.0711895	0.0204018	1.330385	1.946657
31434	-1248.043	-1467.617	219.5742	0.3090102	0.426711	0.450614	0.0903885	0.0322856	1.383549	1.408037
31440	-1237.107	-1455.978	218.8705	0.3786761	0.360058	0.566825	0.00903752	0.0640796	1.128967	2.053062
31446	-1219.789	-1438.443	218.6533	0.3330685	0.357291	0.562469	0.0166524	0.0635872	0.9868003	2.307123
31452	-1230.074	-1449.303	219.2288	0.2652334	0.509198	0.452399	0.0177973	0.0206059	1.261491	1.760653
31458	-1227.105	-1446.438	219.3328	0.2746694	0.441476	0.535911	0.0200335	0.00257992	1.155743	1.760653
31464	-1231.186	-1450.405	219.2186	0.2841312	0.629577	0.316904	0.0353679	0.0181506	0.9285066	1.991707
31470	-1237.36	-1457.2	219.8397	0.2884042	0.390091	0.555523	0.0238109	0.0305744	1.336059	1.239615
31476	-1233.231	-1452.366	219.1351	0.2531068	0.570609	0.396396	0.0119343	0.0210608	0.9205472	2.056039
31482	-1231.126	-1449.489	218.3636	0.321843	0.572624	0.390919	0.0231483	0.0133082	1.040374	2.460667
31488	-1228.345	-1445.999	217.6543	0.2944483	0.506559	0.465081	0.0211924	0.00716754	0.8841608	2.998838
31494	-1228.635	-1447.235	218.5995	0.334331	0.371432	0.593097	0.0263302	0.00914044	1.047147	2.302431
31500	-1244.627	-1461.298	216.6709	0.4735856	0.38823	0.449849	0.15562	0.00630085	0.8486367	3.52048
31506	-1240.679	-1459.296	218.6174	0.3552866	0.571029	0.345236	0.0575799	0.0261542	1.156137	2.212062
31512	-1242.976	-1462.056	219.0803	0.2522059	0.596569	0.314553	0.010439	0.0784392	1.27301	1.855996
31518	-1235.022	-1454.626	219.6035	0.2143705	0.70933	0.194751	0.00265278	0.0932655	1.417561	1.363217
31524	-1232.455	-1452.114	219.6591	0.2143705	0.668228	0.183467	0.00249907	0.145806	1.361962	1.363217
31530	-1229.225	-1448.628	219.4032	0.2316528	0.693545	0.282213	0.008478	0.0157636	1.226525	1.661105
31536	-1239.698	-1459.097	219.399	0.2606076	0.620204	0.358117	0.00758147	0.0140967	1.232749	1.661105
31542	-1233.11	-1451.974	218.8634	0.3707414	0.614237	0.354887	0.012606	0.0182701	1.232749	1.992963
31548	-1242.703	-1461.617	218.9145	0.2282656	0.358125	0.614996	0.0160975	0.010781	1.232749	1.992963
31554	-1219.912	-1439.308	219.3965	0.3450129	0.400573	0.577028	0.0131683	0.00923009	1.228632	1.640198
31560	-1222.951	-1441.744	218.793	0.3389266	0.451283	0.531101	0.00767545	0.00994058	1.025939	2.189772
31566	-1227.237	-1446.434	219.1966	0.4639812	0.399641	0.55487	0.0447651	0.000723666	1.288006	1.66953
31572	-1224.713	-1443.306	218.5923	0.3780831	0.522419	0.418118	0.0585178	0.000945991	1.174965	2.205133
31578	-1236.888	-1454.875	217.9877	0.48601	0.45544	0.519472	0.0241958	0.00089175	1.121555	2.560345
31584	-1248.822	-1467.377	218.5553	0.3758278	0.33531	0.593006	0.0441393	0.0275446	1.068317	2.298617
31590	-1244.198	-1463.72	219.5227	0.328202	0.658997	0.312897	0.0273426	0.000762865	1.331625	1.479279
31596	-1233.761	-1452.986	219.2246	0.4146727	0.470064	0.433675	0.0955781	0.000682699	1.331625	1.650679
31602	-1231.53	-1450.498	218.9687	0.2889307	0.469907	0.433531	0.0955463	0.00101612	1.331755	1.88735
31608	-1229.4	-1448.579	219.1782	0.4141618	0.422336	0.521899	0.0524515	0.0033129	1.32761	1.68697
31614	-1226.35	-1445.576	219.2259	0.2994415	0.529163	0.433489	0.0153175	0.0220303	1.358977	1.68697
31620	-1238.984	-1457.711	218.7268	0.3569602	0.356774	0.473167	0.06799	0.102069	1.085759	2.186016
31626	-1239.536	-1458.03	218.494	0.6032648	0.373488	0.539647	0.0105693	0.0762953	1.085759	2.186016
31632	-1239.285	-1458.182	218.8965	0.4657355	0.440104	0.460863	0.0491826	0.0498511	1.08734	2.012463
31638	-1230.489	-1449.46	218.9705	0.25811	0.67049	0.309099	0.0108753	0.00953599	1.130285	2.025966
31644	-1230.065	-1449.641	219.5757	0.4038229	0.410088	0.50429	0.0793905	0.00623113	1.164569	1.523091
31650	-1239.158	-1458.226	219.0681	0.483207	0.52977	0.384141	0.071261	0.0148278	1.384134	1.679375
31656	-1233.17	-1452.628	219.4587	0.3354564	0.532303	0.385978	0.0710828	0.0106365	1.355736	1.505957
31662	-1240.182	-1459.29	219.1081	0.594006	0.45913	0.435877	0.0829033	0.0220895	1.185553	1.711573
31668	-1242.794	-1462.712	219.9182	0.378997	0.500014	0.381969	0.111089	0.00692772	1.28746	1.167728
31674	-1237.514	-1456.974	219.4598	0.3044197	0.343781	0.533728	0.025843	0.0966474	1.342209	1.5278
31680	-1241.691	-1461.394	219.7034	0.2277468	0.539029	0.403323	0.0206374	0.0370099	1.32441	1.362388
31686	-1235.789	-1455.166	219.3764	0.3417494	0.40446	0.533654	0.0129167	0.0489693	1.406183	1.526691
31692	-1230.495	-1449.034	218.5397	0.2842617	0.30906	0.59476	0.0850833	0.011097	0.8609472	2.473205
31698	-1232.794	-1451.203	218.4097	0.2597491	0.221877	0.628304	0.0376343	0.112184	0.9017809	2.532045
31704	-1216.726	-1435.97	219.2442	0.2571076	0.465677	0.414862	0.0300085	0.0894524	1.125538	1.844619
31710	-1229.812	-1449.227	219.4153	0.2589323	0.533909	0.295131	0.042945	0.128015	1.54736	1.41585
31716	-1232.187	-1451.99	219.8036	0.2403736	0.636159	0.265926	0.0570904	0.0408244	1.42011	1.20414
31722	-1236.865	-1453.364	216.4987	0.901688	0.676568	0.214109	0.102691	0.00663167	0.7675197	3.408187
31728	-1239.02	-1455.633	216.6124	0.8615321	0.59822	0.340137	0.0558928	0.00574978	0.6952461	3.408187
31734	-1231.844	-1450.637	218.7926	0.5589785	0.511935	0.389798	0.0947145	0.00355292	1.118081	1.998929
31740	-1229.433	-1448.152	218.719	0.6697462	0.612533	0.315544	0.0709362	0.000986516	1.12924	1.962786
31746	-1219.303	-1438.413	219.1108	0.4055052	0.410786	0.576511	0.0108401	0.00186368	1.040605	1.937023
31752	-1214.521	-1432.501	217.9798	0.3675593	0.337103	0.641163	0.0196613	0.00207268	0.9141809	2.757602
31758	-1229.163	-1446.58	217.4167	0.5280916	0.358735	0.626936	0.0140701	0.000258766	0.946535	2.989828
31764	-1232.37	-1449.554	217.1843	0.502909	0.464015	0.514722	0.0211759	8.76122e-05	0.8168888	3.220702
31770	-1237.189	-1454.116	216.9273	0.2958175	0.422633	0.486565	0.0898734	0.000927694	0.9229359	3.406413
31776	-1225.9	-1443.55	217.6504	0.2791734	0.449224	0.517178	0.032861	0.000737562	0.8174069	3.044235
31782	-1236.715	-1455.227	218.5111	0.3309162	0.428574	0.554051	0.0139918	0.00338364	1.039015	2.365196
31788	-1238.51	-1457.641	219.1303	0.3776269	0.463203	0.512991	0.0213417	0.00246424	1.148022	1.866385
31794	-1247.101	-1466.25	219.1486	0.2971685	0.471218	0.494886	0.031389	0.00250688	1.180415	1.865763
31800	-1245.732	-1462.977	217.2448	0.566882	0.169039	0.75792	0.071385	0.00165531	0.9201412	3.084624
31806	-1243.872	-1462.037	218.1646	0.6531829	0.541669	0.366049	0.0901904	0.00209138	0.9281888	2.462737
31812	-1247.463	-1465.795	218.3321	0.4087357	0.281914	0.573286	0.141251	0.00354818	1.050169	2.434511
31818	-1246.796	-1464.584	217.7887	0.4473408	0.243868	0.658301	0.0621886	0.0356429	0.9896638	2.786659
31824	-1250.883	-1469.091	218.2079	0.3594927	0.382776	0.511544	0.032872	0.0728076	0.999149	2.568488
31830	-1248.07	-1465.669	217.5983	0.5183033	0.355212	0.603592	0.0227213	0.0184743	0.8591003	2.939168
31836	-1241.567	-1458.969	217.402	0.5645175	0.225364	0.729265	0.0290639	0.0163079	1.008016	2.939168
31842	-1247.929	-1465.139	217.2099	0.4146482	0.296753	0.678681	0.0156983	0.00886696	0.8833014	3.215606
31848	-1244.355	-1461.77	217.4151	0.3544809	0.516282	0.414446	0.0415731	0.0276988	0.8745457	3.127455
31854	-1237.4	-1456.045	218.6452	0.53186	0.566999	0.354692	0.0671067	0.0112029	0.8405827	2.294209
31860	-1244.967	-1463.821	218.8538	0.3702946	0.427142	0.504116	0.0514985	0.0172433	1.166346	2.043654
31866	-1233.207	-1451.934	218.7269	0.4409485	0.372638	0.577238	0.0375505	0.0125731	1.153882	2.095988
31872	-1228.566	-1447.359	218.7933	0.3081778	0.532869	0.351151	0.0228431	0.0931369	1.292446	2.026201
31878	-1231.392	-1450.317	218.9249	0.4810251	0.361836	0.526811	0.0146559	0.0966963	1.424476	1.753423
31884	-1228.707	-1447.939	219.2325	0.3098717	0.345831	0.587868	0.0561453	0.0101562	1.170868	1.810769
31890	-1221.133	-1440.42	219.2862	0.3497454	0.506055	0.432349	0.0490145	0.0125819	1.12526	1.788865
31896	-1231.891	-1450.899	219.0081	0.2428102	0.676879	0.273835	0.0285947	0.020692	1.120132	2.007609
31902	-1226.675	-1445.133	218.458	0.3079297	0.36326	0.490435	0.134933	0.0113719	1.054233	2.397048
31908	-1229.999	-1448.845	218.8458	0.2339932	0.373963	0.527748	0.0549582	0.0433306	0.9674054	2.213136
31914	-1224.925	-1444.379	219.4543	0.3001253	0.428201	0.522495	0.0310364	0.018267	1.022198	1.763091
31920	-1233.37	-1451.733	218.3626	0.3545349	0.422219	0.515196	0.046954	0.0156311	0.9219496	2.522456
31926	-1230.591	-1448.461	217.8697	0.5948416	0.429749	0.509688	0.0454375	0.0151262	1.05774	2.604076
31932	-1223.968	-1441.677	217.7084	0.5869245	0.413572	0.432299	0.12778	0.026349	0.9267287	2.788637
31938	-1222.672	-1440.641	217.9694	0.3535007	0.155607	0.775517	0.054982	0.0138943	0.9118733	2.771535
31944	-1220.679	-1439.35	218.6712	0.3638643	0.528623	0.359543	0.082624	0.0292108	1.103997	2.206956
31950	-1225.489	-1444.26	218.7704	0.5368394	0.420619	0.515378	0.0555173	0.00848608	1.218199	1.962037
31956	-1216.074	-1435.123	219.0496	0.3336227	0.3959	0.566294	0.0309903	0.00681604	1.189361	1.914205
31962	-1222.478	-1441.021	218.5431	0.2926742	0.526886	0.454762	0.00928075	0.00907117	0.9719821	2.399394
31968	-1225.216	-1443.761	218.5444	0.3268731	0.469597	0.505546	0.0125702	0.0122864	0.9903375	2.376449
31974	-1226.938	-1445.091	218.1537	0.2876951	0.512605	0.44428	0.0154598	0.0276549	0.7855566	2.757809
31980	-1232.349	-1450.749	218.4002	0.3291756	0.4451	0.522848	0.00571877	0.0263334	0.9352655	2.500986
31986	-1230.745	-1448.475	217.7308	0.251274	0.702841	0.254341	0.00563791	0.0371799	1.084776	2.837069
31992	-1235.195	-1453.064	217.8687	0.265816	0.677274	0.292971	0.0232716	0.00648294	0.8852492	2.873719
31998	-1229.926	-1448.289	218.3629	0.284694	0.483442	0.421343	0.0166114	0.0786039	1.086583	2.442458
32004	-1233.562	-1452.033	218.4709	0.2625628	0.58118	0.300446	0.0214009	0.0969725	1.199952	2.305281
32010	-1235.339	-1453.793	218.4543	0.2422367	0.317377	0.635801	0.0343457	0.0124759	1.118876	2.367551
32016	-1238.235	-1457.491	219.2561	0.3408288	0.461092	0.497051	0.0158168	0.0260403	1.329234	1.670729
32022	-1235.368	-1454.595	219.2265	0.3656859	0.490497	0.41275	0.0611475	0.0356049	1.295747	1.703234
32028	-1247.326	-1466.646	219.3197	0.2804909	0.369699	0.557377	0.0460882	0.0268362	1.219927	1.723731
32034	-1247.268	-1466.371	219.1036	0.3670949	0.481689	0.432496	0.0648796	0.0209352	1.18756	1.863147
32040	-1242.709	-1461.888	219.179	0.3524495	0.529007	0.418218	0.0501512	0.00262394	1.122684	1.863147
32046	-1237.714	-1456.213	218.4988	0.3821015	0.296976	0.668271	0.02933	0.00542284	1.162553	2.271291
32052	-1234.245	-1453.45	219.2048	0.2740322	0.584393	0.398566	0.0138073	0.00323426	1.300787	1.748813
32058	-1236.609	-1456.056	219.4473	0.3243559	0.532594	0.432827	0.018401	0.0161781	1.16069	1.661704
32064	-1237.929	-1457.348	219.4196	0.2576654	0.718901	0.2113	0.0371432	0.0326563	1.197429	1.671781
32070	-1240.269	-1459.598	219.3294	0.2306384	0.742945	0.218367	0.0298022	0.00888626	1.132977	1.778898
32076	-1234.35	-1453.739	219.3887	0.2836112	0.558944	0.375867	0.00330014	0.061889	1.176467	1.705044
32082	-1231.409	-1451.098	219.6884	0.3226346	0.467321	0.458563	0.0133469	0.0607688	1.251665	1.416227
32088	-1237.25	-1456.437	219.1874	0.2484339	0.645328	0.301565	0.0193955	0.0337112	1.304977	1.759878
32094	-1233.441	-1452.605	219.1636	0.2131835	0.702857	0.217498	0.0248475	0.0547972	1.358457	1.732141
32100	-1232.163	-1451.962	219.7992	0.1998541	0.661001	0.204545	0.0106488	0.123805	1.523746	1.100075
32106	-1240.187	-1460.111	219.9241	0.1921171	0.556691	0.275587	0.0210597	0.146662	1.396378	1.095819
32112	-1230.365	-1450.084	219.7197	0.1794676	0.544864	0.269732	0.0107679	0.174637	1.396378	1.260583
32118	-1227.14	-1446.955	219.8151	0.1862373	0.508053	0.309685	0.0197905	0.162472	1.440206	1.14884
32124	-1207.569	-1427.46	219.8904	0.2605821	0.582881	0.355296	0.0227053	0.0391178	1.329876	1.207321
32130	-1219.669	-1438.893	219.2234	0.248889	0.678519	0.271065	0.00487988	0.0455362	1.326781	1.719331
32136	-1225.205	-1444.521	219.3165	0.2658809	0.666362	0.302071	0.0178105	0.0137561	1.232581	1.719331
32142	-1224.039	-1443.374	219.3346	0.2575916	0.509372	0.413056	0.0530416	0.0245309	1.273647	1.678077
32148	-1228.654	-1448.134	219.4795	0.222456	0.622256	0.24846	0.0736795	0.0556038	1.123451	1.678077
32154	-1226.421	-1446.02	219.5995	0.2641531	0.656928	0.267519	0.0513038	0.0242494	1.214904	1.527725
32160	-1230.162	-1449.866	219.704	0.2335114	0.574387	0.324127	0.0448576	0.056629	1.449072	1.262455
32166	-1227.754	-1447.472	219.7176	0.2897	0.476291	0.39854	0.0428673	0.0823016	1.385226	1.299386
32172	-1225.959	-1445.433	219.4743	0.3130367	0.496077	0.378722	0.0446481	0.0805534	1.349672	1.508282
32178	-1237.54	-1457.013	219.4731	0.4102927	0.534811	0.408293	0.04782	0.00907582	1.349672	1.456855
32184	-1248.169	-1465.49	217.3215	0.3671402	0.284377	0.629524	0.0841067	0.00199266	0.8017117	3.220759
32190	-1239.397	-1457.457	218.0598	0.382158	0.406799	0.534032	0.0567897	0.00237996	0.8721051	2.727517
32196	-1243.611	-1460.991	217.3794	0.3671354	0.5551	0.418203	0.0243307	0.002366	0.8564045	3.154009
32202	-1227.204	-1444.966	217.7628	0.3828199	0.467237	0.488291	0.0427422	0.00172926	0.7794477	2.963618
32208	-1235.93	-1452.618	216.6878	0.849623	0.363287	0.545584	0.0870926	0.00403715	0.7641955	3.330707
32214	-1220.232	-1438.002	217.7701	0.5198253	0.375764	0.540598	0.0811936	0.0024438	0.8060276	2.86652
32220	-1235.156	-1452.571	217.4151	0.5247869	0.282887	0.641794	0.0735778	0.00174093	0.8938329	3.024398
32226	-1229.369	-1446.804	217.4349	0.4865704	0.282887	0.641794	0.0735778	0.00174093	0.9122561	3.024398
32232	-1229.129	-1447.248	218.1188	0.3302819	0.312568	0.642694	0.0428577	0.00187995	0.9031502	2.694712
32238	-1230.772	-1448.153	217.381	0.4198296	0.194143	0.780376	0.0234323	0.00204903	0.8654737	3.121908
32244	-1233.838	-1451.189	217.3511	0.4525425	0.166695	0.776847	0.0458705	0.0105873	0.8654846	3.121908
32250	-1226.059	-1444.607	218.5482	0.3479751	0.250222	0.68525	0.0456865	0.0188414	0.8629604	2.446024
32256	-1225.044	-1443.475	218.4306	0.2880137	0.358655	0.472571	0.059259	0.109516	0.9721036	2.471102
32262	-1222.249	-1439.924	217.6754	0.3387895	0.205966	0.727416	0.00372653	0.0628918	0.8773945	2.97636
32268	-1239.815	-1457.325	217.5101	0.2849095	0.318208	0.546899	0.0286134	0.10628	0.7727715	3.15348
32274	-1239.196	-1457.92	218.7236	0.3400729	0.543011	0.359506	0.0420261	0.0554565	1.128137	2.168038
32280	-1238.186	-1456.857	218.6703	0.2432272	0.530586	0.415537	0.0388586	0.0150184	1.091096	2.247454
32286	-1240.779	-1459.723	218.9448	0.2793096	0.405019	0.452072	0.0291864	0.113723	1.01123	2.118898
32292	-1227.058	-1446.068	219.0101	0.2889208	0.542139	0.299237	0.0273131	0.131311	1.228836	1.928991
32298	-1230.742	-1450.329	219.5865	0.3021788	0.545703	0.358239	0.00650879	0.08955	1.310939	1.456736
32304	-1236.643	-1456.035	219.3918	0.3384968	0.425081	0.515333	0.0206058	0.0389795	1.563607	1.396947
32310	-1237.853	-1457.539	219.6869	0.2945197	0.554727	0.316943	0.0822562	0.0460743	1.419981	1.294653
32316	-1234.146	-1453.626	219.4802	0.3096602	0.460831	0.427739	0.035398	0.0760327	1.484368	1.4025
32322	-1237.79	-1457.099	219.3088	0.3714133	0.485101	0.437203	0.0369289	0.0407667	1.33912	1.610172
32328	-1242.16	-1461.256	219.0953	0.4844138	0.458723	0.466487	0.0265093	0.04828	1.272466	1.738226
32334	-1242.223	-1459.439	217.2164	0.2408967	0.474522	0.424683	0.0223736	0.0784213	0.7015816	3.37189
32340	-1233.715	-1452.898	219.183	0.2807845	0.417497	0.43429	0.0525084	0.0957042	1.22648	1.81442
32346	-1231.323	-1449.81	218.487	0.3855505	0.414085	0.430741	0.116268	0.0389062	1.006317	2.376602
32352	-1227.59	-1446.478	218.8877	0.3164382	0.432647	0.388714	0.145051	0.0335878	1.182736	2.033581
32358	-1235.656	-1453.819	218.1636	0.4123799	0.352346	0.578676	0.0189751	0.0500021	1.072876	2.523822
32364	-1238.355	-1456.179	217.8239	0.4241096	0.328585	0.5892	0.0355853	0.04663	1.02994	2.75356
32370	-1231.273	-1449.028	217.755	0.4578728	0.370073	0.527514	0.0416628	0.0607501	1.067732	2.75356
32376	-1224.684	-1443.73	219.0459	0.3685349	0.41046	0.418258	0.106651	0.0646308	1.103206	1.958606
32382	-1228.064	-1446.852	218.7884	0.4557736	0.380334	0.510334	0.0778129	0.0315185	1.285578	1.958606
32388	-1228.493	-1447.559	219.0662	0.3839757	0.484784	0.422662	0.0897605	0.00279423	1.357621	1.762529
32394	-1229.254	-1448.602	219.3475	0.2812459	0.440802	0.421018	0.117954	0.0202263	1.258633	1.676503
32400	-1225.876	-1444.693	218.817	0.3341672	0.412438	0.458273	0.110364	0.0189248	1.223291	2.046874
32406	-1228.996	-1447.479	218.4832	0.3143287	0.447616	0.477051	0.0618391	0.0134946	0.8995978	2.476511
32412	-1224.028	-1441.461	217.4328	0.3143287	0.372113	0.549614	0.0700712	0.00820218	0.8147924	3.167052
32418	-1224.825	-1442.86	218.0346	0.2687148	0.482325	0.410855	0.0628715	0.0439482	0.7853247	2.833462
32424	-1239.854	-1457.579	217.7251	0.2475527	0.35931	0.575522	0.0440032	0.0211643	0.8820593	2.962941
32430	-1228.507	-1446.233	217.7255	0.3138109	0.354488	0.579854	0.0443344	0.0213236	0.9187776	2.929967
32436	-1228.948	-1446.561	217.6132	0.4274461	0.347839	0.545193	0.0752861	0.0316813	0.9468959	2.929967
32442	-1224.281	-1442.208	217.927	0.3810722	0.263517	0.574335	0.145199	0.0169501	0.8705462	2.810032
32448	-1230.026	-1445.912	215.8852	0.3335096	0.222168	0.61506	0.15441	0.00836125	0.6659859	4.144314
32454	-1236.116	-1453.123	217.0065	0.299544	0.304396	0.521095	0.167426	0.00708386	0.6993479	3.489973
32460	-1226.379	-1444.49	218.111	0.2962516	0.411781	0.439575	0.139626	0.00901783	0.7744905	2.788623
32466	-1216.816	-1434.96	218.1446	0.2478863	0.436812	0.444384	0.107099	0.0117054	0.8609737	2.721153
32472	-1230.221	-1447.632	217.4106	0.2652055	0.4685	0.45069	0.0734542	0.00735567	0.7745132	3.214173
32478	-1225.128	-1442.479	217.3508	0.2944705	0.330176	0.469775	0.196201	0.00384793	0.8263048	3.214173
32484	-1222.127	-1439.874	217.7472	0.2775791	0.15152	0.755795	0.0900378	0.00264717	0.9774437	2.89002
32490	-1221.132	-1438.017	216.885	0.356629	0.352808	0.513534	0.129239	0.00441803	0.9642717	3.386648
32496	-1222.211	-1438.954	216.7427	0.3990177	0.378963	0.47888	0.120518	0.0216386	1.029065	3.412788
32502	-1234.19	-1451.869	217.6788	0.471363	0.295085	0.539522	0.106595	0.058798	1.045752	2.805532
32508	-1235.956	-1453.28	217.3239	0.3926096	0.277648	0.597263	0.0255821	0.0995066	1.059063	3.054378
32514	-1235.365	-1453.219	217.8542	0.4424797	0.347459	0.606042	0.00520262	0.0412962	1.131082	2.662736
32520	-1247.231	-1464.87	217.6388	0.3580686	0.491116	0.463617	0.0387277	0.00653977	0.693432	3.100549
32526	-1241.891	-1459.314	217.4233	0.3833944	0.308365	0.585186	0.0981937	0.00825463	0.8897931	3.100549
32532	-1225.396	-1443.31	217.9143	0.3073929	0.352775	0.417882	0.0568933	0.172449	0.8224195	2.876038
32538	-1231.546	-1449.415	217.8695	0.2834961	0.408118	0.425254	0.115908	0.0507203	0.8766121	2.876038
32544	-1231.791	-1450.312	218.5215	0.2688311	0.43203	0.447265	0.102995	0.0177097	1.055308	2.364549
32550	-1225.918	-1444.678	218.7599	0.3568549	0.414374	0.45973	0.105865	0.0200305	1.253403	2.054724
32556	-1229.467	-1447.801	218.3336	0.4347111	0.439508	0.469826	0.065791	0.0248757	1.018372	2.439036
32562	-1231.757	-1449.742	217.9844	0.2818127	0.332387	0.577056	0.0717441	0.0188128	0.9538609	2.759542
32568	-1231.88	-1448.568	216.6875	0.3285612	0.332935	0.576359	0.0718624	0.0188438	0.8748359	3.564947
32574	-1241.224	-1457.99	216.7655	0.3643897	0.273098	0.579211	0.067593	0.0800978	0.8996755	3.491085
32580	-1230.819	-1448.341	217.5223	0.4485484	0.30183	0.635041	0.0389117	0.024217	0.8961847	3.003481
32586	-1239.699	-1458.129	218.4301	0.3142644	0.340741	0.613519	0.0245831	0.0211574	1.104032	2.381225
32592	-1239.343	-1457.345	218.0023	0.4727373	0.371415	0.563546	0.0314222	0.0336163	1.035272	2.612752
32598	-1236.472	-1455.066	218.5943	0.2728302	0.394135	0.521245	0.0380555	0.0465647	1.144964	2.260438
32604	-1236.201	-1453.897	217.6963	0.3118754	0.342024	0.580615	0.0604228	0.0169381	0.8687377	2.978209
32610	-1230.802	-1447.599	216.7968	0.4967611	0.480758	0.466688	0.0389387	0.0136146	0.6960433	3.522766
32616	-1234.942	-1452.742	217.8002	0.4189609	0.400902	0.577698	0.0121896	0.00921032	0.9635187	2.811283
32622	-1238.777	-1456.287	217.5094	0.4979879	0.359649	0.591364	0.025117	0.02387	1.052625	2.888309
32628	-1234.609	-1452.666	218.0568	0.4201152	0.369562	0.577576	0.00934676	0.0435147	1.003	2.629278
32634	-1229.806	-1447.642	217.836	0.4296896	0.331006	0.625193	0.0084338	0.0353674	0.9565171	2.787882
32640	-1229.327	-1447.825	218.4987	0.4778612	0.303678	0.65654	0.0077375	0.0320445	0.9241654	2.368589
32646	-1227.558	-1445.201	217.6427	0.4559801	0.312912	0.642863	0.0259096	0.0183149	0.9605861	2.887987
32652	-1239.553	-1455.915	216.3622	0.5937916	0.295331	0.659766	0.0431349	0.00176763	0.9076847	3.594594
32658	-1233.327	-1449.971	216.6446	0.4950165	0.32931	0.603091	0.0649382	0.00266111	0.7855992	3.560233
32664	-1234.165	-1451.39	217.2248	0.4786341	0.414164	0.503204	0.081671	0.000961459	0.7635617	3.242501
32670	-1219.811	-1437.144	217.3327	0.8156421	0.497112	0.402855	0.0980279	0.00200517	1.15738	2.729868
32676	-1221.497	-1438.995	217.498	0.329864	0.375833	0.547465	0.0409807	0.0357209	1.114208	2.943931
32682	-1225.434	-1442.607	217.1731	0.6623663	0.436682	0.483299	0.0427535	0.0372661	1.126057	2.943931
32688	-1232.417	-1451.094	218.6773	0.3686979	0.332154	0.585694	0.0551718	0.0269802	1.330097	2.052917
32694	-1228.421	-1447.319	218.8975	0.3128053	0.539662	0.367942	0.0485593	0.0438357	1.278049	1.964739
32700	-1236.789	-1456.176	219.3872	0.2086268	0.725543	0.233217	0.0144035	0.0268365	1.285643	1.622769
32706	-1233.798	-1452.395	218.5971	0.2944504	0.492078	0.431106	0.0418193	0.0349967	1.055375	2.311743
32712	-1233.822	-1452.333	218.5109	0.3527717	0.501734	0.467333	0.0219207	0.00901262	1.109068	2.311743
32718	-1226.672	-1445.64	218.9674	0.3349025	0.426032	0.538335	0.0252511	0.0103819	1.386672	1.835133
32724	-1227.103	-1446.03	218.9273	0.3906282	0.400356	0.505891	0.0839973	0.00975622	1.303936	1.891417
32730	-1226.584	-1445.295	218.711	0.3357242	0.5846	0.295658	0.0870718	0.03267	1.326983	2.047771
32736	-1222.732	-1442.099	219.3669	0.2058413	0.583507	0.295105	0.0349862	0.0864018	1.202969	1.695156
32742	-1224.367	-1443.491	219.1235	0.2474238	0.592988	0.278596	0.0160685	0.112347	1.1765	1.892293
32748	-1231.239	-1450.489	219.2502	0.1920782	0.799841	0.0816916	0.0148237	0.103644	1.121258	1.825472
32754	-1218.711	-1437.303	218.5925	0.283125	0.521874	0.322796	0.0423572	0.112973	1.205711	2.220716
32760	-1227.897	-1446.066	218.1686	0.3038997	0.466283	0.383737	0.0378452	0.112134	1.133517	2.530042
32766	-1226.225	-1444.593	218.3679	0.2674161	0.476742	0.475019	0.0200351	0.0282033	0.9458395	2.530042
32772	-1228.595	-1447.318	218.7226	0.3126128	0.446812	0.493365	0.00691635	0.052906	1.108791	2.19148
32778	-1233.548	-1452.373	218.8251	0.370941	0.324955	0.611085	0.00856662	0.0553937	1.123369	2.090642
32784	-1238.55	-1456.646	218.0962	0.4955515	0.418419	0.516131	0.00609358	0.0593565	0.9863554	2.571061
32790	-1235.823	-1454.626	218.8024	0.4153269	0.320548	0.653239	0.017746	0.00846674	0.9635393	2.185947
32796	-1221.385	-1440.121	218.7357	0.2969328	0.3779	0.600485	0.0146334	0.0069817	0.9723085	2.275576
32802	-1227.365	-1445.852	218.4871	0.4847559	0.462264	0.507054	0.0200061	0.0106767	1.07494	2.275576
32808	-1221.545	-1439.799	218.2541	0.4385589	0.512365	0.452029	0.0166947	0.0189119	0.9923184	2.503002
32814	-1218.357	-1436.412	218.0553	0.4325383	0.410178	0.508258	0.0281324	0.0534317	0.9965592	2.627301
32820	-1226.542	-1444.124	217.5812	0.361905	0.413762	0.549078	0.0194013	0.0177585	0.6436504	3.16277
32826	-1233.425	-1451.367	217.942	0.2576823	0.417885	0.554549	0.00963103	0.0179354	0.9892651	2.766531
32832	-1223.271	-1440.828	217.5564	0.3427999	0.375667	0.555775	0.0373185	0.0312392	0.7176417	3.141426
32838	-1224.096	-1443.142	219.0461	0.2941248	0.493856	0.459859	0.0372158	0.00906859	1.212128	1.914716
32844	-1214.633	-1433.024	218.3907	0.5902882	0.529653	0.448024	0.0141516	0.00817179	0.9972291	2.318058
32850	-1229.041	-1446.565	217.524	0.6014185	0.513598	0.434444	0.0498582	0.00209956	0.9972291	2.848603
32856	-1231.634	-1449.051	217.4175	0.4193173	0.366362	0.552487	0.0665284	0.014623	0.7475265	3.170606
32862	-1238.301	-1454.737	216.4358	0.3526663	0.202466	0.740488	0.0237318	0.0333139	0.6345091	3.840398
32868	-1244.455	-1461.466	217.0116	0.4890409	0.461694	0.490719	0.0299894	0.0175974	0.6509165	3.428145
32874	-1249.88	-1467.197	217.3169	0.8207869	0.510158	0.415602	0.0428531	0.0313873	0.7093417	3.007514
32880	-1258.571	-1477.187	218.6154	0.40211	0.524514	0.356936	0.0684294	0.0501204	1.192675	2.166007
32886	-1261.387	-1480.11	218.7232	0.6228927	0.338413	0.57581	0.00896311	0.0768134	1.091287	2.018409
32892	-1249.769	-1468.367	218.5985	0.4083879	0.39916	0.503703	0.00653547	0.0906017	1.154395	2.198294
32898	-1249.719	-1468.909	219.1907	0.2734561	0.352901	0.548762	0.00518598	0.0931515	0.999127	1.965021
32904	-1251.838	-1469.925	218.0865	0.9684961	0.647783	0.151503	0.104529	0.0961855	0.8881983	2.329793
32910	-1259.658	-1476.743	217.0854	0.7177782	0.441606	0.399417	0.0733709	0.0856061	0.8958035	3.099304
32916	-1257.177	-1474.046	216.8688	0.8456487	0.617737	0.256687	0.0935871	0.031989	0.854973	3.172519
32922	-1238.06	-1456.155	218.0949	0.7672021	0.523061	0.265391	0.189466	0.0220813	0.8813621	2.460211
32928	-1243.038	-1459.394	216.3561	1.049952	0.619963	0.138178	0.227318	0.0145414	0.5930192	3.506349
32934	-1244.21	-1460.309	216.0991	0.7592225	0.660394	0.216467	0.103478	0.0196609	0.7018927	3.764774
32940	-1234.787	-1450.263	215.4763	0.3812767	0.445353	0.523419	0.0218527	0.00937544	0.6493049	4.366252
32946	-1224.479	-1441.336	216.8568	0.2555041	0.441659	0.461357	0.0513446	0.0456391	0.6276909	3.62509
32952	-1232.379	-1450.863	218.4847	0.2967178	0.596093	0.316806	0.0506939	0.0364077	1.000176	2.417436
32958	-1233.516	-1451.95	218.4333	0.3179674	0.49443	0.438438	0.0420481	0.0250843	1.041539	2.417436
32964	-1236.627	-1455.118	218.4908	0.3562629	0.329489	0.563683	0.0540597	0.0527681	0.9600865	2.417436
32970	-1229.668	-1447.646	217.9783	0.3789933	0.346777	0.538414	0.0661707	0.0486378	0.8914813	2.767017
32976	-1227.996	-1446.008	218.0115	0.4291021	0.254326	0.650197	0.0485295	0.0469481	1.055472	2.619867
32982	-1223.315	-1441.633	218.3185	0.2896472	0.521612	0.403275	0.0219833	0.053129	1.068916	2.480345
32988	-1223.474	-1442.052	218.5784	0.2576777	0.416612	0.520549	0.0202619	0.042577	1.134794	2.278522
32994	-1217.819	-1436.229	218.4102	0.2473013	0.539639	0.424306	0.00338927	0.0326651	0.827164	2.578281
33000	-1224.591	-1443.752	219.1613	0.3126694	0.423992	0.534777	0.00498647	0.0362448	1.09955	1.907279
33006	-1234.911	-1454.07	219.1587	0.3126694	0.341373	0.605089	0.00303908	0.0504988	1.102161	1.907279
33012	-1230.421	-1449.474	219.0524	0.2555212	0.414114	0.546455	0.00278904	0.0366425	1.169421	1.945189
33018	-1239.192	-1457.533	218.3409	0.2681875	0.433248	0.472933	0.00389277	0.0899262	0.8692521	2.594281
33024	-1232.584	-1449.505	216.9216	0.3196183	0.296448	0.603559	0.0214945	0.0784978	0.7090238	3.528164
33030	-1235.563	-1452.191	216.6281	0.2648032	0.403484	0.546904	0.0325874	0.0170245	0.7281176	3.698864
33036	-1227.718	-1444.916	217.1975	0.3500456	0.516208	0.400893	0.0608175	0.0220809	0.829843	3.284654
33042	-1222.444	-1439.535	217.0904	0.3500456	0.520215	0.415541	0.0460025	0.0182413	0.7779687	3.378175
33048	-1222.896	-1440.972	218.0768	0.2431614	0.493794	0.433501	0.018361	0.0543442	0.9476911	2.709381
33054	-1227.197	-1445.05	217.8527	0.3992447	0.313514	0.658693	0.00322707	0.0245659	0.904255	2.825707
33060	-1255.354	-1472.724	217.3703	0.3978129	0.404001	0.579745	0.00228032	0.0139735	1.007499	3.054843
33066	-1248.487	-1466.158	217.6718	0.6150118	0.41318	0.553089	0.00740932	0.0263223	0.8985029	2.810161
33072	-1229.439	-1448.397	218.9577	0.3595805	0.457288	0.427093	0.0272129	0.0884057	1.133417	2.001821
33078	-1216.589	-1435.448	218.8587	0.288453	0.474605	0.402348	0.0560541	0.0669934	1.265277	2.006191
33084	-1214.688	-1433.846	219.1576	0.3027257	0.581053	0.330908	0.027577	0.0604618	1.070285	1.932775
33090	-1222.812	-1442.12	219.3081	0.2783553	0.607112	0.301555	0.0290725	0.0622601	1.286199	1.685467
33096	-1218.381	-1437.202	218.8206	0.217803	0.628362	0.277686	0.0415698	0.0523817	1.108439	2.134268
33102	-1231.194	-1450.101	218.9071	0.2787025	0.646092	0.25532	0.034832	0.0637563	0.8455353	2.250898
33108	-1235.178	-1453.966	218.7876	0.2425208	0.570509	0.3785	0.0468912	0.00409981	0.9725607	2.248184
33114	-1228.134	-1447.069	218.9355	0.2704024	0.605162	0.216786	0.0419482	0.136104	1.26125	1.960855
33120	-1232.581	-1452.243	219.6623	0.2550563	0.580931	0.308971	0.0309196	0.0791789	1.240238	1.462065
33126	-1218.342	-1437.617	219.2752	0.280224	0.560514	0.315259	0.0708858	0.0533416	1.322658	1.68262
33132	-1229.946	-1449.321	219.3753	0.2945444	0.567579	0.371985	0.0241225	0.0363129	1.217686	1.68262
33138	-1225.279	-1443.995	218.7161	0.2945444	0.409406	0.530764	0.0367842	0.0230463	1.082538	2.217926
33144	-1234.546	-1452.96	218.4147	0.3757716	0.272566	0.683411	0.0366662	0.0073577	1.214592	2.295018
33150	-1231.988	-1449.177	217.1892	0.5143286	0.422998	0.483916	0.0814989	0.0115874	0.8329305	3.201524
33156	-1229.601	-1447.803	218.2018	0.3109614	0.334699	0.55723	0.0821827	0.0258885	0.9009728	2.651507
33162	-1227.666	-1445.3	217.6345	0.3040471	0.403795	0.48994	0.0846405	0.0216246	0.7236467	3.104277
33168	-1219.155	-1436.691	217.5357	0.3171284	0.203488	0.693059	0.072533	0.0309203	1.05275	2.962521
33174	-1228.219	-1445.771	217.5519	0.4028873	0.43932	0.370625	0.155984	0.0340716	0.9756096	2.962521
33180	-1221.234	-1439.946	218.7118	0.2846435	0.439285	0.461943	0.0749714	0.0238004	0.8979763	2.341089
33186	-1224.475	-1441.87	217.3949	0.3233187	0.445738	0.49275	0.0309728	0.030539	0.9095149	3.130436
33192	-1228.998	-1446.66	217.662	0.4098025	0.316247	0.5223	0.116541	0.0449119	0.9797941	2.890024
33198	-1229.921	-1449.256	219.3348	0.2946969	0.398581	0.446508	0.0342392	0.120672	1.200186	1.723635
33204	-1233.564	-1453.047	219.4834	0.2423384	0.499313	0.398852	0.0821593	0.0196759	1.141399	1.666059
33210	-1244.455	-1462.812	218.3567	0.2918573	0.466566	0.439783	0.0369074	0.0567441	1.141399	2.410258
33216	-1226.248	-1445.717	219.4695	0.2857678	0.49637	0.467876	0.0191385	0.0166157	1.301358	1.556203
33222	-1235.787	-1455.015	219.2279	0.4198326	0.39847	0.518905	0.0716894	0.0109348	1.362491	1.622839
33228	-1230.98	-1450.174	219.1939	0.5131775	0.39847	0.518905	0.0716894	0.0109348	1.465759	1.506431
33234	-1223.479	-1442.683	219.204	0.2872439	0.516984	0.411302	0.0661149	0.00559891	1.302086	1.745847
33240	-1234.043	-1453.441	219.3987	0.2613174	0.380486	0.584792	0.0121735	0.0225479	1.404399	1.536365
33246	-1221.947	-1441.208	219.2605	0.2620718	0.459464	0.490325	0.010207	0.0400046	1.278996	1.726417
33252	-1232.098	-1451.2	219.102	0.2719373	0.425719	0.521433	0.0108546	0.0419933	1.220302	1.875727
33258	-1236.463	-1455.296	218.8327	0.3651263	0.366802	0.554624	0.0272515	0.0513216	1.105155	2.100459
33264	-1240.12	-1458.968	218.848	0.4869619	0.394255	0.526794	0.0783038	0.000646951	1.311691	1.880268
33270	-1233.786	-1453.536	219.7496	0.3378702	0.706363	0.275516	0.0174167	0.000704848	1.487855	1.165593
33276	-1228.088	-1448.028	219.9399	0.356076	0.442169	0.495082	0.0619554	0.000793208	1.45686	1.006366
33282	-1225.201	-1445.098	219.8973	0.3431278	0.649469	0.330486	0.0186097	0.0014347	1.311916	1.18718
33288	-1221.82	-1441.55	219.7293	0.3629319	0.519748	0.441284	0.0384247	0.000544151	1.538138	1.123704
33294	-1215.484	-1434.773	219.2891	0.3650875	0.558761	0.439275	0.00137862	0.000584996	1.3351	1.630714
33300	-1212.388	-1431.244	218.8565	0.2735023	0.571785	0.425659	0.00222538	0.00033086	1.213108	2.045113
33306	-1222.919	-1441.921	219.0019	0.3238195	0.640915	0.356795	0.00186535	0.000424564	1.213108	1.934289
33312	-1226.967	-1445.982	219.015	0.3371217	0.48352	0.510456	0.00188975	0.00413379	1.090044	2.00264
33318	-1235.858	-1452.964	217.106	0.4160957	0.390006	0.601311	0.00103848	0.00764403	1.012123	3.200088
33324	-1239.226	-1458.098	218.8722	0.1979809	0.509439	0.242272	4.18462e-05	0.248247	1.183504	2.04226
33330	-1229.059	-1447.525	218.466	0.326246	0.42189	0.53694	0.01316	0.0280102	1.187612	2.301081
33336	-1221.644	-1440.633	218.9892	0.2477584	0.699393	0.276365	0.00774908	0.0164933	1.112386	2.025569
33342	-1236.548	-1456.481	219.9335	0.312554	0.429133	0.504293	0.000223116	0.0663504	1.77145	0.6368032
33348	-1227.847	-1447.783	219.9362	0.3238709	0.539721	0.441663	0.000559133	0.0180575	1.681591	0.7765401
33354	-1240.859	-1460.743	219.8833	0.3522407	0.676543	0.298962	0.00211709	0.0223781	1.685447	0.8182545
33360	-1232.62	-1452.575	219.9548	0.2576348	0.660489	0.291867	0.00378738	0.0438563	1.755532	0.6617307
33366	-1218.516	-1438.407	219.8909	0.2413874	0.658836	0.291137	0.00628047	0.0437466	1.76528	0.7536277
33372	-1226.819	-1446.675	219.8564	0.2875266	0.527157	0.412212	0.00730407	0.0533267	1.881371	0.5721952
33378	-1238.873	-1458.505	219.6318	0.2224164	0.546842	0.399304	0.0064877	0.0473664	2.077093	0.372521
33384	-1234.524	-1454.073	219.5494	0.2828085	0.577647	0.373577	0.00650069	0.0422755	2.179016	0.405757
33390	-1224.825	-1444.425	219.5999	0.2828085	0.739811	0.221851	0.0051096	0.033229	2.148698	0.5095197
33396	-1220.719	-1440.442	219.7234	0.2714899	0.706266	0.266569	0.00673939	0.0204258	2.028068	0.5095197
33402	-1220.506	-1440.208	219.7026	0.3404098	0.531545	0.435467	0.00901205	0.0239764	2.017989	0.5047843
33408	-1225.822	-1445.556	219.7344	0.3373086	0.618723	0.335515	0.00694353	0.0388188	1.987868	0.5117396
33414	-1228.274	-1448.038	219.7639	0.2475755	0.699654	0.273702	0.00785177	0.0187924	1.987868	0.5312159
33420	-1225.111	-1445.103	219.9918	0.2262907	0.663742	0.281167	0.0325824	0.022509	1.72811	0.6322801
33426	-1216.808	-1436.812	220.0035	0.1975282	0.804645	0.171072	0.0061564	0.0181259	1.699263	0.6322801
33432	-1209.725	-1429.805	220.0804	0.2257572	0.765778	0.215122	0.00426485	0.0148354	1.608078	0.6957072
33438	-1203.443	-1423.428	219.985	0.2070938	0.708256	0.272995	0.00502733	0.0137211	1.509265	0.9368418
33444	-1214.757	-1434.689	219.9321	0.2149034	0.646674	0.286903	0.0133615	0.0530615	1.757364	0.6853234
33450	-1219.616	-1439.441	219.825	0.2274311	0.661871	0.278127	0.0085636	0.0514384	1.616838	1.001373
33456	-1227.456	-1447.331	219.8752	0.2274311	0.764268	0.182611	0.014661	0.0384605	1.572314	0.9957691
33462	-1216.938	-1436.774	219.8363	0.2475082	0.655876	0.295186	0.0104296	0.0385089	1.683234	0.924247
33468	-1208.576	-1428.152	219.5756	0.2927477	0.658462	0.276908	0.015666	0.0489649	1.262168	1.504694
33474	-1217.579	-1436.853	219.2739	0.2727719	0.68385	0.287584	0.0162701	0.0122952	1.259172	1.729688
33480	-1208.28	-1427.97	219.6904	0.4082278	0.42947	0.520646	0.0256425	0.0242416	1.302452	1.325463
33486	-1212.39	-1432.012	219.6222	0.3105616	0.611724	0.32277	0.0101035	0.0554023	1.324704	1.415833
33492	-1211.244	-1430.932	219.6879	0.376833	0.452394	0.505368	0.0100915	0.0321459	1.188869	1.436619
33498	-1215.248	-1434.594	219.3461	0.4594626	0.526807	0.426933	0.0148821	0.0313778	1.136881	1.673765
33504	-1211.437	-1430.948	219.5114	0.5347196	0.466261	0.497363	0.0147586	0.0216174	1.352238	1.331915
33510	-1215.879	-1435.13	219.2502	0.6100258	0.518865	0.374719	0.0101898	0.0962267	1.183123	1.599483
33516	-1202.608	-1421.083	218.4753	0.5120553	0.405724	0.558511	0.0121259	0.0236401	0.9940069	2.317547
33522	-1221.591	-1439.826	218.2356	0.437374	0.330845	0.644428	0.00988798	0.0148385	0.8664296	2.593534
33528	-1216.207	-1434.537	218.3305	0.5322909	0.487973	0.471126	0.0160591	0.0248423	0.9891819	2.399483
33534	-1205.832	-1424.821	218.9884	0.3330312	0.418941	0.502443	0.0521216	0.0264937	1.006042	2.077607
33540	-1216.206	-1434.804	218.598	0.3355149	0.457502	0.475495	0.0444227	0.0225803	0.9422469	2.369684
33546	-1219.11	-1437.529	218.419	0.4105644	0.476837	0.436611	0.0608772	0.0256747	1.064316	2.369684
33552	-1237.773	-1457.455	219.6826	0.368144	0.641896	0.249228	0.071611	0.0372659	1.337859	1.329296
33558	-1233.288	-1452.845	219.5574	0.2437569	0.562565	0.342014	0.0627607	0.0326602	1.383676	1.432459
33564	-1238.833	-1458.423	219.5904	0.3468959	0.547753	0.365862	0.0611083	0.0252768	1.437043	1.335781
33570	-1252.674	-1472.172	219.4985	0.3728531	0.447438	0.514652	0.0282501	0.00965996	1.220786	1.55718
33576	-1249.23	-1468.151	218.9211	0.3039929	0.451958	0.519851	0.0184337	0.00975755	1.001659	2.134757
33582	-1242.07	-1460.334	218.264	0.3362888	0.42063	0.507217	0.0471794	0.0249736	0.9191508	2.593011
33588	-1241.514	-1460.357	218.8428	0.2779432	0.514696	0.415447	0.00350619	0.0663507	1.095409	2.13082
33594	-1245.088	-1464.632	219.5438	0.2824588	0.631804	0.287844	0.0404401	0.0399122	2.16719	0.3746561
33600	-1251.542	-1469.8	218.2574	0.3554178	0.540094	0.337772	0.0628051	0.0593289	1.045889	2.510406
33606	-1246.073	-1464.63	218.5575	0.3554178	0.441211	0.507647	0.04646	0.00468194	1.292788	2.162252
33612	-1231.048	-1450.158	219.1101	0.328294	0.506274	0.437376	0.0389778	0.0173723	1.391828	1.735203
33618	-1246.443	-1465.427	218.9844	0.2518915	0.633975	0.267598	0.0942481	0.0041785	1.5409	1.736823
33624	-1235.718	-1454.845	219.1269	0.3700934	0.495361	0.400038	0.10016	0.00444061	1.274899	1.785349
33630	-1232.535	-1451.92	219.385	0.302784	0.529746	0.346418	0.0907169	0.0331185	1.484332	1.477858
33636	-1232.365	-1452.008	219.6426	0.3676144	0.481975	0.43934	0.069727	0.00895714	1.514018	1.217427
33642	-1221.827	-1441.486	219.6597	0.3563457	0.495147	0.451346	0.0443051	0.00920191	1.363212	1.334232
33648	-1219.943	-1437.829	217.886	0.3604092	0.475909	0.478776	0.0425838	0.00273133	1.047001	2.736929
33654	-1215.625	-1434.058	218.4335	0.3175754	0.485122	0.446554	0.0661549	0.00216933	1.00896	2.437978
33660	-1222.905	-1441.135	218.2302	0.6064004	0.508477	0.42043	0.0686067	0.00248648	1.111277	2.336865
33666	-1231.309	-1449.755	218.4453	0.7012111	0.571287	0.366705	0.0598397	0.00216874	1.122901	2.126152
33672	-1234.102	-1452.858	218.7567	0.490972	0.550991	0.440978	0.00780268	0.000229215	1.030202	2.126152
33678	-1236.356	-1455.334	218.9786	0.3305554	0.523969	0.419351	0.0561023	0.000577763	1.086275	2.031991
33684	-1229.96	-1446.957	216.9975	0.3228603	0.507576	0.468743	0.0231214	0.000559687	0.9447333	3.344765
33690	-1232.375	-1449.585	217.2094	0.2711542	0.364846	0.610734	0.0234758	0.00094394	0.7533155	3.344765
33696	-1234.409	-1452.308	217.8992	0.4192802	0.399198	0.559061	0.0406383	0.00110282	0.8014778	2.849378
33702	-1229.712	-1447.05	217.338	0.3603449	0.54108	0.393857	0.0647913	0.000272137	0.6474183	3.305089
33708	-1234.626	-1451.27	216.6435	0.350694	0.369992	0.540532	0.088507	0.000968674	0.8712752	3.584362
33714	-1241.484	-1458.461	216.9774	0.4556385	0.338188	0.547705	0.0956415	0.0184657	0.9945022	3.265224
33720	-1228.448	-1445.934	217.4868	0.5226534	0.455081	0.46048	0.0727295	0.0117092	0.9316431	2.959938
33726	-1229.281	-1447.591	218.3096	0.4481131	0.48188	0.402021	0.098346	0.0177521	1.081629	2.406516
33732	-1219.776	-1438.168	218.3921	0.3712252	0.547351	0.407242	0.0345678	0.0108389	1.065047	2.406516
33738	-1228.228	-1446.199	217.9714	0.4505734	0.554189	0.366696	0.0666767	0.0124382	0.9420048	2.702224
33744	-1233.121	-1451.733	218.612	0.27928	0.373214	0.575436	0.0449029	0.00644708	0.9997879	2.340842
33750	-1231.62	-1450.604	218.9845	0.2927893	0.355643	0.584476	0.0402909	0.0195902	1.346511	1.86558
33756	-1227.185	-1446.949	219.7632	0.2821567	0.397731	0.552994	0.0368223	0.0124521	1.351929	1.291327
33762	-1223.037	-1442.619	219.5819	0.2754664	0.594305	0.340132	0.0469567	0.0186064	1.337002	1.447376
33768	-1228.578	-1448.057	219.4795	0.3579371	0.598279	0.338873	0.0467829	0.0160655	1.355325	1.479317
33774	-1230.72	-1450.128	219.4076	0.4508325	0.669551	0.285708	0.0216699	0.0230721	1.348914	1.479317
33780	-1221.817	-1441.544	219.7264	0.2777415	0.413056	0.529029	0.0362272	0.0216876	1.417511	1.268729
33786	-1227.546	-1447.068	219.5218	0.2060625	0.700527	0.241008	0.0179281	0.040537	1.258897	1.542679
33792	-1225.034	-1444.774	219.7404	0.2587702	0.682941	0.287841	0.0174781	0.0117405	1.223311	1.415071
33798	-1221.837	-1440.58	218.7434	0.2857838	0.317698	0.557007	0.0443464	0.0809485	0.9945575	2.259014
33804	-1216.963	-1435.515	218.5518	0.2680838	0.390747	0.537365	0.0612283	0.0106593	0.9643407	2.403024
33810	-1228.083	-1447.019	218.9364	0.5112765	0.528549	0.374212	0.0828212	0.0144184	1.060878	1.973639
33816	-1233.057	-1452.511	219.4545	0.2748497	0.508288	0.334448	0.0392986	0.117966	1.167542	1.666316
33822	-1233.502	-1452.573	219.0714	0.2871866	0.30361	0.637868	0.0243592	0.0341629	1.167542	1.92942
33828	-1234.503	-1453.17	218.6675	0.2952993	0.379783	0.546192	0.0321798	0.0418457	1.09036	2.243972
33834	-1233.017	-1450.927	217.9098	0.3521842	0.358646	0.560997	0.0330521	0.0473048	0.8524587	2.84453
33840	-1226.216	-1443.659	217.4431	0.2935646	0.536707	0.388065	0.0653559	0.00987156	0.9795703	3.068371
33846	-1229.351	-1446.599	217.2483	0.5565662	0.517803	0.270381	0.206398	0.00541832	1.016654	3.031202
33852	-1223.965	-1441.654	217.6888	0.5094676	0.580957	0.233681	0.180608	0.0047527	0.8872292	2.872861
33858	-1233.341	-1451.861	218.5204	0.3982172	0.584902	0.243674	0.167029	0.00439535	1.008674	2.347324
33864	-1227.238	-1445.611	218.373	0.3261869	0.399031	0.535355	0.0636798	0.00193442	1.20808	2.347324
33870	-1219.48	-1438.471	218.9912	0.3943514	0.427444	0.506793	0.0622035	0.00355926	1.09316	1.988298
33876	-1215.235	-1433.863	218.6276	0.3392476	0.492419	0.448798	0.0550852	0.00369761	1.256084	2.147569
33882	-1214.856	-1433.73	218.8737	0.5255544	0.50302	0.45846	0.0359488	0.00257096	1.231329	1.891225
33888	-1222.448	-1441.402	218.9541	0.4248036	0.316981	0.666804	0.0124751	0.00373932	1.248084	1.891225
33894	-1238.412	-1457.44	219.0283	0.4258673	0.229354	0.670536	0.0838856	0.016224	1.128416	1.921384
33900	-1236.929	-1454.867	217.9375	0.5718352	0.43374	0.4733	0.0844892	0.00847123	0.9807762	2.624639
33906	-1236.818	-1453.283	216.4653	0.5279605	0.512843	0.410101	0.0732076	0.00384784	0.8612534	3.601268
33912	-1237.486	-1454.91	217.4233	0.4519523	0.271387	0.652541	0.0716358	0.00443556	0.8089082	3.112952
33918	-1226.902	-1445.127	218.2256	0.3884673	0.611647	0.341567	0.0449308	0.00185541	1.143957	2.453156
33924	-1229.719	-1448.282	218.5634	0.3624019	0.58975	0.329339	0.0805142	0.00039669	1.131743	2.25928
33930	-1227.982	-1445.939	217.957	0.5714827	0.583116	0.325634	0.0902118	0.00103832	1.242596	2.449658
33936	-1236.326	-1454.972	218.6465	0.4088027	0.656773	0.271335	0.071025	0.000866905	1.161536	2.162308
33942	-1231.598	-1450.723	219.1252	0.3462356	0.47566	0.513985	0.0097198	0.000636183	1.339585	1.753353
33948	-1227.371	-1446.391	219.0201	0.4205958	0.475355	0.513655	0.00971357	0.00127646	1.211867	1.87349
33954	-1216.877	-1436.423	219.5456	0.359021	0.550254	0.439926	0.00496877	0.00485144	1.295411	1.47406
33960	-1228.45	-1446.104	217.6542	0.2922807	0.449268	0.543163	0.00405688	0.00351165	1.052876	2.897794
33966	-1239.739	-1458.178	218.4389	0.2922807	0.531805	0.432863	0.031728	0.00360399	1.085279	2.393738
33972	-1236.395	-1455.301	218.906	0.3903426	0.249996	0.730028	0.0138983	0.00607816	1.168769	1.996915
33978	-1232.141	-1451.163	219.0222	0.3786626	0.538204	0.445564	0.0112926	0.00493861	1.353172	1.799081
33984	-1229.215	-1447.863	218.6479	0.3694471	0.508357	0.418729	0.0659045	0.00700943	1.116787	2.211086
33990	-1228.016	-1446.024	218.0083	0.3334482	0.650545	0.298965	0.0452827	0.00520712	1.140821	2.615169
33996	-1234.003	-1452.785	218.7819	0.4523767	0.617369	0.283719	0.0939706	0.00494157	1.183069	2.033455
34002	-1232.837	-1451.565	218.7283	0.46781	0.31487	0.613882	0.0638687	0.00737873	1.161724	2.073284
34008	-1236.72	-1455.196	218.476	0.4735706	0.541752	0.426824	0.018801	0.0126229	1.080268	2.286291
34014	-1233.581	-1452.803	219.2213	0.3085392	0.461446	0.440392	0.0718223	0.0263389	1.357606	1.688336
34020	-1222.696	-1441.761	219.0649	0.2901935	0.652104	0.259676	0.0356363	0.0525833	1.041835	2.017231
34026	-1216.411	-1435.421	219.0099	0.3375166	0.467283	0.422736	0.0652419	0.0447397	1.072977	2.017231
34032	-1235.568	-1454.939	219.3709	0.3489296	0.578783	0.328468	0.0643789	0.0283697	1.26453	1.630938
34038	-1223.415	-1442.671	219.2568	0.3658564	0.3298	0.563795	0.0623371	0.0440681	1.301875	1.677276
34044	-1229.709	-1448.707	218.9986	0.401357	0.594541	0.341086	0.0377129	0.0266604	1.108586	1.969126
34050	-1225.97	-1443.584	217.6138	0.541608	0.353821	0.607869	0.0224435	0.0158661	1.077221	2.783232
34056	-1232.181	-1450.754	218.5734	0.5104173	0.595139	0.329322	0.0616214	0.0139173	1.134932	2.164731
34062	-1227.727	-1446.664	218.9378	0.5104173	0.401987	0.544841	0.0375421	0.0156298	1.237378	1.853793
34068	-1229.04	-1448.131	219.0911	0.3795723	0.341697	0.56192	0.0262803	0.0701022	1.204189	1.853793
34074	-1237.801	-1456.723	218.9216	0.390741	0.48484	0.432666	0.0234386	0.0590559	1.144009	2.002763
34080	-1235.801	-1454.295	218.4934	0.3300309	0.506025	0.388521	0.0641803	0.041274	1.15102	2.305542
34086	-1222.293	-1441.35	219.0571	0.3129865	0.487612	0.374384	0.0506593	0.0873449	1.125499	1.960008
34092	-1235.292	-1454.402	219.11	0.2381426	0.492697	0.378288	0.0218877	0.107127	0.9203234	2.072004
34098	-1227.239	-1446.163	218.9236	0.2598367	0.72996	0.18412	0.0406373	0.0452821	1.139249	2.051007
34104	-1221.798	-1441.042	219.2444	0.2220267	0.593427	0.311216	0.0561647	0.0391922	1.234363	1.765462
34110	-1218.491	-1438.217	219.7261	0.2434455	0.744989	0.193691	0.0385725	0.022747	1.42564	1.264864
34116	-1223.913	-1443.683	219.7703	0.2580567	0.609379	0.301683	0.0479064	0.0410323	1.319593	1.315515
34122	-1235.26	-1454.462	219.202	0.4621536	0.399834	0.443626	0.0683303	0.08821	1.265971	1.68264
34128	-1225.009	-1444.109	219.0992	0.3291851	0.431451	0.442202	0.0391623	0.0871843	1.391975	1.742389
34134	-1227.945	-1445.365	217.4197	0.4417126	0.243091	0.7275	0.00349017	0.0259188	0.8944949	3.069707
34140	-1229.037	-1448.126	219.0895	0.4582992	0.4015	0.530403	0.0578234	0.0102732	1.22482	1.79307
34146	-1238.76	-1456.993	218.2329	0.5681921	0.532344	0.348337	0.112572	0.00674683	1.230579	2.284491
34152	-1227.309	-1445.828	218.5192	0.5290159	0.423849	0.550041	0.00798228	0.0181277	1.175555	2.161313
34158	-1233.252	-1452.266	219.0144	0.4678204	0.420297	0.542724	0.0150104	0.0219684	1.111647	1.91575
34164	-1235.749	-1454.364	218.6149	0.3145171	0.331517	0.541763	0.0563231	0.0703971	1.04253	2.30274
34170	-1237.343	-1454.792	217.4486	0.3145171	0.36427	0.537518	0.0355086	0.0627035	1.004326	3.044623
34176	-1236.298	-1454.825	218.527	0.3496705	0.360508	0.549123	0.0787736	0.0115959	0.9864457	2.380782
34182	-1238.089	-1457.569	219.4801	0.3029013	0.365187	0.556249	0.0742881	0.00427604	1.125988	1.670821
34188	-1233.639	-1452.966	219.3272	0.3227624	0.611014	0.332562	0.0446085	0.0118152	1.496969	1.504257
34194	-1235.996	-1455.627	219.6306	0.2781728	0.708982	0.233439	0.0517609	0.00581761	1.654351	1.148282
34200	-1228.145	-1447.653	219.508	0.3181083	0.69676	0.237556	0.0411449	0.0245389	1.407371	1.437133
34206	-1224.023	-1444.004	219.9805	0.2298272	0.758374	0.18234	0.0371372	0.0221487	1.444621	1.018668
34212	-1224.613	-1443.185	218.5721	0.2931545	0.467078	0.498062	0.00429878	0.0305614	1.010784	2.35634
34218	-1236.517	-1454.753	218.2362	0.2232946	0.417563	0.497832	0.00852593	0.0760794	0.8570021	2.664268
34224	-1228.419	-1448.219	219.8002	0.2799129	0.713618	0.217712	0.0495745	0.0190956	1.541987	1.096265
34230	-1225.231	-1444.936	219.7046	0.2758266	0.562671	0.351888	0.0415918	0.0438492	1.384054	1.314194
34236	-1220.554	-1440.357	219.8029	0.2758266	0.64035	0.299893	0.0223862	0.0373701	1.349189	1.262382
34242	-1223.815	-1442.911	219.0966	0.2758791	0.59556	0.371512	0.0248074	0.00812136	1.15216	1.924986
34248	-1251.371	-1470.668	219.2969	0.3066708	0.594193	0.375438	0.0250695	0.00529931	1.15216	1.780148
34254	-1236.927	-1456.617	219.6895	0.2832778	0.373744	0.550076	0.0214643	0.0547161	1.484537	1.242409
34260	-1230.448	-1450.006	219.5584	0.2629113	0.590253	0.366908	0.02719	0.0156489	1.331397	1.471244
34266	-1218.439	-1437.641	219.2012	0.2820398	0.422494	0.456565	0.0621339	0.058807	1.175651	1.836645
34272	-1217.514	-1436.78	219.2656	0.3168087	0.474343	0.448855	0.0252114	0.0515906	1.178192	1.780298
34278	-1227.293	-1446.598	219.3049	0.209901	0.507267	0.330402	0.00547517	0.156856	1.178192	1.75813
34284	-1236.696	-1456.235	219.5386	0.2458051	0.443856	0.457384	0.00247348	0.0962867	1.306797	1.505126
34290	-1225.738	-1445.195	219.4564	0.2823506	0.516723	0.385192	0.0162792	0.0818061	1.323683	1.550166
34296	-1233.549	-1452.949	219.4001	0.2301026	0.351878	0.469996	0.0473614	0.130765	1.32163	1.594417
34302	-1240.552	-1459.555	219.0027	0.2301026	0.267108	0.593616	0.0400131	0.0992629	1.191035	1.962164
34308	-1235.076	-1453.467	218.3918	0.3780693	0.375706	0.483814	0.0527829	0.0876975	1.035757	2.421903
34314	-1234.746	-1453.026	218.2803	0.2977113	0.461726	0.445169	0.0699481	0.0231572	0.9103005	2.600944
34320	-1224.075	-1442.674	218.5982	0.2731766	0.572942	0.365001	0.0391919	0.0228656	1.028101	2.332562
34326	-1225.51	-1444.343	218.833	0.279456	0.427951	0.486682	0.0592331	0.0261342	1.180662	2.081081
34332	-1231.017	-1449.721	218.7042	0.4065248	0.456278	0.393751	0.116228	0.0337433	1.308302	2.029292
34338	-1240.486	-1459.914	219.4286	0.2799614	0.469748	0.508575	0.00813078	0.0135462	1.376922	1.531892
34344	-1232.668	-1451.411	218.7424	0.2736221	0.565323	0.410257	0.00978507	0.0146345	1.008233	2.252973
34350	-1236.579	-1453.635	217.0563	0.2808465	0.439047	0.490473	0.0105763	0.0599033	0.9528589	3.316095
34356	-1236.275	-1454.789	218.5143	0.4261411	0.373596	0.482175	0.0181833	0.126045	1.101208	2.276717
34362	-1228.178	-1446.669	218.4905	0.3150291	0.555099	0.395451	0.0371872	0.0122622	1.213348	2.272857
34368	-1229.363	-1448.311	218.9484	0.2667606	0.545051	0.398787	0.0172553	0.0389067	1.196191	1.996172
34374	-1228.394	-1446.637	218.2426	0.3130719	0.586084	0.373305	0.00503667	0.0355738	1.112199	2.494399
34380	-1245.542	-1464.474	218.9322	0.288713	0.435013	0.553812	0.00353702	0.0076382	1.012775	2.124249
34386	-1229.757	-1448.665	218.9081	0.2749342	0.335263	0.637196	0.0112353	0.0163058	0.9462165	2.185895
34392	-1241.456	-1460.252	218.796	0.2749342	0.505799	0.451149	0.0157391	0.0273132	0.9289109	2.269283
34398	-1236.24	-1455.061	218.821	0.3756958	0.24626	0.680657	0.00972331	0.0633596	1.10887	2.100418
34404	-1224.981	-1444.311	219.3298	0.3192319	0.559065	0.436801	0.0003907	0.00374381	1.290903	1.654568
34410	-1230.955	-1450.205	219.2508	0.3443206	0.356886	0.636915	0.000740362	0.00545898	1.25463	1.725707
34416	-1225.35	-1444.577	219.2268	0.3036391	0.619978	0.376963	0.00218565	0.000873543	1.309807	1.719855
34422	-1215.308	-1434.702	219.3944	0.4273864	0.325835	0.668978	0.00373743	0.00144964	1.272999	1.561773
34428	-1221.914	-1441.399	219.4855	0.260492	0.48941	0.421039	0.00733178	0.082219	1.234563	1.597419
34434	-1224.801	-1443.597	218.7957	0.2908083	0.456469	0.491907	0.00403516	0.0475889	0.9451627	2.256015
34440	-1218.479	-1437.011	218.532	0.344921	0.311165	0.638941	0.0127671	0.0371266	1.036354	2.348018
34446	-1224.562	-1442.634	218.0717	0.3606201	0.368335	0.518804	0.0259869	0.0868741	0.9907671	2.657398
34452	-1229.165	-1447.488	218.3233	0.3033151	0.384251	0.457836	0.0727413	0.0851716	0.7735312	2.657398
34458	-1228.132	-1446.623	218.4901	0.2577483	0.544713	0.362569	0.019431	0.0732874	0.9526642	2.450047
34464	-1230.678	-1449.89	219.2121	0.2702227	0.344421	0.498784	0.0164841	0.140311	1.004229	1.947682
34470	-1232.284	-1451.577	219.2932	0.2132001	0.190926	0.650936	0.0083452	0.149793	1.004229	1.887365
34476	-1236.131	-1455.128	218.9971	0.3369388	0.266781	0.632096	0.0103888	0.0907341	1.060161	2.03449
34482	-1226.943	-1445.941	218.9985	0.2804605	0.497455	0.37357	0.0276142	0.101362	1.085412	2.03449
34488	-1229.41	-1448.627	219.2166	0.2924959	0.472684	0.473002	0.0221028	0.0322113	1.15473	1.838046
34494	-1236.772	-1456.691	219.9186	0.3052621	0.498361	0.429434	0.0593418	0.0128633	1.657196	0.8439374
34500	-1242.176	-1461.898	219.7222	0.3609517	0.341492	0.540824	0.048879	0.0688053	1.700051	0.9771675
34506	-1243.78	-1463.537	219.7567	0.3921663	0.470289	0.397303	0.0673141	0.0650934	1.653954	0.9642123
34512	-1232.062	-1451.802	219.7408	0.3921663	0.440085	0.396082	0.125933	0.0379004	1.708053	0.9235005
34518	-1231.635	-1451.398	219.7627	0.2980445	0.503331	0.453005	0.0302885	0.0133756	1.781412	0.8852141
34524	-1231.319	-1451.111	219.7929	0.2690309	0.47589	0.404527	0.0187645	0.100819	1.317298	1.297952
34530	-1238.247	-1458.07	219.8234	0.2257386	0.552037	0.379153	0.0188849	0.0499244	1.668532	0.9494538
34536	-1238.79	-1458.701	219.9109	0.2721229	0.583005	0.344326	0.0199443	0.0527251	1.613892	0.9161133
34542	-1223.56	-1443.52	219.9598	0.2857867	0.690889	0.259307	0.0100978	0.0397065	1.605144	0.8662553
34548	-1225.893	-1445.921	220.0275	0.2404966	0.627838	0.350343	0.00742739	0.0143908	1.354541	1.06229
34554	-1234.308	-1454.277	219.9688	0.248206	0.508647	0.468985	0.0031029	0.0192642	1.477074	1.000946
34560	-1225.312	-1445.163	219.8516	0.4116476	0.388242	0.583856	0.00391886	0.0239827	1.660803	0.8303575
34566	-1219.284	-1439.104	219.8202	0.2379531	0.669003	0.287767	0.0137355	0.0294946	1.701656	0.9206588
34572	-1231.237	-1451.192	219.9548	0.2770082	0.705459	0.259297	0.0223533	0.0128907	1.663073	0.8033465
34578	-1237.947	-1457.599	219.6521	0.5030456	0.550143	0.427874	0.0155873	0.00639564	1.491637	1.122199
34584	-1220.262	-1439.92	219.6583	0.2250107	0.680005	0.293623	0.0184666	0.00790534	1.390902	1.344679
34590	-1217.302	-1436.94	219.6375	0.3897508	0.430625	0.505145	0.0317698	0.0324601	1.296282	1.384485
34596	-1225.422	-1444.835	219.413	0.2538945	0.283821	0.65781	0.0205521	0.0378172	1.224769	1.657074
34602	-1237.501	-1456.822	219.3207	0.3053923	0.253626	0.587827	0.0190579	0.139489	1.314219	1.649379
34608	-1227.53	-1446.774	219.2439	0.3962668	0.42031	0.516172	0.0277747	0.0357433	1.176538	1.757877
34614	-1239.34	-1457.387	218.0471	0.5783336	0.479556	0.458105	0.00768937	0.0546502	0.8833	2.612942
34620	-1223.054	-1441.81	218.7557	0.3350659	0.469113	0.522669	0.00393679	0.00428115	0.8542265	2.325581
34626	-1228.156	-1446.342	218.186	0.4723459	0.330743	0.652347	0.0042368	0.012673	0.9389616	2.558821
34632	-1213.046	-1431.314	218.2685	0.3777036	0.288369	0.693651	0.00450505	0.0134754	0.9404484	2.558821
34638	-1223.077	-1441.07	217.9937	0.4094219	0.453882	0.430844	0.108456	0.00681775	0.8838498	2.746927
34644	-1226.833	-1444.532	217.6999	0.3783697	0.519785	0.432835	0.0399356	0.00744392	0.8268927	2.974977
34650	-1219.279	-1437.093	217.8144	0.3498818	0.457492	0.470929	0.0603329	0.0112459	0.8231411	2.920941
34656	-1220.54	-1438.173	217.6329	0.3131745	0.351557	0.5956	0.0468962	0.00594686	0.8940347	3.00074
34662	-1222.339	-1439.884	217.5459	0.3659687	0.400293	0.539539	0.0533973	0.00677125	0.8731187	3.045281
34668	-1223.625	-1441.978	218.3533	0.4294898	0.434307	0.508496	0.0465359	0.0106612	0.8948356	2.507128
34674	-1228.839	-1448.773	219.9339	0.3014379	0.554981	0.363833	0.0389703	0.0422165	1.670032	0.8105365
34680	-1234.497	-1454.453	219.9564	0.2305858	0.765669	0.199787	0.0202826	0.0142606	1.531606	0.9551229
34686	-1235.457	-1455.387	219.9292	0.2230632	0.637057	0.217215	0.0117036	0.134025	1.483138	1.028987
34692	-1224.832	-1444.523	219.6905	0.2235744	0.63201	0.295987	0.0274809	0.0445224	1.415985	1.298223
34698	-1234.024	-1453.884	219.8606	0.2364775	0.667425	0.256537	0.0290208	0.0470172	1.429971	1.145381
34704	-1224.382	-1444.314	219.932	0.2364775	0.548142	0.418974	0.0178173	0.0150658	1.429971	1.080486
34710	-1221.247	-1441.181	219.9334	0.2495238	0.624199	0.256891	0.0109245	0.107985	1.429971	1.080486
34716	-1221.354	-1440.837	219.483	0.3338354	0.597468	0.347911	0.0220762	0.0325451	1.266265	1.555102
34722	-1222.663	-1441.925	219.2626	0.2924567	0.640088	0.344146	0.003173	0.012593	1.373241	1.652613
34728	-1228.45	-1448.222	219.7723	0.264534	0.574443	0.362709	0.00360302	0.0592452	1.534336	1.131386
34734	-1239.073	-1458.937	219.8637	0.240223	0.673501	0.273159	0.00198484	0.0513555	1.714506	0.8565574
34740	-1233.116	-1453.101	219.9849	0.2427171	0.686442	0.259192	0.00202298	0.0523424	1.714506	0.6825984
34746	-1222.511	-1442.218	219.7064	0.2371725	0.676657	0.255498	0.00395178	0.0638932	2.028366	0.6002858
34752	-1236.274	-1456.075	219.8011	0.2684096	0.644175	0.312578	0.00298211	0.0402653	1.925377	0.6222686
34758	-1237.334	-1457.131	219.7972	0.2669878	0.404849	0.510701	0.0468983	0.0375524	1.929496	0.6222686
34764	-1228.719	-1448.269	219.5508	0.2703691	0.463874	0.484795	0.0156836	0.0356476	2.170632	0.3864479
34770	-1229.399	-1448.779	219.3802	0.2336068	0.604362	0.295685	0.0586619	0.041292	2.308772	0.3430756
34776	-1222.805	-1442.08	219.2753	0.1927088	0.717488	0.238671	0.0286148	0.0152259	2.308772	0.277386
34782	-1242.155	-1461.614	219.4591	0.2198743	0.552939	0.304343	0.0495717	0.0931467	1.063106	1.734387
34788	-1226.481	-1445.829	219.348	0.2774975	0.527023	0.395167	0.021089	0.0567216	1.245161	1.686434
34794	-1220.605	-1439.563	218.9572	0.2654506	0.567001	0.349267	0.0245721	0.0591602	1.038478	2.094837
34800	-1225.612	-1443.046	217.4341	0.2477567	0.595671	0.320607	0.0311258	0.0525965	1.015469	3.057419
34806	-1241.278	-1459.101	217.823	0.22081	0.603202	0.323664	0.024861	0.0482731	0.7817969	2.960702
34812	-1248.523	-1466.871	218.3477	0.2222543	0.560057	0.357813	0.0478955	0.0342343	0.8342588	2.609268
34818	-1237.96	-1456.704	218.7443	0.2772632	0.547127	0.337708	0.0722974	0.0428677	1.061054	2.217218
34824	-1237.551	-1456.686	219.135	0.2772632	0.397019	0.559328	0.0385476	0.00510556	1.412122	1.719058
34830	-1237.104	-1456.209	219.1052	0.3009495	0.418758	0.558259	0.0178871	0.00509581	1.233687	1.857912
34836	-1238.444	-1457.617	219.1732	0.2832473	0.322403	0.650205	0.0149694	0.0124222	1.172283	1.857912
34842	-1238.32	-1457.519	219.1993	0.1861524	0.522964	0.311521	0.0196234	0.145892	1.107725	1.865216
34848	-1232.005	-1450.573	218.5679	0.196066	0.508925	0.372137	0.00556686	0.113371	1.100457	2.292972
34854	-1227.804	-1447.541	219.7375	0.3920811	0.503385	0.44714	0.0193544	0.0301209	1.674076	0.9633223
34860	-1236.747	-1456.52	219.773	0.2580905	0.683888	0.266135	0.0189573	0.0310198	1.64105	1.032098
34866	-1231.406	-1451.062	219.6557	0.2580905	0.657792	0.26848	0.0414838	0.0322452	1.551855	1.218328
34872	-1218.77	-1438.267	219.4964	0.2606578	0.632812	0.289871	0.044789	0.0325285	1.414003	1.455838
34878	-1201.843	-1421.559	219.7166	0.2669719	0.530999	0.344139	0.0543093	0.070553	1.629122	1.095637
34884	-1207.413	-1427.042	219.6291	0.2695937	0.540484	0.350287	0.0552795	0.0539491	1.402732	1.360666
34890	-1224.473	-1443.809	219.3354	0.2737981	0.510529	0.330873	0.0361712	0.122427	1.265867	1.681319
34896	-1230.182	-1449.195	219.0135	0.3267446	0.404255	0.462953	0.0744846	0.0583076	1.374501	1.815145
34902	-1226.321	-1445.675	219.3539	0.3848962	0.356924	0.606614	0.0158897	0.0205718	1.382882	1.537288
34908	-1219.816	-1438.946	219.1294	0.3164931	0.497475	0.469785	0.0173329	0.0154069	1.360522	1.748251
34914	-1224.021	-1443.474	219.4528	0.2664289	0.620612	0.355963	0.0176695	0.00575534	1.289422	1.58068
34920	-1218.802	-1438.041	219.2387	0.2789476	0.364923	0.523689	0.0259951	0.0853929	1.313819	1.71493
34926	-1225.269	-1444.655	219.3865	0.2460958	0.299615	0.562226	0.027908	0.110251	1.080164	1.777731
34932	-1214.375	-1433.907	219.5319	0.3023998	0.504734	0.38302	0.0371362	0.0751091	1.455984	1.386889
34938	-1222.708	-1442.663	219.9552	0.2679107	0.558788	0.358929	0.0333667	0.0489164	1.446924	1.042476
34944	-1223.231	-1443.339	220.1081	0.2847798	0.374898	0.514344	0.0389573	0.0718004	1.373465	0.9589504
34950	-1236.708	-1456.434	219.7264	0.3861249	0.273138	0.663812	0.0346079	0.0284423	1.435057	1.201028
34956	-1236.822	-1456.705	219.8829	0.2800853	0.356215	0.549406	0.0150185	0.0793602	1.327573	1.212459
34962	-1244.855	-1464.43	219.5747	0.3231667	0.564338	0.331271	0.0144921	0.0898996	1.365059	1.416192
34968	-1244.516	-1463.564	219.0481	0.2456674	0.482161	0.407584	0.00470614	0.105549	1.296743	1.861673
34974	-1226.228	-1445.573	219.3443	0.237255	0.45842	0.465013	0.0165834	0.0599833	1.228615	1.702386
34980	-1225.59	-1444.461	218.8712	0.3155784	0.521809	0.340569	0.0298073	0.107815	1.228615	2.014419
34986	-1219.49	-1438.371	218.881	0.2899923	0.425244	0.428032	0.0367581	0.109966	1.257043	1.996481
34992	-1226.703	-1445.061	218.3578	0.3186037	0.450294	0.450595	0.00851455	0.090596	1.289323	2.307948
34998	-1225.581	-1444.413	218.8324	0.2930684	0.484209	0.434512	0.0113035	0.069976	1.335615	1.975677
35004	-1222.19	-1441.699	219.5089	0.3449151	0.426628	0.510618	0.00872716	0.0540268	1.348378	1.469114
35010	-1221.848	-1441.705	219.8564	0.2346494	0.52184	0.28794	0.0122286	0.177991	1.434787	1.144426
35016	-1218.499	-1438.327	219.828	0.2002813	0.688867	0.175834	0.00624014	0.129059	1.272283	1.29203
35022	-1218.883	-1438.357	219.4737	0.2872203	0.526015	0.334896	0.0064149	0.132674	1.578904	1.340459
35028	-1222.342	-1442.088	219.7454	0.2872203	0.421563	0.460867	0.0112417	0.106328	1.432464	1.238194
35034	-1224.859	-1444.686	219.8264	0.2767805	0.430356	0.459276	0.0105103	0.0998576	1.410856	1.1903
35040	-1220.415	-1439.738	219.3232	0.2085887	0.689958	0.131577	0.0183709	0.160094	1.274457	1.676671
35046	-1228.157	-1447.969	219.8124	0.2374993	0.591304	0.199691	0.0211442	0.187861	1.579673	1.052305
35052	-1225.788	-1445.65	219.8623	0.1880148	0.853077	0.0809257	0.0124599	0.0535372	1.554385	0.9995621
35058	-1218.34	-1438.129	219.7893	0.1947409	0.827959	0.14481	0.0253411	0.00188924	1.440848	1.178778
35064	-1216.34	-1436.018	219.6778	0.2828068	0.521404	0.43973	0.0339647	0.00490203	1.571114	1.178778
35070	-1222.706	-1442.432	219.7258	0.2681915	0.441992	0.504049	0.0287917	0.0251668	1.526559	1.178778
35076	-1231.461	-1451.255	219.7942	0.2681915	0.436971	0.478792	0.0539923	0.0302455	1.515318	1.128288
35082	-1243.508	-1462.851	219.3434	0.2751071	0.398411	0.375586	0.0573573	0.168645	1.324964	1.633031
35088	-1232.853	-1452.159	219.3059	0.2418173	0.561695	0.283684	0.0473557	0.107265	1.143364	1.789493
35094	-1235.633	-1454.725	219.0918	0.3174113	0.61229	0.318124	0.0380884	0.0314976	1.321682	1.801118
35100	-1233.4	-1452.124	218.7239	0.2882202	0.586763	0.281442	0.0997643	0.0320301	1.109395	2.19699
35106	-1235.612	-1454.056	218.444	0.2873505	0.498319	0.411488	0.0398273	0.0503658	1.079423	2.395308
35112	-1229.558	-1448.108	218.5492	0.2540477	0.566054	0.386597	0.0259167	0.0214321	1.395525	2.128858
35118	-1226.61	-1445.255	218.6451	0.4222661	0.460895	0.417149	0.103108	0.0188474	1.202423	2.128858
35124	-1231.257	-1450.308	219.0505	0.3831471	0.444911	0.452487	0.0867452	0.0158564	1.115022	1.939962
35130	-1230.278	-1449.68	219.4022	0.2815293	0.444964	0.469535	0.0546804	0.0308214	1.483821	1.471185
35136	-1227.038	-1446.683	219.6453	0.3317706	0.560418	0.357823	0.0688683	0.0128899	1.246268	1.449367
35142	-1224.77	-1444.494	219.7247	0.4348659	0.506469	0.474363	0.00582885	0.0133391	1.556645	1.055522
35148	-1228.2	-1447.588	219.3877	0.4348659	0.421208	0.5718	0.000898568	0.0060942	1.533902	1.363325
35154	-1229.704	-1448.991	219.2873	0.4506587	0.37016	0.57367	0.00152162	0.0546487	1.533902	1.430199
35160	-1224.203	-1443.887	219.6839	0.2758593	0.438358	0.507542	0.00111476	0.0529849	1.472738	1.258577
35166	-1232.469	-1451.535	219.0663	0.6724118	0.342988	0.550366	0.00455565	0.10209	1.380367	1.541313
35172	-1219.452	-1438.535	219.0835	0.3869096	0.432051	0.522017	0.0329686	0.0129633	1.206496	1.853418
35178	-1223.47	-1442.58	219.1106	0.4686908	0.291948	0.649025	0.050208	0.00881928	1.311078	1.711008
35184	-1213.446	-1432.83	219.3849	0.5377487	0.350651	0.597997	0.0432254	0.00812589	1.43948	1.360734
35190	-1227.481	-1447.301	219.8205	0.3690899	0.373273	0.59354	0.0293192	0.00386727	1.40562	1.156483
35196	-1229.69	-1449.51	219.8202	0.2615701	0.622801	0.263508	0.0487109	0.0649794	1.40562	1.202486
35202	-1226.991	-1446.599	219.6083	0.3346725	0.468023	0.394201	0.0556245	0.0821519	1.550652	1.234599
35208	-1225.982	-1445.73	219.7475	0.2809592	0.508579	0.374384	0.0511944	0.0658429	1.476199	1.200988
35214	-1239.438	-1459.055	219.6166	0.3532343	0.322238	0.490248	0.0823388	0.105175	1.558881	1.210222
35220	-1227.56	-1446.851	219.2903	0.2332439	0.653354	0.243514	0.0436644	0.0594679	1.328406	1.66925
35226	-1244.017	-1463.429	219.4112	0.2331499	0.481226	0.27712	0.0795482	0.162105	1.256507	1.634154
35232	-1228.893	-1448.14	219.2474	0.2422618	0.529832	0.329878	0.0956093	0.0446806	1.081347	1.872442
35238	-1223.014	-1441.997	218.9829	0.2422618	0.735307	0.20132	0.0419822	0.0213908	1.111791	2.029819
35244	-1226.848	-1446.307	219.4588	0.2378058	0.652704	0.278867	0.0438442	0.0245848	1.313157	1.558932
35250	-1221.354	-1440.771	219.4162	0.3178326	0.580008	0.319467	0.0632368	0.0372887	1.509109	1.429582
35256	-1229.145	-1448.724	219.5792	0.2574204	0.476096	0.404932	0.0717083	0.0472643	1.436253	1.374814
35262	-1224.968	-1444.902	219.9339	0.2574204	0.495885	0.386604	0.0723863	0.045125	1.347181	1.154748
35268	-1222.88	-1442.467	219.5869	0.2980888	0.512947	0.427677	0.0296455	0.0297304	1.409679	1.381583
35274	-1229.851	-1449.54	219.6893	0.2980888	0.39833	0.486327	0.0826113	0.0327319	1.42254	1.289411
35280	-1223.461	-1442.814	219.3533	0.2677768	0.425856	0.436274	0.084216	0.0536547	1.22522	1.698329
35286	-1221.914	-1441.332	219.4181	0.2367427	0.746306	0.216276	0.0108195	0.0265984	1.11404	1.73111
35292	-1221.999	-1441.256	219.2569	0.2517598	0.584419	0.38603	0.0244131	0.00513805	1.109961	1.84677
35298	-1222.101	-1441.422	219.3205	0.3286439	0.669265	0.25145	0.0723256	0.0069595	1.265018	1.675938
35304	-1235.998	-1454.954	218.9552	0.2295593	0.627968	0.25696	0.0184865	0.0965852	1.233057	1.965761
35310	-1230.656	-1449.857	219.2012	0.2564254	0.401582	0.497679	0.0181338	0.0826058	1.197764	1.824599
35316	-1231.501	-1450.61	219.1089	0.4804006	0.393762	0.487988	0.0742161	0.0440336	1.133976	1.827703
35322	-1223.404	-1442.508	219.1043	0.2737246	0.509557	0.368703	0.0560745	0.0656663	1.287674	1.827703
35328	-1228.662	-1447.916	219.2539	0.4643711	0.44931	0.450603	0.0327655	0.0673214	1.298156	1.620802
35334	-1234.668	-1453.577	218.9086	0.3345312	0.344165	0.590845	0.0234402	0.0415501	1.239655	1.974849
35340	-1224.044	-1443.369	219.3243	0.2868401	0.623142	0.278729	0.0808788	0.0172502	1.236863	1.707161
35346	-1231.679	-1451.199	219.5205	0.3076041	0.478275	0.42604	0.0788643	0.0168206	1.352879	1.473145
35352	-1240.859	-1460.754	219.8953	0.3068225	0.641393	0.294833	0.0448003	0.0189736	1.384866	1.143146
35358	-1236.349	-1456.261	219.9118	0.2758595	0.412876	0.518774	0.0643901	0.00395986	1.293641	1.217684
35364	-1230.251	-1449.797	219.5456	0.2483642	0.443341	0.522843	0.0321295	0.00168653	1.293641	1.509799
35370	-1232.215	-1451.567	219.3513	0.287541	0.547115	0.428752	0.0198152	0.00431767	1.212592	1.705067
35376	-1231.847	-1451.489	219.6421	0.3071769	0.567811	0.390872	0.0368364	0.00448099	1.426264	1.321382
35382	-1233.529	-1451.734	218.2056	0.2591994	0.539677	0.353327	0.0156949	0.091301	1.005063	2.594676
35388	-1232.307	-1451.724	219.4169	0.2246257	0.555155	0.32234	0.039211	0.0832938	1.171396	1.689059
35394	-1232.487	-1452.14	219.6532	0.3373394	0.554957	0.380906	0.0609623	0.00317456	1.426868	1.298345
35400	-1235.283	-1454.235	218.9524	0.7593383	0.718143	0.258434	0.0197513	0.00367233	1.14183	1.729023
35406	-1238.905	-1458.28	219.3754	0.6471092	0.602216	0.378142	0.016563	0.00307952	1.269258	1.411868
35412	-1226.303	-1446.035	219.7323	0.3008266	0.578208	0.40843	0.00681325	0.0065487	1.502407	1.185346
35418	-1222.777	-1442.694	219.9174	0.2745343	0.555266	0.392224	0.046221	0.00628886	1.480337	1.045403
35424	-1241.008	-1460.905	219.8969	0.2745343	0.688512	0.222991	0.0832082	0.00528923	1.569638	0.9773103
35430	-1235.774	-1455.643	219.87	0.2942285	0.590117	0.28095	0.101228	0.027705	1.481495	1.083248
35436	-1247.609	-1467.353	219.7438	0.3073055	0.566407	0.287056	0.119945	0.0265918	1.68058	1.008029
35442	-1226.935	-1446.856	219.9213	0.4006206	0.512217	0.284314	0.1662	0.037269	1.63255	0.7885126
35448	-1228.213	-1448.012	219.7989	0.4587266	0.517604	0.317657	0.12731	0.0374295	1.440697	1.073916
35454	-1233.241	-1453.217	219.9754	0.2857995	0.473069	0.346849	0.139213	0.0408692	1.536276	0.9264963
35460	-1230.978	-1450.769	219.7912	0.2420026	0.395489	0.484396	0.0613009	0.0588145	1.535174	1.113964
35466	-1227.963	-1447.724	219.7611	0.2284235	0.475689	0.35625	0.0709521	0.0971093	1.516294	1.155224
35472	-1241.516	-1461.257	219.7409	0.4205859	0.428146	0.43444	0.111141	0.0262724	1.844775	0.7150785
35478	-1234.024	-1453.87	219.8462	0.3698238	0.516477	0.377906	0.0890096	0.0166071	1.755251	0.7558712
35484	-1225.614	-1444.869	219.2552	0.2728624	0.457704	0.512717	0.0285076	0.00107171	2.361101	0.2830666
35490	-1227.599	-1446.894	219.2954	0.2719867	0.65116	0.325383	0.0177521	0.00570546	2.284015	0.2609828
35496	-1231.311	-1450.651	219.3402	0.2283982	0.759064	0.211502	0.0078525	0.0215815	2.264599	0.2763627
35502	-1230.959	-1450.525	219.5661	0.2283982	0.659874	0.242585	0.00637252	0.0911687	2.086354	0.3101067
35508	-1226.01	-1445.707	219.6967	0.2607887	0.572943	0.30116	0.0127146	0.113182	2.02888	0.3913102
35514	-1233.337	-1452.936	219.599	0.2526062	0.641687	0.337294	0.00907938	0.0119394	2.127075	0.3913102
35520	-1232.997	-1452.857	219.86	0.3716212	0.457284	0.489484	0.00695982	0.0462724	1.838543	0.4977566
35526	-1227.449	-1447.417	219.9683	0.2989127	0.594523	0.294404	0.0128656	0.0982075	1.735783	0.6527457
35532	-1231.687	-1451.539	219.8528	0.2782092	0.634555	0.265846	0.0132739	0.0863255	1.735783	0.8404343
35538	-1233.961	-1453.899	219.9386	0.2584659	0.591156	0.217292	0.00988121	0.181671	1.550333	0.9567596
35544	-1223.846	-1443.744	219.8982	0.2584659	0.689297	0.233874	0.00861485	0.0682141	1.560431	0.9879363
35550	-1220.399	-1440.452	220.0528	0.2206084	0.479858	0.362534	0.0214145	0.136194	1.487031	0.8949511
35556	-1225.175	-1445.141	219.9655	0.2405049	0.586243	0.233459	0.0200492	0.160249	1.681055	0.7675566
35562	-1230.37	-1450.408	220.0376	0.2572783	0.688861	0.279372	0.0171171	0.0146496	1.634308	0.7302722
35568	-1218.562	-1438.518	219.9562	0.2515552	0.541214	0.426349	0.0201993	0.0122382	1.567087	0.9202309
35574	-1228.453	-1448.087	219.6343	0.2570768	0.548874	0.432384	0.00633097	0.0124114	1.272101	1.459045
35580	-1231.747	-1451.574	219.8269	0.2420341	0.453795	0.434547	0.00725074	0.104407	1.553956	1.063631
35586	-1216.138	-1435.736	219.5985	0.2336411	0.783988	0.196699	0.0062871	0.0130263	1.276293	1.481696
35592	-1224.459	-1443.644	219.1846	0.2336411	0.659183	0.283463	0.0159345	0.0414198	1.30218	1.762461
35598	-1244.211	-1463.489	219.2773	0.2336411	0.410943	0.399285	0.0140983	0.175673	1.057101	1.867628
35604	-1231.711	-1450.627	218.9163	0.2162128	0.478367	0.344849	0.00315042	0.173634	1.099034	2.077171
35610	-1225.929	-1445.023	219.0941	0.2906601	0.484315	0.505147	0.00214385	0.00839395	1.209592	1.884711
35616	-1231.271	-1450.357	219.0857	0.2737247	0.608303	0.356911	0.0251373	0.00964881	1.163912	1.924755
35622	-1223.741	-1442.651	218.9093	0.186555	0.606016	0.371702	0.0174715	0.00481016	1.065554	2.08793
35628	-1230.511	-1450.011	219.5005	0.1927226	0.426047	0.55317	0.0140482	0.00673494	1.211229	1.585029
35634	-1238.977	-1458.408	219.4312	0.2739612	0.385776	0.585747	0.0262011	0.0022761	1.303633	1.585029
35640	-1233.943	-1453.574	219.6313	0.2166015	0.595175	0.356511	0.040423	0.00789109	1.180947	1.523905
35646	-1225.131	-1444.485	219.3539	0.2166015	0.706419	0.253009	0.0298483	0.0107231	1.2104	1.703659
35652	-1220.87	-1440.116	219.2463	0.25627	0.677916	0.279454	0.0259761	0.0166533	1.087018	1.869585
35658	-1226.694	-1445.501	218.8075	0.2679918	0.470492	0.415606	0.0386318	0.0752699	1.02344	2.201925
35664	-1230.213	-1449.835	219.6216	0.2741136	0.44136	0.451743	0.036256	0.0706408	1.226288	1.501338
35670	-1233.74	-1452.738	218.9985	0.2741301	0.565777	0.37731	0.019303	0.0376099	1.155433	1.988959
35676	-1248.455	-1467.645	219.1902	0.2700481	0.585134	0.385228	0.0214181	0.00821968	1.177934	1.844645
35682	-1230.284	-1449.595	219.3109	0.2700481	0.585134	0.385228	0.0214181	0.00821968	1.111143	1.80749
35688	-1228.834	-1447.154	218.3201	0.26937	0.620857	0.306894	0.0245907	0.0476581	0.9312256	2.568637
35694	-1228.49	-1446.959	218.4693	0.2584286	0.679582	0.245151	0.0231008	0.0521659	1.102429	2.368645
35700	-1229.966	-1447.812	217.8461	0.3030893	0.538818	0.412314	0.0267074	0.0221615	1.019188	2.799157
35706	-1229.022	-1446.209	217.186	0.3220194	0.499638	0.403836	0.0759761	0.02055	0.776591	3.333034
35712	-1220.203	-1437.207	217.0041	0.3340743	0.286439	0.647162	0.0596016	0.00679791	0.8379637	3.399695
35718	-1228.282	-1444.935	216.6527	0.3820989	0.412984	0.532392	0.0490317	0.00559235	0.6641082	3.68563
35724	-1229.507	-1448.576	219.0686	0.2496378	0.426514	0.454119	0.0933636	0.0260038	1.23786	1.887986
35730	-1233.463	-1452.671	219.2082	0.2767778	0.236438	0.719902	0.0223034	0.0213568	1.0477	1.920057
35736	-1229.098	-1448.223	219.1245	0.2709221	0.642301	0.320084	0.00991657	0.0276983	1.26211	1.831832
35742	-1230.52	-1448.817	218.2975	0.2709221	0.474974	0.4855	0.0150413	0.0244849	1.156601	2.441769
35748	-1224.374	-1442.762	218.3883	0.3297783	0.34822	0.587576	0.0244323	0.0397719	1.041271	2.441769
35754	-1230.331	-1448.83	218.4987	0.3546392	0.536706	0.419177	0.0430279	0.00108917	0.977737	2.402004
35760	-1224.579	-1443.345	218.766	0.2858006	0.489605	0.432611	0.0773998	0.000383776	1.207481	2.10624
35766	-1222.291	-1441.171	218.8805	0.3221015	0.461836	0.498514	0.0393383	0.00031148	1.207481	2.019948
35772	-1222.949	-1442.011	219.062	0.2544279	0.596473	0.373727	0.0294912	0.000308924	1.325243	1.83275
35778	-1213.959	-1433.332	219.373	0.2246037	0.706842	0.253085	0.0399604	0.00011346	1.255771	1.660265
35784	-1219.346	-1438	218.6539	0.2568419	0.696492	0.262054	0.0413766	7.76299e-05	1.043697	2.288564
35790	-1231.606	-1450.79	219.1846	0.1972088	0.689209	0.288592	0.0220742	0.0001244	1.134954	1.864478
35796	-1223.14	-1441.892	218.7519	0.2522367	0.446324	0.457268	0.0958557	0.000552551	1.220695	2.11068
35802	-1220.351	-1438.814	218.4637	0.2851975	0.527824	0.392401	0.0793178	0.00045722	1.198598	2.307548
35808	-1214.892	-1432.831	217.9387	0.2851975	0.561268	0.367822	0.0707402	0.000169191	1.047668	2.729495
35814	-1215.829	-1434.483	218.6535	0.3222305	0.328591	0.61678	0.0519329	0.00269646	0.9929019	2.307186
35820	-1218.307	-1436.808	218.5014	0.3390111	0.386902	0.573679	0.0374737	0.00194571	0.9485602	2.425353
35826	-1217.537	-1435.604	218.0665	0.3658448	0.414142	0.558557	0.0228883	0.00441345	0.8563168	2.740731
35832	-1233.192	-1451.89	218.6984	0.3320114	0.431648	0.520026	0.0425079	0.00581755	1.100605	2.205441
35838	-1233.633	-1452.356	218.7225	0.2941791	0.565864	0.369421	0.0625982	0.0021166	1.095588	2.205441
35844	-1226.046	-1444.488	218.4415	0.2864307	0.43767	0.476542	0.0273894	0.0583992	1.046201	2.418018
35850	-1240.705	-1459.46	218.7547	0.3635158	0.473562	0.468847	0.0330154	0.0245758	1.204453	2.087254
35856	-1242.186	-1461.837	219.6509	0.3217591	0.524742	0.401027	0.0458062	0.0284256	1.426459	1.308123
35862	-1235.136	-1454.191	219.0549	0.3814885	0.512632	0.477568	0.00780061	0.00199932	1.440601	1.713579
35868	-1241.358	-1460.259	218.9008	0.3841075	0.485435	0.498845	0.00997481	0.00574511	1.303147	1.913477
35874	-1239.091	-1457.446	218.3559	0.3717346	0.44951	0.536372	0.0054006	0.00871726	1.075084	2.422807
35880	-1229.824	-1447.458	217.6341	0.3381894	0.453988	0.532062	0.00430241	0.00964766	0.8843538	2.99723
35886	-1225.286	-1443.732	218.446	0.2718075	0.496253	0.487425	0.00491003	0.011412	0.9963475	2.449038
35892	-1220.769	-1439.101	218.3327	0.3731993	0.396556	0.583892	0.00588178	0.0136705	0.9623071	2.50738
35898	-1216.316	-1434.607	218.291	0.3282376	0.319499	0.657029	0.0177793	0.00569202	1.172529	2.420943
35904	-1216.59	-1435.387	218.7967	0.3227804	0.504508	0.451463	0.0401175	0.00391114	1.04195	2.183272
35910	-1220.224	-1439.147	218.923	0.2959432	0.647872	0.27537	0.0539592	0.0227987	1.013648	2.127925
35916	-1218.668	-1436.385	217.7171	0.2712763	0.65699	0.279246	0.0393192	0.0244443	0.9832169	2.905599
35922	-1212.671	-1431.353	218.6821	0.3328367	0.507262	0.399561	0.0640944	0.0290828	1.07612	2.231493
35928	-1225.506	-1444.408	218.9022	0.3743005	0.696055	0.270473	0.0128726	0.0205996	1.073236	2.07116
35934	-1233.799	-1452.574	218.7754	0.4666606	0.368151	0.569776	0.0186782	0.043395	1.118965	2.07116
35940	-1227.108	-1445.78	218.6715	0.3493929	0.524835	0.428829	0.0199344	0.0264013	1.118965	2.203719
35946	-1227.3	-1446.163	218.8632	0.3921793	0.509442	0.423854	0.0193497	0.0473537	1.061849	2.094956
35952	-1233.098	-1451.388	218.2895	0.3568049	0.454523	0.474045	0.0184705	0.0529611	1.112091	2.448194
35958	-1225.195	-1443.843	218.6477	0.2978788	0.400417	0.551145	0.0271066	0.0213318	0.8540569	2.406496
35964	-1233.271	-1451.123	217.8525	0.3337181	0.448231	0.509243	0.0296865	0.0128388	0.8046181	2.915455
35970	-1222.056	-1440.935	218.8788	0.3840666	0.442839	0.477353	0.0698735	0.009934	1.012429	2.121461
35976	-1230.007	-1449.591	219.5833	0.2925259	0.501201	0.426672	0.0459238	0.0262036	1.066694	1.642397
35982	-1222.514	-1442.251	219.7372	0.3549298	0.492705	0.406275	0.0437285	0.0572907	1.228157	1.380582
35988	-1228.801	-1448.086	219.2854	0.3929556	0.414657	0.49203	0.0391472	0.0541658	1.323344	1.626135
35994	-1237.797	-1457.345	219.5488	0.2584885	0.622967	0.300343	0.0403845	0.0363055	1.131818	1.626135
36000	-1242	-1461.412	219.4119	0.3145093	0.392105	0.511109	0.0224772	0.0743094	2.222684	0.3075158
36006	-1236.798	-1455.998	219.1995	0.2728048	0.415244	0.464432	0.0246323	0.0956911	2.410804	0.279221
36012	-1233.356	-1452.506	219.1495	0.2463182	0.395083	0.533007	0.0350515	0.0368581	2.409151	0.2491102
36018	-1231.819	-1450.972	219.1527	0.379874	0.320633	0.58231	0.0370453	0.060012	2.423757	0.2963269
36024	-1217.334	-1436.503	219.169	0.3106027	0.487877	0.380908	0.0528639	0.078351	2.440835	0.2878613
36030	-1231.677	-1450.944	219.2678	0.3487313	0.50398	0.445115	0.0337252	0.0171798	2.344129	0.3058863
36036	-1245.71	-1464.77	219.06	0.5314116	0.390418	0.46764	0.0262803	0.115662	2.350548	0.2795091
36042	-1229.336	-1448.383	219.047	0.3914394	0.452001	0.384889	0.0451452	0.117965	2.450815	0.2540992
36048	-1226.605	-1445.727	219.1218	0.2620687	0.518007	0.334046	0.0518864	0.0960598	2.450815	0.256484
36054	-1217.098	-1436.109	219.0109	0.3792982	0.574313	0.370356	0.0192439	0.0360874	2.450815	0.2324119
36060	-1216.431	-1435.358	218.9266	0.419115	0.742738	0.221147	0.0262475	0.00986773	2.529631	0.2451297
36066	-1216.189	-1435.483	219.294	0.4524599	0.501464	0.332543	0.151154	0.0148383	2.296453	0.3739252
36072	-1221.475	-1440.741	219.2658	0.4524599	0.508454	0.457242	0.0175495	0.0167547	2.296453	0.338944
36078	-1218.323	-1438.042	219.7193	0.2992359	0.497223	0.430009	0.0120712	0.0606972	2.008964	0.5902164
36084	-1215.447	-1435.203	219.7569	0.2764236	0.624545	0.297616	0.0402252	0.0376142	1.837652	0.8335401
36090	-1226.755	-1446.435	219.6799	0.277092	0.463025	0.458056	0.00253976	0.0763793	2.057752	0.583967
36096	-1229.211	-1448.895	219.6843	0.3004801	0.444664	0.441317	0.00842285	0.105596	2.057752	0.4878262
36102	-1229.355	-1449.012	219.6575	0.3217008	0.394601	0.504217	0.00747455	0.0937075	2.064115	0.4319958
36108	-1232.171	-1451.726	219.5557	0.2109646	0.479481	0.394299	0.0159466	0.110274	2.142499	0.3654064
36114	-1243.392	-1463.069	219.6764	0.2247311	0.515237	0.324047	0.0431407	0.117575	2.070694	0.4683037
36120	-1240.253	-1460	219.7464	0.2619449	0.627581	0.243092	0.00263312	0.126694	1.997788	0.4358485
36126	-1237.751	-1457.48	219.7292	0.2885479	0.753567	0.242673	0.00316172	0.000597674	2.01771	0.4949955
36132	-1245.082	-1464.925	219.8425	0.2389302	0.686696	0.297325	0.0131345	0.00284464	1.889449	0.6091176
36138	-1234.453	-1454.349	219.8961	0.2834712	0.427647	0.531539	0.0285246	0.0122889	1.831703	0.6091176
36144	-1225.699	-1445.418	219.7197	0.2372197	0.468337	0.46929	0.0506043	0.0117684	2.032832	0.5037154
36150	-1235.989	-1455.686	219.6974	0.2753828	0.42967	0.526445	0.0155866	0.0282985	2.047968	0.553786
36156	-1225.216	-1445.075	219.8586	0.2753828	0.524795	0.43591	0.0115517	0.0277429	1.876956	0.5923393
36162	-1221.433	-1441.108	219.6751	0.3016529	0.526737	0.437523	0.00789457	0.0278455	2.062998	0.5446687
36168	-1215.533	-1435.338	219.8051	0.3653593	0.527478	0.438138	0.00649983	0.0278847	1.892914	0.5533824
36174	-1219.057	-1439.051	219.9938	0.2284766	0.714209	0.221661	0.00528367	0.0588465	1.725482	0.6352802
36180	-1219.486	-1439.414	219.9282	0.2284766	0.733966	0.206739	0.00542983	0.0538656	1.751946	0.7116356
36186	-1206.685	-1426.606	219.9207	0.2258537	0.681173	0.191868	0.0118536	0.115105	1.795323	0.6408333
36192	-1226.328	-1446.284	219.9553	0.2258537	0.639642	0.22964	0.0153142	0.115403	1.648988	0.8199468
36198	-1219.257	-1439.163	219.9059	0.2081584	0.803734	0.120822	0.0179903	0.0574537	1.59381	0.9318354
36204	-1221.251	-1441.167	219.9161	0.2758483	0.66592	0.283121	0.0316932	0.0192656	1.624829	0.8972658
36210	-1214.161	-1433.935	219.7738	0.2758483	0.610627	0.323079	0.0250508	0.0412426	1.511421	1.148601
36216	-1230.428	-1450.074	219.6459	0.2758483	0.552204	0.350015	0.0312807	0.0665003	1.431824	1.323014
36222	-1233.294	-1451.743	218.4494	0.2855591	0.481902	0.408941	0.0605753	0.0485815	0.8708223	2.523226
36228	-1239.935	-1458.046	218.1111	0.3250973	0.438632	0.467074	0.0173784	0.0769148	0.9274034	2.68637
36234	-1225.416	-1443.603	218.1865	0.4210487	0.280311	0.653311	0.011817	0.054561	0.882509	2.623075
36240	-1230.099	-1447.603	217.5038	0.307484	0.330552	0.585795	0.0176326	0.0660204	0.6803798	3.206701
36246	-1232.919	-1450.792	217.8732	0.3079283	0.365402	0.535298	0.014522	0.0847777	0.7584259	2.939334
36252	-1229.111	-1449.011	219.8999	0.2550788	0.551351	0.423458	0.0220166	0.00317474	1.708381	0.8201463
36258	-1222.674	-1442.475	219.8009	0.2550788	0.569167	0.398529	0.0207205	0.0115834	1.807382	0.8201463
36264	-1218.511	-1438.276	219.7656	0.3047773	0.519535	0.441391	0.00257243	0.0365012	1.842955	0.8025271
36270	-1220.436	-1440.302	219.8653	0.2517163	0.632509	0.357717	0.00147851	0.00829591	1.803261	0.7356976
36276	-1211.11	-1430.924	219.8139	0.2160805	0.706253	0.275666	0.00117799	0.0169025	1.739655	0.8766715
36282	-1218.615	-1438.627	220.0119	0.2572211	0.704766	0.275086	0.00328114	0.0168669	1.546308	0.8807814
36288	-1216.758	-1436.762	220.0042	0.258909	0.715756	0.279375	0.00220725	0.00266117	1.376651	1.063802
36294	-1212.598	-1432.505	219.9069	0.3362561	0.59366	0.397284	0.00404448	0.00501127	1.359261	1.141155
36300	-1229.124	-1448.901	219.7767	0.3362561	0.446039	0.548919	0.00123813	0.00380389	1.489443	1.141155
36306	-1223.404	-1442.487	219.0825	0.2834887	0.640967	0.345323	0.00197261	0.0117367	1.337116	1.806843
36312	-1223.779	-1443.244	219.4655	0.3616956	0.481378	0.50298	0.00128814	0.0143537	1.29886	1.530012
36318	-1224.105	-1443.7	219.5943	0.4832811	0.651416	0.336151	0.00284001	0.00959285	1.373134	1.289737
36324	-1221.098	-1440.721	219.6231	0.3952174	0.641365	0.349982	0.00121897	0.00743493	1.439495	1.277735
36330	-1219.768	-1439.051	219.2827	0.2469495	0.632716	0.35554	0.00123833	0.0105062	1.090212	1.842532
36336	-1238.39	-1457.771	219.381	0.363661	0.570248	0.414931	0.00535156	0.00946892	1.090212	1.740265
36342	-1230.214	-1448.574	218.3604	0.3451541	0.448422	0.543744	0.00566508	0.00216857	0.8522462	2.571212
36348	-1237.864	-1455.787	217.9229	0.6353647	0.509258	0.469835	0.0128261	0.00808125	1.014887	2.571212
36354	-1230.411	-1446.893	216.4821	0.3394732	0.437382	0.496623	0.0292587	0.0367356	0.810605	3.717313
36360	-1224.709	-1442.204	217.4947	0.564773	0.470083	0.479714	0.0314462	0.0187574	1.029321	2.870097
36366	-1224.396	-1441.516	217.1199	0.6984559	0.488463	0.419923	0.0785007	0.0131133	0.8427066	3.122581
36372	-1222.047	-1439.773	217.7258	0.5436452	0.500265	0.427259	0.063266	0.0092099	0.6886121	2.949487
36378	-1221.472	-1438.441	216.9691	0.7905825	0.578325	0.381125	0.00851727	0.0320329	0.7921705	3.184395
36384	-1241.975	-1459.02	217.0457	0.3730658	0.363958	0.589207	0.00292144	0.0439142	0.7999169	3.381671
36390	-1227.675	-1445.833	218.158	0.3207451	0.408983	0.497989	0.00128946	0.0917393	0.8047623	2.734303
36396	-1239.46	-1457.001	217.5411	0.4533479	0.481493	0.40731	0.00319321	0.108004	0.938938	2.963798
36402	-1243.058	-1461.586	218.5281	0.2891289	0.396743	0.511632	0.00263116	0.0889938	1.192165	2.269597
36408	-1238.22	-1457.478	219.2585	0.2749943	0.479448	0.4808	0.00396115	0.0357914	1.285154	1.721935
36414	-1229.297	-1448.129	218.8324	0.4189464	0.490688	0.475326	0.00327389	0.0307119	1.185495	2.018531
36420	-1227.887	-1447.128	219.2414	0.2168176	0.524074	0.437066	0.0117393	0.0271204	1.200962	1.789141
36426	-1225.265	-1444.424	219.1589	0.2222056	0.517131	0.328637	0.00383722	0.150395	1.148498	1.883537
36432	-1240.321	-1459.202	218.8811	0.2170849	0.692144	0.247348	0.0524678	0.00803985	1.017094	2.154133
36438	-1232.609	-1451.698	219.0897	0.2576159	0.648151	0.317015	0.0293086	0.00552509	0.8975883	2.10089
36444	-1227.87	-1445.682	217.812	0.3612541	0.451827	0.499696	0.0426484	0.00582929	0.9384177	2.84781
36450	-1223.324	-1441.199	217.8755	0.3612541	0.207777	0.762635	0.0267956	0.00279208	0.9327414	2.812669
36456	-1234.157	-1452.672	218.5151	0.3012647	0.302943	0.563858	0.0168418	0.116357	1.116063	2.323547
36462	-1229.901	-1449.288	219.3874	0.2306735	0.415038	0.454081	0.0656329	0.0652476	1.189793	1.698327
36468	-1235.061	-1454.806	219.7458	0.280041	0.626147	0.290601	0.0795965	0.00365574	1.420248	1.249873
36474	-1221.547	-1441.317	219.77	0.280041	0.539715	0.313672	0.0904013	0.056212	1.452322	1.202386
36480	-1226.298	-1446.096	219.7975	0.2957717	0.639237	0.241838	0.0748023	0.044123	1.729476	0.9057303
36486	-1228.119	-1448.119	220.0003	0.2786387	0.616897	0.217059	0.10444	0.061605	1.539502	0.8976975
36492	-1231.404	-1451.385	219.9813	0.2460163	0.592	0.372503	0.0225605	0.0129361	1.732195	0.6553354
36498	-1230.623	-1450.41	219.7871	0.2166888	0.507075	0.363283	0.0301088	0.0995327	1.953972	0.5498965
36504	-1226.607	-1446.462	219.855	0.2432274	0.459761	0.430336	0.0420824	0.0678201	1.897267	0.4765584
36510	-1230.603	-1450.455	219.8517	0.2300071	0.690594	0.246922	0.0532278	0.00925566	1.897267	0.4699009
36516	-1228.804	-1448.44	219.6357	0.4807656	0.470216	0.480255	0.0362421	0.0132861	1.928089	0.6507604
36522	-1234.272	-1454.096	219.8246	0.2568987	0.580153	0.35406	0.0177805	0.0480063	1.928089	0.5220033
36528	-1238.778	-1458.593	219.8155	0.2852038	0.599259	0.350552	0.00265807	0.0475306	1.928089	0.5489447
36534	-1229.577	-1449.483	219.9062	0.2406481	0.529327	0.368156	0.00418758	0.0983291	1.816339	0.6338769
36540	-1225.698	-1445.606	219.9078	0.2406481	0.520674	0.362139	0.0140971	0.10309	1.823917	0.6107011
36546	-1226.87	-1446.909	220.0392	0.2049584	0.572716	0.209662	0.0258003	0.191822	1.56778	0.8022089
36552	-1234.494	-1454.409	219.9157	0.1864081	0.659388	0.178438	0.0276691	0.134504	1.67576	0.7997493
36558	-1225.926	-1445.894	219.9687	0.1914771	0.748948	0.202114	0.0169081	0.0320302	1.604673	0.8303389
36564	-1238.542	-1458.395	219.853	0.2173555	0.719379	0.22502	0.0236791	0.0319224	1.709527	0.8669295
36570	-1236.658	-1456.544	219.8858	0.2733582	0.53943	0.345823	0.0543432	0.060403	1.791524	0.7176254
36576	-1240.272	-1460.187	219.9146	0.3280563	0.42179	0.519255	0.0318567	0.0270986	1.54317	0.9629034
36582	-1228.274	-1448.078	219.8035	0.4065759	0.429149	0.528315	0.0181	0.0244354	1.5551	1.00476
36588	-1228.902	-1448.589	219.6869	0.5073696	0.403535	0.562607	0.0144073	0.0194502	1.514449	1.065204
36594	-1227.183	-1446.853	219.6695	0.4291501	0.441306	0.523039	0.0242865	0.0113681	1.676385	0.9976309
36600	-1224.34	-1444.173	219.8328	0.3105235	0.369843	0.566007	0.0183713	0.0457784	1.45494	1.134742
36606	-1223.292	-1442.947	219.6551	0.3638145	0.394173	0.538469	0.0524262	0.0149319	1.556594	1.172538
36612	-1236.219	-1456.163	219.9435	0.3244604	0.299452	0.527374	0.0725406	0.100633	1.581719	0.8919253
36618	-1223.494	-1443.262	219.7681	0.3677851	0.333137	0.56089	0.0396527	0.0663202	1.572267	1.05289
36624	-1234.769	-1454.669	219.8993	0.3206594	0.558428	0.341415	0.0597879	0.0403692	1.629417	0.8904022
36630	-1229.261	-1449.096	219.8353	0.3107541	0.376957	0.507682	0.0553326	0.0600287	1.573376	1.021808
36636	-1227.915	-1447.305	219.3903	0.51749	0.265957	0.592623	0.0645904	0.0768298	1.664189	1.188132
36642	-1236.435	-1456.142	219.7076	0.398454	0.310329	0.55966	0.0640372	0.0659736	1.664189	0.9984577
36648	-1231.124	-1451.018	219.8933	0.2733884	0.527452	0.414507	0.00917808	0.0488627	1.658906	0.8850751
36654	-1237.807	-1457.587	219.78	0.3450033	0.558017	0.363271	0.00307425	0.0756382	1.738546	0.8850751
36660	-1231.964	-1451.859	219.8946	0.3184653	0.553371	0.426154	0.00182695	0.0186486	1.738546	0.758827
36666	-1239.452	-1459.001	219.5498	0.5825778	0.522336	0.428973	0.00547908	0.0432118	1.803372	0.8197187
36672	-1236.023	-1455.643	219.6204	0.3460801	0.542957	0.354809	0.0568862	0.0453479	1.733059	1.055071
36678	-1233.491	-1453.374	219.8831	0.2267769	0.486529	0.421861	0.0509742	0.0406351	1.526503	1.032928
36684	-1236.262	-1456.072	219.8098	0.2591165	0.491982	0.413287	0.0515456	0.0431851	1.589309	1.046451
36690	-1238.253	-1458.137	219.8838	0.3957086	0.471514	0.447483	0.0370133	0.043989	1.589309	0.893311
36696	-1250.102	-1470.058	219.9558	0.2809627	0.471514	0.447483	0.0370133	0.043989	1.657189	0.8084029
36702	-1248.68	-1468.074	219.3942	0.3979143	0.362341	0.550974	0.0215726	0.0651125	1.394973	1.490225
36708	-1225.751	-1445.318	219.5666	0.3455397	0.350516	0.554342	0.0154974	0.0796442	1.324171	1.443254
36714	-1228.405	-1448.013	219.6081	0.3167075	0.47445	0.483929	0.00197764	0.0396434	1.324171	1.424712
36720	-1224.88	-1444.486	219.6061	0.3167075	0.490761	0.440772	0.00180127	0.066666	1.326119	1.424712
36726	-1233.657	-1452.843	219.1855	0.3487788	0.460764	0.41383	0.0628141	0.0625912	1.34246	1.707714
36732	-1250.376	-1469.69	219.3145	0.4831089	0.469462	0.412634	0.105383	0.0125199	1.241315	1.604974
36738	-1232.225	-1450.387	218.1614	0.3461532	0.446621	0.434574	0.100256	0.018549	1.004816	2.599549
36744	-1224.036	-1442.386	218.35	0.3461532	0.510447	0.41334	0.0644021	0.0118106	1.029675	2.466542
36750	-1229.17	-1446.335	217.1648	0.5144976	0.514906	0.406312	0.0668685	0.0119138	0.7733419	3.251161
36756	-1223.633	-1442.548	218.9154	0.438048	0.514906	0.406312	0.0668685	0.0119138	1.067189	2.030602
36762	-1221.854	-1440.966	219.1119	0.3256324	0.557759	0.372138	0.0357731	0.0343298	1.358014	1.758726
36768	-1221.903	-1441.27	219.3669	0.2567949	0.416578	0.500532	0.0367163	0.0461742	1.127024	1.758726
36774	-1222.851	-1441.813	218.9616	0.3099073	0.562259	0.361291	0.0338635	0.0425866	1.08397	2.052234
36780	-1223.413	-1442.079	218.6661	0.3099073	0.379321	0.552216	0.0303256	0.0381374	0.9820295	2.310147
36786	-1226.09	-1444.829	218.7383	0.3708941	0.469366	0.381786	0.0472856	0.101562	1.130583	2.142737
36792	-1217.017	-1436.661	219.6441	0.318169	0.438493	0.385188	0.0385796	0.13774	1.527187	1.232253
36798	-1224.107	-1443.931	219.8238	0.2388544	0.524873	0.318982	0.0341653	0.12198	1.504957	1.111391
36804	-1227.203	-1447.108	219.9045	0.2388544	0.607091	0.267425	0.0286433	0.0968403	1.580406	0.9601932
36810	-1225.75	-1445.553	219.8036	0.2667197	0.424242	0.482123	0.0213765	0.0722586	1.459821	1.169391
36816	-1230.019	-1449.481	219.4619	0.3500287	0.515916	0.422388	0.0362006	0.0254959	1.448886	1.425584
36822	-1220.358	-1439.976	219.6178	0.3421064	0.521718	0.427138	0.0366077	0.0145368	1.489984	1.273211
36828	-1228	-1448.017	220.0172	0.3421064	0.523906	0.392093	0.0437644	0.0402361	1.499548	0.8893114
36834	-1223.541	-1442.477	218.9357	0.4658228	0.47605	0.501717	0.0139692	0.00826364	1.181782	1.922842
36840	-1222.329	-1441.222	218.8937	0.4044263	0.369473	0.602139	0.0214285	0.00695976	1.069155	2.063344
36846	-1215.441	-1434.16	218.7194	0.4143136	0.499531	0.465788	0.0264209	0.00826066	0.8967622	2.283014
36852	-1221.181	-1439.359	218.1781	0.4935051	0.507075	0.446377	0.0351531	0.0113951	1.097211	2.451965
36858	-1223.906	-1441.066	217.16	0.3345175	0.420104	0.511243	0.054653	0.0140001	0.8198169	3.318608
36864	-1227.354	-1446.118	218.7639	0.5252333	0.486654	0.358725	0.0823203	0.0723007	1.176849	2.001934
36870	-1229.903	-1449.573	219.67	0.3341683	0.593371	0.343308	0.0625254	0.000795524	1.500944	1.224743
36876	-1233.513	-1452.966	219.4535	0.3158436	0.557407	0.412131	0.0286356	0.00182651	1.156756	1.663372
36882	-1230.811	-1450.118	219.3068	0.3128876	0.538736	0.38647	0.0735399	0.00125445	1.178011	1.753156
36888	-1210.291	-1429.583	219.2921	0.3083957	0.615675	0.325947	0.0565042	0.00187437	1.194894	1.753156
36894	-1213.542	-1432.948	219.4053	0.3867514	0.608086	0.321929	0.0558077	0.014177	1.338953	1.530647
36900	-1211.091	-1430.975	219.8843	0.2350903	0.703212	0.27017	0.0147195	0.0118976	1.575268	0.9856185
36906	-1203.623	-1423.436	219.8128	0.2348363	0.622557	0.330241	0.021808	0.0253937	1.783319	0.8334745
36912	-1214.99	-1434.53	219.5399	0.2348363	0.705697	0.20129	0.0348784	0.0581349	1.545471	1.317998
36918	-1194.979	-1414.15	219.1705	0.2757633	0.626525	0.32387	0.0285118	0.0210938	1.115861	1.899533
36924	-1201.618	-1419.347	217.7285	0.3321158	0.505039	0.42922	0.0377862	0.0279552	0.8920081	2.938112
36930	-1210.276	-1428.241	217.9654	0.2756559	0.563278	0.383555	0.0118483	0.0413181	1.033919	2.723205
36936	-1205.982	-1423.904	217.9224	0.3577921	0.447589	0.487947	0.0137938	0.0506702	1.100661	2.68289
36942	-1214.681	-1433.244	218.5623	0.43901	0.461163	0.475957	0.0134549	0.0494251	1.113184	2.230679
36948	-1218.473	-1437.559	219.0857	0.3296323	0.323907	0.601808	0.0144026	0.0598826	1.075923	1.967908
36954	-1209.161	-1427.96	218.7992	0.4915752	0.53227	0.434099	0.00938516	0.0242458	1.101461	2.050943
36960	-1204.813	-1423.863	219.0508	0.3091792	0.485795	0.455052	0.00666956	0.0524837	1.055375	2.012318
36966	-1212.769	-1431.91	219.141	0.3316851	0.483546	0.493667	0.0127227	0.0100642	1.197004	1.84751
36972	-1217.264	-1436.985	219.7213	0.4047706	0.359586	0.586237	0.0151084	0.0390676	1.521862	1.11558
36978	-1233.805	-1453.529	219.7238	0.5241373	0.36979	0.460115	0.121489	0.0486057	1.595813	0.9293788
36984	-1235.548	-1455.488	219.9409	0.2856799	0.55039	0.320034	0.0572318	0.072344	1.47827	1.021623
36990	-1225.387	-1445.179	219.7913	0.3818739	0.341708	0.520974	0.0783604	0.0589579	1.71592	0.8668068
36996	-1228.87	-1448.689	219.8196	0.3304519	0.418648	0.469172	0.0960045	0.0161755	1.71592	0.8760323
37002	-1227.944	-1447.667	219.723	0.4040733	0.455872	0.51721	0.0169087	0.0100086	1.703997	0.9364176
37008	-1231.403	-1451.007	219.604	0.4366831	0.473308	0.437539	0.0393222	0.0498307	1.703997	1.028298
37014	-1234.862	-1454.568	219.7059	0.2626824	0.479334	0.449359	0.0226592	0.0486482	1.711669	1.028298
37020	-1224.514	-1444.344	219.8301	0.3862314	0.431934	0.521589	0.0263014	0.0201754	1.538861	1.01125
37026	-1228.525	-1448.248	219.7223	0.3273768	0.541308	0.400447	0.0329614	0.0252841	1.695077	1.004424
37032	-1235.607	-1455.524	219.9165	0.3351857	0.319885	0.614545	0.017137	0.0484327	1.526037	0.9742023
37038	-1234.136	-1453.905	219.7683	0.3773875	0.330335	0.568007	0.0563824	0.0452756	1.382516	1.216067
37044	-1228.876	-1448.453	219.5772	0.3368619	0.453731	0.401217	0.0774439	0.0676083	1.345548	1.423058
37050	-1229.085	-1448.276	219.1916	0.5265673	0.364457	0.497529	0.0964469	0.0415669	1.358178	1.577651
37056	-1220.559	-1440.036	219.477	0.3344704	0.557526	0.35854	0.0539791	0.0299548	1.219264	1.593661
37062	-1219.806	-1439.469	219.6632	0.2666804	0.696844	0.241797	0.0454309	0.0159282	1.205869	1.486565
37068	-1218.122	-1437.109	218.9876	0.3293305	0.536772	0.299942	0.0970092	0.0662771	1.226492	1.932715
37074	-1227.165	-1446.253	219.0879	0.2739483	0.574795	0.371015	0.0400527	0.0141378	1.182926	1.910356
37080	-1218.908	-1438.035	219.1267	0.268979	0.569472	0.37684	0.0396818	0.0140069	1.120875	1.926767
37086	-1226.11	-1445.46	219.3495	0.3370692	0.469467	0.480006	0.0326862	0.0178415	1.195722	1.700905
37092	-1216.808	-1436.681	219.8723	0.3187299	0.403747	0.52925	0.0473315	0.0196719	1.477809	1.073897
37098	-1231.236	-1451.116	219.8797	0.3123803	0.410324	0.549106	0.0214341	0.0191355	1.715941	0.8146391
37104	-1224.756	-1444.703	219.9475	0.2524814	0.515896	0.296172	0.116771	0.0711613	1.715941	0.7437085
37110	-1234.437	-1454.012	219.5758	0.3141106	0.67916	0.224583	0.084435	0.0118216	2.158481	0.472029
37116	-1219.1	-1438.67	219.5706	0.2243297	0.537396	0.371005	0.0720698	0.0195289	2.150921	0.3917037
37122	-1217.184	-1437.069	219.8852	0.3260318	0.568862	0.364193	0.0460578	0.0208868	1.74706	0.7538408
37128	-1223.884	-1443.74	219.8557	0.3133552	0.460901	0.473556	0.0373168	0.0282262	1.841835	0.6523651
37134	-1223.693	-1443.543	219.8494	0.3385382	0.393173	0.582591	0.0230227	0.00121257	1.841835	0.634127
37140	-1230.541	-1450.288	219.7463	0.3830012	0.399076	0.581333	0.0183805	0.00120995	1.895203	0.6718367
37146	-1232.917	-1452.775	219.8579	0.2496192	0.586784	0.385547	0.0221623	0.00550713	1.864817	0.6352278
37152	-1230.484	-1450.513	220.0289	0.2496192	0.415096	0.493561	0.0873534	0.00399034	1.670347	0.6838016
37158	-1235.603	-1455.478	219.8746	0.2911978	0.335094	0.588475	0.0745228	0.00190824	1.816882	0.6838016
37164	-1232.177	-1451.877	219.7004	0.3447351	0.618529	0.284132	0.0937781	0.0035606	1.767698	0.9410732
37170	-1231.831	-1451.608	219.7776	0.2894738	0.608447	0.312305	0.0742774	0.00497026	1.57257	1.08612
37176	-1222.087	-1441.82	219.7328	0.2719903	0.567905	0.39334	0.035826	0.00292855	1.612093	1.095551
37182	-1242.283	-1462.03	219.7469	0.2453447	0.67204	0.278209	0.0456404	0.0041111	1.513946	1.172454
37188	-1230.011	-1449.681	219.67	0.227054	0.41716	0.534806	0.0449319	0.0031019	1.539833	1.213318
37194	-1220.851	-1440.69	219.8392	0.2261944	0.560705	0.367181	0.0674572	0.00465695	1.474708	1.122082
37200	-1217.928	-1437.699	219.7713	0.2261944	0.654772	0.29337	0.0432362	0.00862177	1.367695	1.272359
37206	-1220.887	-1440.328	219.441	0.272848	0.523129	0.458228	0.00858823	0.0100551	1.32798	1.56018
37212	-1218.452	-1437.619	219.1664	0.2242062	0.478137	0.490247	0.00785355	0.0237624	1.118853	1.899161
37218	-1214.764	-1434.017	219.2525	0.255524	0.470197	0.482105	0.00772313	0.0399744	1.264902	1.742329
37224	-1224.043	-1442.995	218.9515	0.2628099	0.434107	0.355218	0.0370392	0.173635	1.165447	2.014913
37230	-1221.715	-1440.774	219.0593	0.2325829	0.449691	0.331815	0.0377752	0.180719	1.278398	1.865212
37236	-1207.129	-1426.596	219.4666	0.260885	0.359215	0.567546	0.0271471	0.0460918	1.089601	1.714758
37242	-1214.068	-1432.817	218.7487	0.3311839	0.659236	0.316133	0.00422379	0.0204071	0.9651957	2.260616
37248	-1226.593	-1445.444	218.8502	0.3017231	0.374338	0.475044	0.00327398	0.147344	1.047977	2.151455
37254	-1224.683	-1442.572	217.8892	0.3343764	0.488338	0.382386	0.000457815	0.128819	1.047884	2.74518
37260	-1217.196	-1435.542	218.3454	0.3240896	0.531006	0.415797	0.0014064	0.0517906	1.030219	2.47766
37266	-1221.652	-1440.309	218.6578	0.3080037	0.565538	0.377806	0.00149786	0.0551585	1.041104	2.278287
37272	-1210.595	-1429.929	219.3344	0.2996848	0.500453	0.443585	0.00132548	0.0546368	1.144939	1.761227
37278	-1214.586	-1434.096	219.5108	0.2627791	0.521873	0.460856	0.00282752	0.0144437	1.178734	1.619359
37284	-1222.51	-1442.204	219.6948	0.2467761	0.557262	0.418045	0.00926942	0.0154232	1.404073	1.308332
37290	-1215.175	-1435.153	219.9781	0.2731576	0.621921	0.3595	0.00797128	0.0106074	1.485964	0.9802039
37296	-1216.318	-1435.942	219.6238	0.2513732	0.630754	0.289275	0.0187187	0.0612524	1.404548	1.364804
37302	-1223.692	-1443.343	219.651	0.2513732	0.543845	0.38019	0.00954776	0.0664172	1.30182	1.423658
37308	-1220.063	-1439.464	219.4013	0.1941642	0.475419	0.442971	0.0111244	0.0704863	1.280941	1.607581
37314	-1216.467	-1435.547	219.0795	0.2332423	0.431638	0.531871	0.0051785	0.0313126	1.259375	1.864494
37320	-1221.767	-1441.255	219.4881	0.2601134	0.400094	0.517164	0.00293743	0.0798046	1.381747	1.486545
37326	-1230.352	-1449.774	219.4216	0.268583	0.478878	0.476601	0.00327564	0.0412454	1.389952	1.529315
37332	-1223.315	-1442.215	218.9003	0.2597453	0.543088	0.394282	0.00162254	0.0610075	1.116927	2.08112
37338	-1220.629	-1439.985	219.3554	0.2597453	0.513204	0.372585	0.0116076	0.102603	1.225179	1.697574
37344	-1216.982	-1436.066	219.0847	0.5453344	0.505036	0.447152	0.00511679	0.0426947	1.35596	1.642867
37350	-1219.82	-1439.009	219.1889	0.3110189	0.334806	0.641922	0.00467273	0.0185996	1.197535	1.8221
37356	-1210.795	-1429.17	218.3751	0.3213735	0.477927	0.472849	0.00308698	0.0461374	1.024678	2.46346
37362	-1225.507	-1443.903	218.3957	0.3377412	0.488838	0.469073	0.00315745	0.0389319	1.088834	2.404014
37368	-1236.574	-1456.449	219.8757	0.3356885	0.434214	0.490928	0.00561569	0.0692425	1.599972	0.939173
37374	-1239.779	-1459.555	219.7759	0.2847513	0.590548	0.363996	0.0179539	0.027502	1.459498	1.189927
37380	-1230.778	-1450.529	219.7507	0.3762079	0.531512	0.428474	0.0251102	0.0149038	1.526882	1.105426
37386	-1220.203	-1439.776	219.5729	0.5350498	0.38953	0.573111	0.0223141	0.0150452	1.364944	1.271448
37392	-1221.996	-1441.462	219.4659	0.2582111	0.367812	0.582509	0.0225661	0.0271131	1.433632	1.464243
37398	-1229.586	-1449.093	219.5065	0.2386689	0.537787	0.3163	0.0306942	0.115219	1.342032	1.502155
37404	-1220.714	-1440.159	219.4456	0.2279219	0.556521	0.357879	0.0133309	0.0722689	1.233178	1.625104
37410	-1222.79	-1441.016	218.2268	0.2953441	0.491105	0.431915	0.0204882	0.0564911	1.12125	2.503645
37416	-1231.09	-1449.281	218.1913	0.2626775	0.550132	0.37877	0.0441557	0.026942	0.9630036	2.629322
37422	-1230.732	-1449.732	219	0.2626775	0.679599	0.20922	0.0545472	0.056634	0.9264362	2.140429
37428	-1217.8	-1436.625	218.825	0.296462	0.445431	0.367492	0.0686842	0.118393	1.092271	2.140429
37434	-1213.231	-1432.068	218.8368	0.3116796	0.518708	0.387506	0.0724248	0.0213614	1.073656	2.140429
37440	-1218.604	-1437.148	218.5443	0.3116796	0.578702	0.339202	0.0633969	0.0186987	1.232363	2.227198
37446	-1226.514	-1444.819	218.3051	0.3769199	0.443364	0.496656	0.0529027	0.0070777	1.141413	2.410505
37452	-1224.266	-1443.382	219.1159	0.3795765	0.362199	0.61812	0.012525	0.00715638	1.092119	1.913142
37458	-1225.03	-1444.086	219.0559	0.3312466	0.437847	0.544806	0.0110395	0.00630758	1.254756	1.866409
37464	-1220.892	-1440.336	219.4439	0.3273743	0.495853	0.494334	0.00385998	0.0059532	1.32349	1.544552
37470	-1223.272	-1442.243	218.9704	0.4578075	0.474196	0.493353	0.0103691	0.022081	1.306868	1.818992
37476	-1232.169	-1451.367	219.1981	0.3641759	0.316833	0.632161	0.0227115	0.0282936	1.198673	1.791897
37482	-1223.356	-1442.014	218.6579	0.3641759	0.368697	0.597872	0.0214796	0.0119512	1.258938	2.114675
37488	-1225.89	-1444.587	218.6965	0.3418631	0.59991	0.354952	0.00207227	0.0430659	1.235909	2.114675
37494	-1235.122	-1454.416	219.2944	0.277384	0.545237	0.422475	0.00246648	0.0298219	1.201726	1.754894
37500	-1231.222	-1450.532	219.3104	0.26223	0.622239	0.308938	0.0105203	0.0583025	1.152137	1.780262
37506	-1223.52	-1442.597	219.0771	0.2452842	0.628919	0.271787	0.0546062	0.0446876	1.145465	1.944577
37512	-1220.297	-1439.503	219.2063	0.2521837	0.427949	0.428695	0.059962	0.0833943	1.087031	1.896937
37518	-1231.951	-1451.266	219.3152	0.3124995	0.380975	0.496809	0.0395919	0.0826235	1.143355	1.771627
37524	-1228.309	-1447.819	219.5094	0.3400051	0.409701	0.548475	0.00403154	0.0377924	1.315136	1.496175
37530	-1233.932	-1453.152	219.2203	0.3421432	0.476471	0.464023	0.00468858	0.054817	1.297885	1.717737
37536	-1228.183	-1446.485	218.3018	0.3028306	0.472874	0.458122	0.00702561	0.0619785	1.047589	2.500857
37542	-1231.889	-1450.142	218.2533	0.281744	0.475523	0.497211	0.0198364	0.00742959	0.8886129	2.634541
37548	-1235.337	-1453.646	218.3094	0.3017608	0.355131	0.569758	0.0733036	0.00180815	1.051137	2.494156
37554	-1235.516	-1454.418	218.902	0.4307416	0.484668	0.44303	0.0699165	0.00238551	1.191717	1.960915
37560	-1231.798	-1450.779	218.9806	0.3320697	0.488704	0.476473	0.032417	0.00240538	1.124966	2.004373
37566	-1211.21	-1429.285	218.0759	0.3320697	0.486324	0.474153	0.0322591	0.00726424	1.177413	2.551115
37572	-1224.113	-1443.632	219.5195	0.2657228	0.427456	0.44129	0.0405432	0.0907105	1.403365	1.445853
37578	-1216.756	-1436.36	219.6038	0.2657228	0.564582	0.305865	0.0477089	0.0818433	1.182374	1.548457
37584	-1214.712	-1434.09	219.3779	0.3277043	0.420553	0.475006	0.0686505	0.0357901	1.196688	1.684103
37590	-1206.966	-1425.623	218.6564	0.2891784	0.387669	0.446926	0.0114443	0.153961	1.004382	2.307658
37596	-1222.925	-1441.651	218.7265	0.410583	0.320835	0.617918	0.0223167	0.0389309	1.053102	2.179787
37602	-1227.63	-1446.403	218.7736	0.217045	0.628276	0.320067	0.0345271	0.0171296	0.996662	2.236949
37608	-1229.228	-1447.635	218.4071	0.3064012	0.409778	0.518149	0.0503368	0.0217364	1.039538	2.438835
37614	-1227.913	-1446.393	218.4802	0.4165813	0.347255	0.581923	0.0538701	0.0169517	0.8883922	2.438835
37620	-1225.251	-1444.434	219.1838	0.3306169	0.456472	0.459411	0.0209518	0.0631649	1.110341	1.877922
37626	-1226.912	-1445.036	218.1242	0.3109961	0.46223	0.465206	0.0440875	0.0284761	0.9355091	2.677983
37632	-1226.34	-1444.084	217.7441	0.3547612	0.41134	0.457949	0.0968937	0.0338175	0.7790076	2.987752
37638	-1233.033	-1450.432	217.399	0.3450489	0.33371	0.492664	0.104239	0.0693865	1.030544	3.047786
37644	-1230.851	-1450.41	219.5594	0.3130969	0.484165	0.407155	0.0156242	0.0930555	1.228372	1.53525
37650	-1220.025	-1439.145	219.1197	0.3154317	0.440078	0.470895	0.0135507	0.0754768	1.137016	1.909123
37656	-1226.403	-1445.642	219.2399	0.2616924	0.438416	0.494019	0.0508413	0.0167233	1.24143	1.767244
37662	-1212.859	-1431.574	218.7152	0.2616924	0.564542	0.341193	0.0654676	0.0287975	1.029284	2.258248
37668	-1213.381	-1432.402	219.0211	0.2927635	0.573962	0.414095	0.00859255	0.00335041	1.179026	1.954205
37674	-1215.215	-1434.066	218.8508	0.3060746	0.525004	0.465711	0.00617897	0.00310598	1.042525	2.153319
37680	-1208.552	-1427.324	218.7726	0.2878775	0.422155	0.564859	0.00865704	0.00432962	0.9628203	2.260167
37686	-1215.815	-1433.548	217.7331	0.3243359	0.41823	0.559607	0.0205158	0.00164798	0.8002643	2.993255
37692	-1221.966	-1439.235	217.2689	0.3243359	0.348537	0.61698	0.0326558	0.00182649	0.6913347	3.333667
37698	-1228.969	-1447.318	218.3489	0.2559027	0.543476	0.426561	0.0271144	0.00284806	0.847829	2.603475
37704	-1249.955	-1467.737	217.7817	0.391293	0.426916	0.448734	0.0282192	0.0961314	1.00642	2.81077
37710	-1240.805	-1458.947	218.1423	0.3745582	0.519291	0.384942	0.0767712	0.018995	1.062727	2.562793
37716	-1227.97	-1446.262	218.2919	0.2869655	0.480623	0.411168	0.0723824	0.0358267	1.066653	2.498967
37722	-1226.747	-1445.519	218.7718	0.2512519	0.506182	0.379854	0.0762317	0.037732	0.9567725	2.268804
37728	-1238.275	-1456.909	218.6346	0.2795844	0.554575	0.401835	0.0267448	0.016845	1.089883	2.268804
37734	-1238.694	-1456.306	217.6123	0.3935446	0.432246	0.514384	0.00733165	0.0460378	0.9435211	2.950224
37740	-1241.547	-1459.067	217.5202	0.3721008	0.345858	0.577457	0.0388122	0.0378727	0.8774833	3.055306
37746	-1226.48	-1444.34	217.8606	0.5304024	0.30018	0.633263	0.0336862	0.0328708	0.9741782	2.702309
37752	-1226.924	-1444.862	217.9381	0.3761054	0.499403	0.388752	0.0566078	0.0552375	1.039646	2.702309
37758	-1225.016	-1443.128	218.1119	0.4688053	0.355827	0.610182	0.0158624	0.0181285	0.7840868	2.702309
37764	-1240.134	-1458.305	218.1717	0.4273007	0.358332	0.556653	0.0217004	0.0633148	1.10467	2.490696
37770	-1238.889	-1458.063	219.1732	0.4273007	0.432079	0.517922	0.0105574	0.0394418	1.301714	1.700631
37776	-1239.28	-1458.613	219.3335	0.451876	0.398777	0.478003	0.0951666	0.0280532	1.324842	1.551836
37782	-1236.705	-1456.09	219.3851	0.3390641	0.441167	0.449428	0.105283	0.00412167	1.234913	1.646704
37788	-1239.203	-1457.904	218.7015	0.5040903	0.376843	0.492146	0.11529	0.0157208	1.20241	2.04061
37794	-1247.468	-1464.151	216.6828	0.4025927	0.288063	0.593512	0.0671276	0.051297	0.8455961	3.553126
37800	-1231.193	-1449.675	218.4827	0.2882928	0.501388	0.455832	0.0330778	0.009702	1.173405	2.310826
37806	-1231.577	-1449.817	218.2401	0.4727622	0.493659	0.365368	0.0970445	0.0439288	1.195131	2.363876
37812	-1227.8	-1446.2	218.3993	0.8220485	0.471823	0.402345	0.0584975	0.0673346	1.263237	1.979595
37818	-1221.781	-1440.525	218.7438	0.5595174	0.491537	0.416788	0.0219234	0.0697517	1.179468	1.990135
37824	-1218.891	-1437.603	218.7123	0.2444968	0.461438	0.415663	0.0550642	0.0678349	1.024612	2.263257
37830	-1231.889	-1450.881	218.9927	0.2375246	0.563126	0.312835	0.0705156	0.0535234	1.223706	1.948122
37836	-1237.831	-1457.072	219.2413	0.2659729	0.63819	0.275633	0.026514	0.0596633	1.223706	1.778175
37842	-1241.736	-1461.182	219.4462	0.2224355	0.706926	0.205761	0.0340878	0.0532252	1.207964	1.641426
37848	-1238.739	-1458.28	219.5411	0.2224355	0.520461	0.390909	0.0360551	0.0525746	1.113024	1.641426
37854	-1232.518	-1452.064	219.5461	0.2857208	0.442255	0.546879	0.00586835	0.00499734	1.362818	1.452794
37860	-1228.034	-1447.202	219.1683	0.3946496	0.431174	0.551505	0.0036257	0.013695	1.343786	1.694314
37866	-1225.979	-1445.226	219.2469	0.4144448	0.417154	0.533572	0.00559329	0.0436808	1.328201	1.637221
37872	-1228.344	-1447.803	219.4594	0.4134546	0.548738	0.408127	0.0164736	0.0266614	1.280842	1.516936
37878	-1233.306	-1452.716	219.4101	0.4127519	0.417599	0.545175	0.0220054	0.0152209	1.379402	1.480419
37884	-1233.453	-1453.16	219.7066	0.2578786	0.546829	0.420007	0.0209274	0.0122371	1.393212	1.307495
37890	-1228.284	-1447.611	219.3275	0.3507022	0.319235	0.62472	0.0401572	0.0158878	1.448839	1.526876
37896	-1222.299	-1441.831	219.5315	0.2982635	0.359076	0.508739	0.0663026	0.0658818	1.298788	1.508659
37902	-1225.049	-1443.864	218.8153	0.4682381	0.426783	0.525707	0.0321454	0.0153652	1.162553	2.014856
37908	-1225.632	-1444.371	218.7382	0.3074582	0.498047	0.459071	0.0355328	0.00734943	1.174241	2.140469
37914	-1229.229	-1448.731	219.5025	0.3530759	0.437192	0.517243	0.0308134	0.0147518	1.11049	1.645
37920	-1229.956	-1449.486	219.5298	0.2893655	0.698788	0.235362	0.055246	0.0106046	1.344005	1.478551
37926	-1229.007	-1448.277	219.2707	0.3125788	0.528096	0.429957	0.0386987	0.0032478	1.24856	1.729049
37932	-1221.956	-1441.168	219.212	0.299737	0.512729	0.434597	0.033733	0.0189415	1.313239	1.729049
37938	-1219.043	-1438.317	219.274	0.3383381	0.406308	0.492729	0.0382451	0.0627181	1.185719	1.760491
37944	-1216.989	-1435.658	218.6694	0.2512486	0.414265	0.502378	0.0389941	0.0443623	1.096126	2.245099
37950	-1225.213	-1443.92	218.7074	0.2591552	0.470089	0.435322	0.0442487	0.0503403	1.057792	2.245099
37956	-1227.122	-1446.189	219.0665	0.3043423	0.375775	0.484759	0.0837706	0.0556951	1.211638	1.8983
37962	-1231.064	-1450.135	219.0717	0.3484696	0.398342	0.523668	0.0680384	0.00995211	1.237238	1.860035
37968	-1236.865	-1455.978	219.1129	0.3135992	0.366886	0.566433	0.0626657	0.0040151	1.216951	1.860035
37974	-1242.429	-1460.835	218.4056	0.5345542	0.505457	0.449871	0.0412908	0.00338074	1.197458	2.217123
37980	-1231.901	-1450.731	218.8302	0.3512852	0.424654	0.551533	0.0178957	0.00591791	1.267161	2.001521
37986	-1223.272	-1441.153	217.8813	0.5642007	0.42354	0.560959	0.0106704	0.00483059	1.148908	2.560206
37992	-1218.052	-1436.575	218.5234	0.3507532	0.495231	0.415827	0.054355	0.0345867	1.123611	2.295362
37998	-1219.648	-1438.479	218.8309	0.2856811	0.52657	0.402018	0.05255	0.0188622	1.13209	2.113136
38004	-1239.267	-1458.657	219.3896	0.2994992	0.583155	0.363894	0.0298997	0.0230522	1.29465	1.615696
38010	-1240.409	-1459.795	219.3857	0.2994992	0.433277	0.515871	0.0283605	0.0224911	1.315347	1.603489
38016	-1221.256	-1440.904	219.6485	0.2994992	0.548708	0.395901	0.0359161	0.0194748	1.559805	1.208491
38022	-1225.049	-1443.994	218.9448	0.2962426	0.420208	0.475145	0.0776798	0.0269672	1.201397	1.989444
38028	-1231.566	-1450.081	218.5155	0.3062302	0.301382	0.623563	0.0557136	0.0193414	1.065866	2.353806
38034	-1230.488	-1448.997	218.5087	0.3089056	0.346528	0.626192	0.0218374	0.00544277	1.183647	2.282197
38040	-1240.177	-1458.443	218.2663	0.3334321	0.377964	0.522378	0.0157028	0.083956	1.216351	2.406912
38046	-1235.407	-1453.75	218.3425	0.3166393	0.551866	0.328039	0.0698816	0.0502138	1.202482	2.373583
38052	-1228.199	-1447.289	219.0901	0.3130994	0.470668	0.447562	0.0396883	0.0420811	1.26183	1.845074
38058	-1236.429	-1455.476	219.0466	0.3233876	0.259489	0.604208	0.0391132	0.0971905	1.299812	1.845074
38064	-1242.711	-1460.956	218.2453	0.4258239	0.319265	0.606778	0.0555938	0.0183625	1.167499	2.405835
38070	-1239.771	-1455.866	216.0948	0.5119877	0.392176	0.564801	0.0242745	0.0187482	0.7467884	3.890426
38076	-1244.175	-1460.648	216.4732	0.5239087	0.370326	0.569904	0.0459773	0.0137922	0.6161872	3.740937
38082	-1245.19	-1460.58	215.3904	0.4534901	0.381706	0.552917	0.0547077	0.0106694	0.7756029	4.307747
38088	-1233.092	-1451.231	218.139	0.3442381	0.271857	0.647062	0.0304543	0.0506269	0.9633715	2.639781
38094	-1231.011	-1450.864	219.8534	0.2609234	0.672794	0.275658	0.0194969	0.0320511	1.500759	1.088611
38100	-1226.267	-1445.824	219.5571	0.2251024	0.715404	0.217278	0.0273744	0.039944	1.359852	1.447753
38106	-1233.873	-1453.432	219.5586	0.2755562	0.51534	0.441911	0.0317359	0.0110127	1.386764	1.427114
38112	-1238.887	-1458.463	219.5761	0.3951211	0.228329	0.700767	0.0625555	0.0083492	1.392501	1.353627
38118	-1236.763	-1456.291	219.5272	0.3994603	0.366365	0.567079	0.0506215	0.0159346	1.437739	1.353627
38124	-1239.422	-1458.593	219.1711	0.2801319	0.520316	0.429298	0.0383222	0.0120631	1.483582	1.641966
38130	-1245.737	-1464.932	219.1946	0.354854	0.593842	0.251903	0.152366	0.00188887	1.293296	1.73296
38136	-1259.081	-1478.623	219.5417	0.3662454	0.50821	0.387876	0.0985982	0.00531562	1.330965	1.44593
38142	-1240.159	-1460.095	219.9362	0.385902	0.540759	0.378326	0.0662557	0.014659	1.511958	0.929807
38148	-1228.768	-1448.521	219.7529	0.2486149	0.670342	0.224751	0.0931261	0.011781	1.494993	1.183936
38154	-1226.563	-1446.434	219.8706	0.2808501	0.475464	0.482648	0.0315214	0.0103665	1.37294	1.183936
38160	-1231.316	-1450.908	219.5922	0.2835114	0.54361	0.395887	0.0519996	0.00850303	1.392221	1.395169
38166	-1230.422	-1450.073	219.6508	0.2225606	0.717914	0.22675	0.0361131	0.0192232	1.5013	1.260386
38172	-1234.489	-1454.26	219.7713	0.1922122	0.605818	0.24045	0.0296461	0.124086	1.826805	0.7992541
38178	-1243.44	-1463.082	219.6427	0.2540336	0.621571	0.241623	0.0527133	0.0840927	1.973059	0.8105003
38184	-1237.273	-1456.943	219.6692	0.253996	0.562145	0.366102	0.0141347	0.0576187	1.349098	1.372714
38190	-1238.308	-1457.974	219.6664	0.4511892	0.590548	0.371988	0.0325778	0.00488622	1.944049	0.6057208
38196	-1229.236	-1448.818	219.5824	0.5268722	0.419101	0.528682	0.037155	0.0150621	1.708457	0.9570394
38202	-1230.033	-1449.435	219.4024	0.3613421	0.383485	0.548215	0.053622	0.0146777	1.306806	1.570895
38208	-1238.916	-1458.557	219.6404	0.3879264	0.487343	0.455425	0.0398502	0.0173813	1.356608	1.335654
38214	-1233.794	-1453.186	219.3919	0.5250219	0.585061	0.354268	0.0470597	0.0136117	1.324149	1.454766
38220	-1232.469	-1451.769	219.2998	0.2618334	0.2703	0.624712	0.0317006	0.0732875	1.193314	1.758994
38226	-1234.844	-1454.411	219.5669	0.2618334	0.540109	0.393723	0.0199792	0.0461892	1.33151	1.464867
38232	-1241.263	-1460.787	219.5235	0.2884122	0.423913	0.495953	0.0219523	0.0581822	1.368706	1.464867
38238	-1238.392	-1457.441	219.0493	0.229706	0.639186	0.293111	0.0283058	0.0393969	1.082142	2.003768
38244	-1235.964	-1455.07	219.1062	0.2398179	0.6456	0.29492	0.0198401	0.03964	0.9772106	2.037117
38250	-1224.61	-1443.118	218.5079	0.3746119	0.474169	0.433277	0.0442423	0.0483119	1.095671	2.311968
38256	-1232.049	-1450.913	218.8641	0.278008	0.616716	0.289118	0.0575427	0.0366231	1.198076	2.049323
38262	-1228.769	-1448.206	219.4371	0.3325057	0.51439	0.443882	0.0291675	0.0125611	1.163524	1.663479
38268	-1221	-1440.511	219.5118	0.2641196	0.627605	0.350243	0.00526648	0.0168859	1.067732	1.697998
38274	-1216.157	-1435.696	219.5383	0.2611394	0.606596	0.338518	0.00213395	0.052752	1.263481	1.537321
38280	-1220.786	-1440.524	219.7387	0.2611043	0.585539	0.357766	0.00577362	0.0509208	1.311453	1.347093
38286	-1221.684	-1441.306	219.6223	0.2786576	0.587827	0.359164	0.00681737	0.0461912	1.335375	1.416972
38292	-1217.552	-1437.178	219.6261	0.2505867	0.622587	0.254371	0.00992071	0.113121	1.335375	1.416972
38298	-1217.725	-1437.09	219.3647	0.3124086	0.500694	0.409666	0.00349875	0.0861411	1.217052	1.684946
38304	-1217.687	-1437.084	219.3968	0.2255772	0.608266	0.300205	0.0171074	0.0744213	1.258603	1.641369
38310	-1223.007	-1442.778	219.7716	0.2693145	0.684964	0.275037	0.00747611	0.0325229	1.454759	1.201062
38316	-1219.348	-1439.119	219.7703	0.2257703	0.648098	0.256281	0.0425523	0.0530689	1.409376	1.238401
38322	-1220.007	-1439.669	219.6624	0.2257703	0.748921	0.222192	0.0253941	0.00349268	1.673188	1.102245
38328	-1223.918	-1443.664	219.7457	0.2364506	0.748644	0.226584	0.0212555	0.00351628	1.571349	1.121649
38334	-1223.419	-1443.389	219.9698	0.2364506	0.65879	0.308192	0.023871	0.00914622	1.571349	0.8989168
38340	-1218.199	-1438.003	219.8041	0.228975	0.635103	0.302434	0.0115389	0.0509243	1.658652	0.9807671
38346	-1222.153	-1442.041	219.8884	0.2473317	0.610336	0.335329	0.00539701	0.0489384	1.684807	0.8633043
38352	-1223.85	-1443.4	219.5496	0.3477586	0.465134	0.485436	0.00592125	0.0435081	1.526267	1.296246
38358	-1229.952	-1449.646	219.6941	0.2513847	0.388943	0.515649	0.0419681	0.0534402	1.539954	1.195878
38364	-1227.03	-1446.675	219.6452	0.2392952	0.718137	0.247496	0.0242894	0.010078	1.538271	1.238037
38370	-1214.629	-1434.242	219.6129	0.2509059	0.718137	0.247496	0.0242894	0.010078	1.572109	1.23748
38376	-1214.564	-1434.453	219.8886	0.2509059	0.572887	0.375035	0.0368061	0.0152713	1.466442	1.088185
38382	-1223.387	-1443.335	219.9472	0.3086759	0.696101	0.257177	0.0309564	0.0157658	1.543197	0.9394005
38388	-1227.592	-1447.501	219.9088	0.2164601	0.655181	0.292178	0.037802	0.014839	1.499528	1.02996
38394	-1219.143	-1439.059	219.9165	0.2751174	0.580623	0.369962	0.0328805	0.0165346	1.519577	1.007943
38400	-1215.19	-1435.074	219.8844	0.3017308	0.45165	0.432084	0.108125	0.0081413	1.549751	1.00082
38406	-1237.982	-1457.52	219.538	0.4238492	0.494147	0.382508	0.0981506	0.0251939	1.517232	1.263474
38412	-1225.491	-1445.124	219.6332	0.2924065	0.579175	0.371196	0.0275943	0.0220348	1.647145	1.148341
38418	-1235.485	-1454.663	219.1778	0.322448	0.350722	0.602403	0.0296898	0.0171853	1.09771	1.893823
38424	-1222.541	-1442.011	219.4695	0.2690606	0.35957	0.556231	0.0274142	0.0567849	1.382247	1.499278
38430	-1216.481	-1436.407	219.926	0.2690606	0.572396	0.39748	0.0201014	0.0100218	1.518929	1.00034
38436	-1235.071	-1454.401	219.33	0.2690606	0.637619	0.272902	0.0209117	0.0685673	1.393776	1.593804
38442	-1233.723	-1453.28	219.5571	0.2150198	0.696107	0.216547	0.013533	0.0738133	1.186341	1.574145
38448	-1230.331	-1449.596	219.265	0.2235098	0.535593	0.398155	0.01529	0.0509619	1.315223	1.694521
38454	-1238.936	-1458.338	219.4022	0.1969624	0.676169	0.275389	0.0157661	0.0326758	1.437541	1.493207
38460	-1227.222	-1446.59	219.368	0.2346142	0.668799	0.272388	0.0404419	0.0183706	1.383485	1.573508
38466	-1222.343	-1441.537	219.1933	0.3449463	0.429893	0.495445	0.0346601	0.0400022	1.331165	1.712024
38472	-1226.235	-1445.893	219.6576	0.2717675	0.433369	0.499451	0.00307513	0.0641047	1.361267	1.370577
38478	-1224.891	-1444.646	219.7551	0.2751312	0.327058	0.625315	0.000837128	0.0467899	1.368959	1.285604
38484	-1229.119	-1448.216	219.097	0.2838107	0.497334	0.470063	0.00130366	0.0312996	1.29544	1.825548
38490	-1222.899	-1441.371	218.4719	0.3059759	0.509446	0.46455	0.00113379	0.0248699	1.020573	2.410089
38496	-1220.976	-1439.34	218.3642	0.2864521	0.525366	0.418429	0.0160689	0.0401365	0.9665258	2.516484
38502	-1212.901	-1431.286	218.3855	0.2906796	0.412654	0.530035	0.00646958	0.050842	1.110838	2.411683
38508	-1220.762	-1438.346	217.5837	0.4427625	0.367156	0.598382	0.00575627	0.0287055	0.8929982	2.971755
38514	-1230.175	-1447.94	217.7642	0.4163642	0.330926	0.623378	0.0394778	0.00621833	0.8839236	2.882767
38520	-1238.917	-1456.668	217.7514	0.2786904	0.340488	0.646379	0.00109237	0.0120411	0.9853481	2.88252
38526	-1239.066	-1457.428	218.3627	0.3231145	0.469623	0.519287	0.000922442	0.010168	0.7629424	2.633402
38532	-1228.356	-1446.203	217.8467	0.2643813	0.526087	0.415377	0.00139342	0.0571427	0.7135441	2.990616
38538	-1230.376	-1449.471	219.0946	0.2232455	0.538233	0.424968	0.00142559	0.0353738	0.8773856	2.107718
38544	-1237.161	-1455.635	218.4743	0.30591	0.624545	0.339462	0.00520469	0.0307882	1.187773	2.302496
38550	-1211.949	-1431.467	219.5177	0.2822536	0.529288	0.422223	0.00647361	0.0420149	1.389118	1.455215
38556	-1228.003	-1447.518	219.5153	0.3899551	0.467214	0.503544	0.00417401	0.0250682	1.421178	1.382298
38562	-1246.846	-1465.812	218.9668	0.3397274	0.258594	0.683383	0.0240011	0.0340213	1.458336	1.783974
38568	-1240.339	-1460.289	219.9505	0.2365339	0.30575	0.448723	0.0559319	0.189595	1.453323	1.040951
38574	-1240.427	-1459.82	219.3937	0.35879	0.524487	0.361934	0.0438253	0.0697539	1.512372	1.424493
38580	-1231.433	-1450.145	218.7121	0.2994079	0.422162	0.495029	0.0377062	0.0451027	1.174687	2.159538
38586	-1224.524	-1443.341	218.8174	0.4059361	0.483437	0.473657	0.0176362	0.0252691	1.168041	2.047545
38592	-1230.067	-1449.712	219.6452	0.3434249	0.574096	0.40576	0.00922295	0.0109212	1.341103	1.370274
38598	-1227.394	-1447.007	219.613	0.3035236	0.530572	0.456837	0.00879543	0.00379569	1.467219	1.313198
38604	-1238	-1457.525	219.5253	0.2874034	0.31627	0.664706	0.00684837	0.0121756	1.467219	1.387877
38610	-1221.858	-1441.477	219.6186	0.2843461	0.579838	0.370379	0.0129694	0.0368135	1.384203	1.380598
38616	-1225.044	-1444.408	219.3644	0.2328704	0.564669	0.412454	0.0135527	0.00932386	1.163789	1.733321
38622	-1224.406	-1443.98	219.5737	0.229865	0.636761	0.321328	0.0255928	0.0163179	1.226611	1.536618
38628	-1218.186	-1437.585	219.3989	0.2490865	0.533673	0.418681	0.0263839	0.0212617	1.271927	1.633368
38634	-1224.357	-1443.895	219.538	0.2014201	0.873059	0.110429	0.0113295	0.00518271	1.291552	1.50368
38640	-1224.44	-1444.112	219.6724	0.2004864	0.752344	0.226941	0.019098	0.00161788	1.283155	1.407161
38646	-1219.573	-1439.386	219.8133	0.2100943	0.803648	0.170515	0.0238197	0.00201788	1.278001	1.305057
38652	-1226.778	-1445.911	219.1336	0.2100943	0.858722	0.113206	0.0201524	0.00791914	1.445213	1.690811
38658	-1226.168	-1445.905	219.7362	0.2100943	0.700368	0.23237	0.0174105	0.0498522	1.405701	1.263613
38664	-1219.5	-1439.09	219.5906	0.2340525	0.663674	0.240036	0.0164984	0.0797916	1.334187	1.443718
38670	-1218.382	-1437.866	219.4844	0.2424793	0.669117	0.164874	0.0360474	0.129961	1.352609	1.511168
38676	-1208.637	-1428.253	219.6162	0.2221671	0.720209	0.187442	0.021385	0.0709649	1.392037	1.376203
38682	-1216.285	-1436.224	219.9385	0.2297304	0.643746	0.230023	0.0250806	0.10115	1.429716	1.073175
38688	-1224.796	-1444.433	219.6374	0.2670245	0.453247	0.442459	0.0764624	0.0278313	1.429716	1.332965
38694	-1230.792	-1450.152	219.3597	0.2160685	0.616208	0.264426	0.0329028	0.086463	1.294915	1.639033
38700	-1250.038	-1469.222	219.1838	0.2321876	0.561826	0.299302	0.0486221	0.0902505	1.333415	1.740905
38706	-1242.063	-1460.767	218.704	0.2312348	0.548518	0.292212	0.0474704	0.111799	1.145025	2.189499
38712	-1245.398	-1464.104	218.7057	0.2712933	0.511538	0.249778	0.0677505	0.170934	1.044235	2.25373
38718	-1236.034	-1454.251	218.2171	0.2519305	0.465228	0.38555	0.0484561	0.100766	1.04489	2.563075
38724	-1230.449	-1449.72	219.2716	0.2163686	0.643404	0.225895	0.0390958	0.0916051	1.026744	1.887915
38730	-1230.513	-1449.495	218.9827	0.3954358	0.519243	0.344869	0.06848	0.0674079	1.128125	1.969997
38736	-1234.379	-1453.122	218.7434	0.3954358	0.532905	0.365335	0.0702819	0.0314778	1.279936	2.028313
38742	-1225.144	-1444.264	219.1199	0.2568853	0.538663	0.311376	0.134517	0.0154449	1.01411	2.003933
38748	-1225.68	-1444.213	218.5329	0.3925717	0.57315	0.280194	0.143129	0.00352629	1.386697	2.09837
38754	-1223.521	-1441.619	218.0983	0.4467559	0.570827	0.279058	0.142549	0.00756621	1.082529	2.539207
38760	-1222.966	-1440.477	217.5106	0.3381921	0.346534	0.48811	0.157541	0.00781495	0.7951432	3.124304
38766	-1227.158	-1444.759	217.6014	0.5037977	0.396543	0.506911	0.0847247	0.0118207	0.6445339	3.074719
38772	-1225.816	-1442.448	216.6325	0.295965	0.460616	0.462936	0.0670877	0.00935998	0.7149731	3.69898
38778	-1222.703	-1440.645	217.9424	0.3738835	0.466229	0.468339	0.0579364	0.00749594	0.9139011	2.777642
38784	-1237.5	-1456.377	218.8767	0.3650448	0.593342	0.306176	0.0955817	0.00490047	1.078057	2.089422
38790	-1235.684	-1454.425	218.7409	0.418259	0.577823	0.298168	0.11934	0.00466907	1.170421	2.089422
38796	-1244.404	-1463.228	218.8236	0.3110762	0.523858	0.328161	0.142409	0.00557162	1.01599	2.186675
38802	-1251.212	-1469.681	218.4686	0.5862679	0.447135	0.373101	0.177321	0.00244321	0.9146761	2.323676
38808	-1248.117	-1466.815	218.6977	0.5862679	0.493816	0.402908	0.100157	0.00311869	1.306369	1.917145
38814	-1239.078	-1456.777	217.6991	0.4689098	0.444047	0.468264	0.0853557	0.00233388	0.9278508	2.866248
38820	-1241.218	-1459.723	218.5044	0.3924187	0.487874	0.364762	0.0754824	0.0718813	0.9807593	2.378226
38826	-1228.042	-1447.351	219.3094	0.3220919	0.470865	0.353113	0.137942	0.0380797	1.217356	1.720244
38832	-1225.852	-1444.162	218.3108	0.4756261	0.406643	0.38332	0.1687	0.0413372	1.173646	2.330855
38838	-1223.317	-1441.497	218.1797	0.535509	0.353239	0.532231	0.0576495	0.0568807	1.033771	2.46422
38844	-1219.435	-1437.668	218.2337	0.2653097	0.484081	0.446065	0.0420992	0.0277555	1.094194	2.521392
38850	-1234.287	-1452.579	218.2917	0.3210821	0.528214	0.395355	0.0513216	0.0251092	1.022058	2.517393
38856	-1249.843	-1467.302	217.459	0.401962	0.291367	0.532967	0.033088	0.142578	1.082129	2.954835
38862	-1233.569	-1451.682	218.1132	0.245839	0.451939	0.397218	0.0620331	0.0888107	0.8917895	2.721459
38868	-1223.574	-1441.13	217.5556	0.245839	0.354816	0.53247	0.0429889	0.0697251	0.9201276	3.041695
38874	-1233.271	-1450.886	217.615	0.2677027	0.622301	0.245078	0.0855077	0.0471133	0.8595197	3.041695
38880	-1237.231	-1456.458	219.2266	0.2677027	0.687128	0.241677	0.0191736	0.0520213	0.8936219	2.012292
38886	-1238.025	-1455.939	217.9144	0.2635116	0.466039	0.430819	0.0130044	0.0901371	0.9922306	2.781169
38892	-1234.301	-1451.835	217.5341	0.3126149	0.303467	0.593448	0.0596742	0.0434114	0.9206043	3.044186
38898	-1225.006	-1443.083	218.0768	0.3037231	0.350522	0.566365	0.00910825	0.0740053	0.8867986	2.739031
38904	-1239.172	-1457.142	217.9695	0.3614361	0.216334	0.715824	0.00380125	0.0640407	1.023067	2.700026
38910	-1228.157	-1447.083	218.9266	0.3869344	0.475707	0.50532	0.00353723	0.0154358	0.9793946	2.110262
38916	-1226.61	-1445.215	218.6052	0.3199125	0.407581	0.54848	0.0151209	0.0288181	1.12969	2.251323
38922	-1231.273	-1448.588	217.3149	0.6827251	0.431146	0.494319	0.0296806	0.0448551	0.9647455	2.942721
38928	-1225.381	-1440.981	215.6007	0.5570753	0.37585	0.56372	0.0412224	0.0192076	0.8356918	4.095728
38934	-1219.829	-1437.012	217.1831	0.3911372	0.530628	0.361726	0.0761812	0.0314648	0.8567911	3.258926
38940	-1223.146	-1440.84	217.6949	0.4909095	0.501148	0.461483	0.00654043	0.0308287	1.04436	2.784983
38946	-1220.888	-1439.789	218.9006	0.3206326	0.514963	0.474205	0.00595927	0.00487264	1.021977	2.129463
38952	-1222.574	-1440.455	217.8806	0.4292877	0.537516	0.449002	0.00871041	0.00477086	0.9042735	2.792758
38958	-1231.754	-1449.581	217.8267	0.5203403	0.595001	0.37779	0.0175799	0.00962887	0.8895448	2.781026
38964	-1226.187	-1444.225	218.0381	0.3803889	0.461027	0.532034	0.00163986	0.00529875	0.8528326	2.753417
38970	-1231.883	-1449.931	218.0487	0.3470086	0.502427	0.487017	0.00178712	0.00876925	0.8666914	2.753417
38976	-1221.873	-1440.635	218.7621	0.2668837	0.509118	0.476392	0.000200834	0.014289	1.021085	2.232913
38982	-1227.774	-1447.63	219.8552	0.270582	0.581208	0.406708	0.000229271	0.0118548	1.413415	1.164195
38988	-1239.961	-1459.619	219.6577	0.3896093	0.455481	0.535667	0.00169732	0.00715454	1.561466	1.148356
38994	-1225.014	-1444.712	219.6986	0.2920396	0.459848	0.528439	0.00621853	0.00549413	1.47592	1.239529
39000	-1231.705	-1451.708	220.0035	0.2338854	0.577996	0.400357	0.00519612	0.0164509	1.513095	0.9254979
39006	-1232.736	-1452.516	219.7799	0.2125273	0.630492	0.340591	0.00632603	0.0225912	1.728286	0.9254979
39012	-1230.949	-1450.833	219.8835	0.2125273	0.576582	0.384767	0.00845541	0.0301955	1.760599	0.7571553
39018	-1231.652	-1451.366	219.7135	0.2245809	0.565651	0.384391	0.00644068	0.0435168	1.886678	0.8246305
39024	-1229.336	-1449.089	219.7538	0.2399923	0.690611	0.248148	0.00811015	0.0531303	1.958042	0.6574891
39030	-1223.567	-1443.474	219.9072	0.2719261	0.54729	0.363103	0.0118636	0.077743	1.812776	0.636344
39036	-1227.664	-1447.365	219.701	0.235696	0.724133	0.219301	0.00748901	0.0490761	2.051031	0.4901008
39042	-1236.323	-1456.182	219.8592	0.2528814	0.5176	0.347563	0.00609004	0.128747	1.816831	0.7238462
39048	-1244.005	-1463.981	219.9761	0.2385032	0.49414	0.438725	0.0224331	0.0447016	1.363197	1.10171
39054	-1234.657	-1454.42	219.763	0.3278603	0.446723	0.481579	0.0567101	0.0149883	1.475605	1.169874
39060	-1235.784	-1455.564	219.78	0.3318214	0.523163	0.417883	0.0390618	0.0198924	1.475605	1.152862
39066	-1233.415	-1453.329	219.9143	0.3318214	0.424289	0.499356	0.0605681	0.0157865	1.19473	1.27749
39072	-1228.379	-1447.775	219.3956	0.3900511	0.559991	0.330006	0.0872603	0.0227435	1.430937	1.466945
39078	-1217.436	-1436.928	219.4922	0.231779	0.618162	0.318949	0.0464145	0.016474	1.244561	1.583753
39084	-1215.366	-1434.631	219.2658	0.2019193	0.549032	0.417661	0.022545	0.0107622	1.110308	1.828402
39090	-1220.341	-1439.528	219.1864	0.2448495	0.690895	0.276675	0.0170144	0.0154157	1.206912	1.828402
39096	-1230.845	-1450.365	219.5196	0.2719146	0.236158	0.49885	0.0844281	0.180564	1.355897	1.480995
39102	-1232.212	-1451.65	219.4378	0.2022092	0.61706	0.348936	0.0318924	0.00211169	1.422548	1.480995
39108	-1234.552	-1454.108	219.5556	0.2514576	0.447831	0.471965	0.0231459	0.0570576	1.361859	1.450802
39114	-1231.193	-1450.869	219.6758	0.3343371	0.395736	0.399263	0.119524	0.0854779	1.468442	1.247042
39120	-1228.866	-1448.513	219.647	0.2703339	0.484277	0.396434	0.0344172	0.0848723	1.468442	1.293472
39126	-1239.778	-1459.332	219.5538	0.2542763	0.510964	0.342014	0.0818956	0.0651268	1.328158	1.477727
39132	-1240.06	-1459.496	219.4354	0.3553013	0.537236	0.383886	0.0637093	0.0151684	1.708657	1.235599
39138	-1236.981	-1456.573	219.5922	0.3267068	0.625998	0.295585	0.0742353	0.00418202	1.377308	1.391547
39144	-1235.167	-1454.653	219.4863	0.2564464	0.614645	0.296997	0.0846604	0.00369851	1.225552	1.6036
39150	-1244.892	-1463.71	218.8184	0.3253178	0.619665	0.299422	0.0771844	0.00372872	1.065724	2.152819
39156	-1236.296	-1454.132	217.8354	0.2921533	0.381445	0.497579	0.0892281	0.0317478	1.113078	2.751159
39162	-1263.77	-1482.263	218.4928	0.4061649	0.543386	0.353565	0.0442503	0.0587989	1.199653	2.238584
39168	-1257.116	-1475.594	218.4775	0.447615	0.526973	0.404013	0.0500009	0.0190131	1.251317	2.191108
39174	-1233.138	-1450.631	217.4934	0.5781114	0.544962	0.412328	0.033448	0.00926216	0.7347852	3.039857
39180	-1240.311	-1457.414	217.1032	0.5375113	0.460544	0.499825	0.0256041	0.0140275	0.9096245	3.193081
39186	-1232.574	-1451.586	219.0121	0.3235328	0.412078	0.517295	0.0689912	0.00163603	1.058353	2.031025
39192	-1222.792	-1440.861	218.069	0.420822	0.302977	0.673067	0.0232234	0.000732413	1.061288	2.585269
39198	-1219.815	-1437.748	217.9332	0.271674	0.394286	0.581428	0.0065889	0.0176968	1.080776	2.714725
39204	-1231.411	-1450.374	218.9628	0.2667576	0.277211	0.646586	0.0243012	0.0519017	0.989036	2.123462
39210	-1233.719	-1452.248	218.5294	0.230696	0.295685	0.661641	0.00816179	0.0345122	1.038291	2.369613
39216	-1230.409	-1449.53	219.1213	0.297127	0.499848	0.450063	0.0121519	0.0379378	1.074263	1.95611
39222	-1223.713	-1442.223	218.5104	0.2370515	0.444745	0.468772	0.0389558	0.0475268	1.064308	2.366097
39228	-1222.397	-1441.064	218.667	0.2370515	0.571222	0.33208	0.047809	0.048889	0.9744138	2.323695
39234	-1220.35	-1439.725	219.3745	0.3013982	0.414484	0.483235	0.0505694	0.0517118	1.156953	1.724224
39240	-1223.228	-1441.29	218.0622	0.4176812	0.373202	0.502041	0.0679467	0.0568102	1.220967	2.491775
39246	-1222.416	-1439.373	216.9568	0.7420193	0.507491	0.364898	0.0476784	0.0799332	0.8492252	3.188181
39252	-1228.726	-1445.827	217.1008	0.5476008	0.397493	0.52727	0.0577634	0.0174729	0.6922166	3.316828
39258	-1249.466	-1466.256	216.7895	0.4952797	0.299553	0.557666	0.0143814	0.1284	0.616516	3.574139
39264	-1242.832	-1460.01	217.1785	0.5015272	0.491047	0.406892	0.00837664	0.0936848	0.7220683	3.280972
39270	-1232.919	-1450.228	217.3093	0.3093574	0.297269	0.611882	0.0166661	0.0741826	0.6396124	3.344975
39276	-1218.126	-1436.952	218.8265	0.4467999	0.357737	0.492619	0.12207	0.0275742	1.042443	2.100236
39282	-1230.647	-1449.011	218.3639	0.2625497	0.576482	0.330043	0.0138753	0.0795999	1.068978	2.455976
39288	-1238.133	-1456.714	218.5813	0.3371852	0.591733	0.369323	0.00267467	0.0362699	1.008407	2.337605
39294	-1242.492	-1461.073	218.5814	0.2499458	0.494931	0.410463	0.0493983	0.0452076	0.8981942	2.426976
39300	-1238.015	-1456.301	218.2858	0.3540461	0.375654	0.522341	0.0676921	0.0343127	0.9768762	2.536283
39306	-1231.738	-1450.355	218.6171	0.2746465	0.349094	0.572234	0.0522643	0.0264079	1.156605	2.238017
39312	-1227.743	-1446.439	218.6959	0.386929	0.374114	0.569515	0.0404356	0.0159358	1.00818	2.241398
39318	-1228.957	-1447.239	218.2824	0.3759006	0.489921	0.4458	0.0506015	0.0136777	0.916069	2.56618
39324	-1235.973	-1454.111	218.138	0.2505053	0.630938	0.308302	0.0569481	0.00381164	0.9309748	2.68232
39330	-1223.517	-1441.929	218.4118	0.4004381	0.401159	0.483655	0.0815634	0.0336221	1.067678	2.377577
39336	-1215.655	-1434.162	218.5065	0.2975469	0.251564	0.683491	0.0206721	0.0442734	1.041088	2.377577
39342	-1221.239	-1440.173	218.9332	0.2597054	0.579887	0.316262	0.0419103	0.0619403	1.000919	2.135585
39348	-1225.691	-1444.708	219.0165	0.2575603	0.479571	0.417952	0.0206204	0.0818564	1.128582	1.996533
39354	-1216.986	-1435.054	218.0675	0.3162346	0.431329	0.43494	0.0427451	0.0909859	1.051713	2.639713
39360	-1219.046	-1437.159	218.1125	0.3253443	0.532525	0.278953	0.093221	0.0953012	1.063536	2.601497
39366	-1232.538	-1451.341	218.8021	0.5077924	0.418195	0.434694	0.0993113	0.0478004	1.227962	1.953941
39372	-1232.85	-1452.016	219.1654	0.3382258	0.431884	0.453812	0.0841248	0.0301792	1.026298	1.944111
39378	-1234.134	-1452.242	218.1078	0.3388311	0.429973	0.435751	0.0958276	0.0384487	1.017837	2.62763
39384	-1229.752	-1448.421	218.669	0.4088095	0.412765	0.56046	0.0171879	0.00958639	1.078852	2.201369
39390	-1234.358	-1452.839	218.4806	0.2494543	0.445268	0.486987	0.0434897	0.0242559	0.9147655	2.47986
39396	-1238.152	-1455.75	217.5981	0.3878496	0.496304	0.44399	0.0393914	0.0203141	0.8357584	3.026202
39402	-1248.696	-1465.684	216.9879	0.6129843	0.493394	0.422866	0.0673556	0.0163849	0.8368891	3.257882
39408	-1243.591	-1461.138	217.5468	0.3980699	0.436472	0.469925	0.0828974	0.010706	1.104265	2.890478
39414	-1229.673	-1448.083	218.4104	0.600907	0.468856	0.406139	0.122671	0.00233389	1.192947	2.172317
39420	-1236.369	-1454.503	218.1334	0.600907	0.40408	0.485635	0.105723	0.00456198	1.142128	2.382403
39426	-1249.408	-1466.241	216.8332	0.8312114	0.424301	0.509937	0.0614531	0.00430812	0.9919927	3.121145
39432	-1242.657	-1459.613	216.9561	0.7940317	0.442441	0.542209	0.0121396	0.00321033	0.9080147	3.121145
39438	-1231.37	-1449.746	218.3758	0.638225	0.441882	0.541523	0.0121242	0.00447057	0.9513985	2.324572
39444	-1229.669	-1448.907	219.2379	0.510363	0.711601	0.243801	0.0371578	0.00744002	1.238872	1.642518
39450	-1230.041	-1448.988	218.9472	0.4762852	0.31976	0.607494	0.0514568	0.0212894	1.285844	1.83724
39456	-1230.373	-1448.297	217.9244	0.3403927	0.447259	0.436646	0.0688041	0.0472909	0.934632	2.790445
39462	-1227.72	-1445.553	217.8331	0.4489685	0.487634	0.430792	0.0455091	0.0360649	0.8687926	2.832251
39468	-1240.192	-1457.669	217.4769	0.5351898	0.400057	0.352932	0.218026	0.028985	0.8549154	3.004329
39474	-1248.192	-1465.569	217.3771	0.5351898	0.450965	0.375896	0.102451	0.0706885	0.8846257	3.046285
39480	-1237.31	-1456.114	218.8044	0.3474536	0.520545	0.404866	0.0488099	0.0257786	1.123651	2.115088
39486	-1241.77	-1459.663	217.8929	0.5606978	0.433434	0.485249	0.0619699	0.0193469	1.111533	2.578421
39492	-1249.516	-1466.765	217.2488	0.3215	0.483806	0.470336	0.0067637	0.0390939	0.8903052	3.229078
39498	-1236.619	-1453.812	217.1936	0.3299281	0.54313	0.410251	0.0107479	0.0358716	0.9407136	3.229078
39504	-1233.663	-1451.402	217.7389	0.3271458	0.364142	0.58751	0.0242977	0.0240501	0.7650628	3.009941
39510	-1233.08	-1451.737	218.6573	0.3623269	0.301447	0.633241	0.0119409	0.0533711	0.852384	2.377505
39516	-1232.656	-1449.975	217.319	0.4311483	0.250465	0.662385	0.0428057	0.0443447	0.9071089	3.127981
39522	-1225.437	-1443.331	217.8933	0.5376656	0.359951	0.550346	0.052859	0.036844	0.9780846	2.675287
39528	-1220.585	-1439.696	219.1111	0.3219784	0.360448	0.559336	0.0413946	0.0388219	1.132053	1.91596
39534	-1235.982	-1452.801	216.8187	0.3712217	0.365929	0.51492	0.0736561	0.0454952	1.003469	3.396285
39540	-1241.448	-1456.824	215.3761	0.5854951	0.503519	0.391813	0.082543	0.0221251	0.7823414	4.236877
39546	-1230.729	-1447.917	217.1882	0.5674981	0.590195	0.367503	0.0375286	0.00477288	0.8826242	3.140307
39552	-1229.634	-1447.383	217.7487	0.375256	0.568784	0.354171	0.0741348	0.00291056	0.8965834	2.905065
39558	-1236.201	-1454.01	217.8084	0.4931647	0.474731	0.45013	0.061876	0.0132632	0.6577109	2.949044
39564	-1232.109	-1450.067	217.958	0.7313505	0.595132	0.35767	0.0366586	0.0105388	0.9057928	2.554086
39570	-1238.587	-1456.447	217.8599	0.5711947	0.59835	0.359604	0.0368568	0.00518981	0.9666361	2.681572
39576	-1237.897	-1456.044	218.1469	0.3177328	0.362802	0.516776	0.0315432	0.0888793	0.9759786	2.636938
39582	-1225.433	-1445.304	219.8716	0.2851984	0.551889	0.316304	0.0662489	0.0655576	1.780389	0.7522628
39588	-1242.292	-1462.173	219.8802	0.2664004	0.530255	0.303905	0.00944626	0.156393	1.586565	0.9786974
39594	-1235.512	-1455.394	219.8818	0.2790196	0.540217	0.377149	0.0292462	0.0533884	1.614633	0.9450784
39600	-1227.064	-1446.767	219.7025	0.3044256	0.692786	0.219947	0.0364662	0.0508013	1.692713	1.03783
39606	-1225.126	-1444.765	219.639	0.3224974	0.344021	0.487656	0.0568248	0.111497	1.539949	1.223752
39612	-1226.853	-1445.342	218.4889	0.2987467	0.570608	0.38687	0.0312844	0.011238	1.186389	2.296051
39618	-1237.035	-1456.086	219.0506	0.2336196	0.669655	0.29993	0.0217028	0.00871254	1.287757	1.86488
39624	-1232.707	-1451.842	219.1355	0.2509747	0.585171	0.339678	0.0244752	0.0506759	1.3125	1.790788
39630	-1246.556	-1466.117	219.5605	0.3033117	0.441179	0.357168	0.0766679	0.124986	1.575589	1.267662
39636	-1241.85	-1461.764	219.9138	0.2135941	0.630007	0.269605	0.0238649	0.0765236	1.619847	0.8979734
39642	-1233.947	-1453.565	219.6182	0.2272775	0.789489	0.162401	0.0198267	0.0282832	1.57592	1.226686
39648	-1226.467	-1446.242	219.7749	0.2366076	0.616884	0.276034	0.0258439	0.0812381	1.642041	1.028258
39654	-1228.869	-1448.728	219.859	0.3058274	0.546124	0.408742	0.0134483	0.0316851	1.436684	1.129654
39660	-1223.979	-1443.398	219.4196	0.3009697	0.507448	0.389304	0.0225264	0.0807211	1.486722	1.450378
39666	-1224.682	-1444.479	219.7964	0.3106381	0.352598	0.520943	0.0428886	0.0835706	1.635213	0.9991585
39672	-1225.258	-1444.829	219.5717	0.2687928	0.394846	0.506438	0.0475023	0.0512135	1.821765	1.050582
39678	-1224.016	-1443.275	219.2592	0.3525432	0.397283	0.469147	0.0440045	0.0895647	1.54664	1.503953
39684	-1229.786	-1449.074	219.2882	0.2638901	0.548479	0.355474	0.0405325	0.0555144	1.268055	1.714444
39690	-1231.877	-1451.378	219.5004	0.2992625	0.566263	0.346239	0.0150754	0.0724229	1.607428	1.292252
39696	-1228.944	-1448.59	219.6462	0.2925685	0.61014	0.341951	0.0342813	0.0136276	1.591927	1.185197
39702	-1230.218	-1449.926	219.7085	0.2599248	0.569657	0.405536	0.0129339	0.0118733	1.710488	1.027177
39708	-1232.213	-1450.984	218.7713	0.3897697	0.540025	0.429296	0.0152503	0.0154292	1.139926	2.105312
39714	-1233.913	-1452.357	218.4439	0.344071	0.345612	0.630422	0.00491116	0.019054	0.9264269	2.473277
39720	-1231.32	-1449.444	218.124	0.4461201	0.4425	0.519112	0.0230802	0.0153083	0.9764759	2.589496
39726	-1227.893	-1446.641	218.7474	0.2527467	0.486766	0.463998	0.0328739	0.0163625	1.175705	2.142989
39732	-1231.895	-1450.176	218.2814	0.7555521	0.457679	0.486757	0.0424125	0.0131515	1.066557	2.231726
39738	-1237.678	-1456.196	218.5182	0.5692512	0.465683	0.495269	0.0242431	0.0148049	1.128756	2.165472
39744	-1226.108	-1445.195	219.0869	0.4908848	0.423494	0.535403	0.00832621	0.0327766	1.055524	1.889371
39750	-1241.517	-1459.65	218.1329	0.3614537	0.269552	0.701136	0.0248277	0.00448481	1.007704	2.608816
39756	-1225.677	-1444.479	218.8023	0.425803	0.385892	0.604424	0.00588128	0.00380295	1.119931	2.077815
39762	-1226.849	-1445.91	219.0607	0.3519905	0.556639	0.434574	0.00509102	0.00369603	1.145891	1.927933
39768	-1234.289	-1453.858	219.5689	0.2478789	0.578064	0.404074	0.0122186	0.00564309	1.108376	1.62869
39774	-1230.496	-1449.482	218.9858	0.2836231	0.571449	0.417343	0.00562935	0.00557851	1.094125	2.036504
39780	-1224.59	-1443.389	218.7992	0.2573693	0.599199	0.382741	0.00244344	0.0156162	1.145611	2.128735
39786	-1233.032	-1452.011	218.9795	0.3596135	0.582404	0.38937	0.00162558	0.0265999	1.440496	1.778116
39792	-1236.906	-1455.568	218.6624	0.3189854	0.562105	0.408961	0.0117305	0.0172041	1.094139	2.237688
39798	-1242.466	-1460.941	218.4747	0.3402791	0.406234	0.558298	0.0135927	0.0218761	0.9988482	2.409931
39804	-1243.001	-1461.73	218.7286	0.4165816	0.489956	0.427391	0.0463986	0.0362541	1.234186	2.056432
39810	-1230.3	-1449.65	219.3496	0.3495445	0.471782	0.411537	0.0404308	0.0762505	1.234186	1.667647
39816	-1224.921	-1444.239	219.3181	0.4433563	0.56749	0.347787	0.046838	0.0378848	1.27658	1.604278
39822	-1220.666	-1440.177	219.5108	0.2570334	0.43326	0.425294	0.0522645	0.089181	1.132195	1.653218
39828	-1219.177	-1439.015	219.8375	0.2388513	0.579731	0.354141	0.00357311	0.0625542	1.388959	1.201572
39834	-1214.365	-1433.962	219.5969	0.3725478	0.466985	0.481988	0.0113405	0.0396871	1.527352	1.24161
39840	-1222.125	-1441.799	219.674	0.3052878	0.620598	0.316453	0.0214871	0.0414622	1.416675	1.304115
39846	-1219.131	-1439.061	219.9306	0.2848007	0.651079	0.257161	0.0507267	0.0410338	1.303567	1.190951
39852	-1227.395	-1447.325	219.9298	0.2530071	0.689648	0.225216	0.0416709	0.0434646	1.297965	1.201267
39858	-1222.616	-1442.078	219.4626	0.2581143	0.566858	0.37224	0.0095665	0.0513353	1.300654	1.565967
39864	-1223.591	-1442.978	219.3869	0.2412935	0.556277	0.390387	0.00218508	0.0511503	1.28952	1.628886
39870	-1217.193	-1436.741	219.5479	0.2797063	0.61135	0.330034	0.00240141	0.0562143	1.629048	1.240873
39876	-1210.827	-1430.385	219.5582	0.2797063	0.591396	0.33632	0.0149995	0.057285	1.629048	1.232228
39882	-1221.306	-1441.184	219.8779	0.2797063	0.532828	0.358789	0.0424238	0.0659593	1.492832	1.069739
39888	-1223.158	-1442.923	219.7649	0.2812104	0.650511	0.268472	0.0421985	0.0388188	1.433323	1.222551
39894	-1230.212	-1449.87	219.6583	0.2788505	0.58088	0.348966	0.0548506	0.0153032	1.388889	1.346838
39900	-1232.165	-1451.931	219.7656	0.2994555	0.483647	0.446392	0.0456692	0.0242923	1.436154	1.214026
39906	-1245.869	-1465.09	219.2212	0.4608622	0.519209	0.441502	0.00583696	0.0334521	1.316387	1.633645
39912	-1228.273	-1447.064	218.7916	0.5217254	0.432839	0.543404	0.00169941	0.0220584	1.175541	1.986752
39918	-1227.97	-1446.864	218.8943	0.2885394	0.395179	0.595239	0.00498471	0.00459764	1.180836	2.038629
39924	-1237.11	-1455.247	218.137	0.5051389	0.403285	0.58805	0.00412284	0.00454211	0.9997057	2.531432
39930	-1226.406	-1444.34	217.9342	0.5237106	0.358596	0.615945	0.0207018	0.00475757	1.016451	2.635199
39936	-1223.59	-1443.041	219.4511	0.2924733	0.562372	0.415563	0.013967	0.0080976	1.333404	1.544417
39942	-1232.737	-1452.03	219.2933	0.3095601	0.529592	0.39134	0.0520377	0.0270307	1.322396	1.661729
39948	-1231.331	-1450.731	219.4004	0.3554269	0.526306	0.394074	0.0524012	0.0272195	1.181289	1.666249
39954	-1226.584	-1446.14	219.5556	0.2647862	0.412396	0.510996	0.0456365	0.0309722	1.385566	1.431931
39960	-1214.503	-1434.092	219.5896	0.3320919	0.548542	0.386634	0.0278633	0.0369608	1.337324	1.422067
39966	-1217.469	-1436.708	219.2387	0.4135384	0.490435	0.417681	0.0528363	0.0390477	1.349867	1.628096
39972	-1225.617	-1445.025	219.408	0.3714786	0.490951	0.43487	0.0184959	0.0556831	1.179305	1.653846
39978	-1218.106	-1437.197	219.0909	0.3082434	0.435685	0.50307	0.0111572	0.0500878	1.33604	1.795044
39984	-1223.897	-1443.385	219.4879	0.3043357	0.49775	0.375628	0.0141203	0.112502	1.301309	1.537286
39990	-1235.316	-1454.801	219.4849	0.2621843	0.558297	0.381621	0.00836289	0.0517188	1.372583	1.4957
39996	-1243.966	-1464.024	220.0579	0.2621843	0.384204	0.379893	0.188074	0.0478281	1.540047	0.8324833
40002	-1221.73	-1441.687	219.9568	0.4039893	0.603358	0.329089	0.0580303	0.00952284	1.576099	0.8126244
40008	-1216.327	-1436.067	219.7398	0.4164814	0.381501	0.55471	0.0576067	0.00618287	1.583589	1.030985
40014	-1217.865	-1437.615	219.7507	0.4497327	0.452859	0.497835	0.0445094	0.00479597	1.577418	0.996491
40020	-1227.857	-1447.776	219.9189	0.2619027	0.696047	0.25868	0.0410543	0.00421845	1.497168	1.029836
40026	-1225.866	-1445.601	219.7348	0.2619027	0.646496	0.285116	0.0364697	0.0319179	1.615547	1.09204
40032	-1224.039	-1443.979	219.9401	0.3121227	0.486658	0.449423	0.0269296	0.0369895	1.567914	0.9185132
40038	-1224.174	-1443.984	219.8105	0.287474	0.680735	0.287306	0.0225642	0.00939454	1.912292	0.6191702
40044	-1227.413	-1447.248	219.8354	0.2854331	0.684448	0.255125	0.0496144	0.0108134	1.912292	0.487941
40050	-1231.197	-1450.948	219.7507	0.2954116	0.481196	0.449919	0.0240385	0.0448465	1.993707	0.504612
40056	-1220.803	-1440.513	219.7095	0.2349479	0.742562	0.166179	0.0220543	0.0692053	2.039792	0.4632159
40062	-1237.836	-1457.536	219.7005	0.242599	0.548917	0.291178	0.0386435	0.121261	2.039792	0.4237166
40068	-1231.906	-1451.522	219.6156	0.2204158	0.602865	0.242058	0.054271	0.100805	2.111925	0.406799
40074	-1227.298	-1446.824	219.5265	0.3254828	0.51299	0.358543	0.0626734	0.0657936	2.203209	0.5036825
40080	-1224.624	-1444.134	219.5099	0.243333	0.673737	0.221475	0.0511213	0.0536663	2.203209	0.3712255
40086	-1229.155	-1448.665	219.51	0.2595187	0.634922	0.256111	0.0469077	0.0620591	2.203209	0.3712255
40092	-1227.661	-1447.12	219.4593	0.292312	0.71028	0.226856	0.0281408	0.0347232	2.246055	0.3712255
40098	-1232.863	-1452.318	219.4545	0.273026	0.595537	0.320728	0.0491959	0.0345384	2.246055	0.3571347
40104	-1234.862	-1454.158	219.2963	0.210282	0.741603	0.225692	0.00839993	0.0243042	2.395066	0.3571347
40110	-1245.691	-1465.144	219.4539	0.210282	0.773475	0.196078	0.0119392	0.018508	2.256938	0.385126
40116	-1226.379	-1445.894	219.5148	0.2515006	0.771305	0.195528	0.0119057	0.0212617	2.20888	0.3872153
40122	-1220.241	-1439.953	219.7126	0.3042943	0.689888	0.27026	0.0164562	0.0233958	1.99852	0.631489
40128	-1222.886	-1442.633	219.7472	0.2819272	0.603549	0.318737	0.0346912	0.0430223	1.989745	0.5819946
40134	-1223.226	-1443.114	219.888	0.3070919	0.694976	0.266506	0.0233221	0.0151953	1.819169	0.637683
40140	-1227.165	-1447.021	219.8559	0.3070919	0.686727	0.263343	0.0230453	0.0268844	1.819169	0.7012774
40146	-1224.395	-1444.188	219.7937	0.2559467	0.570125	0.372204	0.0354342	0.0222372	1.95069	0.5712535
40152	-1236.503	-1456.271	219.7674	0.2755629	0.673481	0.249404	0.0508462	0.0262685	1.974108	0.5712535
40158	-1228.092	-1447.892	219.7998	0.1996461	0.753968	0.196433	0.0398454	0.00975341	1.909342	0.6209554
40164	-1230.949	-1450.745	219.7954	0.197567	0.839395	0.120814	0.00604574	0.0337448	1.918998	0.601565
40170	-1247.882	-1467.639	219.7564	0.246896	0.649887	0.246044	0.0362234	0.0678454	1.986286	0.5777112
40176	-1234.914	-1454.606	219.6916	0.246896	0.716695	0.20155	0.0296728	0.0520823	2.053626	0.5678059
40182	-1230.991	-1449.032	218.0417	0.548073	0.520728	0.229786	0.236159	0.0133266	1.001792	2.562322
40188	-1235.232	-1453.676	218.4437	0.4834974	0.562469	0.282786	0.126055	0.0286905	1.000916	2.351267
40194	-1235.696	-1453.564	217.868	0.8113024	0.600625	0.218207	0.147718	0.0334492	1.057526	2.462984
40200	-1243.152	-1460.244	217.0919	0.8296768	0.5302	0.442266	0.00815929	0.0193741	0.9135127	3.01447
40206	-1225.376	-1441.148	215.7728	1.027609	0.580943	0.395232	0.0065112	0.0173136	0.7752919	3.751746
40212	-1233.355	-1450.076	216.7211	1.026115	0.605753	0.327291	0.0362779	0.0306786	0.5071958	3.356749
40218	-1242.729	-1460.394	217.6653	1.088321	0.62541	0.280009	0.0764222	0.0181587	0.8278221	2.557833
40224	-1227.023	-1443.814	216.7904	1.464239	0.579782	0.297918	0.109929	0.0123711	0.709113	2.953093
40230	-1220.417	-1436.212	215.7947	1.487639	0.656134	0.265905	0.0701942	0.00776676	0.6287419	3.576761
40236	-1218.462	-1436.296	217.8339	1.075574	0.556776	0.377068	0.0595648	0.00659065	0.8510769	2.4457
40242	-1216.973	-1434.088	217.1158	1.273049	0.550517	0.372829	0.0497399	0.0269145	0.9211866	2.731015
40248	-1221.962	-1440.583	218.6212	0.6864584	0.561121	0.304558	0.0976786	0.036642	1.187142	1.977698
40254	-1223.242	-1442.279	219.0371	0.6058973	0.345881	0.507032	0.106963	0.0401247	1.045285	1.84985
40260	-1206.654	-1425.927	219.2722	0.3859383	0.337061	0.580514	0.0477104	0.0347139	1.214861	1.71702
40266	-1211.284	-1429.858	218.5742	0.5375644	0.404174	0.529906	0.0458025	0.0201167	1.162722	2.128158
40272	-1216.381	-1434.95	218.5697	0.5099185	0.443511	0.496773	0.0276236	0.0320914	1.195205	2.128158
40278	-1219.53	-1438.642	219.1119	0.3912388	0.513945	0.413539	0.0292631	0.0432522	1.209966	1.829114
40284	-1222.992	-1442.245	219.2531	0.304469	0.39515	0.47544	0.0760641	0.0533463	1.447643	1.602181
40290	-1223.898	-1443.752	219.8533	0.304469	0.586332	0.259948	0.106407	0.0473136	1.482073	1.094173
40296	-1224.515	-1444.338	219.8233	0.2956272	0.614369	0.272378	0.0636777	0.049576	1.67482	0.9372876
40302	-1220.716	-1440.653	219.9375	0.2635367	0.471743	0.443688	0.051509	0.0330601	1.407728	1.096494
40308	-1230.336	-1449.888	219.5514	0.3968791	0.493597	0.397878	0.0693091	0.0392164	1.463604	1.315359
40314	-1238.519	-1458.258	219.7386	0.2670157	0.486501	0.392022	0.0714849	0.0499913	1.356227	1.31071
40320	-1228.824	-1448.388	219.5632	0.3430214	0.504678	0.406669	0.0367932	0.0518591	1.421695	1.371536
40326	-1235.957	-1455.773	219.8157	0.2607474	0.628235	0.29793	0.0458009	0.0280341	1.516431	1.108807
40332	-1238.638	-1457.947	219.3088	0.243834	0.496241	0.405958	0.0487561	0.0490445	1.157235	1.778008
40338	-1242.739	-1460.232	217.493	0.5231804	0.371898	0.56466	0.0266872	0.0367554	1.019813	2.90273
40344	-1235.069	-1453.197	218.1286	0.5185678	0.440015	0.538708	0.00729978	0.0139775	1.006435	2.524072
40350	-1227.348	-1445.125	217.7771	0.482277	0.554992	0.424913	0.00888474	0.0112106	0.9373587	2.80525
40356	-1222.434	-1439.389	216.9547	0.5806637	0.577337	0.413311	0.00413497	0.00521741	0.7529863	3.346842
40362	-1211.915	-1429.125	217.2102	0.6088513	0.584904	0.408192	0.00161803	0.0052858	0.770657	3.168029
40368	-1226.137	-1443.082	216.9456	0.7213915	0.582069	0.406214	0.006457	0.00526018	0.9305485	3.159509
40374	-1223.706	-1440.6	216.8937	0.3118137	0.469566	0.504317	0.0228098	0.00330744	0.9366342	3.41383
40380	-1225.798	-1443.889	218.0911	0.28349	0.430915	0.536257	0.0223185	0.0105101	1.028667	2.647837
40386	-1228.691	-1447.573	218.8816	0.2305207	0.296938	0.69104	0.00477993	0.00724238	1.027749	2.150198
40392	-1211.951	-1430.071	218.1203	0.3338682	0.424652	0.542445	0.0229579	0.00994534	0.9739362	2.648882
40398	-1215.791	-1433.755	217.9638	0.3510602	0.484132	0.486847	0.0190151	0.0100063	0.9672975	2.742166
40404	-1225.291	-1443.376	218.0859	0.4638812	0.422615	0.549233	0.0184713	0.00968049	1.177671	2.477414
40410	-1227.88	-1447.064	219.184	0.3043507	0.505063	0.482021	0.00830109	0.00461519	1.196173	1.828573
40416	-1236.689	-1454.821	218.1317	0.3045059	0.303286	0.614621	0.0747354	0.00735823	0.9780247	2.649104
40422	-1236.806	-1455.362	218.5563	0.454219	0.370128	0.547683	0.0759866	0.00620251	1.013613	2.289383
40428	-1226.62	-1446.243	219.6231	0.2726324	0.502342	0.358824	0.10313	0.035704	1.168671	1.543378
40434	-1217.895	-1437.422	219.5275	0.356325	0.404508	0.495699	0.0830447	0.0167483	1.281589	1.499515
40440	-1238.292	-1457.103	218.8109	0.3876756	0.326994	0.586666	0.0671313	0.0192083	1.263306	1.998708
40446	-1228.166	-1447.124	218.9573	0.2512848	0.303743	0.58825	0.0623578	0.0456493	1.087819	2.062964
40452	-1237.081	-1455.44	218.3583	0.2974128	0.46984	0.435837	0.0237112	0.070612	1.088153	2.441467
40458	-1223.228	-1442.281	219.0529	0.3422508	0.478481	0.443853	0.0241473	0.0535179	1.393466	1.768064
40464	-1230.241	-1448.941	218.6996	0.350641	0.410556	0.51926	0.0282497	0.0419337	1.204965	2.129002
40470	-1246.883	-1464.887	218.0042	0.2835599	0.387341	0.475769	0.0809472	0.0559419	0.9513883	2.74863
40476	-1233.098	-1451.361	218.2639	0.301438	0.511553	0.420723	0.0400478	0.0276767	0.8805476	2.628516
40482	-1240.15	-1457.92	217.7707	0.3157701	0.536075	0.384999	0.0444843	0.0344414	0.8805476	2.925168
40488	-1237.371	-1455.179	217.8078	0.4472021	0.492543	0.363777	0.100096	0.0435844	0.9197854	2.817615
40494	-1237.452	-1454.474	217.0224	0.2904667	0.544757	0.322515	0.0919082	0.0408195	0.9757722	3.32071
40500	-1247.731	-1465.132	217.4006	0.2688055	0.474834	0.40339	0.0512761	0.0705	0.7286779	3.246863
40506	-1233.147	-1450.898	217.7512	0.312106	0.252239	0.664339	0.0646409	0.018781	0.7415183	3.021538
40512	-1240.239	-1458.239	218.0008	0.2847921	0.512194	0.438437	0.0397188	0.00964976	1.111247	2.652404
40518	-1240.277	-1459.129	218.8524	0.3165811	0.452946	0.371817	0.149663	0.0255741	1.195308	2.048581
40524	-1240.294	-1459.258	218.9642	0.3165811	0.486003	0.484097	0.0233393	0.00656076	1.140486	2.010826
40530	-1234.491	-1453.132	218.6408	0.388273	0.49093	0.479622	0.0267363	0.00271201	1.086267	2.225849
40536	-1243.865	-1462.938	219.073	0.3004768	0.482307	0.382961	0.0388481	0.0958838	1.208573	1.897143
40542	-1243.593	-1462.345	218.7523	0.3004768	0.475681	0.377699	0.0143825	0.132238	1.062801	2.205739
40548	-1247.979	-1467.286	219.3069	0.2743565	0.394786	0.526994	0.0196519	0.0585678	1.177214	1.763786
40554	-1256.641	-1475.903	219.2625	0.26952	0.564311	0.35297	0.0324453	0.0502734	1.197007	1.781611
40560	-1253.1	-1472.804	219.7041	0.2859817	0.349344	0.525812	0.0823164	0.0425269	1.255879	1.413522
40566	-1249.333	-1469.428	220.0944	0.2511982	0.699198	0.265697	0.0309838	0.00412081	1.547141	0.7756896
40572	-1241.148	-1461.054	219.9057	0.2357389	0.752613	0.19529	0.0442156	0.00788119	1.811539	0.6441861
40578	-1245.293	-1465.212	219.9191	0.198825	0.56755	0.339071	0.0708778	0.0225012	1.77968	0.6441861
40584	-1232.5	-1451.832	219.3316	0.2857208	0.64407	0.283318	0.0530616	0.0195506	1.342669	1.626643
40590	-1244.971	-1464.767	219.7965	0.2130917	0.725333	0.233222	0.0166841	0.0247601	1.945909	0.5267864
40596	-1241.49	-1461.206	219.7156	0.3367555	0.601607	0.352442	0.036537	0.00941333	2.007137	0.508746
40602	-1251.585	-1471.21	219.6244	0.2693939	0.590853	0.337248	0.0639652	0.00793321	1.514691	1.274247
40608	-1235.82	-1455.787	219.9668	0.3165356	0.382688	0.546194	0.066222	0.00489659	1.664085	0.7635653
40614	-1230.726	-1450.687	219.961	0.2898301	0.402773	0.577466	0.0146074	0.0051536	1.62067	0.8444188
40620	-1234.045	-1453.854	219.8088	0.317882	0.411932	0.559339	0.0156026	0.0131263	1.813211	0.7751877
40626	-1238.834	-1458.791	219.9563	0.2999781	0.56242	0.341241	0.0686875	0.0276512	1.691247	0.7507217
40632	-1226.05	-1445.79	219.7404	0.2914249	0.513226	0.450033	0.0222988	0.0144422	1.679086	1.019439
40638	-1231.434	-1451.101	219.6671	0.2490569	0.640874	0.314403	0.0346332	0.0100896	1.297081	1.414856
40644	-1240.08	-1459.393	219.3121	0.2545301	0.606186	0.322676	0.0080811	0.063056	1.130127	1.794744
40650	-1248.674	-1467.066	218.3922	0.2836533	0.554185	0.416361	0.0182942	0.01116	2.770394	0.1337903
40656	-1233.09	-1451.691	218.6001	0.3877845	0.453436	0.504529	0.0221682	0.0198666	2.707683	0.1810095
40662	-1226.064	-1444.608	218.5446	0.3082639	0.517003	0.433027	0.0329188	0.0170511	2.754436	0.1647348
40668	-1230.001	-1448.227	218.2256	0.2972504	0.563328	0.324008	0.0484827	0.0641813	2.874935	0.1238698
40674	-1227.999	-1446.149	218.1501	0.2854932	0.536039	0.308312	0.113776	0.0418735	2.874935	0.1115995
40680	-1230.804	-1448.853	218.0487	0.268724	0.483462	0.43009	0.0661716	0.0202764	2.943386	0.106408
40686	-1232.384	-1450.39	218.0056	0.2734285	0.479581	0.426639	0.055652	0.0381281	3.007717	0.1094652
40692	-1246.466	-1464.243	217.7767	0.3050915	0.530398	0.412308	0.0440949	0.0131988	3.068418	0.08996111
40698	-1250.131	-1467.796	217.6651	0.2476579	0.631116	0.291891	0.0675074	0.00948574	3.068418	0.07742407
40704	-1239.731	-1457.424	217.6934	0.3451857	0.362385	0.492657	0.0642182	0.0807397	3.068418	0.08361412
40710	-1238.061	-1455.248	217.1867	0.2872338	0.436136	0.482213	0.0628568	0.0187945	3.260809	0.0560834
40716	-1244.242	-1461.644	217.4026	0.4248182	0.333646	0.601977	0.0606616	0.00371588	3.260809	0.08015947
40722	-1238.005	-1455.376	217.3711	0.391985	0.445539	0.437484	0.0911539	0.0258231	3.260809	0.07469671
40728	-1234.316	-1452.031	217.7148	0.3281759	0.488144	0.416874	0.0473033	0.0476784	3.10517	0.08854047
40734	-1239.247	-1457.372	218.1241	0.3044913	0.252277	0.705521	0.0146911	0.0275103	0.8961642	2.704095
40740	-1239.841	-1459.332	219.4914	0.344587	0.294551	0.684895	0.00843248	0.0121213	1.313667	1.508578
40746	-1244.23	-1463.084	218.8537	0.3464074	0.203444	0.677065	0.0083323	0.111159	1.015713	2.153811
40752	-1237.972	-1454.855	216.883	0.4409183	0.360359	0.501574	0.00594945	0.132117	0.9845938	3.3348
40758	-1235.244	-1453.012	217.7679	0.550846	0.308057	0.587035	0.0477975	0.0571108	1.163221	2.630133
40764	-1237.568	-1455.387	217.8185	0.4738441	0.280186	0.645139	0.0355277	0.0391465	0.8649545	2.829059
40770	-1233.661	-1450.042	216.3806	0.4328795	0.306162	0.614628	0.0419147	0.0372951	0.8770974	3.694648
40776	-1241.776	-1458.248	216.472	0.3335024	0.359526	0.566397	0.0361679	0.0379089	0.8637322	3.694648
40782	-1228.408	-1445.955	217.5468	0.3335024	0.285433	0.640373	0.038094	0.0360997	0.9330319	3.022139
40788	-1234.59	-1452.218	217.6274	0.3347588	0.477795	0.418948	0.0742565	0.0289999	0.9511449	2.96238
40794	-1226.44	-1444.089	217.6492	0.3298281	0.39185	0.495333	0.0877953	0.0250212	0.9749039	2.936745
40800	-1236.209	-1453.403	217.1936	0.3325297	0.431597	0.419711	0.122472	0.0262202	0.849845	3.281814
40806	-1247.705	-1464.36	216.6544	0.483462	0.463308	0.29502	0.190454	0.0512175	0.7292818	3.593888
40812	-1259.364	-1475.634	216.27	0.483462	0.362756	0.517808	0.0793338	0.0401018	1.114639	3.593328
40818	-1247.61	-1465.08	217.4699	0.3583043	0.293061	0.625165	0.0358544	0.0459196	0.9327545	3.05843
40824	-1239.14	-1456.949	217.8089	0.3485513	0.31393	0.635004	0.00442329	0.0466423	0.8623988	2.901106
40830	-1241.044	-1457.765	216.7213	0.2551505	0.29074	0.56734	0.0600993	0.0818213	0.654131	3.688264
40836	-1241.018	-1457.629	216.6112	0.3460795	0.37586	0.481698	0.0603201	0.082122	0.7274977	3.688264
40842	-1230.85	-1448.207	217.3572	0.2153342	0.433889	0.403578	0.0621368	0.100396	0.548923	3.374087
40848	-1224.941	-1443.338	218.3964	0.2536238	0.449389	0.350611	0.0504034	0.149597	0.6617635	2.688926
40854	-1230.477	-1448.002	217.5242	0.2116606	0.224026	0.458337	0.059991	0.257646	0.7738635	3.141357
40860	-1225.764	-1443.542	217.7782	0.3252549	0.458628	0.459552	0.0563023	0.0255176	0.5999551	3.085802
40866	-1230.343	-1447.516	217.1731	0.51839	0.414711	0.526379	0.0466342	0.0122756	0.8442638	3.20194
40872	-1225.612	-1443.549	217.9371	0.3054246	0.493036	0.46732	0.0140384	0.0256059	0.7934374	2.880335
40878	-1222.196	-1440.191	217.9957	0.257306	0.684532	0.259558	0.00760332	0.0483063	0.7833833	2.859107
40884	-1235.91	-1454.088	218.1781	0.2921339	0.254672	0.607783	0.0662425	0.0713018	0.9127103	2.6639
40890	-1238.349	-1457.34	218.9906	0.4110461	0.387571	0.571887	0.0335841	0.00695816	1.020024	2.028001
40896	-1245.744	-1465.025	219.2806	0.2867761	0.385809	0.569286	0.0334314	0.0114737	1.086135	1.842556
40902	-1244.753	-1464.142	219.389	0.2682474	0.608319	0.320667	0.0528693	0.0181448	1.081235	1.774274
40908	-1247.43	-1465.59	218.1603	0.5151767	0.487756	0.409792	0.0762744	0.0261774	1.057567	2.474407
40914	-1240.458	-1457.789	217.3312	0.3866514	0.398175	0.54131	0.0431445	0.0173701	0.9116629	3.140796
40920	-1233.455	-1453.206	219.7508	0.3579585	0.388872	0.543512	0.0243868	0.0432292	1.575765	1.072766
40926	-1229.569	-1448.774	219.2047	0.3787924	0.496988	0.474645	0.00719511	0.0211719	1.576541	1.5078
40932	-1230.435	-1449.08	218.6443	0.264546	0.488337	0.446494	0.0318839	0.0332856	1.168639	2.213936
40938	-1227.033	-1446.38	219.3466	0.2926543	0.465694	0.482076	0.0456537	0.00657614	1.110479	1.778723
40944	-1232.566	-1451.261	218.6952	0.3450219	0.599776	0.367596	0.0283556	0.00427292	1.180642	2.150216
40950	-1239.335	-1457.615	218.2797	0.3536987	0.340516	0.560496	0.0626931	0.0362949	1.045323	2.497584
40956	-1247.992	-1466.28	218.2881	0.3864538	0.40799	0.36086	0.146397	0.0847534	1.159074	2.4053
40962	-1239.303	-1457.278	217.9753	0.4355632	0.368035	0.544692	0.0694639	0.0178089	1.00613	2.668978
40968	-1233.929	-1452.714	218.7854	0.3271526	0.364045	0.519695	0.0849561	0.0313031	1.127329	2.133475
40974	-1228.448	-1447.347	218.899	0.2831966	0.407885	0.479497	0.0751023	0.0375158	1.033685	2.133475
40980	-1236.998	-1455.095	218.0967	0.2831966	0.495868	0.346902	0.0422496	0.114981	1.133992	2.579314
40986	-1228.391	-1446.123	217.7329	0.2831966	0.446881	0.460397	0.0249153	0.0678063	0.8933474	2.948408
40992	-1236.721	-1453.541	216.8206	0.3572639	0.475323	0.452605	0.0265011	0.0455711	0.8978059	3.46304
40998	-1242.926	-1459.51	216.5831	0.4085411	0.408432	0.532878	0.0497123	0.008977	0.7931271	3.638531
41004	-1246.805	-1466.662	219.8575	0.3035164	0.44458	0.5169	0.0327051	0.00581518	1.530794	1.044865
41010	-1240.397	-1459.984	219.5865	0.257544	0.506458	0.364038	0.0409934	0.0885105	1.365797	1.423957
41016	-1238.73	-1458.368	219.6373	0.2821793	0.477586	0.409574	0.0357186	0.0771214	1.310331	1.423957
41022	-1248.387	-1468.137	219.7504	0.3208255	0.446637	0.453513	0.0283891	0.0714605	1.462057	1.195964
41028	-1247.02	-1466.451	219.4308	0.2863048	0.314899	0.556192	0.0412695	0.0876397	1.520797	1.419923
41034	-1250.497	-1470.352	219.8541	0.2863048	0.617607	0.314497	0.0639975	0.00389829	1.297123	1.260573
41040	-1246.444	-1465.879	219.4345	0.2613245	0.622497	0.311586	0.0645042	0.00141268	1.343809	1.554648
41046	-1238.663	-1458.157	219.4935	0.3190018	0.403819	0.485928	0.103779	0.00647418	1.330453	1.505956
41052	-1244.268	-1463.487	219.219	0.3687579	0.534103	0.373954	0.0754221	0.0165207	1.234068	1.750306
41058	-1227.453	-1446.737	219.2838	0.3136531	0.433045	0.540466	0.016316	0.0101733	1.204612	1.750306
41064	-1232.569	-1452.224	219.6552	0.2763403	0.42325	0.561511	0.00536275	0.00987595	1.206742	1.490411
41070	-1227.739	-1446.801	219.0622	0.3320234	0.341066	0.622713	0.0155514	0.0206704	1.197751	1.900606
41076	-1222.756	-1441.542	218.7862	0.3663958	0.504778	0.455331	0.0247773	0.0151143	1.007429	2.193851
41082	-1220.33	-1439.95	219.6192	0.3460561	0.495138	0.459076	0.00904092	0.0367456	1.429071	1.319494
41088	-1232.212	-1451.706	219.4945	0.3873733	0.471449	0.493143	0.00432693	0.0310808	1.445694	1.381008
41094	-1219.938	-1439.476	219.5378	0.2901838	0.57578	0.405947	0.00413697	0.0141359	1.445694	1.39413
41100	-1221.077	-1440.428	219.3509	0.2548692	0.616052	0.309151	0.0118283	0.0629689	1.376794	1.592136
41106	-1216.237	-1435.81	219.5728	0.2548692	0.679599	0.282332	0.0254471	0.0126219	1.356488	1.441735
41112	-1231.115	-1450.665	219.5501	0.2550064	0.490728	0.43124	0.057326	0.0207061	1.469152	1.371917
41118	-1236.232	-1455	218.7685	0.3040969	0.55062	0.345095	0.0572505	0.0470341	1.249901	2.072027
41124	-1227.069	-1445.653	218.5836	0.2755224	0.43734	0.466769	0.0454722	0.0504181	1.08037	2.30819
41130	-1226.77	-1445.836	219.0654	0.3308757	0.457022	0.457996	0.0802136	0.00476921	1.336682	1.803746
41136	-1224.928	-1442.381	217.4531	0.7737838	0.420022	0.498543	0.0666672	0.0147674	1.092458	2.722754
41142	-1221.401	-1439.756	218.3553	0.7737838	0.445958	0.474896	0.0312794	0.0478666	1.080731	2.16231
41148	-1224.901	-1443.726	218.825	0.7650357	0.783871	0.123509	0.0532243	0.0393954	0.9604994	1.93725
41154	-1228.85	-1446.552	217.7017	1.614762	0.752128	0.118508	0.116572	0.0127926	1.244223	1.961003
41160	-1230.909	-1448.367	217.4582	1.460436	0.731727	0.13568	0.119482	0.0131119	0.996195	2.366596
41166	-1236.542	-1453.383	216.841	1.460436	0.683586	0.0737254	0.135874	0.106815	1.095735	2.689322
41172	-1237.852	-1457.66	219.8083	0.3510951	0.483119	0.405341	0.0782677	0.0332726	1.713668	0.8762812
41178	-1235.767	-1455.594	219.8262	0.271578	0.49593	0.399154	0.0546753	0.0502411	1.726871	0.8844916
41184	-1241.185	-1460.883	219.6987	0.3265354	0.561557	0.319643	0.0619105	0.0568896	1.659941	1.061792
41190	-1232.97	-1452.623	219.6535	0.3265354	0.595717	0.311704	0.0784067	0.0141729	1.664499	1.099608
41196	-1235.559	-1455.533	219.9743	0.2699506	0.535581	0.381185	0.0704919	0.0127422	1.534491	0.9340494
41202	-1238.132	-1457.902	219.7704	0.3473201	0.560056	0.406599	0.0239428	0.00940234	1.364244	1.248105
41208	-1227.148	-1446.962	219.813	0.2542068	0.562133	0.408106	0.0237534	0.00600734	1.359292	1.248105
41214	-1227.285	-1447.022	219.7369	0.453978	0.495961	0.476789	0.0209572	0.00629308	1.442486	1.133122
41220	-1214.138	-1433.399	219.2612	0.3718924	0.496097	0.476646	0.020963	0.00629481	1.238919	1.7156
41226	-1217.745	-1436.24	218.4943	0.3065114	0.540402	0.442046	0.00555275	0.0119994	1.112751	2.337362
41232	-1214.965	-1434.298	219.3339	0.3065114	0.410981	0.534713	0.0261346	0.0281715	1.15467	1.752691
41238	-1226.066	-1445.668	219.6021	0.2682806	0.315789	0.65642	0.0143962	0.013394	1.15467	1.569772
41244	-1230.095	-1449.607	219.5114	0.2855383	0.384461	0.573201	0.0192571	0.0230805	1.36265	1.479343
41250	-1240.439	-1459.85	219.4112	0.2238719	0.645394	0.279157	0.031068	0.0443804	1.349051	1.564704
41256	-1226.157	-1445.346	219.1889	0.2174214	0.718497	0.214897	0.0171984	0.0494073	1.224711	1.809239
41262	-1225.295	-1444.76	219.4647	0.2174214	0.691651	0.278538	0.00806501	0.0217465	1.320468	1.544362
41268	-1231.889	-1451.304	219.4151	0.2890275	0.491524	0.398984	0.0410996	0.0683923	1.283928	1.60791
41274	-1234.468	-1454.291	219.8235	0.2691599	0.483403	0.473248	0.00514402	0.0382047	1.784878	0.8180339
41280	-1221.812	-1441.674	219.862	0.2535435	0.445212	0.514426	0.00478958	0.0355723	1.52316	1.059991
41286	-1220.099	-1439.802	219.7033	0.3044208	0.336634	0.619905	0.00577165	0.0376894	1.320914	1.357636
41292	-1231.089	-1450.784	219.6954	0.3568233	0.369181	0.585149	0.00568133	0.0399888	1.036752	1.55643
41298	-1225.668	-1444.952	219.2834	0.3236954	0.375725	0.595522	0.00578205	0.0229704	1.183114	1.761859
41304	-1235.18	-1454.416	219.2354	0.3688622	0.375725	0.595522	0.00578205	0.0229704	1.130064	1.811149
41310	-1238.317	-1457.565	219.2482	0.3957638	0.353317	0.560958	0.0181135	0.0676111	1.163765	1.764106
41316	-1235.885	-1454.664	218.779	0.345598	0.327256	0.576014	0.0387638	0.0579664	1.13376	2.125878
41322	-1227.42	-1446.258	218.8377	0.3551066	0.385089	0.559714	0.0276152	0.0275817	1.068585	2.125878
41328	-1231.295	-1450.482	219.1867	0.3001871	0.527909	0.392349	0.0398956	0.0398473	1.155482	1.855906
41334	-1221.751	-1440.916	219.1656	0.2795601	0.5015	0.419393	0.0200638	0.0590439	1.183853	1.855906
41340	-1228.413	-1446.631	218.2185	0.2084147	0.475919	0.373102	0.0246692	0.126311	0.9691099	2.601263
41346	-1219.411	-1437.687	218.2764	0.2531124	0.41987	0.455597	0.0369901	0.0875423	0.9239856	2.601263
41352	-1233.056	-1450.52	217.464	0.2531124	0.514229	0.388594	0.043902	0.0532746	0.7786332	3.180668
41358	-1244.242	-1461.407	217.1651	0.2314899	0.497704	0.26638	0.0301912	0.205725	0.7983138	3.344126
41364	-1229.54	-1449.465	219.925	0.2977182	0.591629	0.333674	0.0425504	0.0321469	1.646503	0.8531596
41370	-1235.11	-1454.91	219.7996	0.3301059	0.552752	0.363971	0.046414	0.0368627	1.755476	0.8531596
41376	-1233.927	-1453.609	219.6814	0.3452782	0.520743	0.344341	0.0862846	0.048631	1.780641	0.9471073
41382	-1234.179	-1453.458	219.2789	0.305593	0.459414	0.432788	0.0724049	0.0353938	1.588146	1.478613
41388	-1223.166	-1442.839	219.6731	0.2842742	0.492536	0.458637	0.0272894	0.0215369	1.542699	1.206876
41394	-1230.111	-1449.994	219.8838	0.2419704	0.709028	0.255341	0.0255949	0.0100355	1.504421	1.056656
41400	-1234.026	-1453.833	219.8068	0.2419704	0.602948	0.36468	0.025364	0.00700755	1.486268	1.143847
41406	-1236.094	-1455.944	219.8502	0.2419704	0.661313	0.320933	0.0130678	0.00468634	1.593644	1.002492
41412	-1231.506	-1451.304	219.7981	0.3123913	0.482456	0.510892	0.00501269	0.00163905	1.551077	1.077856
41418	-1225.697	-1445.488	219.7918	0.2634304	0.478415	0.506613	0.00942566	0.00554666	1.333863	1.286008
41424	-1226.633	-1446.33	219.6978	0.2834994	0.558463	0.411506	0.0281109	0.00192047	1.515836	1.208902
41430	-1234.746	-1454.618	219.8723	0.3678665	0.424485	0.48343	0.0569849	0.0351004	1.616253	0.9007661
41436	-1247.062	-1466.536	219.4738	0.6386699	0.507287	0.386383	0.069956	0.0363739	1.61563	1.042102
41442	-1233.22	-1453.083	219.863	0.3725667	0.590961	0.297355	0.0910259	0.0206585	1.586466	0.9396027
41448	-1231.429	-1451.332	219.9036	0.2529559	0.673416	0.284176	0.0188666	0.0235409	1.407875	1.127855
41454	-1230.64	-1450.383	219.7434	0.2843506	0.606444	0.326049	0.0496119	0.0178953	1.478513	1.201654
41460	-1225.559	-1445.191	219.6314	0.2843506	0.607006	0.326351	0.0331598	0.033483	1.326058	1.415916
41466	-1246.705	-1466.026	219.3211	0.4005308	0.613164	0.291749	0.0686253	0.0264616	1.118231	1.742181
41472	-1240.092	-1459.978	219.886	0.3711591	0.391526	0.550457	0.0350645	0.0229521	1.331244	1.162833
41478	-1219.39	-1438.867	219.4775	0.3809356	0.42016	0.447026	0.0867674	0.0460465	1.476645	1.374109
41484	-1223.674	-1443.155	219.4813	0.3916709	0.402573	0.465407	0.100771	0.0312494	1.501217	1.344783
41490	-1234.778	-1453.781	219.0024	0.506295	0.410041	0.4967	0.0406741	0.0525853	1.352623	1.731954
41496	-1231.258	-1450.899	219.6413	0.3101623	0.451177	0.468596	0.0306173	0.04961	1.39716	1.344194
41502	-1225.016	-1444.743	219.7269	0.3101623	0.449944	0.459513	0.0313382	0.0592047	1.364065	1.301937
41508	-1216.053	-1435.699	219.6459	0.2377023	0.573567	0.342341	0.0291054	0.0549865	1.338495	1.398298
41514	-1214.611	-1433.692	219.081	0.3156652	0.482949	0.477447	0.0133803	0.0262245	1.335126	1.799933
41520	-1212.841	-1432.363	219.5228	0.5081075	0.413911	0.561557	0.00537854	0.0191541	1.225144	1.443476
41526	-1213.616	-1432.996	219.3794	0.4571466	0.415546	0.563775	0.00144881	0.0192298	1.143017	1.6471
41532	-1220.361	-1439.86	219.4993	0.5408253	0.551146	0.416054	0.012742	0.0200575	1.327482	1.356286
41538	-1228.015	-1446.948	218.9327	0.5428386	0.54464	0.411143	0.00409947	0.0401172	1.214081	1.85066
41544	-1219.439	-1438.032	218.5933	0.3030525	0.501188	0.442512	0.00557044	0.0507297	1.074892	2.299428
41550	-1230.892	-1449.808	218.916	0.255682	0.498437	0.460874	0.00212408	0.0385649	1.065097	2.10503
41556	-1235.795	-1454.007	218.2122	0.3064512	0.584326	0.371806	0.0105229	0.0333451	1.085726	2.531919
41562	-1231.581	-1449.365	217.7845	0.3064512	0.484937	0.42143	0.0149645	0.0786686	1.013667	2.839071
41568	-1220.107	-1439.086	218.9786	0.3624205	0.302632	0.634492	0.0231024	0.0397745	1.244817	1.91157
41574	-1219.095	-1438.044	218.9488	0.2797094	0.61274	0.358739	0.0126678	0.0158532	1.184912	2.001543
41580	-1226.463	-1444.813	218.3505	0.336067	0.529259	0.438044	0.0160799	0.0166172	1.111735	2.418782
41586	-1228.934	-1447.41	218.4758	0.3666349	0.357074	0.564703	0.049355	0.0288679	0.9654382	2.418782
41592	-1227.283	-1445.067	217.7844	0.344667	0.502871	0.445532	0.0404996	0.0110976	0.8283221	2.938015
41598	-1236.909	-1454.963	218.0539	0.3406091	0.410289	0.465363	0.0254279	0.0989203	0.9601012	2.695634
41604	-1227.025	-1444.313	217.2871	0.3959683	0.413752	0.496956	0.0157363	0.0735556	0.9337676	3.1493
41610	-1225.777	-1443.427	217.65	0.3360221	0.685475	0.271072	0.032942	0.0105107	0.9199401	2.9671
41616	-1219.955	-1437.648	217.6921	0.3569085	0.579068	0.351406	0.0538194	0.0157064	0.8638074	2.9671
41622	-1231.229	-1449.007	217.778	0.3153527	0.430123	0.440318	0.0566721	0.0728865	0.8250753	2.954313
41628	-1231.785	-1449.557	217.7719	0.3558835	0.402089	0.490732	0.0439103	0.0632684	1.037376	2.814396
41634	-1243.255	-1460.97	217.7153	0.3283771	0.491566	0.477077	0.0047875	0.02657	1.111824	2.814396
41640	-1229.731	-1448.589	218.8574	0.3361458	0.389671	0.587255	0.00589314	0.0171805	1.138175	2.075531
41646	-1224.639	-1442.246	217.6073	0.3333248	0.627811	0.340672	0.0109465	0.0205698	1.028601	2.928406
41652	-1236.637	-1453.774	217.1366	0.282117	0.627811	0.340672	0.0109465	0.0205698	0.8433637	3.33302
41658	-1228.31	-1445.964	217.654	0.3415317	0.473672	0.513338	0.0020518	0.010938	0.8837095	2.984341
41664	-1224.646	-1443.509	218.8624	0.462217	0.467387	0.506526	0.0115632	0.0145242	1.137471	2.004026
41670	-1224.556	-1442.778	218.2214	0.3487855	0.483187	0.449601	0.0328712	0.0343399	1.067902	2.521992
41676	-1223.632	-1442.881	219.2489	0.3639689	0.366159	0.525824	0.0179033	0.0901129	1.271409	1.705511
41682	-1218.802	-1438.024	219.2224	0.25265	0.670137	0.2662	0.0199929	0.0436702	1.347345	1.705511
41688	-1220.028	-1438.99	218.962	0.2108371	0.772969	0.213763	0.00517726	0.00809041	1.034451	2.087586
41694	-1215.6	-1434.502	218.9024	0.1878855	0.672534	0.279875	0.0211718	0.0264191	1.074527	2.087586
41700	-1222.337	-1441.809	219.4717	0.1891405	0.603141	0.216474	0.00735013	0.173035	1.207694	1.605847
41706	-1229.333	-1448.657	219.3234	0.2307924	0.691562	0.237054	0.0539417	0.0174415	1.207694	1.730908
41712	-1243.461	-1462.878	219.4167	0.3878028	0.341437	0.552766	0.0491724	0.0566238	1.396542	1.478335
41718	-1225.425	-1444.935	219.5103	0.4015551	0.377703	0.467575	0.0607353	0.0939866	1.355661	1.4295
41724	-1226.897	-1446.207	219.3106	0.2941061	0.518076	0.287069	0.0602607	0.134595	1.128579	1.790796
41730	-1238.525	-1457.794	219.2683	0.5184799	0.453283	0.401528	0.0527241	0.0924652	1.283625	1.582119
41736	-1238.216	-1456.898	218.6822	0.4466464	0.387945	0.45526	0.088165	0.0686306	1.11966	2.144167
41742	-1227.328	-1446.064	218.7361	0.3175161	0.420645	0.468878	0.0955966	0.0148804	1.097658	2.188303
41748	-1238.651	-1457.165	218.5142	0.5288276	0.511069	0.36736	0.0855124	0.036059	1.505088	1.946909
41754	-1223.7	-1442.539	218.8388	0.2861504	0.465664	0.308432	0.106409	0.119494	1.164599	2.086475
41760	-1223.551	-1442.678	219.1264	0.2685354	0.515387	0.382362	0.0395865	0.062664	1.211822	1.865313
41766	-1225.284	-1443.778	218.4937	0.3803069	0.574983	0.299448	0.10788	0.0176886	1.076978	2.330129
41772	-1242.416	-1459.336	216.9208	0.3886618	0.483213	0.404148	0.110223	0.00241528	0.8969251	3.390838
41778	-1238.31	-1453.983	215.673	0.4021868	0.216399	0.673471	0.106106	0.0040242	0.7413233	4.19311
41784	-1236.468	-1453.831	217.3629	0.4996766	0.231454	0.645076	0.119682	0.00378856	1.040495	2.982855
41790	-1232.488	-1450.161	217.6728	0.6647907	0.456354	0.389088	0.1486	0.00595787	0.9851685	2.724535
41796	-1235.544	-1454.323	218.7796	0.3915816	0.558385	0.297091	0.132478	0.0120465	1.087624	2.13319
41802	-1227.169	-1445.99	218.8215	0.3962111	0.432713	0.53999	0.0221329	0.00516393	1.239766	2.002703
41808	-1226.476	-1445.566	219.0898	0.375331	0.416982	0.553741	0.0274027	0.00187493	1.192252	1.865082
41814	-1224.877	-1443.956	219.0788	0.3232011	0.461115	0.503737	0.0339753	0.00117245	1.102263	1.957353
41820	-1220.485	-1438.994	218.5091	0.2819728	0.483576	0.457287	0.0577664	0.00137061	1.218855	2.266197
41826	-1226.969	-1444.629	217.6593	0.3295459	0.602889	0.363858	0.0317131	0.00153946	0.9782458	2.928734
41832	-1221.497	-1439.253	217.7558	0.3795069	0.439138	0.503848	0.0507833	0.00623116	0.8469637	2.928734
41838	-1218.84	-1436.561	217.7211	0.2995101	0.465386	0.480268	0.0484067	0.00593955	1.01	2.881544
41844	-1228.286	-1446.492	218.2062	0.2988533	0.578145	0.36824	0.0473284	0.00628654	0.8932767	2.656914
41850	-1221.379	-1439.565	218.1858	0.2988533	0.591856	0.370773	0.0276514	0.00971974	1.076821	2.555963
41856	-1218.165	-1436.374	218.2089	0.2943365	0.54023	0.416396	0.0394374	0.00393642	1.014201	2.581629
41862	-1224.038	-1443.588	219.5501	0.3518806	0.576977	0.371739	0.0218808	0.0294031	1.577742	1.251178
41868	-1233.239	-1452.853	219.614	0.3892551	0.587759	0.378685	0.0222896	0.0112664	1.442166	1.286966
41874	-1224.693	-1444.417	219.7237	0.2470247	0.511957	0.457335	0.0189916	0.0117161	1.556172	1.155886
41880	-1217.646	-1437.274	219.6281	0.2393197	0.64075	0.333664	0.0118592	0.0137267	1.171059	1.538984
41886	-1234.188	-1453.651	219.4625	0.3184551	0.343551	0.564769	0.0640587	0.0276211	1.304708	1.548417
41892	-1240.103	-1459.19	219.0867	0.4030294	0.562647	0.329088	0.0889193	0.0193451	1.328437	1.757588
41898	-1236.563	-1456.027	219.4634	0.3213616	0.590265	0.345242	0.047898	0.0165953	1.239235	1.594598
41904	-1223.184	-1442.542	219.3579	0.375913	0.477037	0.465554	0.0428009	0.0146078	1.307966	1.594598
41910	-1218.768	-1438	219.2324	0.3521424	0.516606	0.442833	0.03024	0.0103208	1.450921	1.594598
41916	-1215.684	-1435.166	219.4824	0.3023041	0.461608	0.493217	0.0336805	0.0114951	1.295742	1.546177
41922	-1237.208	-1456.711	219.5024	0.3449727	0.553671	0.411017	0.0250817	0.0102303	1.382913	1.447721
41928	-1230.368	-1449.673	219.3058	0.2654662	0.608674	0.287164	0.0651135	0.0390491	1.26056	1.707195
41934	-1225.782	-1445.312	219.5294	0.2579395	0.570543	0.300856	0.0771198	0.051481	1.30368	1.514295
41940	-1237.901	-1457.726	219.8243	0.317671	0.415363	0.500888	0.051476	0.0322732	1.602278	1.000631
41946	-1235.224	-1455.139	219.915	0.317671	0.475675	0.368036	0.0841828	0.0721063	1.731017	0.7401489
41952	-1219.614	-1439.596	219.9822	0.2588975	0.546271	0.374878	0.0533924	0.0254592	1.654359	0.7822177
41958	-1220.102	-1440.152	220.0502	0.2522365	0.464867	0.444605	0.0507438	0.0397845	1.593287	0.7728855
41964	-1216.084	-1436.003	219.9196	0.3452875	0.56161	0.367317	0.0520645	0.0190093	1.734836	0.6989932
41970	-1214.454	-1434.312	219.8583	0.2710459	0.55456	0.378393	0.0510089	0.0160381	1.743552	0.8258411
41976	-1222.522	-1442.502	219.9807	0.259626	0.522146	0.436244	0.0351395	0.00647023	1.721456	0.6776607
41982	-1226.038	-1444.534	218.4958	0.3089694	0.5222	0.359224	0.0610907	0.0574853	0.9214173	2.456576
41988	-1214.934	-1433.656	218.7215	0.2320843	0.52928	0.308791	0.104928	0.0570006	1.021438	2.258072
41994	-1209.984	-1429.208	219.224	0.2397786	0.4297	0.490448	0.0473408	0.0325112	0.9821302	1.955239
42000	-1220.579	-1438.97	218.3914	0.2796457	0.563293	0.291852	0.0858785	0.058977	0.8623118	2.565712
42006	-1219.702	-1437.907	218.2053	0.3018678	0.565052	0.374457	0.0313384	0.0291528	0.9387861	2.628599
42012	-1221.796	-1440.425	218.6294	0.2816108	0.500542	0.270285	0.0914496	0.137723	1.087359	2.2734
42018	-1228.436	-1447.193	218.7566	0.2173167	0.623339	0.334712	0.0164036	0.0255449	0.9570438	2.2734
42024	-1232.855	-1451.348	218.4932	0.2653874	0.624974	0.346499	0.00208228	0.0264445	0.9179244	2.46939
42030	-1228.242	-1446.58	218.3373	0.3702098	0.360743	0.579089	0.00348002	0.0566879	1.057119	2.446502
42036	-1224.375	-1442.151	217.776	0.3609663	0.363049	0.586149	0.00327547	0.0475265	0.9707863	2.850114
42042	-1225.414	-1443.791	218.3766	0.2963969	0.537262	0.369434	0.00617149	0.0871321	0.9691247	2.504853
42048	-1237.793	-1456.065	218.2721	0.2140113	0.623632	0.279091	0.0185354	0.0787424	1.082559	2.499419
42054	-1235.085	-1454.127	219.0419	0.2140113	0.492646	0.34571	0.0101863	0.151458	1.07986	2.005884
42060	-1234.974	-1453.07	218.0955	0.2338484	0.527504	0.370172	0.0127238	0.0896006	0.9537367	2.693266
42066	-1230.495	-1449.133	218.6378	0.2898617	0.550384	0.402918	0.0196419	0.0270561	1.178615	2.207533
42072	-1219.639	-1439.061	219.4219	0.313069	0.497208	0.469692	0.0173467	0.0157531	1.258918	1.613621
42078	-1216.074	-1434.684	218.6097	0.4101438	0.484143	0.48564	0.0179357	0.0122809	1.221176	2.146718
42084	-1219.546	-1437.916	218.3707	0.2914737	0.581096	0.375306	0.0329857	0.0106118	1.007159	2.485894
42090	-1224.688	-1443.375	218.6874	0.2460862	0.450807	0.483716	0.0262926	0.0391848	0.8717117	2.376666
42096	-1211.959	-1429.874	217.9145	0.3693977	0.535936	0.41536	0.0375489	0.011155	0.8790461	2.81793
42102	-1214.106	-1432.011	217.9044	0.3327434	0.374739	0.502809	0.108948	0.0135036	0.9142725	2.81793
42108	-1220.276	-1437.975	217.6987	0.3340771	0.388181	0.516373	0.0129031	0.0825434	1.01772	2.879496
42114	-1210.969	-1429.061	218.0921	0.3090852	0.340632	0.556518	0.0447683	0.0580817	0.906661	2.715945
42120	-1220.86	-1438.372	217.5121	0.383704	0.23419	0.719003	0.0298296	0.0169772	0.9611517	3.00458
42126	-1219.367	-1438.589	219.2222	0.4132177	0.344716	0.599581	0.0478362	0.00786769	1.147648	1.783051
42132	-1224.519	-1443.676	219.157	0.3180317	0.365052	0.580988	0.0479463	0.00601372	1.282175	1.783051
42138	-1230.87	-1450.282	219.4114	0.2706127	0.555615	0.36186	0.072975	0.0095497	1.209566	1.667719
42144	-1232.936	-1451.952	219.0165	0.2389423	0.60626	0.352583	0.0318524	0.00930487	1.2417	1.920074
42150	-1228.043	-1447.477	219.4339	0.3333863	0.4257	0.543198	0.0248366	0.00626534	1.215565	1.62801
42156	-1225.869	-1445.049	219.1805	0.2367465	0.535765	0.423922	0.0312581	0.00905509	1.164829	1.860603
42162	-1229.735	-1447.907	218.1713	0.2632233	0.642089	0.306749	0.0316287	0.0195329	1.178703	2.507768
42168	-1234.666	-1454.1	219.4341	0.2558611	0.491706	0.446184	0.0421514	0.0199578	1.258822	1.617349
42174	-1223.086	-1442.699	219.6129	0.2644992	0.49565	0.439072	0.0414795	0.0237987	1.267144	1.478509
42180	-1225.601	-1445.357	219.7557	0.3134581	0.518722	0.413436	0.0150541	0.0527882	1.370615	1.271733
42186	-1232.745	-1452.45	219.7043	0.2967577	0.594713	0.327231	0.0142353	0.0638202	1.423443	1.276796
42192	-1218.236	-1437.847	219.6107	0.279404	0.490394	0.453381	0.00585796	0.0503666	1.315643	1.440975
42198	-1223.433	-1442.816	219.3827	0.3065784	0.503626	0.436714	0.0304745	0.0291857	1.225528	1.668097
42204	-1223.227	-1442.56	219.3331	0.3197643	0.532005	0.400127	0.0438139	0.0240539	1.268413	1.668097
42210	-1227.486	-1446.804	219.3173	0.2898894	0.560714	0.421719	0.00884707	0.00872004	1.297796	1.668097
42216	-1238.635	-1458.329	219.6934	0.2963421	0.53201	0.35221	0.0527305	0.0630499	1.314028	1.373559
42222	-1238.022	-1457.318	219.2959	0.3102629	0.587798	0.382918	0.0221913	0.00709224	1.350153	1.639697
42228	-1235.028	-1454.869	219.8416	0.2203646	0.38518	0.518918	0.0658397	0.030063	1.268271	1.294407
42234	-1212.871	-1432.544	219.6723	0.2585175	0.575853	0.315816	0.0255506	0.0827806	1.372006	1.351936
42240	-1225.052	-1444.374	219.3214	0.2494605	0.505922	0.347584	0.0246535	0.121841	1.323376	1.652113
42246	-1233.651	-1453.234	219.5825	0.2489427	0.548443	0.271608	0.0478675	0.132082	1.368154	1.425309
42252	-1216.554	-1436.364	219.81	0.2618583	0.477809	0.401765	0.0281186	0.0923081	1.505781	1.12351
42258	-1215.966	-1435.63	219.6639	0.2453657	0.611479	0.275311	0.0402136	0.0729963	1.491812	1.261707
42264	-1212.911	-1432.248	219.3371	0.3268944	0.573148	0.306501	0.0333911	0.08696	1.331154	1.617264
42270	-1219.659	-1439.376	219.7164	0.2638273	0.573124	0.306488	0.0333897	0.0869985	1.288938	1.382203
42276	-1215.74	-1435.208	219.468	0.2989693	0.597218	0.31594	0.0110276	0.0758144	1.300338	1.554418
42282	-1222.353	-1441.947	219.5946	0.3146628	0.474846	0.478404	0.00366347	0.0430871	1.166408	1.554418
42288	-1230.17	-1449.523	219.3525	0.3488059	0.555256	0.38634	0.00802077	0.0503834	1.294264	1.622803
42294	-1237.944	-1457.301	219.3576	0.3066605	0.442653	0.432839	0.0159435	0.108564	1.436353	1.532976
42300	-1222.185	-1442.061	219.8767	0.281424	0.562646	0.309931	0.0547599	0.0726635	1.590261	0.9750521
42306	-1204.936	-1424.921	219.9842	0.2304573	0.699528	0.244926	0.0113342	0.044212	1.459526	1.00047
42312	-1209.378	-1429.166	219.7884	0.2467762	0.717377	0.242577	0.00670147	0.0333448	1.558025	1.096003
42318	-1220.158	-1439.96	219.802	0.2439181	0.56253	0.371744	0.00942482	0.0563018	1.315801	1.292785
42324	-1219.279	-1439.225	219.9466	0.2652658	0.602181	0.347009	0.00546811	0.0453417	1.454242	1.044085
42330	-1220.499	-1440.112	219.6126	0.3181696	0.541901	0.407007	0.0131146	0.0379766	1.240485	1.48446
42336	-1221.825	-1441.257	219.4322	0.3176115	0.509699	0.444449	0.0117697	0.0340823	1.419037	1.486059
42342	-1226.498	-1446.225	219.7272	0.2685324	0.572758	0.371984	0.0282763	0.0269824	1.362553	1.314587
42348	-1220.13	-1439.611	219.4803	0.3124475	0.650161	0.301399	0.0178111	0.0306288	1.455593	1.42358
42354	-1222.84	-1442.568	219.7283	0.3445175	0.459744	0.47378	0.0496859	0.01679	1.57674	1.101226
42360	-1216.81	-1436.562	219.7522	0.2784321	0.647559	0.329869	0.00621806	0.0163543	1.458826	1.212381
42366	-1215.875	-1434.813	218.9378	0.4471504	0.629332	0.352173	0.00349381	0.0150009	1.293913	1.85718
42372	-1218.388	-1437.419	219.0305	0.2428491	0.691614	0.222089	0.0185257	0.0677712	1.0691	2.026639
42378	-1231.934	-1451.583	219.6488	0.2121516	0.676077	0.2171	0.0181095	0.0887132	1.349005	1.380573
42384	-1239.622	-1459.069	219.4474	0.2021214	0.64244	0.233487	0.039774	0.0842994	1.349005	1.528834
42390	-1234.065	-1453.168	219.1036	0.3098157	0.426165	0.531864	0.00801126	0.0339601	1.340096	1.782872
42396	-1243.348	-1462.136	218.7884	0.2497826	0.677832	0.224608	0.0435452	0.0540148	1.209885	2.093834
42402	-1244.792	-1464.205	219.4133	0.243983	0.586009	0.352782	0.0114753	0.0497336	1.150653	1.709393
42408	-1235.353	-1454.556	219.2033	0.2720375	0.316703	0.564931	0.0717094	0.0466571	1.066172	1.911601
42414	-1230.483	-1450.166	219.6835	0.2206345	0.721321	0.187779	0.00671221	0.0841884	1.586332	1.159335
42420	-1230.94	-1450.817	219.8766	0.1918107	0.843266	0.109303	0.00846281	0.0389685	1.457023	1.083364
42426	-1234.072	-1453.833	219.7608	0.1766291	0.882011	0.0994253	0.00699587	0.0115682	1.271631	1.325536
42432	-1227.308	-1447.172	219.8636	0.1766291	0.866986	0.0977317	0.00355205	0.0317305	1.523721	1.014265
42438	-1228.767	-1448.441	219.6735	0.1829751	0.695514	0.22745	0.00319042	0.0738459	1.242745	1.423619
42444	-1232.758	-1450.888	218.1304	0.3319307	0.486701	0.457743	0.0183686	0.0371873	1.045395	2.599224
42450	-1237.144	-1455.786	218.6426	0.3650411	0.358303	0.572244	0.0229634	0.0464895	1.170584	2.181804
42456	-1249.397	-1468.468	219.0715	0.3847375	0.437097	0.501979	0.0201437	0.040781	1.207303	1.862227
42462	-1237.904	-1455.202	217.2977	0.4494564	0.31203	0.638203	0.044067	0.0057	0.8787748	3.147517
42468	-1241.927	-1459.053	217.1262	0.5557579	0.349432	0.587795	0.0493491	0.0134243	0.8994991	3.174301
42474	-1235.459	-1452.825	217.3663	0.4807958	0.407958	0.529904	0.0485346	0.013604	0.9254042	3.060949
42480	-1227.272	-1445.226	217.9532	0.2794744	0.341389	0.589486	0.0539918	0.0151337	0.976338	2.765263
42486	-1225.518	-1444.398	218.8797	0.3229329	0.596946	0.360525	0.0176413	0.0248882	1.085383	2.100742
42492	-1225.865	-1444.381	218.5159	0.3035248	0.642616	0.309803	0.0366443	0.0109361	0.8871959	2.467058
42498	-1235.456	-1454.269	218.8137	0.3949435	0.425883	0.489845	0.0641554	0.0201167	1.012941	2.157811
42504	-1225.922	-1444.57	218.6474	0.3565359	0.511595	0.372223	0.0671955	0.048987	0.9536265	2.322176
42510	-1229.961	-1447.776	217.8145	0.4636088	0.499979	0.34673	0.128971	0.0243199	0.8855942	2.824956
42516	-1221.827	-1439.834	218.0074	0.518749	0.442917	0.510285	0.0299886	0.0168086	1.133567	2.520238
42522	-1209.588	-1428.046	218.4584	0.382325	0.439413	0.506248	0.0106342	0.0437054	0.969719	2.419438
42528	-1221.596	-1439.537	217.941	0.3511	0.576975	0.382052	0.00767255	0.0332998	0.949309	2.767043
42534	-1230.086	-1447.357	217.2711	0.3901645	0.457225	0.463522	0.00343617	0.0758165	0.9928615	3.126566
42540	-1232.626	-1449.9	217.274	0.3026462	0.599675	0.354017	0.00627531	0.040033	0.8848456	3.222978
42546	-1223.984	-1441.82	217.8365	0.3616443	0.51891	0.37715	0.0337371	0.0702023	0.9363336	2.834032
42552	-1216.796	-1435.449	218.6531	0.2724295	0.563095	0.337715	0.0321955	0.0669943	1.114971	2.24195
42558	-1212.703	-1432.126	219.4229	0.2578874	0.615775	0.333935	0.0352075	0.015082	1.127744	1.718835
42564	-1226.774	-1445.679	218.9051	0.3297119	0.379201	0.59009	0.0214216	0.00928768	1.043602	2.108925
42570	-1229.412	-1447.579	218.1669	0.3517083	0.611772	0.369023	0.0133964	0.00580822	1.030212	2.578056
42576	-1232.28	-1450.635	218.3545	0.294935	0.547105	0.428165	0.00136172	0.0233686	1.098449	2.43798
42582	-1242.529	-1461.387	218.8582	0.3053938	0.618213	0.361951	0.000811644	0.019024	1.056096	2.139853
42588	-1246.931	-1465.256	218.3252	0.2938347	0.520883	0.395385	0.000317033	0.0834149	0.8623378	2.603792
42594	-1239.557	-1459.208	219.6516	0.4169478	0.623902	0.261113	0.103437	0.0115489	1.485965	1.199236
42600	-1227.494	-1447.31	219.816	0.3988183	0.597552	0.354259	0.0317737	0.0164151	1.464921	1.08555
42606	-1221.091	-1440.994	219.9035	0.3674842	0.536046	0.371404	0.0753402	0.0172096	1.543989	0.9458557
42612	-1230.193	-1449.909	219.7153	0.2989087	0.496498	0.41778	0.0697818	0.0159399	1.680773	1.039279
42618	-1244.604	-1464.196	219.5914	0.2540081	0.545962	0.369155	0.0811494	0.00373319	1.37336	1.414401
42624	-1227.439	-1447.205	219.766	0.2581019	0.587416	0.396236	0.0118546	0.00449282	1.526269	1.144873
42630	-1233.304	-1453.26	219.9556	0.2212821	0.746842	0.204295	0.0122338	0.0366296	1.752207	0.6550658
42636	-1225.318	-1444.929	219.6104	0.2212821	0.751287	0.192307	0.0139115	0.042494	1.503107	1.291709
42642	-1230.519	-1450.314	219.7951	0.219607	0.646891	0.22036	0.0157313	0.117018	1.667255	0.9776485
42648	-1226.89	-1446.689	219.7986	0.2140529	0.58621	0.205096	0.0307576	0.177936	1.526653	1.106861
42654	-1213.049	-1432.641	219.592	0.3062721	0.628783	0.29447	0.0140676	0.0626794	1.418127	1.36806
42660	-1223.979	-1443.658	219.6786	0.2274147	0.700613	0.243521	0.0492924	0.00657399	1.418127	1.307175
42666	-1220.575	-1440.252	219.6766	0.3286597	0.65587	0.303465	0.0280893	0.0125764	1.483577	1.236569
42672	-1216.008	-1435.748	219.7399	0.3239199	0.577648	0.361409	0.0316203	0.0293225	1.609152	1.0722
42678	-1215.169	-1434.879	219.7108	0.3147664	0.49754	0.41953	0.0688107	0.0141199	1.643172	1.0722
42684	-1219.246	-1438.898	219.6527	0.368123	0.52076	0.439109	0.0330198	0.00711036	1.439762	1.270799
42690	-1236.249	-1456.019	219.7698	0.2286082	0.361445	0.597897	0.0323619	0.0082963	1.6081	1.063799
42696	-1238.126	-1457.771	219.645	0.3702509	0.457043	0.418871	0.0409212	0.0831652	1.389482	1.316715
42702	-1232.686	-1451.929	219.2425	0.2822214	0.517451	0.397022	0.0323529	0.0531738	1.351296	1.685101
42708	-1237.195	-1456.482	219.2867	0.3323487	0.521402	0.318495	0.0895765	0.070526	1.283707	1.685101
42714	-1230.703	-1450.673	219.9701	0.2821161	0.48743	0.371721	0.0785838	0.062265	1.743555	0.6450198
42720	-1227.964	-1447.648	219.6843	0.3094615	0.438619	0.343451	0.0726075	0.145322	1.690397	1.055205
42726	-1236.316	-1456.144	219.8282	0.3597591	0.270251	0.47351	0.0853712	0.170868	1.5952	0.9768918
42732	-1219.909	-1439.813	219.9037	0.3120985	0.289089	0.635023	0.0443062	0.0315814	1.54916	0.9768918
42738	-1219.799	-1439.643	219.844	0.3542836	0.273808	0.650206	0.0550293	0.0209565	1.588901	0.9710647
42744	-1213.469	-1433.303	219.8338	0.283451	0.567243	0.374816	0.0541792	0.0037619	1.636438	0.9710647
42750	-1221.664	-1440.904	219.2407	0.4371805	0.590852	0.316975	0.0765103	0.015663	1.254776	1.679713
42756	-1236.894	-1455.994	219.1	0.3709452	0.491062	0.38325	0.114824	0.0108642	1.390696	1.72271
42762	-1230.592	-1449.976	219.3843	0.3296809	0.637527	0.23468	0.116747	0.0110462	1.572585	1.400018
42768	-1240.489	-1459.963	219.4744	0.2940939	0.62683	0.284538	0.0752388	0.013393	1.316451	1.539248
42774	-1244.074	-1463.637	219.5639	0.3592017	0.479527	0.395515	0.109833	0.015125	1.304309	1.453253
42780	-1247.517	-1466.724	219.2073	0.2990691	0.554435	0.352473	0.0792165	0.0138757	1.061547	1.906166
42786	-1231.451	-1450.079	218.6279	0.2637221	0.581374	0.316203	0.0881152	0.0143073	1.015725	2.322612
42792	-1230.368	-1447.205	216.837	0.3013002	0.448839	0.419433	0.104954	0.0267736	0.8706517	3.488459
42798	-1228.244	-1445.29	217.0456	0.454153	0.403643	0.441708	0.139465	0.0151842	0.8809824	3.292798
42804	-1241.758	-1458.517	216.7586	0.8816912	0.455839	0.463056	0.0686062	0.0124992	0.7245689	3.292798
42810	-1236.241	-1453.282	217.0411	0.894715	0.545899	0.366916	0.0764023	0.0107832	0.8571874	3.038304
42816	-1247.31	-1464.047	216.7368	0.7388079	0.555352	0.373269	0.0604084	0.0109699	0.7788096	3.361583
42822	-1240.339	-1457.809	217.4694	0.3307988	0.344292	0.648096	0.00167965	0.00593294	0.8829677	3.099251
42828	-1244.078	-1461.886	217.8086	0.3298858	0.385003	0.611527	0.00158487	0.00188469	0.9385568	2.862375
42834	-1236.007	-1454.319	218.3122	0.2889959	0.390981	0.606035	0.00264817	0.000335312	0.8757134	2.604645
42840	-1232.6	-1450.87	218.2699	0.3862038	0.29268	0.702507	0.00427349	0.000539715	0.871507	2.596522
42846	-1228.03	-1445.858	217.8285	0.3375413	0.578277	0.420209	0.00119123	0.000322834	1.163978	2.710047
42852	-1227.075	-1446.293	219.218	0.3063173	0.450803	0.548715	0.000230579	0.000251669	1.202788	1.799919
42858	-1228.403	-1448.063	219.6598	0.2251303	0.656012	0.343465	0.000208849	0.000314586	1.171112	1.512773
42864	-1225.44	-1444.461	219.0212	0.3392542	0.395255	0.530008	0.0678235	0.0069133	1.191722	1.92942
42870	-1233.004	-1452.057	219.0533	0.2251303	0.875215	0.124074	0.000404677	0.000306784	1.132867	1.966226
42876	-1229.15	-1448.634	219.4837	0.259454	0.465889	0.528895	0.00278202	0.00243434	1.231933	1.600655
42882	-1232.632	-1451.363	218.7313	0.3563677	0.509165	0.47468	0.00766848	0.00848634	1.121062	2.160447
42888	-1224.516	-1442.709	218.1926	0.3454753	0.510522	0.475945	0.00843218	0.00510061	1.052868	2.550669
42894	-1227.137	-1446.825	219.6878	0.2636226	0.640216	0.347018	0.00624855	0.0065176	1.431352	1.291282
42900	-1233.082	-1453.045	219.9634	0.2424942	0.658143	0.302761	0.0225594	0.0165371	1.613929	0.8579449
42906	-1236.551	-1456.288	219.737	0.2756149	0.57761	0.378653	0.0307216	0.0130156	1.664886	1.041168
42912	-1236.268	-1456.189	219.9206	0.2519375	0.536457	0.392911	0.0427404	0.0278914	1.275236	1.228431
42918	-1237.436	-1456.97	219.5344	0.2693441	0.485799	0.417364	0.0273611	0.0694761	1.336672	1.484673
42924	-1227.495	-1446.891	219.3954	0.2958153	0.479018	0.411539	0.0204299	0.089013	1.175259	1.698129
42930	-1234.815	-1454.238	219.4236	0.311495	0.246273	0.612205	0.0581407	0.0833806	1.140074	1.698129
42936	-1234.827	-1454.431	219.6044	0.2076124	0.634776	0.274596	0.0166836	0.0739442	1.386009	1.384138
42942	-1245.397	-1465.068	219.6717	0.2082321	0.582238	0.251869	0.0200969	0.145797	1.31911	1.384138
42948	-1225.955	-1445.603	219.6483	0.2620301	0.390333	0.474889	0.0370358	0.0977423	1.43102	1.323709
42954	-1229.388	-1448.707	219.3197	0.3171151	0.489392	0.497881	0.000395244	0.0123316	1.247946	1.693203
42960	-1239.117	-1458.715	219.5982	0.3268387	0.593441	0.395014	0.000670072	0.0108749	1.206189	1.517315
42966	-1235.897	-1455.484	219.587	0.253802	0.464116	0.514956	0.00147909	0.0194494	1.326369	1.453854
42972	-1235.33	-1454.545	219.215	0.385176	0.50568	0.444824	0.0334642	0.0160318	1.360891	1.654317
42978	-1247.571	-1466.542	218.9711	0.3378246	0.481617	0.431227	0.0683178	0.0188378	1.368305	1.843994
42984	-1221.602	-1441.053	219.4509	0.3568622	0.377656	0.56016	0.0399998	0.0221845	1.408295	1.461373
42990	-1219.834	-1439.407	219.5727	0.2836615	0.43802	0.471312	0.00584424	0.0848232	1.319651	1.465905
42996	-1230.689	-1449.945	219.2554	0.2485852	0.638429	0.333271	0.00608361	0.022216	1.358697	1.673969
43002	-1233.301	-1452.604	219.3032	0.3125497	0.445716	0.484095	0.0199736	0.050215	1.149959	1.77532
43008	-1237.854	-1456.976	219.1219	0.3125497	0.40002	0.484527	0.0132198	0.102233	1.33131	1.77532
43014	-1238.997	-1458.329	219.3323	0.2622129	0.371238	0.523389	0.0142801	0.0910937	1.104157	1.798367
43020	-1231.141	-1449.734	218.5929	0.3418392	0.322372	0.651911	0.0136581	0.0120589	1.066795	2.291052
43026	-1227.14	-1445.997	218.8576	0.2850504	0.508857	0.387971	0.0391035	0.0640691	1.132156	2.095703
43032	-1231.6	-1450.761	219.1609	0.234072	0.571194	0.34434	0.0276024	0.0568639	1.256563	1.810625
43038	-1223.999	-1443.241	219.2416	0.2623551	0.589065	0.355114	0.0221212	0.0337002	1.202744	1.792862
43044	-1229.128	-1447.8	218.6716	0.275317	0.561474	0.369807	0.0230365	0.045683	1.138069	2.21471
43050	-1233.001	-1451.357	218.3561	0.2981441	0.495741	0.453379	0.0230659	0.0278135	1.179722	2.384894
43056	-1227.987	-1446.428	218.441	0.4198635	0.560255	0.414725	0.0206059	0.00441495	1.15309	2.294014
43062	-1231.953	-1450.79	218.8368	0.5197561	0.553593	0.409794	0.0306236	0.00598947	1.157284	1.970004
43068	-1230.301	-1449.304	219.0031	0.4762181	0.482882	0.440611	0.066797	0.00970938	0.892806	2.064076
43074	-1219.725	-1438.449	218.7232	0.4762181	0.407401	0.489654	0.0898809	0.0130648	1.193908	2.050013
43080	-1246.078	-1465.307	219.2292	0.2832576	0.585197	0.374063	0.0362927	0.00444751	2.393707	0.2892549
43086	-1239.078	-1458.333	219.2547	0.2459037	0.699525	0.237649	0.0549986	0.00782785	2.373062	0.2892549
43092	-1237.085	-1456.24	219.1548	0.4923216	0.525825	0.326473	0.0281035	0.119599	1.152244	1.775234
43098	-1233.443	-1452.609	219.1651	0.5106762	0.474442	0.440728	0.0253572	0.0594728	1.162782	1.747868
42804	-2682.084	-2896.438	214.3536	0.8969195	0.609435	0.25009	0.06408	0.0763947	1.429192	4.264408
43206	-7.533545e+07	-3277.897	-7.533217e+07	53843.4	0.314551	0.0463611	0.592176	0.046912	1309117	3.701162e+07
43602	-3.993127e+13	-3266.458	-3.993127e+13	4490.488	0.733231	0.220987	0.00193787	0.0438443	5.724645e+10	1.993701e+13
43608	-2.878765e+13	-3266.461	-2.878765e+13	3876.647	0.75921	0.0458959	0.00163105	0.193263	3.198054e+10	1.437783e+13
44004	-7.400986e+19	-3275.838	-7.400986e+19	52757.86	0.713413	0.10611	0.0554467	0.12503	7.37045e+14	3.700456e+19
44406	-4.494697e+25	-3278.125	-4.494697e+25	37686.02	0.416258	0.0265131	0.205236	0.351993	6.474311e+21	2.247025e+25
44802	-3.365777e+31	-3275.836	-3.365777e+31	27682.47	0.55938	0.0480164	0.295455	0.097148	1.162174e+30	1.62478e+31
44808	-2.269187e+31	-3275.41	-2.269187e+31	50860.1	0.764238	0.0656011	0.0789171	0.0912437	5.539521e+29	1.106896e+31
