Iteration	Posterior	Likelihood	Prior	beta_scale	matrix_probs[1]	matrix_probs[2]	matrix_probs[3]	matrix_probs[4]	rate_log_sd	tree_length
0	-1240.545	-1459.703	219.1575	0.4054306	0.332603	0.607812	0.0206457	0.0389396	1.15141	1.82982
6	-1240.946	-1460.123	219.1767	0.3749587	0.346714	0.460257	0.176024	0.017005	1.157071	1.82982
12	-1232.22	-1451.357	219.1366	0.376591	0.425486	0.446674	0.115294	0.0125458	1.201193	1.826174
18	-1232.955	-1452.166	219.211	0.3379782	0.427584	0.436908	0.131362	0.0041456	1.178134	1.809638
24	-1228.931	-1448.641	219.7093	0.3507502	0.477165	0.395962	0.125904	0.000968947	1.299052	1.348948
30	-1241.483	-1460.086	218.6029	0.523989	0.477356	0.422289	0.0945274	0.00582731	1.307838	2.022743
36	-1240.99	-1460.036	219.0452	0.3714585	0.42966	0.437877	0.129145	0.00331811	1.160032	1.919287
42	-1246.186	-1464.662	218.4759	0.4233132	0.517945	0.367249	0.112727	0.00207918	1.121253	2.290124
48	-1233.292	-1452.597	219.3044	0.2633474	0.593997	0.295535	0.108796	0.00167317	1.353381	1.642231
54	-1224.794	-1444.321	219.5265	0.374606	0.566574	0.353373	0.07694	0.00311291	1.353381	1.435539
60	-1227.134	-1446.515	219.381	0.2707462	0.579474	0.316049	0.0996306	0.00484626	1.518921	1.462627
66	-1228.159	-1447.702	219.543	0.2891143	0.531577	0.311399	0.0718802	0.0851436	1.492349	1.353677
72	-1230.289	-1450.086	219.7963	0.2783098	0.489423	0.475288	0.0087792	0.0265101	1.435197	1.194907
78	-1232.552	-1452.25	219.6979	0.40712	0.384736	0.591618	0.0022642	0.0213812	1.435149	1.210459
84	-1216.282	-1435.438	219.1559	0.4275875	0.375604	0.604631	0.0090591	0.0107056	1.215523	1.773144
90	-1225.746	-1444.59	218.8435	0.44739	0.305938	0.678386	0.00695609	0.00871995	1.392814	1.853869
96	-1234.513	-1454.028	219.5145	0.4455089	0.223367	0.71881	0.0164251	0.0413979	1.479601	1.297443
102	-1220.944	-1440.601	219.657	0.3749127	0.368891	0.508851	0.0678104	0.0544477	1.396373	1.29855
108	-1225.214	-1444.822	219.6078	0.3621296	0.479531	0.471266	0.0332951	0.0159081	1.620226	1.159321
114	-1230.747	-1450.651	219.9045	0.3068219	0.559678	0.323648	0.0133278	0.103346	1.705447	0.7993959
120	-1234.544	-1454.515	219.9707	0.3005081	0.566735	0.390867	0.0195206	0.0228775	1.727957	0.6626618
126	-1234.999	-1454.6	219.6014	0.3870659	0.533359	0.424923	0.0288441	0.0128739	2.003265	0.7304172
132	-1236.016	-1455.873	219.8575	0.3543129	0.604009	0.292957	0.0534164	0.0496183	1.709972	0.8180795
138	-1238.138	-1458.154	220.016	0.2497528	0.669061	0.242895	0.0292343	0.0588098	1.610458	0.7963631
144	-1237.591	-1457.334	219.7438	0.2211781	0.661207	0.224971	0.0277673	0.0860545	1.633677	1.061613
150	-1233.767	-1453.424	219.6579	0.2799517	0.445328	0.444273	0.0353614	0.0750376	1.367818	1.363608
156	-1248.965	-1468.145	219.18	0.3735142	0.345119	0.512476	0.0527638	0.0896417	1.315521	1.717985
162	-1236.658	-1455.184	218.5251	0.4459924	0.311149	0.528841	0.077094	0.0829165	1.197396	2.19617
168	-1233.952	-1453.295	219.3436	0.3765878	0.3326	0.512372	0.0746932	0.0803344	1.248236	1.647721
174	-1242.301	-1461.472	219.1705	0.4130942	0.486469	0.433862	0.0116443	0.0680249	1.274511	1.730603
180	-1250.837	-1470.219	219.3824	0.4659547	0.500975	0.33722	0.0917519	0.0700533	1.014068	1.730603
186	-1244.45	-1464.101	219.6511	0.3913077	0.586802	0.279222	0.0759714	0.0580048	1.482116	1.221559
192	-1232.785	-1452.585	219.8002	0.3741709	0.459395	0.467956	0.0364713	0.0361779	1.535857	1.052375
198	-1234.125	-1453.697	219.5718	0.3037433	0.510871	0.40648	0.0213355	0.0613133	1.571177	1.261815
204	-1226.062	-1445.538	219.477	0.2681997	0.510313	0.405773	0.0110058	0.0729082	1.378458	1.496607
210	-1224.613	-1444.081	219.4681	0.3742213	0.590346	0.380666	0.0103249	0.0186632	1.440989	1.413256
216	-1232.106	-1451.867	219.7612	0.2534477	0.664569	0.283016	0.0141767	0.0382379	1.277515	1.356552
222	-1241.311	-1460.883	219.5722	0.3133043	0.480177	0.44525	0.0144159	0.0601571	1.267404	1.4965
228	-1234.44	-1453.594	219.1533	0.2907192	0.440213	0.476893	0.0157368	0.0671567	1.069191	1.939685
234	-1221.609	-1440.639	219.0304	0.2716134	0.506625	0.445898	0.0181109	0.0293665	1.197515	1.939685
240	-1225.918	-1445.288	219.3694	0.2898534	0.501503	0.44139	0.0280372	0.0290697	1.106981	1.765956
246	-1228.993	-1447.444	218.4512	0.5702695	0.617602	0.338146	0.00845226	0.0357994	1.153473	2.192252
252	-1229.391	-1448.034	218.6428	0.2741615	0.473326	0.442015	0.0182282	0.0664307	0.9158563	2.375396
258	-1233.089	-1450.554	217.4657	0.3508369	0.478358	0.458972	0.0236778	0.0389931	1.047369	2.995391
264	-1233.96	-1453.307	219.3473	0.3619695	0.44844	0.456399	0.0255485	0.0696124	1.149188	1.723372
270	-1234.522	-1453.937	219.4158	0.2378518	0.455413	0.463494	0.0151782	0.0659148	1.21182	1.663592
276	-1233.096	-1452.492	219.3956	0.2492455	0.655125	0.266931	0.0208095	0.0571345	1.243831	1.65588
282	-1229.573	-1448.589	219.0157	0.3124107	0.329968	0.584758	0.0143811	0.0708934	1.02231	2.056469
288	-1232.839	-1451.799	218.9603	0.2908525	0.482423	0.316369	0.0437946	0.157414	1.087075	2.056469
294	-1236.009	-1455.072	219.0627	0.2908525	0.260065	0.642196	0.0370297	0.0607086	1.307967	1.838893
300	-1228.109	-1447.318	219.2095	0.2841999	0.446551	0.493189	0.0375903	0.0226693	0.9519775	1.982087
306	-1228.527	-1446.56	218.0331	0.305648	0.428053	0.518912	0.0441327	0.00890263	0.8919936	2.762034
312	-1226.326	-1444.673	218.3464	0.2939477	0.40292	0.542381	0.0528375	0.00186147	0.9367265	2.544432
318	-1235.209	-1453.373	218.1639	0.4641157	0.571207	0.380822	0.0453318	0.00263895	0.9921029	2.544432
324	-1238.616	-1457.009	218.3935	0.4395976	0.206299	0.780724	0.0123817	0.000595708	1.248053	2.252169
330	-1233.879	-1453.287	219.4074	0.3851677	0.402132	0.571931	0.0231266	0.00281035	1.238254	1.603987
336	-1234.985	-1454.339	219.3533	0.3053369	0.470229	0.485251	0.0380759	0.00644368	1.102379	1.775987
342	-1241.24	-1460.504	219.264	0.2889175	0.586747	0.385296	0.0228403	0.00511637	1.141197	1.815613
348	-1233.753	-1453.438	219.6853	0.2548815	0.586726	0.393011	0.0154598	0.00480345	1.242995	1.442475
354	-1220.575	-1440.187	219.6117	0.3784637	0.499506	0.475757	0.0150382	0.00969928	1.256183	1.442475
360	-1222.518	-1442.231	219.7121	0.3129804	0.623443	0.344553	0.0290104	0.00299396	1.235086	1.414655
366	-1228.138	-1447.268	219.1299	0.3656428	0.441791	0.498372	0.0419615	0.017876	1.19036	1.843971
372	-1229.594	-1448.633	219.0392	0.4656982	0.410272	0.455007	0.0554996	0.079221	1.215808	1.829175
378	-1225.019	-1444.456	219.4374	0.3772499	0.322054	0.605763	0.0294045	0.042778	1.222258	1.598352
384	-1223.978	-1443.358	219.3808	0.3211012	0.509305	0.439733	0.01195	0.0390117	1.159552	1.711059
390	-1224.438	-1444.144	219.707	0.3945848	0.518201	0.447414	0.0121588	0.0222266	1.322112	1.305497
396	-1233.479	-1453.234	219.7551	0.2304986	0.28745	0.645683	0.0320692	0.0347971	1.098436	1.497082
402	-1216.649	-1435.032	218.3827	0.2471818	0.428747	0.549296	0.012643	0.0093137	0.9757574	2.502929
408	-1209.88	-1428.806	218.9259	0.2799419	0.452367	0.462391	0.0342788	0.0509631	1.01119	2.13119
414	-1220.461	-1439.423	218.9622	0.3687722	0.496683	0.337143	0.136841	0.0293319	1.343833	1.85212
420	-1231.633	-1450.378	218.7447	0.3412711	0.509918	0.388006	0.0304755	0.0716008	1.158576	2.133976
426	-1214.589	-1434.021	219.4329	0.2877519	0.635058	0.322754	0.0151956	0.0269928	1.350309	1.546614
432	-1229.528	-1448.506	218.9784	0.4123126	0.318205	0.612719	0.02488	0.0441956	1.249607	1.881197
438	-1229.274	-1448.757	219.4839	0.3032814	0.426194	0.461418	0.0175669	0.0948205	1.229793	1.593146
444	-1233.539	-1453.039	219.5001	0.3341108	0.493297	0.413891	0.0220813	0.070731	1.304406	1.513951
450	-1225.853	-1445.201	219.3473	0.3619743	0.514702	0.43185	0.0230395	0.0304083	1.166522	1.711104
456	-1234.964	-1454.159	219.1953	0.6099878	0.496644	0.416699	0.0461745	0.0404823	1.082274	1.711104
462	-1249.293	-1468.378	219.0845	0.3778978	0.452215	0.420884	0.0466383	0.0802627	1.239887	1.834692
468	-1248.86	-1467.537	218.677	0.3448914	0.374737	0.381965	0.0546937	0.188604	1.116962	2.203438
474	-1243.546	-1460.873	217.3276	0.7287366	0.345972	0.540823	0.0918652	0.0213394	0.8255752	2.989454
480	-1236.165	-1453.019	216.8542	0.4277049	0.366895	0.516405	0.0963238	0.020376	0.6600117	3.54859
486	-1228.684	-1446.114	217.4291	0.5647531	0.383741	0.540117	0.0312694	0.0448724	0.9566139	2.953615
492	-1235.605	-1453.455	217.8494	0.701228	0.372447	0.506156	0.0753506	0.0460466	1.244513	2.430062
498	-1233.449	-1452.163	218.7142	0.3381474	0.323793	0.516832	0.0944743	0.0649009	1.221285	2.114231
504	-1225.094	-1444.071	218.9774	0.270352	0.511089	0.34066	0.0734483	0.0748026	1.171749	1.992717
510	-1235.929	-1455.106	219.1767	0.2537693	0.540536	0.33486	0.0303098	0.0942947	1.25586	1.801438
516	-1229.209	-1448.79	219.5806	0.2217397	0.637136	0.251513	0.0526292	0.0587213	1.285063	1.485719
522	-1222.624	-1442.217	219.5923	0.2287962	0.713765	0.225996	0.048105	0.0121339	1.206419	1.537569
528	-1215.707	-1434.491	218.7847	0.3518181	0.412394	0.510548	0.0486107	0.0284473	1.007454	2.201571
534	-1221.224	-1439.838	218.6138	0.3201609	0.4792	0.408992	0.0471294	0.0646783	0.9184399	2.380421
540	-1216.785	-1435.094	218.3089	0.2747734	0.516029	0.357907	0.0531388	0.0729254	0.9743927	2.548094
546	-1226.399	-1445.313	218.9139	0.2652237	0.453811	0.449692	0.0347889	0.0617086	1.16007	2.043217
552	-1239.457	-1458.271	218.8147	0.3449705	0.454332	0.450209	0.0314746	0.0639841	1.29474	1.996301
558	-1235.638	-1455.105	219.4675	0.2803558	0.496428	0.383344	0.0414863	0.0787419	1.270621	1.581432
564	-1232.589	-1451.426	218.8364	0.3007759	0.552127	0.408077	0.0024091	0.0373866	1.09103	2.132663
570	-1236.089	-1454.495	218.406	0.3183516	0.582637	0.356217	0.00209399	0.0590522	1.121496	2.384053
576	-1235.74	-1454.94	219.2006	0.3537317	0.587242	0.379595	0.00212307	0.0310398	1.028357	1.911975
582	-1231.948	-1451.375	219.4277	0.3537317	0.450049	0.533099	0.00162707	0.0152252	1.037794	1.749232
588	-1230.952	-1448.426	217.474	0.46744	0.51084	0.446393	0.000278602	0.0424888	0.8447618	3.05249
594	-1238.464	-1455.329	216.8659	0.4002605	0.304264	0.652733	0.000456768	0.0425461	0.7802684	3.485603
600	-1225.626	-1442.817	217.1912	0.3611805	0.327602	0.594795	0.00402722	0.0735759	0.8126754	3.293839
606	-1221.464	-1439.432	217.9686	0.3535363	0.356211	0.528283	0.0112858	0.10422	0.8584112	2.804568
612	-1233.682	-1451.545	217.863	0.5326111	0.268798	0.699368	0.0177521	0.014082	0.9771517	2.697622
618	-1231.234	-1448.487	217.2534	0.4044144	0.269421	0.678377	0.0348166	0.0173855	0.6338673	3.342329
624	-1224.587	-1440.724	216.1373	0.3163209	0.279011	0.666929	0.0360559	0.0180043	0.5181994	4.090551
630	-1236.282	-1453.398	217.1162	0.2826276	0.298785	0.629642	0.0471588	0.0244138	0.7086459	3.423988
636	-1236.618	-1453.949	217.3317	0.3259588	0.316198	0.531969	0.134375	0.0174583	0.9014668	3.171878
642	-1232.422	-1449.716	217.2931	0.3262547	0.280053	0.663896	0.0353933	0.0206574	0.8055824	3.25141
648	-1235.977	-1453.674	217.6968	0.3262547	0.411638	0.52168	0.0583786	0.00830353	0.7754088	3.029259
654	-1226.141	-1444.533	218.392	0.3774492	0.460949	0.435638	0.0731695	0.0302441	0.9626862	2.468015
660	-1230.17	-1447.189	217.0193	0.3831869	0.496501	0.421786	0.0788129	0.00289993	0.9667336	3.294469
666	-1246.141	-1461.014	214.8732	0.643871	0.492933	0.425941	0.0782466	0.00287909	0.6464739	4.562548
672	-1233.047	-1448.468	215.4216	0.8425153	0.540815	0.39663	0.0592036	0.00335144	0.5185065	4.207144
678	-1247.99	-1464.936	216.9466	0.5124821	0.491171	0.419232	0.0727044	0.0168924	0.5872067	3.489739
684	-1229.331	-1446.439	217.109	0.5124821	0.4276	0.479165	0.0722412	0.0209935	0.8353728	3.248677
690	-1224.303	-1441.894	217.5907	0.3138141	0.433462	0.454061	0.0869705	0.0255065	0.8784664	3.035119
696	-1223.255	-1440.857	217.6014	0.445915	0.387343	0.553641	0.0404245	0.0185915	0.8182755	3.004274
702	-1224.261	-1441.399	217.1384	0.3619816	0.381902	0.545863	0.0474173	0.0248177	1.044738	3.187484
708	-1216.835	-1434.833	217.9979	0.2855734	0.343156	0.567022	0.0310536	0.058768	0.8495579	2.814138
714	-1228.53	-1446.597	218.0672	0.4934272	0.497069	0.421396	0.0389665	0.0425691	0.9356195	2.621715
720	-1241.587	-1460.574	218.9872	0.3160379	0.403438	0.52042	0.027837	0.0483059	1.068771	2.043303
726	-1230.427	-1448.347	217.9191	0.3160379	0.523921	0.394265	0.0397371	0.0420774	0.892803	2.827826
732	-1233.735	-1452.799	219.0633	0.2473776	0.422478	0.536669	0.0189887	0.021864	1.082783	1.995941
738	-1234.116	-1452.397	218.2812	0.4012631	0.465316	0.459703	0.0299683	0.0450134	0.9438046	2.536945
744	-1218.083	-1436.662	218.5782	0.3772749	0.462	0.499234	0.0325453	0.00622036	1.032564	2.306077
750	-1218.675	-1436.916	218.2419	0.3160955	0.437515	0.502442	0.0386779	0.0213651	0.8764983	2.640242
756	-1231.169	-1449.915	218.7468	0.2962164	0.408264	0.479408	0.0856748	0.0266534	0.9788666	2.264432
762	-1221.005	-1438.176	217.1717	0.3785303	0.456372	0.48214	0.00386205	0.0576263	0.925491	3.231
768	-1219.397	-1437.638	218.241	0.3590549	0.52953	0.453796	0.0121912	0.00448305	1.012827	2.539636
774	-1229.775	-1446.031	216.256	0.4784173	0.287888	0.702887	0.002385	0.00683979	0.8523243	3.756136
780	-1225.694	-1444.052	218.3589	0.3120785	0.320946	0.666628	0.00438107	0.00804482	0.9342483	2.533222
786	-1225.464	-1443.973	218.5089	0.2364857	0.716356	0.241315	0.0221037	0.0202246	0.9047632	2.467557
792	-1217.742	-1436.678	218.9357	0.3044913	0.496524	0.474588	0.0236571	0.00523056	1.062139	2.085408
798	-1219.116	-1437.501	218.3853	0.2905475	0.424393	0.526416	0.0333622	0.0158281	1.213865	2.34657
804	-1223.956	-1442.024	218.0677	0.3545248	0.422414	0.486234	0.0619577	0.0293947	0.8082779	2.774336
810	-1242.14	-1460.901	218.7607	0.2621802	0.525774	0.42391	0.0310505	0.0192655	0.8862998	2.320577
816	-1233.863	-1452.254	218.3908	0.5493477	0.473839	0.467766	0.0364882	0.0219066	0.9345165	2.384812
822	-1244.472	-1461.752	217.2797	0.549349	0.455712	0.449871	0.0729414	0.0214754	0.6999324	3.205547
828	-1243.002	-1461.696	218.6946	0.5308353	0.432287	0.466848	0.0938295	0.0070351	1.007369	2.155465
834	-1239.885	-1458.669	218.7847	0.4292396	0.342959	0.628763	0.0276722	0.000606101	1.118564	2.088272
840	-1232.933	-1451.863	218.9294	0.2707035	0.433635	0.513326	0.04914	0.0038987	1.07538	2.088272
846	-1230.719	-1449.68	218.961	0.3896787	0.454546	0.53808	0.00328699	0.0040867	1.128648	1.987299
852	-1237.365	-1455.838	218.473	0.549654	0.432674	0.553177	0.00481465	0.00933416	1.098884	2.227185
858	-1242.314	-1461.556	219.2417	0.3593338	0.316459	0.658204	0.0179643	0.00737247	1.286126	1.702605
864	-1235.788	-1454.176	218.3878	0.3782456	0.27423	0.698868	0.0190741	0.00782794	1.079172	2.396936
870	-1230.635	-1449.526	218.8906	0.2761693	0.531793	0.450502	0.0154357	0.00226996	1.060903	2.122418
876	-1235.225	-1453.872	218.6473	0.2784054	0.591421	0.335806	0.0710744	0.00169883	1.256001	2.153508
882	-1226.36	-1445.198	218.8386	0.2992278	0.590383	0.335216	0.0683444	0.0060559	1.206264	2.055938
888	-1234.989	-1453.677	218.6875	0.2860426	0.396853	0.46529	0.126635	0.011221	1.397754	2.032477
894	-1219.088	-1438.62	219.5317	0.2915593	0.231575	0.714174	0.0470473	0.00720299	1.139	1.627739
900	-1219.575	-1439.265	219.6892	0.4412801	0.299639	0.643407	0.0439085	0.0130457	1.459256	1.170856
906	-1228.635	-1448.424	219.789	0.4616582	0.284931	0.611825	0.0459359	0.0573086	1.690826	0.8135885
912	-1220.889	-1440.79	219.9012	0.2952774	0.422803	0.424875	0.0242183	0.128104	1.614452	0.9184276
918	-1231.093	-1451.013	219.9208	0.2077349	0.32049	0.519359	0.0394655	0.120685	1.669175	0.8267308
924	-1227.923	-1447.778	219.8549	0.2870803	0.436703	0.470381	0.0437046	0.0492121	1.678809	0.9016654
930	-1235.067	-1454.967	219.8997	0.2870803	0.404622	0.486874	0.0510365	0.0574679	1.753218	0.7499371
936	-1234.006	-1453.803	219.7971	0.3139569	0.505512	0.408958	0.0481421	0.0373879	1.761488	0.8596539
942	-1229.135	-1449.086	219.9508	0.3003656	0.454059	0.472598	0.069933	0.00341017	1.593657	0.8837706
948	-1227.233	-1446.782	219.5485	0.2311247	0.718502	0.275048	0.00486797	0.00158223	1.688863	1.190824
954	-1225.411	-1444.924	219.513	0.2652131	0.407519	0.570622	0.0212931	0.000565909	1.456015	1.410364
960	-1254.378	-1470.725	216.3471	0.4751386	0.304468	0.561309	0.11818	0.0160418	0.9805333	3.63114
966	-1237.652	-1453.702	216.0504	0.5120547	0.369119	0.492339	0.124998	0.013544	0.7929729	3.88935
972	-1235.692	-1453.721	218.0284	0.4189957	0.318187	0.556885	0.0860673	0.0388601	0.9193324	2.698836
978	-1237.568	-1456.143	218.5751	0.3241511	0.36122	0.53582	0.079074	0.0238862	0.8629064	2.438469
984	-1233.262	-1452.235	218.9736	0.3683186	0.233203	0.645221	0.0510501	0.070526	1.243962	1.91256
990	-1234.928	-1453.553	218.6252	0.3131864	0.358018	0.566054	0.0447864	0.0311416	1.034511	2.301712
996	-1236.335	-1454.736	218.4008	0.3607619	0.308987	0.606059	0.063659	0.0212944	1.036248	2.424082
1002	-1215.232	-1433.75	218.5177	0.3012321	0.57886	0.383862	0.0303681	0.00691002	0.9739081	2.411993
1008	-1220.867	-1439.475	218.6082	0.3012321	0.582431	0.38623	0.0143358	0.0170033	1.001793	2.337001
1014	-1226.272	-1443.369	217.0976	0.4526024	0.328886	0.553359	0.0147954	0.10296	0.8941942	3.255186
1020	-1213.855	-1430.969	217.1144	0.5608969	0.53283	0.400194	0.02397	0.0430056	0.7693899	3.255186
1026	-1219.35	-1437.68	218.3303	0.4860051	0.474759	0.473232	0.0171683	0.0348401	0.9297796	2.466189
1032	-1229.415	-1448.039	218.6237	0.6607031	0.664591	0.211492	0.0756069	0.0483093	0.9653953	2.140487
1038	-1231.223	-1449.962	218.7391	0.5250921	0.357913	0.425093	0.214234	0.00275986	1.035215	2.112025
1044	-1229.08	-1447.103	218.022	0.575954	0.387084	0.402666	0.202931	0.00731866	0.9647315	2.57957
1050	-1219.084	-1438.169	219.0852	0.2605105	0.531484	0.419574	0.0426401	0.00630237	1.095097	1.972821
1056	-1228.369	-1447.157	218.7874	0.600095	0.44297	0.466126	0.0337021	0.0572017	1.201459	1.917627
1062	-1231.795	-1449.082	217.2867	0.6662872	0.56334	0.21963	0.202927	0.0141025	0.7726048	3.085257
1068	-1231.242	-1448.962	217.7201	0.6662872	0.446125	0.42479	0.122349	0.00673612	0.6499529	2.898645
1074	-1239.138	-1456.872	217.7335	0.4537897	0.446575	0.425219	0.122472	0.00573381	0.7106174	2.985162
1080	-1232.854	-1450.65	217.7966	0.4412279	0.399456	0.475557	0.0950026	0.0299851	0.7887362	2.907191
1086	-1226.775	-1444.847	218.0718	0.3135643	0.321088	0.650527	0.00704268	0.0213423	0.7316209	2.833723
1092	-1220.829	-1438.385	217.5561	0.3793123	0.372015	0.575804	0.0134154	0.0387653	0.79088	3.082241
1098	-1228.29	-1445.256	216.9661	0.4583148	0.258692	0.701878	0.00818105	0.0312496	0.8421283	3.360157
1104	-1232.748	-1450.319	217.5712	0.4573633	0.38065	0.582451	0.00678902	0.0301103	0.7961328	3.029166
1110	-1236.134	-1454.522	218.388	0.5052926	0.488122	0.449599	0.0236672	0.0386116	0.9005997	2.436263
1116	-1238.731	-1456.665	217.9344	0.2846111	0.36947	0.499055	0.0321	0.0993748	0.7881412	2.890038
1122	-1235.434	-1451.756	216.3225	0.546827	0.430381	0.480063	0.0564162	0.0331395	0.6185199	3.812896
1128	-1243.56	-1460.535	216.9753	0.5026342	0.402963	0.513187	0.0528221	0.0310282	0.6809086	3.423971
1134	-1237.712	-1456.387	218.6748	0.281442	0.481548	0.450344	0.0553664	0.0127415	1.230965	2.15132
1140	-1236.491	-1454.617	218.1258	0.2840937	0.500959	0.468497	0.00998669	0.0205575	1.23988	2.495082
1146	-1230.867	-1449.203	218.3354	0.2375524	0.422798	0.514516	0.0186799	0.0440059	1.034538	2.495082
1152	-1223.225	-1441.537	218.3116	0.321486	0.438205	0.47795	0.016915	0.0669303	1.107269	2.451473
1158	-1230.09	-1448.945	218.8546	0.2896653	0.535891	0.370473	0.0188901	0.0747455	1.208046	2.046634
1164	-1233.622	-1451.705	218.0828	0.3261219	0.459709	0.445963	0.0365367	0.0577916	0.9596187	2.683617
1170	-1234.92	-1452.716	217.7967	0.6099186	0.519645	0.364787	0.0413003	0.0742683	0.9859014	2.683617
1176	-1233.065	-1451.318	218.2526	0.6329635	0.509319	0.439263	0.0172881	0.0341307	0.8939529	2.442418
1182	-1233.628	-1451.132	217.5041	0.3588612	0.458568	0.484695	0.0190762	0.0376608	0.8011471	3.116293
1188	-1235.178	-1452.843	217.6645	0.3802942	0.443415	0.497941	0.0197174	0.0389268	0.809225	3.005949
1194	-1231.455	-1449.639	218.1848	0.3007204	0.28434	0.665727	0.0202545	0.0296781	0.7207778	2.775247
1200	-1236.625	-1454.71	218.0845	0.3145316	0.416301	0.549567	0.0146582	0.0194732	0.8145853	2.775247
1206	-1216.664	-1434.497	217.8334	0.4828488	0.49428	0.488084	0.00330871	0.014327	0.9597113	2.756944
1212	-1223.919	-1442.077	218.1576	0.4303866	0.332942	0.585283	0.056756	0.0250185	0.9097018	2.618952
1218	-1213.098	-1431.503	218.4051	0.3374623	0.501647	0.451941	0.0270935	0.0193187	0.957264	2.480949
1224	-1216.251	-1435.47	219.219	0.3812662	0.533307	0.359329	0.0873553	0.0200088	1.073754	1.854551
1230	-1219.809	-1439.193	219.3842	0.3700264	0.536759	0.361656	0.0814466	0.0201383	1.3157	1.573009
1236	-1222.067	-1441.321	219.2532	0.2320767	0.596437	0.288853	0.0809995	0.0337113	1.387473	1.653337
1242	-1222.248	-1440.149	217.9012	0.3475902	0.53062	0.395005	0.0509561	0.0234187	1.104455	2.69791
1248	-1234.65	-1452.399	217.7489	0.3434583	0.387664	0.527547	0.0680541	0.0167345	0.948065	2.887622
1254	-1228.898	-1446.274	217.3762	0.3002247	0.330817	0.478609	0.0569268	0.133648	0.7494685	3.243247
1260	-1221.92	-1439.675	217.7551	0.2580202	0.536304	0.379869	0.0345494	0.0492768	0.9560829	2.90015
1266	-1231.527	-1449.634	218.1064	0.3015733	0.53156	0.376509	0.043091	0.0488408	1.048633	2.621938
1272	-1242.626	-1460.898	218.2724	0.2901824	0.532589	0.377238	0.026747	0.0634265	0.9914491	2.557324
1278	-1233.878	-1452.399	218.5211	0.4160844	0.358703	0.585233	0.017812	0.0382522	0.9947474	2.345997
1284	-1221.386	-1440.252	218.8668	0.3265373	0.430665	0.413124	0.112722	0.0434895	1.118742	2.085954
1290	-1220.979	-1440.082	219.1022	0.3265373	0.370923	0.45112	0.15233	0.0256269	1.272387	1.824458
1296	-1219.673	-1438.838	219.1646	0.2991544	0.394647	0.523971	0.0516157	0.0297654	1.17593	1.857345
1302	-1227.287	-1446.824	219.5363	0.3361741	0.394647	0.523971	0.0516157	0.0297654	1.348083	1.452793
1308	-1221.451	-1440.946	219.4948	0.4711443	0.256065	0.665787	0.0230375	0.0551108	1.57354	1.215576
1314	-1234.277	-1453.362	219.0849	0.3486903	0.244243	0.674685	0.0285055	0.0525666	1.195249	1.879618
1320	-1231.118	-1450.155	219.0369	0.3474821	0.408938	0.505344	0.0332979	0.05242	1.048306	2.011316
1326	-1223.739	-1442.392	218.6538	0.2990032	0.411634	0.508676	0.0335174	0.0461726	1.079601	2.258778
1332	-1243.019	-1461.597	218.5784	0.3858477	0.375714	0.568411	0.030281	0.0255937	1.099468	2.258778
1338	-1243.347	-1462.706	219.359	0.3775478	0.475222	0.408412	0.0577505	0.0586158	1.13871	1.714185
1344	-1244.569	-1463.813	219.2438	0.3464155	0.400817	0.509361	0.0229262	0.0668961	1.359777	1.654992
1350	-1233.974	-1453.284	219.3103	0.332694	0.366382	0.40511	0.155143	0.0733646	1.194279	1.731532
1356	-1228.712	-1447.814	219.1024	0.2878716	0.521374	0.398127	0.0531875	0.027311	1.212781	1.877572
1362	-1219.854	-1438.873	219.0186	0.3266273	0.579952	0.32784	0.0416024	0.050605	1.048674	2.03197
1368	-1224.373	-1443.337	218.9635	0.2770043	0.503581	0.409112	0.0519156	0.0353922	1.181321	1.994609
1374	-1228.098	-1446.926	218.8271	0.2901317	0.399222	0.498842	0.0587809	0.0431547	1.182159	2.081763
1380	-1222.445	-1441.56	219.1156	0.3795988	0.470437	0.449146	0.0552434	0.0251736	1.224123	1.823198
1386	-1240.602	-1460.325	219.7226	0.4360364	0.50049	0.412341	0.0598819	0.0272873	1.382901	1.212026
1392	-1225.563	-1445.442	219.8792	0.2673236	0.571715	0.402901	0.00455935	0.0208242	1.679001	0.8794347
1398	-1227.715	-1447.514	219.7983	0.2673236	0.54661	0.393996	0.00113644	0.0582583	1.773782	0.8632289
1404	-1227.982	-1447.754	219.7714	0.3549397	0.394235	0.562927	0.000819645	0.0420181	1.415567	1.199438
1410	-1223.561	-1443.26	219.6986	0.3128752	0.184613	0.78182	0.00113836	0.0324286	1.380237	1.310661
1416	-1221.287	-1440.905	219.6186	0.3128752	0.41203	0.571914	0.00254155	0.0135148	1.179287	1.527791
1422	-1217.775	-1437.334	219.5593	0.2776202	0.562558	0.380364	0.00294812	0.0541301	1.32444	1.473689
1428	-1217.017	-1436.659	219.6419	0.2619384	0.740477	0.232285	0.00221806	0.0250198	1.259274	1.462696
1434	-1218.937	-1438.572	219.6354	0.2338186	0.614357	0.264647	0.00236682	0.118629	1.264477	1.462696
1440	-1230.903	-1450.371	219.4681	0.2889806	0.422802	0.497442	0.00420886	0.0755476	1.236853	1.603647
1446	-1214.187	-1433.556	219.3688	0.2889806	0.480974	0.427958	0.0251464	0.0659221	1.222048	1.685585
1452	-1223.185	-1442.65	219.4653	0.2913686	0.53616	0.411995	0.0242084	0.0276366	1.295865	1.561933
1458	-1229.455	-1448.075	218.6202	0.356868	0.497508	0.443712	0.0275755	0.0312045	1.049393	2.278187
1464	-1220.368	-1439.502	219.1339	0.2972154	0.57908	0.312151	0.0400746	0.0686944	1.107184	1.92547
1470	-1225.756	-1444.835	219.0796	0.2533632	0.281088	0.61937	0.0380646	0.0614779	1.274121	1.855709
1476	-1228.638	-1447.824	219.186	0.3546384	0.415553	0.530382	0.0226134	0.0314513	1.093573	1.877156
1482	-1240.389	-1458.963	218.5734	0.4582188	0.334274	0.640518	0.0149986	0.0102085	1.233254	2.133953
1488	-1239.554	-1458.172	218.6185	0.4897219	0.497053	0.478667	0.0037104	0.0205696	1.026397	2.219194
1494	-1216.772	-1435.864	219.092	0.3057292	0.42968	0.526832	0.0341623	0.00932581	1.016373	2.011903
1500	-1227.165	-1446.772	219.6074	0.2991803	0.454111	0.50766	0.0329191	0.00531013	1.314559	1.439035
1506	-1226.176	-1445.567	219.3916	0.3217605	0.505836	0.459557	0.0297998	0.00480697	1.180828	1.68806
1512	-1232.23	-1451.537	219.3069	0.3217183	0.500247	0.466295	0.0302368	0.00322076	1.075213	1.821191
1518	-1233.98	-1452.952	218.9721	0.3683215	0.42332	0.517354	0.0541332	0.0051927	1.006602	2.072004
1524	-1235.269	-1453.503	218.2342	0.3683215	0.386293	0.567654	0.0381428	0.00791009	0.9544275	2.575919
1530	-1233.884	-1451.072	217.1872	0.2655971	0.385851	0.569733	0.0367453	0.00767008	0.8260739	3.315627
1536	-1236.504	-1454.764	218.2597	0.267213	0.26797	0.514412	0.0317213	0.185896	0.889447	2.632108
1542	-1242.792	-1460.408	217.6164	0.3478811	0.347407	0.518522	0.0313411	0.10273	0.9978685	2.935767
1548	-1236.503	-1455.578	219.075	0.2624808	0.466906	0.36813	0.047941	0.117024	1.130669	1.955679
1554	-1227.228	-1446.09	218.8623	0.3274041	0.308035	0.626335	0.0435389	0.0220913	1.0939	2.104936
1560	-1229.817	-1448.032	218.2153	0.3091128	0.371731	0.507458	0.0663339	0.0544771	0.8363433	2.683525
1566	-1236.494	-1454.047	217.5536	0.3559552	0.398036	0.543367	0.0205389	0.0380579	0.8909235	3.034342
1572	-1228.244	-1447.03	218.7853	0.2967421	0.382339	0.521939	0.0124033	0.0833189	1.000464	2.225664
1578	-1230.354	-1448.327	217.9734	0.2967421	0.566285	0.349093	0.0109649	0.0736567	1.175892	2.626747
1584	-1235.889	-1453.911	218.0215	0.2967421	0.437524	0.440655	0.015785	0.106036	0.9916959	2.710475
1590	-1228.505	-1448.18	219.6756	0.2967421	0.384262	0.548826	0.0324574	0.0344545	1.275304	1.417503
1596	-1230.213	-1450.113	219.8996	0.226589	0.581881	0.33778	0.0389706	0.0413685	1.206957	1.299049
1602	-1237.131	-1456.866	219.7347	0.336642	0.537138	0.411422	0.0269155	0.0245248	1.581508	1.095603
1608	-1233.737	-1453.396	219.6594	0.3315907	0.503978	0.442249	0.0412925	0.0124806	1.545181	1.197398
1614	-1230.882	-1449.912	219.0303	0.3965995	0.449542	0.508245	0.0338361	0.00837736	1.357169	1.780698
1620	-1236.715	-1455.123	218.4081	0.4299758	0.450952	0.471998	0.0647758	0.0122744	0.9081755	2.46417
1626	-1241.247	-1459.606	218.3593	0.3144132	0.422141	0.541616	0.0339817	0.00226216	0.9230824	2.53919
1632	-1234.95	-1453.462	218.5121	0.3532495	0.368187	0.591334	0.0371011	0.00337815	0.9764047	2.395016
1638	-1228.963	-1447.92	218.9575	0.2933703	0.522578	0.391759	0.0491187	0.0365442	1.15456	2.01293
1644	-1233.138	-1452.117	218.9791	0.3991407	0.388198	0.554572	0.00663994	0.0505903	1.077195	2.004341
1650	-1234.287	-1453.64	219.3525	0.2341706	0.541447	0.382961	0.016545	0.0590471	1.169784	1.737662
1656	-1226.918	-1446.189	219.2703	0.4916541	0.33099	0.6286	0.0308047	0.00960499	1.085188	1.741804
1662	-1235.456	-1454.915	219.4597	0.4916541	0.463085	0.458001	0.0391099	0.039805	1.398355	1.370765
1668	-1223.131	-1443.001	219.8705	0.3990438	0.650678	0.315803	0.0209564	0.0125631	1.436772	1.060755
1674	-1235.011	-1454.594	219.5832	0.368977	0.453851	0.482632	0.0329324	0.0305843	1.519047	1.262195
1680	-1238.597	-1457.862	219.2649	0.3533072	0.538681	0.352032	0.0729862	0.0363008	1.359845	1.636407
1686	-1228.063	-1447.252	219.1886	0.4482903	0.47115	0.405977	0.0711643	0.0517091	1.501907	1.530521
1692	-1240.575	-1459.808	219.2334	0.4034982	0.33834	0.488651	0.137724	0.0352845	1.552886	1.488863
1698	-1229.346	-1448.772	219.4252	0.6099291	0.371257	0.529464	0.0789144	0.0203639	1.663678	1.071416
1704	-1235.555	-1455.396	219.8409	0.3568747	0.459969	0.468282	0.0418703	0.0298791	1.489255	1.070082
1710	-1245.083	-1464.733	219.6501	0.4679656	0.504895	0.426642	0.0405652	0.0278981	1.486772	1.158949
1716	-1241.31	-1460.721	219.4103	0.4804964	0.372416	0.566619	0.0324986	0.0284663	1.381241	1.431017
1722	-1235.481	-1455.04	219.5588	0.2383338	0.554368	0.410284	0.0235319	0.0118161	1.383405	1.431017
1728	-1234.39	-1453.927	219.5372	0.2383338	0.666797	0.310827	0.0134249	0.00895176	1.215628	1.573041
1734	-1229.958	-1449.477	219.5185	0.3499613	0.487034	0.410751	0.0582439	0.0439711	1.588434	1.269549
1740	-1231.462	-1451.272	219.8093	0.3131332	0.517443	0.399588	0.0437035	0.0392661	1.643662	0.9762718
1746	-1232.835	-1452.727	219.8917	0.2471177	0.510923	0.417988	0.031128	0.0399609	1.540544	1.014484
1752	-1235.295	-1455.124	219.8282	0.3474142	0.337168	0.598609	0.0232487	0.0409739	1.796111	0.7457163
1758	-1242.952	-1462.729	219.7773	0.3549994	0.442591	0.460644	0.0366994	0.0600654	1.851403	0.7307465
1764	-1239.316	-1458.75	219.4336	0.3154367	0.393616	0.5462	0.0533253	0.00685875	1.507641	1.418297
1770	-1223.966	-1443.859	219.8932	0.3348811	0.491534	0.436151	0.0637502	0.00856496	1.539233	0.984697
1776	-1231.802	-1451.71	219.9085	0.3215496	0.45491	0.425231	0.102284	0.0175752	1.74154	0.7305752
1782	-1226.336	-1446.117	219.7805	0.2688694	0.439861	0.411163	0.0989	0.050076	1.775844	0.8812933
1788	-1228.152	-1448.012	219.8596	0.2819018	0.402902	0.457686	0.110091	0.0293211	1.665692	0.9128546
1794	-1243.709	-1463.59	219.8816	0.3258994	0.292927	0.542048	0.0767475	0.0882779	1.567759	0.9728674
1800	-1237.066	-1456.923	219.8569	0.3547281	0.435716	0.414789	0.0653854	0.0841104	1.619069	0.9252476
1806	-1224.865	-1444.723	219.8582	0.3656522	0.53765	0.297611	0.113652	0.0510865	1.577366	0.9598643
1812	-1227.82	-1447.735	219.9143	0.2458213	0.416011	0.438253	0.0940452	0.0516908	1.730245	0.7712354
1818	-1230.01	-1449.826	219.8159	0.3713082	0.613419	0.333543	0.0362532	0.0167851	1.730245	0.8294253
1824	-1233.539	-1453.44	219.9014	0.2125056	0.655459	0.299347	0.0251931	0.0200009	1.798576	0.6623208
1830	-1225.575	-1445.44	219.8653	0.2611131	0.708645	0.227986	0.0353249	0.0280446	1.865176	0.6145462
1836	-1217.234	-1437.26	220.0262	0.2354498	0.692515	0.236254	0.036606	0.0346248	1.709831	0.5952474
1842	-1218.056	-1437.8	219.744	0.2242597	0.608845	0.333432	0.0336901	0.0240328	1.978352	0.6244555
1848	-1209.371	-1429.224	219.8533	0.2757962	0.604059	0.330811	0.0334253	0.0317044	1.880654	0.597286
1854	-1234.274	-1454.072	219.7984	0.3086347	0.512251	0.391411	0.0270936	0.069245	1.923432	0.597286
1860	-1225.788	-1445.61	219.8216	0.2506878	0.546552	0.336841	0.0113772	0.10523	1.866764	0.7032253
1866	-1230.648	-1450.428	219.7809	0.2506878	0.570713	0.357772	0.00842036	0.0630943	1.942034	0.6345712
1872	-1237.284	-1457.034	219.7493	0.3079439	0.583203	0.365602	0.00559316	0.0456013	1.716728	0.9654606
1878	-1226.955	-1446.762	219.8071	0.3102592	0.573502	0.407462	0.0159941	0.00304166	1.782572	0.8236903
1884	-1224.315	-1444.273	219.9577	0.2679119	0.641614	0.320716	0.016773	0.0208977	1.695439	0.7569359
1890	-1225.021	-1444.97	219.9489	0.3043896	0.576769	0.362382	0.00747506	0.0533739	1.652753	0.8118489
1896	-1220.513	-1440.31	219.7964	0.2749976	0.457224	0.481637	0.0432309	0.0179083	1.532416	1.10962
1902	-1221.135	-1440.812	219.677	0.2943357	0.606116	0.386413	0.00497035	0.00250042	1.434538	1.290914
1908	-1218.929	-1438.405	219.4765	0.4177489	0.476277	0.476592	0.0450648	0.002066	1.490343	1.339632
1914	-1221.079	-1440.292	219.2132	0.3092202	0.456117	0.494938	0.0467995	0.00214552	1.335328	1.709604
1920	-1227.035	-1445.469	218.4346	0.3092202	0.516824	0.426547	0.0490959	0.00753332	1.341747	2.228162
1926	-1238.373	-1457.569	219.197	0.4510447	0.434199	0.508749	0.0502017	0.00685084	1.595566	1.451819
1932	-1238.442	-1458.038	219.5958	0.4762755	0.453662	0.487814	0.046679	0.0118444	1.791123	0.9077745
1938	-1229.503	-1449.116	219.6135	0.5135002	0.460323	0.490122	0.040062	0.00949261	1.761173	0.8798518
1944	-1240.222	-1460.011	219.7892	0.45012	0.427547	0.523234	0.0433365	0.00588259	1.64729	0.8798518
1950	-1230.372	-1449.996	219.6237	0.321831	0.653121	0.274126	0.0671487	0.0056037	1.761137	1.039303
1956	-1227.976	-1447.855	219.8788	0.2804797	0.735705	0.206501	0.0325873	0.0252076	1.648279	0.9114173
1962	-1220.427	-1440.347	219.9199	0.2322604	0.652441	0.259682	0.0409797	0.0468972	1.642469	0.8735338
1968	-1220.511	-1440.318	219.8074	0.2637719	0.680051	0.235305	0.0421491	0.0424949	1.687755	0.9496836
1974	-1229.486	-1449.38	219.8938	0.2489431	0.586181	0.294609	0.0509362	0.0682734	1.79686	0.6991545
1980	-1255.73	-1474.049	218.3184	0.2404322	0.516002	0.370215	0.0191135	0.0946691	1.061079	2.48939
1986	-1240.864	-1459.891	219.0272	0.2448654	0.413436	0.448669	0.023164	0.114731	1.061079	2.034255
1992	-1230.506	-1449.51	219.0039	0.3098351	0.440885	0.441613	0.0190744	0.098428	1.140491	1.986627
1998	-1240.181	-1459.805	219.624	0.3667285	0.458522	0.487782	0.0210685	0.0326275	1.464757	1.274719
2004	-1243.498	-1462.798	219.3	0.3263467	0.461067	0.490489	0.0211855	0.0272578	1.375231	1.612413
2010	-1236.664	-1456.149	219.4851	0.3403344	0.422303	0.557145	0.00800789	0.0125442	1.24477	1.566336
2016	-1243.997	-1463.642	219.645	0.2713317	0.536898	0.392541	0.0465988	0.0239617	1.414882	1.338093
2022	-1237.983	-1457.987	220.0039	0.314123	0.411574	0.528179	0.0477164	0.0125306	1.648839	0.7324636
2028	-1217.421	-1437.387	219.9659	0.3747097	0.47051	0.456491	0.04124	0.0317591	1.615129	0.7797817
2034	-1226.883	-1446.434	219.5517	0.3187953	0.504761	0.4128	0.0373544	0.045085	1.319056	1.470817
2040	-1224.286	-1443.375	219.0892	0.3755067	0.489595	0.468968	0.0187754	0.022661	1.312543	1.782506
2046	-1218.39	-1437.385	218.9949	0.3758578	0.374607	0.588481	0.0156723	0.0212396	1.112587	1.982767
2052	-1216.955	-1435.352	218.3969	0.3379776	0.413594	0.564127	0.0131603	0.00911927	0.9301848	2.502796
2058	-1216.64	-1434.663	218.0228	0.3379776	0.37716	0.605232	0.0106739	0.00693478	0.7700962	2.831616
2064	-1243.511	-1461.812	218.3012	0.3401193	0.49653	0.47678	0.00787224	0.0188183	0.8279794	2.624918
2070	-1232.346	-1450.18	217.8336	0.3541805	0.488123	0.473002	0.00773895	0.0311363	0.9106033	2.854592
2076	-1236.246	-1454.335	218.0894	0.2610532	0.52838	0.429338	0.0140196	0.028262	0.7160234	2.842893
2082	-1231.146	-1448.186	217.0408	0.3588525	0.50692	0.451097	0.00500483	0.036978	0.6257706	3.492623
2088	-1231.162	-1449.159	217.9968	0.342181	0.284695	0.683081	0.00449914	0.0277245	1.012488	2.697898
2094	-1223.97	-1441.718	217.748	0.342181	0.293483	0.636652	0.00419333	0.0656724	0.9066865	2.913674
2100	-1224.243	-1442.081	217.8377	0.342181	0.41755	0.493377	0.0360319	0.0530411	0.8944692	2.866807
2106	-1223.3	-1440.96	217.66	0.3070179	0.401345	0.514984	0.0376099	0.0460611	0.7763073	3.056817
2112	-1221.805	-1440.63	218.8247	0.3322519	0.448748	0.492898	0.0275502	0.030804	1.162293	2.082763
2118	-1226.479	-1445.075	218.596	0.3416991	0.397672	0.53893	0.0395305	0.023867	1.088094	2.275493
2124	-1240.126	-1459.299	219.1732	0.3611437	0.391728	0.530875	0.0410657	0.0363306	0.9496129	1.97987
2130	-1232.486	-1450.368	217.8817	0.3388754	0.428758	0.501872	0.0386527	0.0307178	0.9557638	2.80421
2136	-1231.079	-1448.91	217.8315	0.3692654	0.362971	0.576184	0.0336807	0.0271643	0.9129954	2.847775
2142	-1233.353	-1451.168	217.8152	0.2919178	0.512628	0.376137	0.0589242	0.0523106	0.9673392	2.852225
2148	-1219.644	-1437.445	217.8012	0.2884136	0.374901	0.517252	0.0695904	0.0382564	0.9825657	2.852225
2154	-1219.407	-1436.984	217.5775	0.4213985	0.419106	0.517156	0.0167542	0.0469837	0.859648	3.007158
2160	-1229.826	-1447.135	217.3097	0.3643552	0.232798	0.719402	0.0167215	0.031079	0.9513765	3.140181
2166	-1228.054	-1447.034	218.9807	0.2560051	0.457406	0.501581	0.0142978	0.0267149	0.9461191	2.140497
2172	-1218.502	-1436.913	218.4106	0.2987207	0.438816	0.481194	0.0654295	0.0145605	1.023003	2.449155
2178	-1231.785	-1450.141	218.3559	0.3999524	0.297747	0.665945	0.030737	0.00557113	1.010586	2.449155
2184	-1238.456	-1455.871	217.4146	0.3508073	0.38726	0.577269	0.0295521	0.00591961	0.8269659	3.157542
2190	-1228.952	-1445.512	216.5606	0.4374681	0.304849	0.60343	0.0236471	0.0680733	1.036869	3.494885
2196	-1233.512	-1451.98	218.4685	0.3236258	0.431822	0.472328	0.0506929	0.0451568	0.9155302	2.47256
2202	-1230.867	-1448.339	217.4719	0.3236258	0.4673	0.3907	0.0623168	0.0796835	0.9456378	3.062841
2208	-1233.926	-1452.479	218.5528	0.2856104	0.590143	0.254514	0.0950989	0.0602434	0.9763709	2.392001
2214	-1249.287	-1466.885	217.5985	0.2856104	0.532381	0.327482	0.0857907	0.0543468	1.068087	2.923638
2220	-1255.666	-1475.075	219.4083	0.3812827	0.333942	0.619576	0.0452743	0.0012076	1.310914	1.55246
2226	-1249.314	-1468.408	219.0941	0.3271059	0.61851	0.346791	0.0336976	0.00100107	1.05214	1.979182
2232	-1249.626	-1467.965	218.3384	0.5262421	0.45392	0.512721	0.0283199	0.0050395	1.128034	2.31018
2238	-1259.597	-1477.984	218.3867	0.312984	0.367247	0.603897	0.0229124	0.00594429	1.174082	2.364766
2244	-1247.082	-1465.98	218.8984	0.3556757	0.3787	0.600351	0.0150394	0.00590939	1.16352	2.023076
2250	-1240.229	-1459.151	218.9211	0.3806138	0.375453	0.60363	0.0150167	0.00590047	1.037692	2.078883
2256	-1228.175	-1446.607	218.4323	0.5128083	0.446005	0.521214	0.0252424	0.00753862	1.096493	2.279035
2262	-1231.402	-1450.233	218.8312	0.2864712	0.538602	0.387493	0.0542782	0.0196274	1.084662	2.143745
2268	-1233.382	-1452.188	218.8061	0.4693915	0.461953	0.438512	0.0614248	0.0381095	1.114211	2.052319
2274	-1233.366	-1451.499	218.1329	0.519683	0.361611	0.558108	0.0575231	0.0227581	0.8750636	2.602283
2280	-1232.375	-1450.345	217.9704	0.3245719	0.450571	0.475525	0.0529539	0.0209504	0.9647877	2.749867
2286	-1235.274	-1454.21	218.9352	0.3261438	0.374928	0.58668	0.0219664	0.0164249	1.15237	2.018686
2292	-1241.641	-1460.463	218.8216	0.398457	0.445397	0.513213	0.0306826	0.0107076	1.21372	2.018686
2298	-1234.836	-1453.698	218.8622	0.2765517	0.61057	0.318535	0.042061	0.0288342	1.282663	1.994644
2304	-1238.743	-1457.164	218.4209	0.4113002	0.576589	0.379514	0.0271099	0.0167873	1.149515	2.313956
2310	-1245.098	-1463.967	218.8691	0.2827649	0.404315	0.474027	0.0756105	0.0460481	1.14077	2.08294
2316	-1240.481	-1459.694	219.2121	0.33788	0.432397	0.481961	0.0768761	0.00876572	1.166595	1.816926
2322	-1233.498	-1452.183	218.6848	0.2882419	0.411024	0.549979	0.0229512	0.0160463	1.133666	2.206583
2328	-1241.284	-1459.478	218.1944	0.2973406	0.537061	0.4	0.029989	0.0329498	1.18259	2.485041
2334	-1237.639	-1456.047	218.4079	0.2973406	0.537983	0.400687	0.0300405	0.0312889	0.9690673	2.485041
2340	-1232.147	-1450.759	218.612	0.4235272	0.538291	0.296967	0.137335	0.0274063	1.086592	2.224835
2346	-1226.403	-1445.326	218.9234	0.4393075	0.537758	0.343805	0.117347	0.00109002	1.023641	2.053366
2352	-1233.342	-1453.255	219.9125	0.3305426	0.57282	0.366221	0.0596513	0.00130768	1.337257	1.158751
2358	-1220.07	-1439.266	219.1962	0.3305426	0.375943	0.584867	0.0379367	0.00125262	1.208104	1.802355
2364	-1228.794	-1446.879	218.0857	0.4038458	0.524043	0.457021	0.0171908	0.00174608	1.004844	2.618963
2370	-1231.695	-1450.741	219.0462	0.4475679	0.424225	0.547611	0.0265997	0.00156357	0.9645546	2.005986
2376	-1222.747	-1442.109	219.3621	0.317554	0.332631	0.63862	0.0236951	0.00505341	1.047542	1.803729
2382	-1230.918	-1449.491	218.5728	0.5930643	0.492796	0.444157	0.0138315	0.0492162	0.9961783	2.199897
2388	-1225.888	-1444.15	218.262	0.2980007	0.503952	0.426759	0.0152006	0.0540879	0.9822083	2.567644
2394	-1239.696	-1457.702	218.0059	0.3016064	0.467768	0.428601	0.0622447	0.0413867	1.005168	2.71053
2400	-1232.545	-1451.742	219.1977	0.2676615	0.595938	0.384758	0.0051998	0.0141041	1.141303	1.864878
2406	-1218.483	-1437.688	219.2047	0.3428323	0.422169	0.539182	0.0118218	0.0268264	1.204211	1.79379
2412	-1229.278	-1448.716	219.4382	0.2614966	0.4421	0.45713	0.0268096	0.0739597	1.318974	1.570241
2418	-1233.443	-1452.908	219.4648	0.2614966	0.588732	0.341491	0.0200277	0.0497492	1.259969	1.593923
2424	-1236.671	-1455.814	219.1425	0.2788402	0.571768	0.334119	0.00856988	0.0855425	1.146771	1.897039
2430	-1219.327	-1438.397	219.0694	0.2619981	0.572799	0.334722	0.00678241	0.0856967	1.187309	1.921341
2436	-1218.243	-1435.9	217.6577	0.3304984	0.467044	0.459871	0.00850509	0.0645794	1.008475	2.911151
2442	-1219.271	-1436.098	216.8276	0.3304984	0.482324	0.448512	0.0056863	0.0634777	0.7681161	3.544874
2448	-1225.709	-1443.084	217.3752	0.2496561	0.50288	0.477322	0.00369613	0.0161021	0.7144582	3.271213
2454	-1223.853	-1440.981	217.128	0.2944333	0.409263	0.470511	0.0987344	0.0214919	0.7257854	3.404628
2460	-1222.147	-1439.662	217.5151	0.4430085	0.490732	0.448645	0.0387005	0.0219228	0.6708243	3.145445
2466	-1228.785	-1447.203	218.418	0.3398946	0.388046	0.529646	0.0428816	0.0394262	0.7210004	2.618952
2472	-1236.954	-1454.698	217.7439	0.4533599	0.322007	0.623773	0.0215037	0.0327165	0.7621392	2.948165
2478	-1226.367	-1444.926	218.5591	0.3208702	0.326238	0.579135	0.0245986	0.0700281	0.8021643	2.487765
2484	-1232.568	-1450.888	218.3204	0.3778933	0.3581	0.512164	0.0686592	0.0610767	0.8388768	2.589531
2490	-1227.467	-1446.133	218.6651	0.5380437	0.503636	0.415477	0.0477139	0.0331732	0.8075848	2.298557
2496	-1230.557	-1448.283	217.7262	0.4701173	0.521039	0.416593	0.0326938	0.029674	0.9379233	2.842993
2502	-1244.621	-1462.355	217.7339	0.4599557	0.470775	0.414465	0.0601581	0.0546016	0.908821	2.861841
2508	-1241.709	-1459.606	217.8971	0.4964155	0.39489	0.50485	0.0544588	0.0458003	0.7088205	2.862652
2514	-1233.135	-1450.299	217.1636	0.5444041	0.445546	0.462588	0.0498999	0.0419663	0.7677491	3.237139
2520	-1237.124	-1454.572	217.4485	0.5148324	0.440485	0.50383	0.021142	0.0345432	0.8857666	3.015266
2526	-1237.808	-1455.523	217.7158	0.36204	0.368762	0.576884	0.0184969	0.0358572	0.7562461	3.015266
2532	-1224.571	-1442.859	218.2875	0.3810937	0.450168	0.48347	0.0107539	0.055608	0.7913099	2.63778
2538	-1228.966	-1446.324	217.358	0.395466	0.376846	0.569256	0.017757	0.0361406	0.7366382	3.22444
2544	-1221.893	-1438.922	217.0287	0.3695317	0.366611	0.584004	0.011784	0.0376007	0.7231495	3.438185
2550	-1226.155	-1443.784	217.6287	0.3795031	0.480671	0.446185	0.00840942	0.064735	0.897614	2.974769
2556	-1220.032	-1438.545	218.5129	0.3795031	0.589519	0.384308	0.0209877	0.00518497	1.106001	2.299766
2562	-1228.944	-1448.419	219.4751	0.3645439	0.532034	0.378411	0.0641695	0.0253859	1.13031	1.64454
2568	-1224.696	-1444.124	219.4281	0.304196	0.45716	0.45963	0.0659207	0.0172888	1.350641	1.545059
2574	-1231.208	-1450.82	219.6121	0.2989707	0.564589	0.375743	0.0077064	0.0519612	1.304234	1.443397
2580	-1222.121	-1440.852	218.7308	0.3084256	0.538013	0.358056	0.00734364	0.0965876	1.07731	2.207926
2586	-1219.041	-1437.503	218.4618	0.2588022	0.494614	0.434098	0.00578578	0.0655018	1.063391	2.398023
2592	-1224.496	-1443.33	218.8342	0.2480312	0.422154	0.519561	0.0191922	0.0390928	1.162814	2.094629
2598	-1224.604	-1442.605	218.0012	0.4376664	0.402949	0.558127	0.0206168	0.0183075	0.9206245	2.704425
2604	-1243.441	-1461.454	218.013	0.2540371	0.294558	0.607706	0.0224482	0.075288	0.8273454	2.821974
2610	-1240.263	-1458.308	218.0451	0.3354049	0.520103	0.371584	0.0396369	0.0686755	1.033939	2.657654
2616	-1230.732	-1449.134	218.4024	0.4078647	0.320066	0.579822	0.0108515	0.08926	1.116934	2.348334
2622	-1227.169	-1445.086	217.9168	0.2832682	0.367972	0.516933	0.0124757	0.10262	0.9340154	2.812565
2628	-1239.277	-1457.132	217.8551	0.3267272	0.421552	0.538579	0.0258316	0.0140375	0.9760048	2.812565
2634	-1242.956	-1461.525	218.5695	0.2770538	0.583314	0.372732	0.0066657	0.0372882	0.9021295	2.429895
2640	-1243.629	-1460.484	216.8546	0.2971308	0.378108	0.532704	0.0288662	0.0603217	0.7304891	3.560873
2646	-1244.257	-1460.858	216.6005	0.2944383	0.405233	0.465783	0.0762396	0.0527438	0.7664272	3.688045
2652	-1237.824	-1456.417	218.5931	0.2271499	0.529256	0.291306	0.0850203	0.0944179	1.052931	2.319162
2658	-1225.743	-1443.725	217.9821	0.3081674	0.418775	0.505287	0.0217375	0.0542008	0.9846576	2.735811
2664	-1234.087	-1452.558	218.4705	0.2659269	0.474204	0.453762	0.0445295	0.0275039	1.048484	2.401435
2670	-1225.753	-1444.239	218.4855	0.2659269	0.498337	0.437297	0.051182	0.0131844	0.9261082	2.468984
2676	-1229.02	-1447.28	218.2599	0.2659269	0.51494	0.420416	0.0528873	0.011757	0.765317	2.708501
2682	-1237.01	-1455.641	218.631	0.3137078	0.424332	0.48912	0.0435493	0.0429992	0.8884267	2.390685
2688	-1231.316	-1449.237	217.9208	0.3047053	0.406798	0.435341	0.0796662	0.0781948	0.8490107	2.856732
2694	-1231.752	-1450.284	218.5326	0.2941827	0.485299	0.380081	0.0834739	0.0511464	1.038474	2.36359
2700	-1226.416	-1445.162	218.746	0.2410886	0.5573	0.279495	0.0613832	0.101821	0.9332694	2.29994
2706	-1226.97	-1444.756	217.7856	0.2738892	0.481499	0.389448	0.0766583	0.0523948	0.8652604	2.935086
2712	-1227.188	-1444.232	217.0447	0.3673872	0.444423	0.489636	0.0377139	0.0282271	0.7819572	3.395347
2718	-1228.846	-1446.222	217.3759	0.2826883	0.389917	0.480267	0.0805784	0.0492379	0.7258656	3.261162
2724	-1239.559	-1456.982	217.4227	0.2362244	0.569922	0.363492	0.0493531	0.0172333	1.002025	3.071459
2730	-1238.776	-1457.119	218.3426	0.2982476	0.522688	0.445749	0.0244476	0.00711558	1.054346	2.472316
2736	-1239.73	-1457.433	217.7034	0.3835094	0.465498	0.468695	0.0409875	0.0248199	1.10953	2.799466
2742	-1241.108	-1460.489	219.3815	0.3119306	0.588027	0.373824	0.0374424	0.00070627	2.286941	0.3369623
2748	-1233.275	-1452.782	219.5071	0.2931926	0.697461	0.291664	0.00964948	0.00122546	2.202882	0.3786631
2754	-1248.096	-1467.69	219.5939	0.242162	0.552008	0.427431	0.0199839	0.000577	2.144387	0.4183858
2760	-1238.99	-1458.721	219.7307	0.3734175	0.537859	0.368661	0.0930106	0.000469503	1.965511	0.5223997
2766	-1241.668	-1461.474	219.8055	0.2861997	0.582834	0.340769	0.0745287	0.00186793	1.940825	0.5272684
2772	-1231.356	-1451.126	219.7698	0.3207511	0.431254	0.459705	0.107236	0.00180527	1.858553	0.7640112
2778	-1232.971	-1452.862	219.8912	0.3162281	0.421415	0.523739	0.0532233	0.00162214	1.736869	0.7678377
2784	-1236.921	-1454.435	217.5137	0.4920786	0.464063	0.484514	0.0483187	0.00310441	1.000644	2.920614
2790	-1245.016	-1463.365	218.3497	0.4525032	0.481297	0.502506	0.0129319	0.00326498	1.008515	2.424738
2796	-1239.778	-1458.027	218.2487	0.2849016	0.473217	0.49407	0.0155935	0.0171195	1.109868	2.499402
2802	-1237.503	-1455.864	218.3614	0.2827717	0.598898	0.34669	0.0152576	0.0391549	0.9977615	2.499402
2808	-1228.787	-1447.953	219.1664	0.3344218	0.592887	0.342914	0.035143	0.0290558	1.265336	1.781682
2814	-1230.511	-1449.561	219.0495	0.3486179	0.406121	0.502264	0.0345014	0.0571136	1.198893	1.901192
2820	-1240.291	-1459.533	219.2426	0.3020724	0.384239	0.534127	0.0208965	0.0607369	1.297742	1.717735
2826	-1238.167	-1458.104	219.9373	0.2606283	0.55837	0.39475	0.0255528	0.0213277	1.543404	0.9651339
2832	-1251.567	-1471.42	219.8526	0.2836093	0.593146	0.369132	0.0238946	0.0138272	1.699787	0.8816822
2838	-1229.983	-1449.831	219.8484	0.4464503	0.632456	0.341994	0.024287	0.00126252	1.58997	0.8816822
2844	-1227.803	-1447.695	219.8923	0.2416526	0.709209	0.275208	0.0116912	0.00389191	1.32752	1.207527
2850	-1234.404	-1454.094	219.6903	0.3604729	0.527995	0.433966	0.0308278	0.007211	1.365984	1.304952
2856	-1241.608	-1461.051	219.4433	0.4790258	0.585783	0.389388	0.0201588	0.00467053	1.393581	1.39706
2862	-1244.725	-1464.283	219.558	0.4223625	0.585783	0.389388	0.0201588	0.00467053	1.538234	1.230333
2868	-1231.22	-1451.033	219.8129	0.2978213	0.55002	0.365615	0.0600697	0.0242951	1.742915	0.8718044
2874	-1225.75	-1445.03	219.2799	0.2708143	0.500211	0.473464	0.0163739	0.00995116	1.150003	1.801968
2880	-1228.657	-1447.542	218.8856	0.3305381	0.294102	0.68511	0.00990875	0.0108796	1.197388	2.020013
2886	-1237.408	-1455.697	218.2885	0.3147252	0.574609	0.346802	0.0573757	0.0212132	1.126112	2.456422
2892	-1227.866	-1446.896	219.0303	0.391033	0.557254	0.336327	0.0996454	0.00677306	1.279396	1.837554
2898	-1237.562	-1456.991	219.4286	0.391033	0.385099	0.526254	0.0830052	0.005642	1.184593	1.624047
2904	-1237.97	-1454.639	216.6687	0.5638337	0.461634	0.46375	0.058941	0.0156744	0.7873788	3.504432
2910	-1235.146	-1452.399	217.2531	0.3432977	0.294611	0.689295	0.0111339	0.00496046	0.8322835	3.253063
2916	-1227.132	-1446.038	218.9063	0.2807044	0.370371	0.599771	0.0109884	0.0188704	0.9096698	2.209756
2922	-1223.732	-1441.616	217.8843	0.3975018	0.343479	0.609806	0.00963026	0.0370854	0.8211731	2.857798
2928	-1230.441	-1448.961	218.5208	0.3214376	0.544123	0.342676	0.0473868	0.0658144	0.7838656	2.522969
2934	-1235.731	-1453.114	217.3833	0.3214376	0.375853	0.547142	0.0442402	0.0327642	0.8031374	3.201089
2940	-1248.43	-1467.38	218.9504	0.2866457	0.349624	0.583775	0.0533916	0.0132094	1.177414	2.004035
2946	-1226.118	-1444.693	218.5743	0.2935062	0.525863	0.396625	0.0616147	0.0158968	1.157189	2.261415
2952	-1222.587	-1441.92	219.3337	0.238159	0.633795	0.307688	0.0386468	0.0198701	1.130606	1.778719
2958	-1222.184	-1441.573	219.3896	0.2565166	0.655562	0.295136	0.03289	0.0164122	1.366403	1.571363
2964	-1220.824	-1440.38	219.5551	0.2884564	0.368035	0.482168	0.0517619	0.098036	1.314399	1.482043
2970	-1225.442	-1443.89	218.4482	0.408695	0.331039	0.615349	0.0138932	0.0397193	1.287765	2.209107
2976	-1223.53	-1443.05	219.5201	0.3215339	0.379655	0.535816	0.0159336	0.0685955	1.202508	1.579935
2982	-1241.25	-1459.696	218.4462	0.3125922	0.459063	0.480536	0.0123491	0.0480521	1.205909	2.306794
2988	-1233.812	-1452.044	218.2325	0.2947625	0.359746	0.498448	0.00194791	0.139858	0.8970643	2.639413
2994	-1225.04	-1444.201	219.1609	0.3741084	0.382518	0.565466	0.00202716	0.0499894	1.17924	1.825866
3000	-1240.794	-1460.221	219.4278	0.4782636	0.472599	0.399186	0.0370719	0.0911432	1.43576	1.376742
3006	-1229.087	-1448.729	219.6419	0.3042901	0.505969	0.373929	0.0347262	0.0853763	1.320193	1.406339
3012	-1233.348	-1452.941	219.5928	0.2062959	0.408907	0.39539	0.00789545	0.187807	1.201181	1.532959
3018	-1239.657	-1458.651	218.9939	0.2062959	0.676463	0.18721	0.00373835	0.132588	1.263657	1.9115
3024	-1242.126	-1461.019	218.8935	0.2991111	0.442419	0.336789	0.00605455	0.214737	1.012002	2.147374
3030	-1246.049	-1465.446	219.3972	0.2991111	0.40241	0.429095	0.00653677	0.161958	1.236224	1.652407
3036	-1238.114	-1457.207	219.093	0.3404636	0.454148	0.511691	0.00278221	0.0313786	1.201022	1.873825
3042	-1239.689	-1458.011	218.3215	0.3628062	0.307333	0.561274	0.0827881	0.0486049	1.169195	2.389339
3048	-1230.345	-1449.002	218.6562	0.3306695	0.456179	0.419919	0.0606791	0.0632225	0.9916505	2.303141
3054	-1229.113	-1448.399	219.2858	0.2780589	0.42809	0.480228	0.0442145	0.0474679	1.20105	1.761208
3060	-1237.341	-1456.587	219.2467	0.2550159	0.360616	0.5515	0.0451077	0.0427767	1.243761	1.761208
3066	-1230.231	-1447.948	217.7175	0.3325773	0.390589	0.407838	0.0667169	0.134856	0.9007349	2.939275
3072	-1223.638	-1440.58	216.9425	0.3068267	0.495123	0.476192	0.010367	0.0183179	0.8798331	3.419965
3078	-1232.625	-1451.649	219.0243	0.3267556	0.497402	0.476345	0.0126584	0.0135941	1.048042	2.028525
3084	-1235.382	-1454.578	219.1959	0.4525876	0.492966	0.44145	0.0542878	0.0112956	1.303803	1.666446
3090	-1223.381	-1442.713	219.3321	0.3016506	0.509029	0.401436	0.0515845	0.0379497	1.376383	1.597435
3096	-1219.211	-1438.981	219.7696	0.3160681	0.462346	0.471801	0.0163367	0.0495162	1.573941	1.081315
3102	-1245.55	-1465.478	219.9279	0.2792569	0.433485	0.461621	0.0804488	0.0244459	1.28848	1.207649
3108	-1227.162	-1446.81	219.6483	0.3301348	0.431356	0.464264	0.0800538	0.0243258	1.393007	1.333192
3114	-1238.057	-1457.533	219.4759	0.3301348	0.580166	0.385292	0.0109149	0.0236277	1.528505	1.36255
3120	-1231.332	-1450.6	219.2683	0.3091926	0.611907	0.353119	0.0100035	0.0249703	1.585209	1.487526
3126	-1239.43	-1458.727	219.2977	0.2735268	0.549492	0.349532	0.00743983	0.093536	1.568714	1.487526
3132	-1239.141	-1458.804	219.6636	0.3216266	0.545469	0.372844	0.0723868	0.00929982	1.352254	1.357336
3138	-1238.501	-1457.836	219.3357	0.3191943	0.543952	0.371807	0.0721855	0.0120549	1.318931	1.630252
3144	-1243.835	-1463.38	219.5444	0.315391	0.528823	0.407519	0.0440673	0.0195902	2.124064	0.3388423
3150	-1232.445	-1452.129	219.6839	0.3373324	0.418585	0.520026	0.024143	0.0372456	2.019003	0.4072818
3156	-1220.965	-1440.634	219.6681	0.3852209	0.297047	0.673023	0.0135979	0.0163321	2.019003	0.4797652
3162	-1228.925	-1448.781	219.8567	0.3098634	0.519088	0.372519	0.0360616	0.0723311	1.82478	0.6874314
3168	-1230.137	-1450.108	219.9708	0.3101257	0.505882	0.449755	0.00569422	0.0386686	1.504397	0.9547757
3174	-1243.156	-1462.908	219.7521	0.5392849	0.432415	0.529572	0.00495938	0.0330529	1.658991	0.8025618
3180	-1239.902	-1459.544	219.6418	0.2940327	0.41195	0.504509	0.00472466	0.078816	1.596684	1.184411
3186	-1228.692	-1448.447	219.7556	0.2648891	0.583034	0.39122	0.000777122	0.0249685	1.639703	1.049495
3192	-1232.268	-1451.958	219.6901	0.301425	0.492385	0.474762	0.000943071	0.0319099	1.481511	1.238789
3198	-1235.138	-1454.811	219.6728	0.2404864	0.283836	0.671566	0.00996001	0.0346385	1.444337	1.293004
3204	-1236.073	-1455.844	219.7714	0.3276553	0.389122	0.546988	0.0186242	0.0452657	1.221414	1.372817
3210	-1231.216	-1449.809	218.593	0.3430029	0.401976	0.518714	0.0296702	0.0496404	1.266575	2.161718
3216	-1229.884	-1448.997	219.1134	0.4210327	0.446882	0.481687	0.0282311	0.0431997	1.301774	1.74668
3222	-1226.077	-1445.772	219.6953	0.3278585	0.3937	0.543176	0.0424499	0.020674	1.26522	1.397979
3228	-1224.376	-1443.928	219.552	0.276611	0.500891	0.389061	0.0740051	0.0360421	1.273111	1.517928
3234	-1222.734	-1442.263	219.5286	0.3099644	0.373077	0.542621	0.0497095	0.0345926	1.381575	1.444242
3240	-1220.774	-1440.103	219.3292	0.3728627	0.365833	0.532085	0.0592708	0.0428109	1.362134	1.577694
3246	-1215.564	-1434.759	219.1956	0.3417367	0.466903	0.49999	0.0258062	0.00730095	1.019855	1.926587
3252	-1220.557	-1440.11	219.5535	0.2928768	0.56892	0.382615	0.0206475	0.027818	1.239393	1.538083
3258	-1222.129	-1441.151	219.0214	0.2751308	0.45266	0.475987	0.0270916	0.0442621	1.081822	2.02256
3264	-1243.25	-1461.958	218.7083	0.3702305	0.226966	0.710448	0.016804	0.0457815	1.103426	2.18025
3270	-1246.037	-1463.208	217.1703	0.3137296	0.432907	0.41724	0.089196	0.0606569	0.9984227	3.214001
3276	-1237.798	-1455.92	218.1217	0.3460097	0.379848	0.560724	0.0455063	0.0139214	0.8378837	2.726823
3282	-1238.806	-1456.919	218.1136	0.3079529	0.408663	0.543606	0.029787	0.0179437	0.9007312	2.706763
3288	-1235.653	-1453.765	218.1116	0.3079529	0.522177	0.425453	0.0380033	0.0143671	0.8986873	2.709239
3294	-1227.157	-1445.719	218.5616	0.4513208	0.632379	0.3094	0.0566813	0.00153918	1.053471	2.262183
3300	-1218.54	-1437.156	218.6166	0.3870076	0.477229	0.464729	0.0533238	0.00471885	1.163757	2.192084
3306	-1222.557	-1441.474	218.9167	0.3792778	0.465944	0.467484	0.063599	0.00297238	1.092637	2.046258
3312	-1231.488	-1448.507	217.019	0.26829	0.51732	0.358749	0.0694814	0.0544493	0.8839673	3.380219
3318	-1218.06	-1436.405	218.3458	0.3935088	0.311448	0.612644	0.0430953	0.0328128	0.9015979	2.527006
3324	-1219.7	-1438.285	218.5847	0.370053	0.406345	0.488899	0.0526379	0.0521179	0.9905517	2.332225
3330	-1219.337	-1437.62	218.2837	0.3026289	0.328432	0.552582	0.0425451	0.0764404	0.9716503	2.559522
3336	-1221.586	-1439.847	218.2613	0.3236875	0.418217	0.430023	0.0626118	0.0891483	0.9731899	2.565843
3342	-1228.798	-1448.004	219.2063	0.3039176	0.448228	0.460881	0.0671047	0.0237863	0.9826822	1.958574
3348	-1229.817	-1448.342	218.5243	0.3339593	0.517506	0.448811	0.00678607	0.026897	1.046437	2.350925
3354	-1227.659	-1447.029	219.3707	0.3732401	0.287846	0.614224	0.0527692	0.0451608	1.101949	1.734203
3360	-1232.29	-1451.424	219.1333	0.2989971	0.497787	0.410017	0.0408588	0.0513374	0.9109332	2.056409
3366	-1229.095	-1447.327	218.2317	0.2883939	0.530988	0.437768	0.00748422	0.0237603	0.8027906	2.699322
3372	-1218.518	-1437.01	218.4916	0.2471745	0.499804	0.398887	0.0171692	0.0841393	0.9489892	2.451448
3378	-1234.127	-1451.904	217.777	0.5205441	0.399982	0.511212	0.0214707	0.0673348	0.9076533	2.800154
3384	-1234.646	-1453.237	218.5912	0.4645979	0.396305	0.556061	0.0254374	0.0221966	0.9190789	2.321131
3390	-1240.422	-1458.401	217.9785	0.4389773	0.216846	0.721812	0.0527264	0.00861563	1.007532	2.66422
3396	-1242.635	-1461.11	218.4749	0.503602	0.178828	0.748014	0.0454839	0.0276741	0.83647	2.422954
3402	-1244.144	-1462.73	218.586	0.3088701	0.374535	0.569743	0.0346439	0.0210786	0.8140461	2.467364
3408	-1231.233	-1450.172	218.9394	0.4269098	0.490662	0.436339	0.0453854	0.0276142	1.039371	2.039844
3414	-1242.526	-1461.138	218.6116	0.3445398	0.345821	0.56042	0.0582917	0.0354669	1.040394	2.294892
3420	-1234.586	-1453.112	218.526	0.2728252	0.423613	0.495441	0.0194906	0.0614555	0.8637871	2.481901
3426	-1237.06	-1455.014	217.9535	0.3616474	0.489159	0.436163	0.0171586	0.0575191	0.7670402	2.865701
3432	-1236.561	-1455.299	218.7372	0.5267975	0.373338	0.513093	0.101678	0.0118914	1.112429	2.061338
3438	-1229.044	-1448.021	218.9777	0.4276624	0.428683	0.505311	0.041075	0.0249308	1.142286	1.945092
3444	-1227.877	-1446.325	218.4479	0.3930632	0.52705	0.40711	0.0453064	0.0205339	0.8574441	2.491042
3450	-1231.713	-1449.064	217.351	0.5878698	0.391158	0.542086	0.0381715	0.0285841	0.7835791	3.089658
3456	-1224.914	-1443.09	218.1755	0.3594324	0.430374	0.527377	0.031383	0.0108657	0.9435099	2.623029
3462	-1234.747	-1453.105	218.3582	0.3428857	0.54844	0.40493	0.0440423	0.00258787	1.105869	2.414854
3468	-1221.757	-1439.624	217.8666	0.3428857	0.658943	0.305662	0.0235606	0.0118345	0.9518285	2.814196
3474	-1233.953	-1452.499	218.546	0.3705977	0.478725	0.452654	0.0446059	0.0240151	1.055427	2.315329
3480	-1234.276	-1452.743	218.4674	0.2464813	0.449581	0.489184	0.0311815	0.0300532	0.8191943	2.547656
3486	-1220.724	-1439.152	218.4274	0.3174139	0.49112	0.464918	0.0111316	0.0328299	0.8147519	2.563201
3492	-1226.276	-1444.557	218.2812	0.4179189	0.433626	0.51618	0.0125185	0.037676	0.8872177	2.563201
3498	-1218.273	-1437.188	218.9147	0.5624377	0.391581	0.518121	0.0293179	0.0609803	1.006312	1.989657
3504	-1215.813	-1434.721	218.9085	0.3258205	0.401845	0.524861	0.0107148	0.0625787	1.0836	2.081935
3510	-1223.85	-1442.374	218.5238	0.28429	0.399313	0.46882	0.033156	0.0987115	0.9656284	2.417394
3516	-1223.898	-1442.643	218.7447	0.2573268	0.51754	0.435738	0.0220433	0.0246793	0.9286916	2.303983
3522	-1222.265	-1440.869	218.6047	0.3361684	0.509334	0.444684	0.0216938	0.024288	0.9836219	2.338917
3528	-1235.107	-1454.475	219.3673	0.304499	0.522323	0.441154	0.0276655	0.00885774	1.183405	1.709671
3534	-1231.506	-1448.901	217.3951	0.3132461	0.483141	0.440038	0.0516154	0.0252054	0.8916192	3.144148
3540	-1230.019	-1447.831	217.8123	0.2929213	0.553599	0.336914	0.0858029	0.0236832	1.031586	2.814742
3546	-1229.95	-1448.623	218.6729	0.431582	0.32387	0.511922	0.127015	0.0371932	1.032634	2.215666
3552	-1232.359	-1449.427	217.0674	0.4677362	0.292072	0.628822	0.063502	0.0156041	0.9612813	3.224841
3558	-1225.905	-1442.965	217.0592	0.4853714	0.323246	0.532649	0.103359	0.0407459	0.8419028	3.290101
3564	-1239.241	-1457.403	218.1617	0.2996871	0.494595	0.359367	0.104745	0.0412926	0.8864116	2.688292
3570	-1245.93	-1464.316	218.3856	0.4952633	0.338183	0.523761	0.11574	0.0223156	0.8518994	2.474631
3576	-1240.51	-1458.914	218.4046	0.3184438	0.605418	0.312271	0.0690053	0.0133048	0.9790224	2.474631
3582	-1238.477	-1457.271	218.7943	0.4362837	0.474116	0.395236	0.113072	0.0175764	1.131695	2.069084
3588	-1238.683	-1456.853	218.1702	0.4952731	0.371305	0.555112	0.0717775	0.00180577	0.7995822	2.640989
3594	-1228.474	-1446.713	218.2394	0.3259666	0.365541	0.558821	0.0729052	0.0027327	0.8723459	2.640989
3600	-1237.601	-1454.588	216.9867	0.4872606	0.242279	0.595303	0.156687	0.00573147	0.7211957	3.402609
3606	-1222.498	-1439.108	216.6095	0.4195511	0.425753	0.49775	0.0717051	0.00479225	0.7350844	3.651287
3612	-1223.857	-1441.626	217.7696	0.3483919	0.362327	0.579799	0.055472	0.00240196	0.7492735	2.992945
3618	-1224.058	-1442.14	218.0823	0.4085672	0.233176	0.750591	0.0131513	0.00308112	0.9241601	2.668353
3624	-1223.356	-1440.93	217.5748	0.303255	0.325575	0.660624	0.011575	0.00222625	0.8018049	3.093497
3630	-1235.22	-1454.098	218.8779	0.4036563	0.562832	0.423617	0.0033395	0.0102114	1.022398	2.104964
3636	-1235.361	-1452.902	217.5414	0.7823289	0.673814	0.3217	0.00144088	0.00304438	0.9541147	2.747892
3642	-1226.222	-1444	217.7778	0.5353617	0.567988	0.428218	0.00121898	0.00257555	0.9833999	2.74429
3648	-1238.379	-1456.506	218.1269	0.6900538	0.295974	0.689347	0.000985264	0.0136942	0.947453	2.449821
3654	-1241.391	-1460.428	219.037	0.3148357	0.438756	0.517379	0.00115961	0.0427052	1.072954	2.007907
3660	-1252.12	-1468.045	215.9253	0.3808059	0.410961	0.442653	0.128795	0.0175915	0.782825	4.035876
3666	-1250.118	-1468.601	218.4821	0.3062511	0.27586	0.552278	0.15396	0.0179025	0.8198245	2.529505
3672	-1243.44	-1461.579	218.1386	0.3062511	0.531679	0.341616	0.0952333	0.0314716	0.99392	2.634546
3678	-1234.089	-1451.171	217.0812	0.2900401	0.452568	0.462653	0.0579896	0.0267888	0.7421992	3.423418
3684	-1234.062	-1452.2	218.1388	0.331455	0.300009	0.597603	0.0730265	0.0293615	0.7866766	2.753341
3690	-1229.786	-1447.011	217.2241	0.3091959	0.340007	0.527337	0.0946145	0.0380413	0.8054378	3.297542
3696	-1228.72	-1446.658	217.9374	0.3115117	0.375287	0.598992	0.0132876	0.0124338	0.5717254	3.011881
3702	-1241.718	-1458.771	217.0527	0.3115117	0.252246	0.731563	0.0054772	0.010714	0.7909458	3.406129
3708	-1242.309	-1458.067	215.758	0.4539202	0.22604	0.74924	0.00879643	0.0159237	0.5788552	4.210752
3714	-1248.898	-1464.898	215.9997	0.311382	0.431564	0.546133	0.0109954	0.0113074	0.4468095	4.210752
3720	-1250.986	-1466.694	215.7083	0.387349	0.427439	0.55047	0.0110827	0.0110081	0.6872105	4.210752
3726	-1247.743	-1463.962	216.2187	0.3098615	0.395188	0.533404	0.0230141	0.0483939	0.517299	4.046539
3732	-1238.557	-1455.006	216.4488	0.4410282	0.368859	0.497867	0.0720018	0.0612728	0.5576024	3.835244
3738	-1227.937	-1444.979	217.0424	0.3873873	0.556487	0.341162	0.0679306	0.0344203	0.6999326	3.435614
3744	-1231.428	-1448.269	216.8418	0.3851604	0.631976	0.31739	0.043845	0.00678912	0.9555891	3.404433
3750	-1232.919	-1450.836	217.9173	0.3573584	0.516216	0.43881	0.0388398	0.00613411	0.9129234	2.801022
3756	-1235.978	-1454.179	218.2009	0.4009465	0.483349	0.474541	0.0363668	0.00574355	1.110972	2.482829
3762	-1235.552	-1454.359	218.807	0.2769764	0.433227	0.425333	0.0325957	0.108844	1.195343	2.088932
3768	-1226.554	-1444.839	218.2849	0.3521479	0.562891	0.354503	0.019037	0.0635685	1.205231	2.394488
3774	-1227.616	-1446.041	218.4249	0.3205923	0.558242	0.351575	0.0445159	0.0456676	1.123637	2.369991
3780	-1234.829	-1453.392	218.5628	0.3205923	0.539536	0.351276	0.0902833	0.0189047	1.284653	2.17838
3786	-1237.895	-1456.761	218.8666	0.3355179	0.392949	0.48536	0.0955704	0.0261207	1.315999	1.951434
3792	-1224.533	-1443.451	218.9172	0.2752504	0.555344	0.39431	0.0390799	0.011267	1.097453	2.081114
3798	-1228.231	-1447.016	218.785	0.2752504	0.568054	0.395758	0.0246634	0.0115249	1.229622	2.081114
3804	-1227.447	-1446.337	218.8901	0.2548683	0.590127	0.352785	0.0219702	0.0351178	1.127433	2.081114
3810	-1236.532	-1455.097	218.565	0.2548683	0.557064	0.357923	0.0222902	0.0627231	1.00335	2.370877
3816	-1230.039	-1448.628	218.5889	0.4372897	0.315033	0.565005	0.0132636	0.106698	1.117969	2.211451
3822	-1220.818	-1438.534	217.7159	0.2776951	0.475758	0.336187	0.0247581	0.163297	0.9098917	2.949632
3828	-1239.507	-1456.581	217.074	0.2979653	0.583221	0.308874	0.0768959	0.0310089	0.9069652	3.32915
3834	-1233.738	-1451.958	218.2194	0.2600657	0.357177	0.495709	0.0973481	0.0497658	1.00564	2.585764
3840	-1236.915	-1453.851	216.9362	0.4598647	0.328774	0.539018	0.0896068	0.0426018	0.9936171	3.287696
3846	-1246.404	-1462.587	216.1832	0.2995075	0.549145	0.331404	0.06279	0.0566614	0.9426965	3.825917
3852	-1232.801	-1450.724	217.9234	0.2678251	0.585263	0.360402	0.0229943	0.031341	0.9536099	2.798839
3858	-1230.012	-1448.525	218.5129	0.2924772	0.592598	0.364919	0.00314817	0.0393345	1.07603	2.352668
3864	-1243.59	-1462.996	219.4067	0.348102	0.546887	0.417199	0.00245113	0.0334627	1.362588	1.533488
3870	-1238.981	-1458.037	219.0554	0.2595104	0.375356	0.444246	0.00353038	0.176868	1.313817	1.844898
3876	-1234.653	-1454.134	219.4805	0.3545108	0.525804	0.432923	0.0243137	0.0169594	1.637329	1.25794
3882	-1237.782	-1457.221	219.439	0.3545108	0.444106	0.461313	0.0836775	0.0109032	1.517942	1.387386
3888	-1237.35	-1456.848	219.4985	0.3217551	0.471598	0.432692	0.0798697	0.0158401	1.405172	1.444514
3894	-1248.213	-1466.095	217.8822	0.3809154	0.393653	0.457681	0.0844824	0.064184	1.155716	2.663014
3900	-1241.874	-1458.983	217.109	0.3666581	0.527949	0.399891	0.0554458	0.0167146	0.8164495	3.337661
3906	-1231.637	-1449.335	217.6972	0.2895165	0.518301	0.427727	0.040247	0.0137253	0.7951441	3.027612
3912	-1234.464	-1452.549	218.0845	0.3873777	0.504196	0.416087	0.0769188	0.00279744	0.8165162	2.743833
3918	-1227.932	-1446.753	218.8216	0.2476057	0.66191	0.27085	0.0570755	0.0101638	1.123821	2.12839
3924	-1243.201	-1460.901	217.6995	0.3906218	0.224028	0.659849	0.109323	0.00680002	0.9841335	2.874504
3930	-1249.961	-1468.001	218.0401	0.3659231	0.423943	0.485844	0.083529	0.00668321	1.05829	2.632849
3936	-1243.42	-1462.247	218.8265	0.2506773	0.544819	0.385283	0.0662399	0.00365783	0.9393815	2.244833
3942	-1257.891	-1473.848	215.957	0.2159247	0.40171	0.497276	0.0957301	0.00528388	0.8406976	4.015455
3948	-1246.793	-1462.758	215.9652	0.2749883	0.593017	0.363219	0.0330797	0.0106843	0.717747	4.084085
3954	-1244.134	-1461.307	217.1725	0.2753377	0.483098	0.448523	0.0504166	0.0179618	0.6845104	3.406281
3960	-1239.353	-1455.755	216.4018	0.305262	0.477175	0.462566	0.0418348	0.0184247	0.8382262	3.75868
3966	-1239.969	-1456.095	216.1266	0.3601533	0.450677	0.480727	0.0532199	0.0153759	0.9212505	3.850274
3972	-1225.374	-1442.773	217.3994	0.2629195	0.47212	0.476549	0.00131346	0.0500178	0.832983	3.186374
3978	-1228.046	-1446.807	218.7617	0.2254847	0.506909	0.43137	0.000541517	0.061179	1.086226	2.189051
3984	-1229.25	-1447.858	218.6086	0.367773	0.467339	0.497932	0.000419991	0.0343087	1.246617	2.153198
3990	-1238.76	-1457.289	218.5294	0.4544154	0.515371	0.455883	0.0011763	0.0275701	1.244856	2.157445
3996	-1249.711	-1468.857	219.146	0.3781384	0.544974	0.438404	0.0011312	0.0154905	1.078551	1.902742
4002	-1230.84	-1449.435	218.5945	0.3989387	0.517278	0.458802	0.0113392	0.0125799	1.274921	2.127719
4008	-1232.286	-1451.198	218.9122	0.370701	0.43537	0.531277	0.0084196	0.0249337	1.203827	1.979688
4014	-1232.721	-1451.532	218.8107	0.3636349	0.418763	0.487651	0.0149797	0.0786072	1.199838	2.053345
4020	-1239.059	-1457.477	218.418	0.4380677	0.391791	0.557559	0.00889443	0.0417557	0.9468269	2.429069
4026	-1235.569	-1454.033	218.4645	0.2953059	0.490766	0.416523	0.0111414	0.0815697	1.002518	2.429069
4032	-1238.335	-1456.939	218.6038	0.2578284	0.408978	0.280387	0.00928462	0.30135	0.9676585	2.36885
4038	-1229.978	-1449.603	219.625	0.1962293	0.445767	0.305609	0.0142849	0.234339	1.331143	1.403806
4044	-1244.47	-1463.56	219.0899	0.2736612	0.552909	0.302005	0.0141164	0.13097	1.221926	1.882559
4050	-1243.074	-1462.173	219.0997	0.3632568	0.600754	0.372174	0.00429645	0.022775	1.124646	1.910517
4056	-1242.881	-1462.114	219.2334	0.2401948	0.534641	0.397935	0.0226102	0.0448136	1.20144	1.799348
4062	-1235.02	-1454.608	219.5872	0.4708217	0.283924	0.657796	0.0267567	0.031523	1.329215	1.340663
4068	-1226.165	-1445.574	219.4089	0.335184	0.276897	0.641515	0.0290285	0.0525598	1.142603	1.697333
4074	-1221.527	-1440.929	219.4023	0.2682107	0.568988	0.371532	0.00284954	0.0566303	1.388129	1.545039
4080	-1243.467	-1462.322	218.8549	0.2774191	0.341968	0.610057	0.00947713	0.0384983	1.297058	1.989734
4086	-1248.445	-1466.23	217.7852	0.3023241	0.481849	0.489226	0.0107314	0.0181942	1.124256	2.772508
4092	-1248.673	-1467.971	219.2971	0.2443608	0.598723	0.34639	0.0234206	0.031467	1.129611	1.805324
4098	-1242.569	-1462.184	219.6152	0.3408215	0.647257	0.319261	0.00766017	0.0258215	1.537641	1.236415
4104	-1239.117	-1459.031	219.9137	0.347362	0.389312	0.568563	0.0197781	0.0223461	1.426486	1.066827
4110	-1243.454	-1462.908	219.4546	0.4289719	0.376059	0.549208	0.0314259	0.0433077	1.542733	1.30705
4116	-1238.034	-1457.849	219.8145	0.2392336	0.540088	0.380242	0.02647	0.0532002	1.473729	1.147806
4122	-1228.493	-1448.11	219.6168	0.2392336	0.583714	0.32748	0.0251885	0.0636178	1.265451	1.476833
4128	-1231.696	-1451.207	219.511	0.2392336	0.61646	0.268701	0.0442514	0.0705872	1.290058	1.537551
4134	-1231.359	-1450.649	219.2898	0.3111697	0.440132	0.444815	0.025387	0.0896668	1.495843	1.537551
4140	-1226.446	-1445.956	219.5101	0.2826138	0.503017	0.441237	0.0343001	0.0214461	1.382529	1.465901
4146	-1231.086	-1450.515	219.4286	0.3247276	0.413941	0.541741	0.0265422	0.0177753	1.467584	1.448987
4152	-1235.743	-1455.588	219.8445	0.3503067	0.469423	0.502262	0.022976	0.00533869	1.63387	0.9259133
4158	-1245.195	-1464.724	219.5291	0.4086548	0.421127	0.551507	0.0215037	0.00586213	1.567637	1.239971
4164	-1248.535	-1466.925	218.3905	0.327491	0.52928	0.393896	0.0642197	0.0126049	1.017306	2.456293
4170	-1241.249	-1460.004	218.7551	0.3059376	0.439252	0.502044	0.0490722	0.00963179	1.172412	2.13109
4176	-1231.194	-1449.457	218.2628	0.3322608	0.526296	0.394741	0.0695606	0.00940242	1.165659	2.441479
4182	-1244.332	-1464.123	219.7916	0.3774055	0.674201	0.264293	0.0343939	0.027112	1.616009	0.9795081
4188	-1257.495	-1477.381	219.8856	0.2502171	0.555075	0.341176	0.0514227	0.0523264	1.675491	0.8776273
4194	-1253.122	-1471.875	218.7533	0.2812733	0.518994	0.4027	0.0561997	0.0221064	1.397592	1.989765
4200	-1235.493	-1454.718	219.2248	0.5069832	0.311094	0.580516	0.0810151	0.0273746	1.500007	1.461933
4206	-1235.001	-1454.53	219.529	0.3057945	0.456301	0.463384	0.0427198	0.0375947	1.3231	1.489869
4212	-1219.941	-1439.229	219.2886	0.3600507	0.393214	0.577548	0.017131	0.0121078	1.432193	1.563105
4218	-1218.756	-1438.501	219.7451	0.310297	0.464894	0.503031	0.0215299	0.0105456	1.359036	1.29123
4224	-1218.849	-1438.217	219.3682	0.3492587	0.491735	0.397792	0.022773	0.0877	1.386194	1.543905
4230	-1210.67	-1429.384	218.7146	0.4484807	0.279118	0.666772	0.036571	0.0175383	1.327436	1.98455
4236	-1226.09	-1444.911	218.8216	0.2967595	0.597683	0.358903	0.00974436	0.0336695	1.136246	2.113834
4242	-1227.648	-1446.252	218.6043	0.2982058	0.522105	0.426655	0.0141323	0.0371075	1.225552	2.196784
4248	-1232.898	-1451.56	218.6612	0.2899681	0.587764	0.328332	0.023419	0.060485	1.19815	2.179737
4254	-1242.159	-1461.686	219.527	0.2797616	0.370077	0.549489	0.0194622	0.060972	1.397535	1.442215
4260	-1234.367	-1453.343	218.9759	0.324061	0.321741	0.581992	0.0674846	0.0287822	1.459284	1.783567
4266	-1239.808	-1459.268	219.4597	0.3402919	0.368291	0.554785	0.0643298	0.0125943	1.333029	1.519854
4272	-1237.371	-1456.779	219.408	0.2378336	0.574358	0.392122	0.0148609	0.0186584	1.410802	1.524272
4278	-1242.82	-1462.038	219.2179	0.3322342	0.682469	0.264358	0.0120218	0.0411519	1.573949	1.524272
4284	-1227.985	-1447.131	219.1461	0.2639387	0.706815	0.249445	0.00774228	0.0359982	1.346325	1.759299
4290	-1218.011	-1437.594	219.5834	0.3740149	0.449062	0.470293	0.0127749	0.0678696	1.461508	1.306007
4296	-1219.385	-1438.46	219.0751	0.3979756	0.561137	0.422739	0.00781436	0.00830967	1.250771	1.822493
4302	-1234.707	-1453.772	219.0645	0.3269544	0.393126	0.586009	0.0176025	0.00326311	1.363702	1.787248
4308	-1223.227	-1442.116	218.8888	0.422956	0.386788	0.569612	0.0404277	0.00317181	1.102712	2.033701
4314	-1219.63	-1438.421	218.7906	0.3746072	0.427313	0.519128	0.0446634	0.00889613	1.161427	2.086422
4320	-1221.122	-1440.517	219.3952	0.4017274	0.38497	0.603523	0.00510718	0.00639939	1.339057	1.528921
4326	-1228.482	-1447.847	219.3653	0.5241494	0.381808	0.482121	0.128969	0.00710127	1.389271	1.425985
4332	-1210.775	-1430.047	219.2714	0.3246662	0.523623	0.402919	0.0673813	0.00607717	1.197607	1.759719
4338	-1214.174	-1432.718	218.5444	0.3944143	0.407689	0.563263	0.0197931	0.0092548	1.215919	2.201114
4344	-1218.357	-1436.89	218.5335	0.4575098	0.432558	0.517816	0.0202551	0.02937	1.17052	2.201114
4350	-1227.964	-1446.093	218.1291	0.433937	0.437502	0.487822	0.0470069	0.0276688	1.213754	2.445227
4356	-1227.42	-1446.092	218.6722	0.3008873	0.465532	0.468265	0.0285563	0.0376461	1.135403	2.210429
4362	-1225.569	-1444.285	218.7169	0.2519142	0.390356	0.44158	0.0514746	0.11659	1.176603	2.162321
4368	-1223.703	-1442.331	218.6284	0.2362598	0.753492	0.184657	0.0456739	0.0161766	1.188416	2.211087
4374	-1217.732	-1435.663	217.9302	0.3134621	0.480961	0.411546	0.0687816	0.0387113	1.306061	2.568123
4380	-1226.847	-1444.778	217.9307	0.4188699	0.488624	0.371489	0.117983	0.0219041	1.006185	2.705558
4386	-1220.721	-1437.396	216.675	0.3713073	0.388374	0.437544	0.143473	0.0306086	1.004605	3.479631
4392	-1220.396	-1437.84	217.4435	0.3926322	0.529874	0.343163	0.102014	0.0249501	0.9743007	3.033479
4398	-1236.023	-1454.242	218.2186	0.3926322	0.483789	0.405729	0.0808433	0.0296386	0.9365747	2.584793
4404	-1234.828	-1454.179	219.3511	0.4407489	0.626133	0.353692	0.0032209	0.0169548	1.283507	1.576879
4410	-1235.024	-1454.57	219.5455	0.2579858	0.617319	0.348713	0.0167901	0.0171784	1.372169	1.450445
4416	-1227.474	-1446.942	219.468	0.3249076	0.616208	0.299057	0.0716269	0.0131085	1.493837	1.398292
4422	-1235.529	-1455.281	219.7523	0.3441304	0.495023	0.442332	0.0432566	0.0193886	1.384215	1.248273
4428	-1231.793	-1451.263	219.4708	0.2874994	0.481583	0.462297	0.0372583	0.0188622	1.42888	1.459436
4434	-1239.526	-1458.85	219.3237	0.2528999	0.431096	0.525584	0.0270841	0.0162355	1.356932	1.62632
4440	-1239.485	-1458.978	219.4937	0.3138232	0.466022	0.505135	0.0149928	0.0138505	1.193959	1.608408
4446	-1234.698	-1453.645	218.9474	0.3138232	0.588766	0.375627	0.0117577	0.0238496	1.193959	1.987315
4452	-1225.546	-1444.705	219.159	0.2899573	0.496699	0.458355	0.0153066	0.0296393	1.233357	1.824185
4458	-1222.367	-1441.473	219.1062	0.2737364	0.478175	0.469953	0.0193633	0.0325092	1.263507	1.843009
4464	-1219.06	-1438.185	219.1255	0.2397493	0.702002	0.268717	0.0110513	0.0182292	1.245981	1.843009
4470	-1229.959	-1448.864	218.9054	0.2302655	0.659071	0.303497	0.0115826	0.0258498	1.084419	2.09749
4476	-1237.261	-1456.16	218.8984	0.2585201	0.70248	0.25032	0.0358417	0.0113576	1.266181	1.983454
4482	-1246.838	-1465.71	218.8722	0.3960152	0.239055	0.63373	0.0907397	0.0364746	1.218067	1.983454
4488	-1244.856	-1463.382	218.5253	0.6095497	0.506175	0.447208	0.02476	0.0218571	1.172804	2.104524
4494	-1248.324	-1467.18	218.8558	0.4943018	0.309223	0.60255	0.0748748	0.0133525	1.232697	1.923659
4500	-1242.522	-1461.313	218.7916	0.3069323	0.643876	0.34031	0.0154626	0.000350871	1.27265	2.04086
4506	-1244.231	-1463.767	219.5361	0.2771619	0.611698	0.365539	0.0215068	0.00125609	1.200069	1.58349
4512	-1233.928	-1453.089	219.1612	0.5056687	0.45732	0.49997	0.0393722	0.00333767	1.231312	1.705916
4518	-1236.443	-1455.204	218.7617	0.5566475	0.539907	0.34482	0.102439	0.0128335	1.381786	1.843189
4524	-1234.448	-1454.076	219.6284	0.3161553	0.437066	0.506319	0.0503114	0.006303	1.364023	1.378124
4530	-1240.173	-1459.585	219.412	0.4679477	0.345421	0.530622	0.0534407	0.0705165	1.330721	1.477496
4536	-1237.295	-1456.967	219.6726	0.2947699	0.541534	0.383566	0.0124502	0.0624495	1.40376	1.319244
4542	-1227.175	-1446.846	219.6716	0.3044037	0.651607	0.314254	0.0179247	0.0162144	1.400723	1.319244
4548	-1215.744	-1435.331	219.5874	0.3010747	0.519518	0.373638	0.039801	0.0670428	1.557927	1.260813
4554	-1215.866	-1435.639	219.7728	0.3015812	0.566992	0.339114	0.0275872	0.066307	1.543062	1.113168
4560	-1217.977	-1437.546	219.5697	0.3027189	0.584087	0.357678	0.0171101	0.0411249	1.398413	1.402189
4566	-1216.666	-1435.607	218.9406	0.2890597	0.622911	0.32429	0.0155129	0.037286	1.259407	1.955237
4572	-1225.901	-1445.629	219.7283	0.2890597	0.577223	0.382728	0.0131915	0.0268567	1.43622	1.248754
4578	-1229.887	-1449.819	219.9314	0.2389448	0.533916	0.404708	0.0122017	0.0491746	1.688016	0.8044711
4584	-1228.714	-1448.484	219.7706	0.2389448	0.515329	0.434902	0.0090466	0.0407221	1.958745	0.6163062
4590	-1222.808	-1442.584	219.7756	0.2363626	0.650845	0.32509	0.00232842	0.0217361	1.976079	0.4815284
4596	-1217.913	-1437.502	219.5891	0.2361021	0.743924	0.233076	0.00166937	0.0213306	2.152043	0.42899
4602	-1215.148	-1434.402	219.2544	0.2116777	0.705817	0.267343	0.00660271	0.0202379	2.361136	0.2881214
4608	-1214.561	-1433.779	219.2182	0.2133395	0.730799	0.239323	0.00508301	0.0247943	2.365162	0.2674319
4614	-1212.11	-1431.483	219.3726	0.2149759	0.748143	0.176015	0.00557933	0.0702625	2.272173	0.3083331
4620	-1208.929	-1428.307	219.3782	0.2253632	0.726024	0.239914	0.00705362	0.0270089	2.295782	0.330094
4626	-1213.954	-1433.232	219.2785	0.2684089	0.579638	0.394667	0.00884859	0.016846	2.378891	0.3126555
4632	-1218.309	-1437.687	219.3773	0.366128	0.5731	0.371392	0.010805	0.0447026	2.300291	0.3960662
4638	-1227.612	-1446.861	219.2489	0.247211	0.389824	0.520331	0.0231968	0.0666476	2.396982	0.3023223
4644	-1219.781	-1439.105	219.3242	0.2908543	0.523325	0.401751	0.0179104	0.0570141	2.309244	0.2986448
4650	-1233.762	-1452.942	219.1804	0.2187019	0.540423	0.294333	0.0184955	0.146749	2.435263	0.2857034
4656	-1226.964	-1446.237	219.2736	0.2963749	0.540423	0.294333	0.0184955	0.146749	2.363426	0.3029096
4662	-1222.783	-1442.073	219.2898	0.2713687	0.539518	0.384129	0.017944	0.0584089	2.363426	0.3096806
4668	-1227.775	-1446.991	219.216	0.2713687	0.599555	0.349284	0.0215681	0.0295932	2.406563	0.2869882
4674	-1228.58	-1447.726	219.146	0.2711915	0.528353	0.422251	0.0225303	0.0268659	2.462493	0.2778294
4680	-1226.404	-1445.422	219.018	0.1994585	0.645928	0.293683	0.027544	0.0328444	2.486403	0.232857
4686	-1220.128	-1439.238	219.1099	0.2114732	0.777434	0.149883	0.0331517	0.0395313	2.420677	0.2407879
4692	-1228.975	-1447.931	218.9568	0.2229204	0.717489	0.138326	0.0099919	0.134192	2.550557	0.2280488
4698	-1235.517	-1454.65	219.1331	0.1941041	0.668724	0.168654	0.0121826	0.15044	2.419716	0.2585356
4704	-1216.78	-1436.209	219.4292	0.2180073	0.676427	0.159077	0.0123229	0.152173	2.271706	0.3640416
4710	-1219.342	-1439.029	219.6871	0.2307737	0.639459	0.226631	0.0215958	0.112314	2.062308	0.5291941
4716	-1220.424	-1440.182	219.7578	0.2351864	0.644255	0.190856	0.0111549	0.153734	1.992735	0.5291941
4722	-1229.647	-1449.401	219.7541	0.213065	0.728119	0.186018	0.0125316	0.0733309	1.988459	0.4751319
4728	-1227.879	-1447.559	219.6807	0.1907318	0.587102	0.323492	0.0402948	0.0491111	2.044192	0.4765872
4734	-1223.661	-1443.367	219.7054	0.2590324	0.392978	0.541397	0.0321889	0.0334359	2.044192	0.4573618
4740	-1225.963	-1445.664	219.7008	0.2352926	0.658317	0.304436	0.0181003	0.0191465	2.038786	0.4249582
4746	-1221.215	-1441.038	219.8231	0.3411161	0.379117	0.601629	0.00865618	0.0105975	1.874807	0.6128949
4752	-1233.55	-1453.422	219.8721	0.2748651	0.596902	0.327324	0.0463853	0.0293888	1.874807	0.546204
4758	-1232.328	-1452.096	219.768	0.2937868	0.623433	0.341872	0.0192308	0.0154641	1.973038	0.546204
4764	-1230.156	-1449.87	219.7143	0.2279923	0.706026	0.277035	0.0120099	0.00492895	2.035484	0.5164224
4770	-1229.484	-1449.205	219.7213	0.2308394	0.629658	0.361683	0.0065341	0.00212534	2.005719	0.3981505
4776	-1228.184	-1447.833	219.6489	0.3970754	0.685513	0.293466	0.016473	0.00454781	2.02898	0.5137031
4782	-1233.002	-1450.753	217.751	0.3711336	0.377343	0.524512	0.0507037	0.047441	0.8284631	2.946648
4788	-1247.778	-1465.672	217.8938	0.4720939	0.380375	0.512102	0.0243366	0.0831865	0.7625309	2.846544
4794	-1224.538	-1444.221	219.6833	0.3656537	0.43355	0.493003	0.0299074	0.0435402	1.765192	0.9462569
4800	-1234.885	-1454.746	219.8615	0.2610164	0.635004	0.30802	0.0322768	0.0246991	1.719939	0.852999
4806	-1237.635	-1457.548	219.9132	0.2444249	0.682174	0.28174	0.0346744	0.00141159	1.762002	0.7246898
4812	-1235.222	-1455.079	219.8565	0.2505121	0.68748	0.275904	0.0330611	0.00355428	1.68784	0.8968433
4818	-1239.233	-1459.02	219.7872	0.2557692	0.666337	0.28466	0.0309478	0.018055	1.759851	0.8937009
4824	-1251.165	-1469.337	218.1717	0.6192322	0.43604	0.512231	0.0455959	0.00613347	0.8131806	2.552531
4830	-1245.402	-1463.225	217.8231	0.6324447	0.450239	0.463955	0.0802501	0.00555541	0.9735383	2.660416
4836	-1238.95	-1456.986	218.0356	0.2871681	0.245588	0.697379	0.0518655	0.00516677	0.6509134	2.911314
4842	-1224.575	-1441.82	217.2453	0.6532412	0.554653	0.413654	0.0257254	0.00596796	0.9168227	3.032033
4848	-1227.97	-1445.429	217.4587	0.6255314	0.590537	0.321765	0.0676728	0.0200246	0.8290248	2.974276
4854	-1226.619	-1444.001	217.3817	0.6163043	0.472284	0.384176	0.0807987	0.0627412	0.8020397	3.042465
4860	-1222.035	-1440.567	218.5316	0.3824502	0.361157	0.49158	0.0419816	0.105281	0.7834936	2.490331
4866	-1219.399	-1437.595	218.1966	0.3878946	0.353621	0.507605	0.0269326	0.111842	1.030777	2.54234
4872	-1222.543	-1441.224	218.6808	0.3054163	0.514342	0.409921	0.0217497	0.0539876	0.8684666	2.3744
4878	-1209.641	-1428.396	218.7554	0.4177276	0.315055	0.576512	0.0274945	0.0809391	1.023027	2.176505
4884	-1217.194	-1436.064	218.8691	0.2796373	0.422364	0.470799	0.060449	0.046388	1.088821	2.117626
4890	-1216.849	-1435.474	218.6248	0.2796373	0.435473	0.481797	0.0618611	0.0208682	0.9143571	2.386854
4896	-1214.7	-1433.188	218.488	0.3216075	0.402593	0.474169	0.0126676	0.11057	0.8711291	2.488875
4902	-1213.976	-1431.765	217.789	0.4163323	0.486928	0.467893	0.0153211	0.0298577	0.7563689	2.944817
4908	-1213.379	-1430.829	217.4502	0.3685232	0.584615	0.353835	0.0363715	0.0251783	0.7658381	3.16511
4914	-1222.528	-1440.791	218.2632	0.3011163	0.630338	0.318279	0.0322382	0.0191447	0.9113207	2.610026
4920	-1223.027	-1441.153	218.1255	0.3423877	0.380066	0.545902	0.0530572	0.0209745	0.9136052	2.679525
4926	-1225.954	-1444.714	218.7597	0.3636509	0.34923	0.522324	0.109174	0.0192728	1.061449	2.1773
4932	-1227.81	-1446.484	218.674	0.24737	0.416187	0.514545	0.0551204	0.0141476	1.030196	2.284326
4938	-1234.994	-1452.826	217.8311	0.3008482	0.363437	0.586526	0.0481342	0.00190281	0.8211684	2.928846
4944	-1228.4	-1446.334	217.9342	0.2858784	0.352884	0.628539	0.0172217	0.00135527	0.7236783	2.928846
4950	-1227.521	-1445.349	217.8277	0.4922736	0.376461	0.599524	0.0222148	0.00180049	0.7329685	2.892541
4956	-1220.784	-1438.629	217.8452	0.2783029	0.277429	0.648056	0.023352	0.0511629	0.8438836	2.911387
4962	-1224.303	-1442.211	217.9076	0.2295312	0.433016	0.455598	0.0600088	0.0513766	0.7030839	2.959041
4968	-1227.003	-1445.469	218.4658	0.2391528	0.429229	0.458641	0.0604096	0.0517198	0.8919923	2.50282
4974	-1247.235	-1465.63	218.3951	0.1499224	0.253232	0.565914	0.0853627	0.095492	0.8547326	2.510258
4980	-1249.186	-1468.197	219.0107	0.5140228	0.426754	0.551324	0.00691994	0.0150019	1.206904	1.822129
4986	-1246.14	-1465.052	218.9123	0.5243401	0.362751	0.606483	0.00241553	0.0283509	1.374392	1.767028
4992	-1245.405	-1464.39	218.985	0.374167	0.483689	0.448922	0.0345013	0.0328881	1.318423	1.85105
4998	-1259.235	-1478.281	219.0457	0.3075989	0.556509	0.364616	0.0202918	0.0585825	1.318423	1.838572
5004	-1237.028	-1456.374	219.3459	0.316408	0.428935	0.488527	0.0090838	0.0734544	1.203744	1.706249
5010	-1225.729	-1445.525	219.7955	0.3323222	0.454759	0.515611	0.0168769	0.0127538	1.287971	1.298108
5016	-1246.579	-1465.426	218.8469	0.2306179	0.573783	0.371171	0.00563055	0.0494153	1.177038	2.075167
5022	-1229.437	-1448.4	218.9635	0.2190763	0.684571	0.282793	0.00428988	0.0283468	1.175361	1.996175
5028	-1233.411	-1452.403	218.9915	0.258324	0.537405	0.399272	0.0233006	0.0400225	1.357079	1.859102
5034	-1246.693	-1465.684	218.9912	0.2464352	0.737677	0.174873	0.0154358	0.0720139	1.440489	1.801986
5040	-1243.096	-1462.427	219.3319	0.316543	0.268032	0.479629	0.0680351	0.184304	1.438505	1.546766
5046	-1234.978	-1454.481	219.5032	0.2492227	0.298378	0.452809	0.0642307	0.184582	1.484897	1.396316
5052	-1249.218	-1468.941	219.723	0.2694781	0.518296	0.251241	0.0812987	0.149164	1.30743	1.361751
5058	-1251.012	-1470.187	219.1752	0.3211537	0.567119	0.349916	0.0774166	0.00554903	1.470525	1.635907
5064	-1248.5	-1467.379	218.8792	0.3461943	0.434316	0.505322	0.0479126	0.0124496	1.246218	1.985106
5070	-1254.234	-1472.123	217.8897	0.2657527	0.687036	0.250441	0.0462911	0.0162318	1.129225	2.712364
5076	-1246.763	-1465.726	218.9627	0.3531812	0.510808	0.419975	0.0594123	0.00980512	1.272637	1.90796
5082	-1240.606	-1460.017	219.4107	0.3717285	0.518195	0.429593	0.0507899	0.00142214	1.241066	1.607226
5088	-1234.414	-1454.193	219.7789	0.2807951	0.583956	0.357206	0.0572353	0.00160262	1.438879	1.206078
5094	-1225.179	-1444.313	219.1336	0.2604728	0.64477	0.304992	0.0488691	0.00136836	1.644355	1.554969
5100	-1218.051	-1436.9	218.8495	0.2653529	0.686552	0.282904	0.0266088	0.00393497	1.26926	2.013503
5106	-1218.554	-1437.469	218.9147	0.3241148	0.511981	0.434664	0.0439322	0.00942218	1.261495	1.960235
5112	-1230.726	-1449.804	219.0785	0.3241148	0.367877	0.541405	0.0716179	0.0190995	1.117409	1.946999
5118	-1234.833	-1454.253	219.4204	0.3270165	0.311338	0.59653	0.0840859	0.00804596	1.268186	1.60245
5124	-1244.07	-1462.689	218.6183	0.3208662	0.533902	0.36786	0.0897281	0.00851024	1.202479	2.195547
5130	-1228.873	-1447.874	219.0012	0.2746221	0.573487	0.377891	0.043934	0.00468824	1.167515	1.979024
5136	-1224.254	-1443.95	219.6957	0.3251532	0.574506	0.378562	0.0440121	0.00291952	1.448765	1.251468
5142	-1227.937	-1447.643	219.7067	0.3054132	0.42114	0.519978	0.0552197	0.00366296	1.435244	1.262015
5148	-1221.077	-1439.967	218.8901	0.3076509	0.457572	0.468755	0.0667139	0.00695926	1.253281	1.987995
5154	-1231.818	-1450.364	218.5457	0.4328937	0.209423	0.741548	0.0380201	0.0110092	1.014326	2.308341
5160	-1227.413	-1445.452	218.0389	0.2855258	0.507955	0.355472	0.0574829	0.0790899	0.9560783	2.724159
5166	-1228.032	-1445.92	217.8875	0.3528839	0.286851	0.635547	0.0310045	0.046598	1.071782	2.724159
5172	-1230.012	-1448.866	218.854	0.3422767	0.435627	0.437566	0.022189	0.104618	1.102284	2.09882
5178	-1216.328	-1435.375	219.0473	0.2858822	0.398981	0.416289	0.010194	0.174536	1.191317	1.929923
5184	-1228.125	-1447.815	219.6896	0.2578371	0.447475	0.418763	0.0345267	0.0992356	1.152714	1.507375
5190	-1223.778	-1441.92	218.1428	0.405278	0.475489	0.480739	0.0373115	0.00646034	0.8824199	2.65854
5196	-1221.199	-1439.621	218.4229	0.3252049	0.476143	0.468999	0.0458058	0.00905175	1.002536	2.446023
5202	-1230.859	-1448.963	218.1038	0.3618264	0.381596	0.59935	0.00240358	0.0166501	1.079661	2.5821
5208	-1230.217	-1449.188	218.9709	0.5059816	0.437669	0.473137	0.0214525	0.0677409	1.297708	1.79245
5214	-1230.277	-1448.847	218.5699	0.3701214	0.419715	0.511026	0.0103014	0.0589581	1.047537	2.305315
5220	-1241.45	-1459.075	217.6252	0.2274855	0.483395	0.389008	0.031769	0.0958281	0.6546067	3.156477
5226	-1244.655	-1462.282	217.6271	0.1673342	0.251984	0.272933	0.038604	0.436479	0.6116142	3.147273
5232	-1238.828	-1456.915	218.0863	0.1673342	0.183119	0.20018	0.0283137	0.588387	0.8509485	2.726195
5238	-1234.178	-1452.139	217.9616	0.2011496	0.246258	0.223805	0.038076	0.491862	0.8492672	2.828945
5244	-1238.213	-1456.157	217.9437	0.2011496	0.203117	0.51996	0.041298	0.235626	0.8671351	2.828945
5250	-1225.581	-1442.741	217.1599	0.3512953	0.347415	0.388062	0.0886681	0.175855	0.6575819	3.407492
5256	-1231.372	-1448.332	216.9602	0.3321297	0.343393	0.470892	0.146119	0.0395961	0.8697003	3.407492
5262	-1219.677	-1437.708	218.031	0.276248	0.342629	0.55739	0.0842608	0.0157204	0.8290126	2.808096
5268	-1220.405	-1438.944	218.5391	0.61469	0.543654	0.375362	0.0703978	0.0105865	1.204945	2.07077
5274	-1221.042	-1439.627	218.5846	0.2722706	0.552872	0.39268	0.0473306	0.00711765	0.8952991	2.42539
5280	-1233.492	-1452.367	218.875	0.3351081	0.556029	0.394922	0.0277762	0.0212719	1.043327	2.126692
5286	-1239.888	-1458.487	218.5992	0.3094977	0.55308	0.359486	0.0662743	0.0211591	1.066221	2.299258
5292	-1237.689	-1454.973	217.2839	0.3094977	0.450576	0.457936	0.0844243	0.00706353	0.7798693	3.277326
5298	-1236.767	-1454.346	217.5795	0.4617653	0.407056	0.536202	0.0177993	0.0389423	0.938097	2.936433
5304	-1236.227	-1454.06	217.8338	0.461988	0.290491	0.66927	0.0222166	0.0180226	0.8598959	2.82977
5310	-1223.746	-1442.425	218.6788	0.3575987	0.556778	0.387308	0.010361	0.0455528	0.8992091	2.336354
5316	-1227.627	-1445.093	217.4656	0.2946811	0.386132	0.556977	0.0154781	0.0414124	0.8404177	3.137679
5322	-1239.481	-1456.857	217.3765	0.4272576	0.315298	0.635659	0.0176646	0.0313783	0.8822313	3.110656
5328	-1237.861	-1456.745	218.8838	0.294888	0.299937	0.650825	0.016804	0.0324338	1.014826	2.153032
5334	-1242.104	-1459.844	217.74	0.379456	0.262494	0.639888	0.0467576	0.0508597	0.7478875	2.997871
5340	-1239.199	-1455.497	216.2976	0.4630963	0.367343	0.587124	0.0332032	0.0123294	0.732535	3.809683
5346	-1234.576	-1449.92	215.3437	0.4809703	0.389141	0.527768	0.0688344	0.0142567	0.5576044	4.442287
5352	-1231.623	-1448.248	216.6249	0.2442729	0.332443	0.559226	0.0532626	0.0550681	0.7735972	3.674827
5358	-1230.381	-1447.203	216.8215	0.2457578	0.516741	0.433906	0.0300423	0.0193109	0.577097	3.674827
5364	-1232.094	-1448.836	216.7428	0.315446	0.339763	0.572874	0.0618671	0.0254956	0.6373725	3.674827
5370	-1230.382	-1448.429	218.0469	0.3832577	0.260481	0.642795	0.0341907	0.062534	0.9459502	2.689587
5376	-1227.203	-1444.985	217.7818	0.3486242	0.271503	0.669996	0.00392047	0.0545801	1.071159	2.790867
5382	-1218.06	-1436.612	218.5523	0.2856127	0.47343	0.392689	0.0387086	0.0951731	0.9246554	2.424989
5388	-1225.657	-1444.072	218.415	0.2756328	0.442064	0.480987	0.0128507	0.0640974	1.064693	2.424989
5394	-1215.215	-1433.466	218.2512	0.3523279	0.424151	0.453168	0.0700282	0.0526533	1.113363	2.473415
5400	-1234.744	-1454.341	219.5963	0.4324722	0.509726	0.352446	0.129264	0.00856429	1.512434	1.212054
5406	-1224.851	-1444.483	219.6327	0.3094212	0.585012	0.384761	0.0208775	0.00934955	1.34721	1.390586
5412	-1228.503	-1447.991	219.4871	0.2389958	0.69627	0.16673	0.112758	0.0242428	1.382993	1.485955
5418	-1219.401	-1438.629	219.228	0.2565301	0.769262	0.184208	0.0197449	0.0267843	1.236816	1.779031
5424	-1220.268	-1439.481	219.2127	0.1998542	0.761873	0.195384	0.0195553	0.023188	1.249163	1.767858
5430	-1242.346	-1460.822	218.476	0.2696844	0.737053	0.179238	0.0490366	0.0346723	1.046046	2.399131
5436	-1230.297	-1448.887	218.5903	0.3197016	0.606154	0.355328	0.00441134	0.0341061	1.066672	2.301289
5442	-1245.422	-1463.848	218.4259	0.348693	0.498736	0.449938	0.0232641	0.028062	1.144202	2.345283
5448	-1233.997	-1452.309	218.3113	0.3495191	0.497395	0.457232	0.0053301	0.0400435	1.034193	2.48654
5454	-1241.474	-1459.307	217.8324	0.3874984	0.384537	0.55924	0.00660461	0.0496185	0.9111288	2.839715
5460	-1239.109	-1457.076	217.9673	0.4698719	0.358493	0.586393	0.00476636	0.0503473	0.8580525	2.744914
5466	-1226.874	-1444.068	217.1934	0.3979243	0.49243	0.479887	0.0015244	0.0261585	0.8671838	3.24339
5472	-1233.244	-1450.135	216.8909	0.3770715	0.552576	0.416518	0.00157462	0.0293313	0.6286625	3.570309
5478	-1233.533	-1450.492	216.9595	0.3918532	0.42999	0.545894	0.00129169	0.0228244	0.79877	3.424142
5484	-1241.857	-1458.447	216.5892	0.3082983	0.428799	0.544382	0.00405798	0.0227611	0.7226899	3.716382
5490	-1248.257	-1464.306	216.049	0.3082983	0.430261	0.546239	0.00407183	0.019428	0.7656707	4.002016
5496	-1248.905	-1465.221	216.3156	0.3082983	0.447582	0.527973	0.00423574	0.02021	0.7726453	3.845247
5502	-1239.694	-1457.261	217.567	0.4853688	0.48932	0.452849	0.00861336	0.0492175	1.01893	2.881339
5508	-1226.414	-1444.868	218.4544	0.3008562	0.439085	0.456738	0.0040476	0.10013	1.067869	2.392721
5514	-1228.343	-1447.171	218.8287	0.4247599	0.421075	0.551083	0.0125987	0.0152432	1.168974	2.028584
5520	-1229.489	-1448.365	218.8752	0.2740161	0.479139	0.502328	0.00529957	0.0132343	1.111253	2.099854
5526	-1223.116	-1441.863	218.7467	0.2740161	0.461764	0.449997	0.0508572	0.0373823	1.081496	2.202949
5532	-1236.302	-1454.589	218.2866	0.3641406	0.468568	0.492902	0.0265615	0.0119691	0.8374988	2.61777
5538	-1239.155	-1455.809	216.6543	0.5115735	0.321298	0.611402	0.0463941	0.020906	0.7623755	3.558528
5544	-1230.467	-1448.194	217.7279	0.7522713	0.471344	0.451951	0.0612518	0.0154538	1.114558	2.553616
5550	-1238.352	-1456.757	218.4052	0.4358206	0.423071	0.465728	0.0776274	0.0335738	1.147561	2.311277
5556	-1229.25	-1447.772	218.5228	0.2820795	0.492414	0.453061	0.0226331	0.0318922	1.134613	2.311277
5562	-1231.897	-1449.908	218.011	0.3014239	0.399459	0.506089	0.0574072	0.0370449	1.036922	2.687941
5568	-1230.802	-1448.913	218.1113	0.3549188	0.400788	0.493168	0.0559416	0.0501022	0.9823586	2.64069
5574	-1231.711	-1450.299	218.5874	0.3619478	0.273972	0.656679	0.0365842	0.0327654	1.18456	2.209987
5580	-1234.745	-1452.411	217.666	0.5735176	0.427502	0.52297	0.034596	0.0149317	1.178833	2.668791
5586	-1228.957	-1446.967	218.0108	0.3763621	0.407895	0.52348	0.050027	0.0185986	1.112075	2.612804
5592	-1222.333	-1441.2	218.8678	0.3199902	0.58649	0.314837	0.0719311	0.0267419	1.298758	1.968233
5598	-1230.978	-1450.251	219.273	0.297411	0.556438	0.392266	0.0473785	0.00391676	1.291416	1.702095
5604	-1223.639	-1441.952	218.3133	0.38796	0.512784	0.430873	0.0520415	0.00430224	1.064548	2.448185
5610	-1223.175	-1442.751	219.5759	0.2908587	0.393355	0.511952	0.0130085	0.0816846	1.403719	1.397029
5616	-1228.229	-1447.226	218.9971	0.2467854	0.494006	0.345993	0.0588453	0.101156	1.202443	1.960135
5622	-1227.129	-1446.371	219.2416	0.3341413	0.517392	0.425657	0.0388466	0.0181039	1.039088	1.885652
5628	-1230.605	-1449.976	219.3709	0.2614652	0.64773	0.280973	0.0486325	0.0226645	1.279889	1.64742
5634	-1229.235	-1448.42	219.185	0.3144618	0.515037	0.433382	0.0395782	0.0120026	1.214212	1.812032
5640	-1224.824	-1443.982	219.1584	0.3387404	0.610354	0.323471	0.0459584	0.0202161	1.124104	1.882459
5646	-1235.126	-1453.853	218.7273	0.4558458	0.620085	0.294861	0.0645157	0.0205384	1.275983	2.005818
5652	-1234.314	-1453.857	219.5426	0.4329573	0.487597	0.417072	0.079005	0.0163262	1.381939	1.362429
5658	-1241.657	-1461.069	219.4112	0.3814049	0.487845	0.392698	0.104085	0.0153721	1.48691	1.417438
5664	-1232.304	-1451.684	219.3801	0.3814049	0.261908	0.626032	0.0739853	0.0380745	1.374725	1.525991
5670	-1215.798	-1435.381	219.5828	0.3666617	0.501043	0.456101	0.0196682	0.0231878	1.405277	1.355985
5676	-1214.978	-1434.285	219.3073	0.2759909	0.632948	0.324955	0.0248461	0.0172509	1.376184	1.622018
5682	-1218.883	-1438.614	219.7305	0.2850399	0.598768	0.35395	0.0350461	0.0122361	1.367263	1.304733
5688	-1226.859	-1446.132	219.2737	0.4699984	0.505221	0.467771	0.0240783	0.00292973	1.651262	1.334415
5694	-1224.2	-1443.714	219.5138	0.3200726	0.49143	0.455002	0.050718	0.00284976	1.46471	1.387426
5700	-1228.809	-1448.258	219.4493	0.4277459	0.463519	0.483624	0.0517194	0.00113813	1.527312	1.324706
5706	-1217.171	-1436.797	219.6258	0.3408779	0.578816	0.379686	0.0406041	0.000893527	1.527312	1.236165
5712	-1219.125	-1438.79	219.6649	0.3976706	0.410819	0.502615	0.0832791	0.00328738	1.445665	1.236165
5718	-1215.589	-1435.044	219.4557	0.3782558	0.473775	0.478887	0.0455407	0.00179769	1.454232	1.41021
5724	-1216.995	-1436.269	219.2744	0.3065591	0.483848	0.489068	0.0236152	0.00346925	1.384193	1.631937
5730	-1225.104	-1443.676	218.5717	0.4424051	0.626306	0.31662	0.0468265	0.010248	1.102085	2.229794
5736	-1223.742	-1442.697	218.9549	0.3178423	0.559173	0.387683	0.0345326	0.0186114	1.167425	1.998626
5742	-1220.96	-1439.994	219.0343	0.4614343	0.438942	0.393652	0.0868177	0.0805883	1.252438	1.810115
5748	-1227.383	-1446.143	218.7596	0.478093	0.562457	0.39317	0.0244787	0.0198945	1.18864	2.028214
5754	-1219.002	-1438.038	219.0354	0.280005	0.599641	0.338097	0.0451545	0.0171078	1.04103	2.039537
5760	-1218.778	-1437.251	218.473	0.3050046	0.486316	0.412101	0.0807308	0.0208525	0.7896296	2.554307
5766	-1228.178	-1444.98	216.8017	0.2106107	0.359033	0.51318	0.113046	0.0147412	0.8619529	3.514362
5772	-1238.496	-1455.671	217.1745	0.2214447	0.405531	0.440505	0.055227	0.0987365	0.7390506	3.371423
5778	-1236.461	-1453.66	217.1991	0.2410035	0.422415	0.376993	0.0992821	0.10131	0.8041379	3.321764
5784	-1230.655	-1448.121	217.4661	0.2731299	0.450746	0.403946	0.0537039	0.0916048	0.7504772	3.194698
5790	-1237.358	-1455.576	218.2173	0.2525633	0.475848	0.338184	0.0320124	0.153955	1.025034	2.575274
5796	-1233.642	-1452.519	218.8769	0.3178047	0.453566	0.239137	0.173469	0.133828	1.233082	2.006858
5802	-1233.243	-1452.188	218.9447	0.9079746	0.656914	0.190997	0.100441	0.0516476	1.364311	1.459575
5808	-1222.092	-1440.247	218.1558	0.5484134	0.420239	0.499506	0.0158432	0.0644124	1.011747	2.484722
5814	-1234.193	-1452.307	218.1149	0.4982011	0.468299	0.4162	0.0918748	0.0236265	1.103552	2.484722
5820	-1240.752	-1459.116	218.3638	0.4220023	0.299981	0.629219	0.0565071	0.0142924	1.205901	2.308394
5826	-1235.501	-1454.518	219.0164	0.3108905	0.391213	0.539385	0.0395629	0.0298387	1.194527	1.941665
5832	-1230.387	-1448.933	218.5464	0.2846251	0.537408	0.405159	0.0350201	0.0224133	1.09447	2.321331
5838	-1227.539	-1446.046	218.5079	0.2643809	0.58785	0.370186	0.0383072	0.00365756	1.002883	2.40676
5844	-1233.452	-1451.932	218.4798	0.4576834	0.329337	0.64097	0.0105778	0.0191154	1.157368	2.24415
5850	-1232.859	-1451.619	218.7598	0.2667302	0.560147	0.401714	0.0171465	0.0209921	0.9177346	2.300699
5856	-1229.1	-1447.843	218.7429	0.2667302	0.466401	0.468423	0.0188199	0.0463557	0.9345443	2.300699
5862	-1225.875	-1443.752	217.8773	0.2259143	0.545569	0.383858	0.0096927	0.0608796	0.8790284	2.870422
5868	-1220.775	-1438.675	217.8999	0.2291634	0.523357	0.309668	0.0143143	0.152661	0.8575108	2.870422
5874	-1219.854	-1437.903	218.0485	0.2327431	0.402228	0.525444	0.0166825	0.055646	0.7201037	2.864203
5880	-1224.976	-1442.842	217.8663	0.3888045	0.367723	0.469174	0.069778	0.0933245	0.8357556	2.864203
5886	-1227.699	-1446.146	218.4466	0.4430917	0.397676	0.494514	0.0956407	0.0121692	1.220917	2.233395
5892	-1218.282	-1437.598	219.3163	0.4073848	0.407686	0.535906	0.0440163	0.0123917	1.388222	1.547381
5898	-1212.498	-1431.458	218.9597	0.4073848	0.539656	0.325579	0.114675	0.02009	1.202517	1.928647
5904	-1218.533	-1437.736	219.2032	0.4031399	0.496392	0.464763	0.0373525	0.00149252	1.169102	1.787402
5910	-1211.9	-1431.018	219.1187	0.4000976	0.525172	0.408363	0.0393471	0.0271173	1.230153	1.805428
5916	-1217.301	-1436.166	218.8651	0.3024085	0.540758	0.350963	0.0849734	0.0233057	1.141261	2.080422
5922	-1215.744	-1435.394	219.6498	0.2600642	0.384637	0.526747	0.0687125	0.0199034	1.277092	1.443255
5928	-1209.817	-1429.181	219.3644	0.2774395	0.698437	0.250434	0.0450256	0.00610369	1.336327	1.609269
5934	-1216.609	-1436.299	219.6901	0.2450521	0.700351	0.216347	0.0780291	0.00527291	1.141832	1.51515
5940	-1223.813	-1443.802	219.9895	0.2258508	0.785594	0.171258	0.0416648	0.00148289	1.630846	0.7989245
5946	-1220.79	-1440.671	219.881	0.2258508	0.750192	0.221568	0.0268239	0.00141607	1.549037	1.012587
5952	-1220.992	-1440.94	219.9479	0.2772144	0.701558	0.26998	0.0270354	0.00142723	1.641615	0.8395313
5958	-1220.282	-1440.191	219.9089	0.2315387	0.670896	0.268614	0.0495707	0.0109194	1.366819	1.157508
5964	-1224.294	-1444.079	219.7851	0.2255871	0.693842	0.20343	0.0490985	0.0536298	1.591677	1.063936
5970	-1223.427	-1443.265	219.8388	0.2385845	0.761892	0.170729	0.053914	0.0134647	1.665551	0.9396653
5976	-1218.014	-1437.974	219.9603	0.2899205	0.607835	0.339314	0.0444744	0.0083763	1.472879	1.00642
5982	-1228.846	-1448.257	219.4108	0.2899205	0.534686	0.29848	0.0391221	0.127713	1.392481	1.531182
5988	-1230.662	-1450.287	219.6249	0.272633	0.53419	0.261982	0.0279704	0.175857	1.429952	1.341924
5994	-1235.152	-1454.726	219.5741	0.3336831	0.590741	0.278711	0.0608186	0.0697299	1.429163	1.361742
6000	-1233.939	-1453.676	219.7366	0.2241551	0.539684	0.394798	0.0427998	0.022718	1.448637	1.233313
6006	-1222.789	-1442.228	219.4397	0.2777379	0.526413	0.376413	0.0755144	0.0216601	1.314197	1.570388
6012	-1218.528	-1437.99	219.4621	0.3577212	0.436696	0.456518	0.0871222	0.0196645	1.369495	1.481877
6018	-1225.758	-1443.389	217.6314	0.2764044	0.29078	0.586598	0.0922152	0.030406	0.8570136	3.032302
6024	-1220.573	-1437.849	217.2755	0.4797911	0.301638	0.608502	0.0583183	0.0315414	1.078157	3.024453
6030	-1218.188	-1436.55	218.3622	0.310989	0.394201	0.415119	0.070525	0.120154	1.067006	2.448414
6036	-1225.146	-1443.396	218.2497	0.3063542	0.351463	0.514636	0.0491467	0.0847543	1.105035	2.496477
6042	-1222.237	-1441.479	219.2418	0.2782992	0.477852	0.379764	0.0568679	0.0855159	1.236495	1.767118
6048	-1228.879	-1447.904	219.0251	0.2897925	0.368823	0.532491	0.0384702	0.060216	1.040426	2.044706
6054	-1223.201	-1442.511	219.3101	0.3143974	0.346913	0.578161	0.0431089	0.0318166	1.047409	1.840824
6060	-1222.31	-1441.009	218.6996	0.2604504	0.605968	0.308177	0.0465507	0.039304	1.244314	2.129147
6066	-1222.54	-1441.783	219.2433	0.2928513	0.641851	0.28202	0.0412776	0.0348518	1.053974	1.888566
6072	-1226.51	-1445.348	218.838	0.2781684	0.673141	0.279374	0.0284133	0.0190722	1.063781	2.154524
6078	-1225.357	-1444.408	219.0513	0.2643033	0.487591	0.426598	0.0464681	0.0393427	1.189453	1.931908
6084	-1231.205	-1450.468	219.2623	0.258131	0.629908	0.314241	0.0441864	0.0116638	1.195221	1.784007
6090	-1216.966	-1436.028	219.0621	0.4074025	0.620433	0.259647	0.103147	0.0167743	1.217095	1.849065
6096	-1223.275	-1442.467	219.192	0.2753031	0.672184	0.281304	0.0283389	0.0181734	1.32745	1.738915
6102	-1238.277	-1458.069	219.7925	0.2143674	0.801042	0.173022	0.018388	0.00754808	1.333885	1.278479
6108	-1234.939	-1454.728	219.7893	0.2143674	0.749448	0.202063	0.0214744	0.0270142	1.352496	1.26576
6114	-1226.315	-1445.757	219.4429	0.2780252	0.576891	0.333512	0.045009	0.0445878	1.187155	1.660025
6120	-1224.808	-1444.424	219.6161	0.2257979	0.796616	0.169674	0.00987909	0.0238311	1.316292	1.436161
6126	-1225.289	-1444.787	219.4988	0.3053216	0.703705	0.243821	0.0393873	0.0130867	1.283273	1.542235
6132	-1231.559	-1451.152	219.5929	0.2182933	0.816602	0.152298	0.0239504	0.00714896	1.33867	1.434421
6138	-1243.61	-1463.321	219.7117	0.3474508	0.437594	0.483623	0.0727176	0.00606519	1.364088	1.296518
6144	-1249.438	-1469.337	219.8984	0.2453184	0.508749	0.377576	0.106363	0.00731304	1.4711	1.074593
6150	-1246.749	-1466.613	219.8641	0.2385273	0.648607	0.246621	0.0920327	0.0127388	1.76201	0.7955113
6156	-1240.097	-1459.879	219.7818	0.2883008	0.523439	0.399858	0.0560487	0.0206541	1.779799	0.8691682
6162	-1226.32	-1445.875	219.5543	0.2487504	0.575228	0.377175	0.0250883	0.0225081	1.598507	1.264307
6168	-1228.595	-1447.77	219.1752	0.2960933	0.526847	0.370022	0.0613621	0.0417685	1.371442	1.71501
6174	-1223.079	-1442.765	219.6857	0.2524989	0.590949	0.307636	0.0577695	0.0436463	1.343878	1.363846
6180	-1224.587	-1443.886	219.299	0.2782823	0.461481	0.477908	0.0236938	0.036917	1.487354	1.546412
6186	-1228.751	-1448.478	219.7265	0.2481604	0.553975	0.315947	0.0857616	0.0443162	1.388369	1.295395
6192	-1241.826	-1461.337	219.5109	0.2481604	0.553139	0.353724	0.0540275	0.0391087	1.4179	1.442045
6198	-1223.641	-1443.113	219.4717	0.2805033	0.238211	0.679916	0.0549475	0.026925	1.600611	1.326411
6204	-1224.99	-1444.658	219.6686	0.1912315	0.672437	0.270596	0.0382329	0.0187346	1.607167	1.135529
6210	-1234.411	-1454.398	219.9868	0.1875959	0.849116	0.123086	0.00550052	0.0222974	1.537647	0.8840148
6216	-1226.115	-1445.888	219.7728	0.2059059	0.824472	0.113648	0.041292	0.0205876	1.617446	1.041303
6222	-1225.353	-1444.851	219.4978	0.2059059	0.768516	0.140864	0.0295627	0.0610576	1.52542	1.357341
6228	-1217.948	-1437.387	219.4382	0.4026697	0.610656	0.22514	0.11679	0.0474141	1.515126	1.36066
6234	-1226.217	-1445.462	219.2448	0.2762077	0.528753	0.295265	0.0663672	0.109616	1.459689	1.606736
6240	-1224.425	-1443.904	219.4793	0.314038	0.588347	0.317467	0.060525	0.0336612	1.368242	1.490256
6246	-1216.608	-1436.054	219.4467	0.2993445	0.456224	0.433152	0.0825803	0.0280438	1.407718	1.490256
6252	-1230.414	-1449.142	218.7274	0.5546146	0.480032	0.455756	0.0562677	0.007945	1.251336	1.956378
6258	-1224.147	-1443.186	219.0388	0.2873112	0.550641	0.371326	0.0669375	0.0110954	1.16007	1.956378
6264	-1235.898	-1454.763	218.8649	0.3690568	0.403699	0.442821	0.138113	0.0153674	1.167505	2.036182
6270	-1234.305	-1453.773	219.4684	0.2725533	0.598109	0.319968	0.0749667	0.00695708	1.292637	1.566084
6276	-1235.767	-1454.506	218.739	0.3781888	0.402923	0.424281	0.126943	0.0458523	1.176679	2.108481
6282	-1242.535	-1461.97	219.4351	0.2327664	0.544257	0.334566	0.108819	0.0123574	1.10449	1.72529
6288	-1242.738	-1461.526	218.7875	0.278188	0.47491	0.418606	0.0921852	0.0142988	1.110907	2.156696
6294	-1229.33	-1448.344	219.0142	0.332582	0.452623	0.431112	0.101538	0.0147259	1.254069	1.894728
6300	-1224.954	-1444.718	219.7634	0.4073017	0.45827	0.298538	0.230707	0.0124842	1.363855	1.21518
6306	-1237.058	-1456.644	219.5858	0.3431268	0.573656	0.251997	0.163809	0.0105379	1.334653	1.421734
6312	-1243.224	-1462.612	219.3872	0.4050641	0.452631	0.403254	0.121417	0.0226983	1.293934	1.566048
6318	-1235.975	-1455.393	219.4182	0.3478205	0.564432	0.261789	0.159023	0.0147556	1.307175	1.566048
6324	-1239.991	-1459.216	219.2249	0.2656212	0.499245	0.373276	0.0669683	0.0605107	1.252566	1.769534
6330	-1236.529	-1454.291	217.7612	0.3679666	0.31538	0.487016	0.163658	0.0339458	1.11788	2.766502
6336	-1234.327	-1452.233	217.9052	0.5608306	0.439922	0.506259	0.0331417	0.020677	1.082823	2.588518
6342	-1232.424	-1449.536	217.1121	0.6089854	0.499829	0.382466	0.0822721	0.0354331	0.9443796	3.122997
6348	-1230.573	-1448.069	217.4956	0.5281793	0.605169	0.240125	0.130202	0.0245037	1.025614	2.894568
6354	-1232.134	-1448.925	216.7908	0.9742319	0.636343	0.211659	0.126232	0.025766	0.7984524	3.174247
6360	-1228.296	-1444.825	216.5286	0.9155015	0.379055	0.480598	0.107152	0.0331948	0.8801901	3.316154
6366	-1227.145	-1444.359	217.2137	0.2767786	0.281489	0.631113	0.0462395	0.041159	0.79643	3.316154
6372	-1233.904	-1451.121	217.2174	0.2666172	0.400305	0.55034	0.0249427	0.0244127	0.7948123	3.316154
6378	-1227.503	-1445.364	217.8602	0.3659193	0.368448	0.496504	0.0323068	0.102741	0.8643056	2.861423
6384	-1231.228	-1449.191	217.963	0.2891946	0.313373	0.479745	0.105126	0.101757	0.7777052	2.878134
6390	-1234.072	-1450.639	216.5666	0.7734137	0.427132	0.403324	0.0416755	0.127868	0.8449241	3.40122
6396	-1233.044	-1451.474	218.4296	0.2741607	0.487799	0.478798	0.00912081	0.0242822	1.028456	2.438852
6402	-1230.596	-1449.326	218.7301	0.4793943	0.411893	0.549145	0.0106387	0.0283233	1.29346	1.977204
6408	-1228.263	-1447.916	219.6524	0.2694442	0.470218	0.491466	0.00838029	0.0299358	1.236418	1.47125
6414	-1226.94	-1445.785	218.8451	0.408967	0.460937	0.517932	0.00462172	0.0165096	1.10924	2.066419
6420	-1236.808	-1455.2	218.3923	0.4664534	0.369268	0.588191	0.0256428	0.0168983	1.10103	2.330834
6426	-1230.629	-1450.024	219.3958	0.3360756	0.376952	0.537123	0.0271779	0.058747	1.217774	1.65264
6432	-1233.816	-1453.243	219.4266	0.2937482	0.320626	0.608237	0.0307763	0.0403605	1.208686	1.65264
6438	-1233.804	-1453.668	219.8634	0.3301293	0.366891	0.576807	0.0203641	0.0359374	1.296418	1.236168
6444	-1229.619	-1449.34	219.7211	0.2980799	0.465392	0.447564	0.0399789	0.0470659	1.395174	1.285808
6450	-1232.832	-1452.471	219.6382	0.3308374	0.407832	0.525531	0.0478607	0.0187762	1.361333	1.366046
6456	-1238.035	-1458.12	220.0849	0.2662637	0.622632	0.298864	0.0563838	0.0221199	1.361333	0.9995522
6462	-1224.589	-1444.264	219.675	0.3296123	0.388609	0.55007	0.0427568	0.018565	1.556832	1.174906
6468	-1227.736	-1447.571	219.8354	0.2575911	0.583253	0.384465	0.015185	0.0170974	1.544838	1.064524
6474	-1234.701	-1454.528	219.8272	0.2187181	0.303525	0.570097	0.0499604	0.0764177	1.488209	1.117989
6480	-1236.611	-1456.488	219.8775	0.2939608	0.379072	0.479915	0.0766827	0.0643295	1.501672	1.057378
6486	-1242.075	-1461.818	219.7438	0.2397732	0.462828	0.459423	0.0624465	0.0153029	1.534096	1.157038
6492	-1235.482	-1455.189	219.707	0.2745282	0.447687	0.402405	0.0424325	0.107475	1.564853	1.160611
6498	-1223.746	-1443.633	219.8874	0.2265639	0.515593	0.404594	0.0488687	0.0309445	1.591415	0.9634441
6504	-1223.847	-1443.455	219.6085	0.2309193	0.75075	0.194755	0.0390936	0.0154014	1.544185	1.262251
6510	-1219.787	-1439.559	219.7717	0.2508784	0.738159	0.222817	0.0382974	0.000726243	1.383626	1.262251
6516	-1221.968	-1441.521	219.5529	0.3065576	0.723729	0.218461	0.0472284	0.0105806	1.544051	1.298514
6522	-1216.104	-1435.805	219.7008	0.3253508	0.624367	0.326386	0.0367897	0.0124571	1.701568	1.02038
6528	-1212.718	-1432.542	219.8241	0.3245868	0.548926	0.341808	0.0888392	0.0204263	1.572501	1.026425
6534	-1223.943	-1443.823	219.8796	0.2242641	0.55566	0.309998	0.0550097	0.0793328	1.658227	0.8987959
6540	-1224.643	-1444.373	219.7306	0.2242641	0.397973	0.499303	0.0578121	0.044912	1.690431	1.02095
6546	-1221.792	-1441.607	219.8149	0.3409004	0.611038	0.243209	0.0903095	0.0554432	1.751147	0.8313093
6552	-1211.534	-1431.383	219.8493	0.2649399	0.572181	0.267506	0.0993314	0.060982	1.726248	0.8595096
6558	-1213.996	-1433.6	219.6037	0.2649399	0.362304	0.511877	0.0866414	0.0391777	1.587055	1.231853
6564	-1237.109	-1456.517	219.4084	0.2935571	0.273186	0.385967	0.123975	0.216872	1.212973	1.662669
6570	-1223.429	-1442.2	218.7707	0.2935571	0.361182	0.497824	0.08679	0.0542042	1.139206	2.145979
6576	-1229.055	-1447.999	218.9443	0.408329	0.422547	0.51062	0.0411639	0.0256689	1.136995	1.98245
6582	-1230.372	-1447.362	216.9906	0.5687722	0.38648	0.437336	0.155124	0.0210608	1.003337	3.185158
6588	-1219.815	-1437.604	217.7892	0.3398244	0.433232	0.411675	0.146022	0.00907077	0.8978313	2.895072
6594	-1221.655	-1439.434	217.779	0.3398244	0.323807	0.548224	0.12119	0.00677968	0.9080224	2.895072
6600	-1218.947	-1436.741	217.7939	0.3986896	0.379039	0.46767	0.146076	0.00721585	0.8185421	2.913483
6606	-1230.783	-1449.414	218.631	0.3389795	0.395637	0.477036	0.122315	0.00501162	0.8761631	2.389271
6612	-1235.782	-1454.307	218.5247	0.3359244	0.328838	0.54971	0.101295	0.0201561	0.9342692	2.420863
6618	-1235.655	-1452.447	216.7921	0.3972507	0.400446	0.522883	0.0400581	0.0366133	0.7582701	3.542902
6624	-1226.771	-1444.189	217.418	0.3217727	0.469459	0.469216	0.0384297	0.0228962	0.7869285	3.190049
6630	-1229.759	-1448.107	218.3483	0.2562856	0.378455	0.546959	0.0467394	0.027847	0.9804761	2.521448
6636	-1227.021	-1445.254	218.2328	0.3200614	0.55886	0.303916	0.10766	0.0295634	0.9231026	2.615751
6642	-1224.641	-1443.137	218.4966	0.320678	0.48487	0.340655	0.0629333	0.111542	0.9695282	2.421998
6648	-1235.379	-1454.136	218.757	0.2775	0.536026	0.299029	0.0416356	0.12331	1.021209	2.234622
6654	-1220.994	-1438.137	217.1427	0.3408506	0.465167	0.439172	0.0384891	0.0571725	0.890454	3.284837
6660	-1211.498	-1429.075	217.5769	0.2818205	0.516887	0.430581	0.035579	0.0169522	1.037141	2.956006
6666	-1226.565	-1444.184	217.6192	0.2533079	0.559561	0.367789	0.0164636	0.0561866	0.9825986	2.966208
6672	-1232.64	-1450.929	218.2884	0.2833467	0.554064	0.272371	0.0809339	0.0926312	0.9246476	2.590231
6678	-1231.267	-1450.565	219.2984	0.2833467	0.497846	0.374182	0.118348	0.0096245	1.203867	1.749364
6684	-1225.372	-1444.624	219.2522	0.3119184	0.600988	0.287636	0.106453	0.00492276	1.238446	1.749364
6690	-1236.324	-1455.776	219.4518	0.2422186	0.627032	0.317347	0.0543017	0.00131965	1.322068	1.557925
6696	-1239.541	-1458.964	219.4228	0.3000338	0.507822	0.410951	0.0719504	0.00927717	1.069357	1.752189
6702	-1240.363	-1459.855	219.4916	0.2687147	0.607299	0.314549	0.0706923	0.00745984	1.186878	1.62669
6708	-1236.906	-1455.973	219.067	0.3395005	0.380341	0.466123	0.0626936	0.090842	1.288629	1.832094
6714	-1228.976	-1448.648	219.6725	0.3395005	0.515818	0.401018	0.053937	0.0292267	1.523186	1.200844
6720	-1222.063	-1441.75	219.6869	0.2628178	0.40739	0.364873	0.0938394	0.133897	1.569804	1.175714
6726	-1232.124	-1452.143	220.0193	0.2662465	0.500751	0.376763	0.0515044	0.0709812	1.477082	0.9479378
6732	-1228.896	-1448.406	219.5102	0.2627124	0.608331	0.295558	0.0195542	0.0765573	1.35586	1.489208
6738	-1223.533	-1442.785	219.252	0.2627124	0.494574	0.338053	0.0705776	0.0967951	1.324054	1.700612
6744	-1231.399	-1450.949	219.5498	0.2775149	0.509519	0.348269	0.0727103	0.0695019	1.391445	1.429886
6750	-1239.58	-1459.513	219.9326	0.2775149	0.469922	0.384605	0.0743776	0.0710956	1.396679	1.108645
6756	-1241.992	-1461.657	219.6659	0.2097743	0.580343	0.278899	0.0722539	0.0685034	1.43128	1.300113
6762	-1239.301	-1458.708	219.4075	0.2479703	0.59874	0.262406	0.0502403	0.0886137	1.530886	1.434734
6768	-1234.908	-1454.588	219.68	0.2678591	0.621206	0.292446	0.0367129	0.0496349	1.58227	1.17021
6774	-1238.347	-1458.088	219.7415	0.3083093	0.461063	0.440946	0.023152	0.0748388	1.675906	1.014405
6780	-1224.214	-1443.994	219.7807	0.3083093	0.438247	0.419126	0.130598	0.0120287	1.714817	0.9341007
6786	-1224.562	-1444.199	219.637	0.5041587	0.48179	0.386639	0.120475	0.0110963	1.367356	1.242133
6792	-1228.31	-1447.948	219.6376	0.5418358	0.608051	0.342351	0.0443534	0.00524461	1.53573	1.058628
6798	-1230.662	-1450.04	219.3788	0.392714	0.546379	0.406466	0.0392956	0.00785867	1.455792	1.459142
6804	-1240.133	-1459.391	219.2581	0.3765634	0.527737	0.423171	0.0409105	0.00818164	1.396433	1.60248
6810	-1239.847	-1459.011	219.1641	0.3947198	0.34063	0.574029	0.0249871	0.0603535	1.174756	1.815433
6816	-1254.291	-1473.147	218.8555	0.7505683	0.607678	0.282977	0.0123178	0.0970274	1.125244	1.81449
6822	-1244.604	-1461.982	217.3773	1.493833	0.606939	0.270347	0.0103713	0.112342	1.085086	2.343146
6828	-1236.343	-1453.859	217.5154	1.962596	0.748637	0.167097	0.0218537	0.0624119	1.176618	1.945764
6834	-1245.205	-1462.57	217.3649	1.855291	0.653796	0.170971	0.124814	0.0504193	1.174909	2.101681
6840	-1238.883	-1456.131	217.2479	1.44509	0.699216	0.0345994	0.105917	0.160267	0.868183	2.587001
6846	-1253.383	-1469.295	215.9124	1.375127	0.756089	0.0136106	0.0569979	0.173303	0.7803871	3.477518
6852	-1248.964	-1463.74	214.7755	1.152716	0.619337	0.0388252	0.19988	0.141958	0.4376651	4.44277
6858	-1244.834	-1460.256	215.4226	0.9105775	0.466637	0.339619	0.0862825	0.107461	0.4542951	4.203161
6864	-1247.194	-1462.721	215.5267	0.8016157	0.457131	0.42647	0.0661058	0.0502933	0.6617278	4.090206
6870	-1246.608	-1461.896	215.2878	0.415807	0.452128	0.430479	0.0667273	0.050666	0.6825282	4.437589
6876	-1242.838	-1460.194	217.3561	0.4502878	0.315226	0.538046	0.0834009	0.0633263	0.8804229	3.111299
6882	-1238.389	-1456.527	218.1387	0.5384512	0.516484	0.421281	0.0126521	0.0495833	1.142231	2.419937
6888	-1235.693	-1453.964	218.2718	0.7809692	0.408911	0.577185	0.0100169	0.00388763	1.134312	2.176845
6894	-1238.313	-1456.496	218.1828	0.6747825	0.554649	0.353164	0.0920995	8.72929e-05	1.086897	2.336589
6900	-1240.935	-1458.446	217.5111	0.484418	0.530809	0.401953	0.0671715	6.63859e-05	0.9918103	2.932056
6906	-1234.211	-1451.598	217.3874	0.3494488	0.466558	0.43082	0.102303	0.000319175	0.8892218	3.137233
6912	-1239.599	-1457.351	217.7512	0.3760198	0.41712	0.512068	0.070496	0.000315821	0.8800918	2.913159
6918	-1232.792	-1449.37	216.5781	0.3760198	0.350408	0.570651	0.0786878	0.000252492	0.7563888	3.678122
6924	-1244.981	-1461.326	216.3442	0.441042	0.248988	0.694541	0.0559128	0.000558127	0.5955633	3.873554
6930	-1232.86	-1449.102	216.2416	0.5002061	0.272877	0.665178	0.0612773	0.000667652	0.8721477	3.740604
6936	-1234.509	-1450.677	216.1682	0.4445009	0.263855	0.679949	0.0555136	0.000682478	0.6671051	3.931615
6942	-1236.156	-1454.474	218.3183	0.2903694	0.39708	0.490225	0.112055	0.000640177	0.9702139	2.541941
6948	-1230.42	-1447.576	217.1559	0.3015121	0.299767	0.62118	0.0778122	0.00124096	0.7432651	3.37634
6954	-1228.733	-1445.792	217.0588	0.4945478	0.320382	0.663897	0.0146532	0.00106793	0.8847543	3.259712
6960	-1233.025	-1451.606	218.5805	0.4543055	0.518166	0.464864	0.0158168	0.00115274	1.233855	2.131327
6966	-1220.087	-1438.911	218.8236	0.2497206	0.514006	0.461132	0.0217792	0.00308254	1.117433	2.131327
6972	-1219.255	-1438.462	219.2064	0.3548173	0.41747	0.556467	0.0228316	0.0032315	1.041841	1.898416
6978	-1221.571	-1440.726	219.1551	0.2923737	0.392658	0.523479	0.0809344	0.00292791	1.127832	1.898416
6984	-1235.691	-1453.631	217.9398	0.3813085	0.280197	0.669542	0.013263	0.0369985	1.020331	2.710623
6990	-1237.973	-1456.457	218.4834	0.4591276	0.229762	0.66999	0.0632243	0.0370232	0.992977	2.346052
6996	-1223.443	-1442.002	218.5589	0.3623785	0.427159	0.541591	0.0121753	0.0190749	1.063932	2.305578
7002	-1240.367	-1458.877	218.5103	0.4531647	0.291912	0.682308	0.00408236	0.0216978	1.049804	2.296304
7008	-1240.961	-1459.723	218.7626	0.366512	0.424609	0.558769	0.00593811	0.010684	1.049804	2.181641
7014	-1252.196	-1469.667	217.4712	0.6337524	0.45576	0.508406	0.0162069	0.0196271	0.9968052	2.860236
7020	-1237.611	-1454.609	216.9987	0.3358959	0.316876	0.557397	0.0937158	0.0320113	0.7197598	3.471329
7026	-1236.987	-1453.893	216.9062	0.3249267	0.249773	0.609749	0.107066	0.0334126	0.6151143	3.590013
7032	-1234.763	-1452.233	217.4704	0.3370542	0.385081	0.421185	0.0619267	0.131808	0.9238159	3.071998
7038	-1229.813	-1448.632	218.8182	0.2659399	0.390608	0.431436	0.0121563	0.1658	1.035204	2.187573
7044	-1230.429	-1447.763	217.3334	0.3188967	0.480904	0.374764	0.0463876	0.0979444	0.712992	3.284704
7050	-1233.2	-1450.298	217.0978	0.3026022	0.369514	0.497068	0.108374	0.0250434	0.8160014	3.36744
7056	-1237.682	-1454.58	216.8988	0.2924273	0.322142	0.531408	0.0505665	0.0958836	1.001651	3.377755
7062	-1241.384	-1460.257	218.8728	0.3675181	0.513785	0.406992	0.0393603	0.0398631	1.040135	2.115594
7068	-1249.416	-1468.112	218.6965	0.2695472	0.471379	0.402193	0.0836763	0.0427515	1.114442	2.21466
7074	-1242.486	-1461.225	218.7388	0.3030461	0.425303	0.41672	0.0866986	0.0712777	1.061372	2.21466
7080	-1221.49	-1438.68	217.1906	0.4320703	0.436677	0.51506	0.0362824	0.0119807	0.817672	3.256642
7086	-1227.556	-1444.63	217.0749	0.4196102	0.29874	0.606727	0.0804195	0.0141129	0.9445836	3.256642
7092	-1222.495	-1441.368	218.8733	0.4335217	0.323493	0.656999	0.01255	0.00695846	1.331467	1.884172
7098	-1231.108	-1450.226	219.1184	0.3353526	0.436756	0.507814	0.0175613	0.0378682	1.02827	1.975557
7104	-1225.944	-1444.124	218.1799	0.3711432	0.274884	0.652823	0.022576	0.0497168	0.9994084	2.58034
7110	-1233.573	-1451.983	218.4106	0.3490422	0.203468	0.718776	0.0242823	0.0534743	0.8697287	2.527446
7116	-1224.795	-1442.147	217.3522	0.3454571	0.338337	0.56576	0.0415379	0.0543653	0.9691475	3.112212
7122	-1249.19	-1466.559	217.3684	0.3680162	0.372942	0.563019	0.0553463	0.0086924	0.9369333	3.112212
7128	-1239.153	-1457.11	217.9569	0.4291918	0.288082	0.635848	0.0696996	0.00637018	1.027241	2.670864
7134	-1222.238	-1441.097	218.8582	0.2941254	0.353348	0.571839	0.070238	0.00457476	1.182303	2.060142
7140	-1229.026	-1447.756	218.7302	0.2995196	0.411082	0.529519	0.0552224	0.00417718	1.069683	2.215776
7146	-1228.21	-1446.976	218.7663	0.3894703	0.495412	0.448785	0.0393698	0.0164333	1.141742	2.107591
7152	-1217.488	-1436.927	219.4395	0.3322153	0.351653	0.569553	0.0631075	0.0156866	1.347189	1.528115
7158	-1232.45	-1451.732	219.2823	0.5355338	0.304901	0.573317	0.0919874	0.0297947	1.254126	1.580775
7164	-1228.083	-1447.067	218.9836	0.5093903	0.506605	0.365906	0.0779842	0.049505	1.278577	1.794569
7170	-1224.572	-1444.046	219.4739	0.2889583	0.314696	0.559239	0.080742	0.0453232	1.212069	1.617438
7176	-1226.278	-1445.558	219.2802	0.2651919	0.653225	0.305573	0.0260624	0.0151392	0.9998476	1.905231
7182	-1222.655	-1441.956	219.3006	0.3248835	0.416678	0.520375	0.0392923	0.0236544	1.249004	1.702976
7188	-1225.173	-1444.343	219.1693	0.4254095	0.381983	0.568008	0.0431742	0.00683412	1.303978	1.702976
7194	-1243.147	-1461.933	218.7864	0.4254095	0.443711	0.528232	0.0161029	0.0119546	1.228679	2.016618
7200	-1236.857	-1455.116	218.2584	0.6292093	0.293087	0.61658	0.0763798	0.013954	0.9942994	2.377961
7206	-1234.987	-1452.107	217.1195	0.501112	0.335551	0.561539	0.0870135	0.0158967	1.06167	3.114913
7212	-1224.414	-1443.295	218.8816	0.515497	0.367145	0.52994	0.0821171	0.0207978	1.064895	2.004692
7218	-1220.705	-1439.022	218.3162	0.3605819	0.342278	0.570146	0.0503155	0.0372609	0.9436587	2.535198
7224	-1221.862	-1440.975	219.1128	0.2902949	0.462506	0.427198	0.0971066	0.0131897	1.024719	1.996739
7230	-1234.392	-1452.259	217.8667	0.4867607	0.244324	0.717135	0.0314124	0.00712846	1.080429	2.660149
7236	-1235.275	-1453.892	218.6167	0.7073359	0.549273	0.40805	0.0329381	0.00973833	1.271146	1.909285
7242	-1241.377	-1460.121	218.744	0.2581164	0.181578	0.705005	0.106503	0.00691369	1.045262	2.229647
7248	-1226.458	-1444.88	218.4214	0.4049614	0.188723	0.692002	0.115031	0.00424313	1.04956	2.380552
7254	-1224.004	-1442.396	218.3919	0.2576245	0.559406	0.357334	0.0744047	0.00885512	1.08712	2.427242
7260	-1246.041	-1464.819	218.7782	0.3364297	0.204897	0.714738	0.0750843	0.00528129	1.041951	2.190007
7266	-1243.682	-1462.59	218.9078	0.6055564	0.43614	0.340498	0.206494	0.0168673	1.320459	1.749051
7272	-1232.767	-1452.213	219.4461	0.4857767	0.489724	0.368915	0.12418	0.0171799	1.524239	1.285341
7278	-1222.006	-1441.471	219.4652	0.4549117	0.414759	0.405391	0.170475	0.00937542	1.640836	1.196611
7284	-1236.889	-1456.057	219.1676	0.7181533	0.517097	0.314665	0.155452	0.0127865	1.616498	1.239345
7290	-1240.746	-1460.091	219.3451	0.7023913	0.490465	0.400481	0.104856	0.00419832	1.45006	1.244014
7296	-1250.707	-1469.59	218.8831	0.4540467	0.445222	0.504703	0.0447849	0.0052909	1.267071	1.908303
7302	-1257.063	-1474.832	217.7693	0.4158378	0.457381	0.447033	0.0640456	0.0315405	1.174985	2.702645
7308	-1259.868	-1477.886	218.0179	0.3204251	0.598365	0.341526	0.036736	0.0233728	1.123008	2.624894
7314	-1258.646	-1477.235	218.5887	0.3170266	0.470092	0.436517	0.0854986	0.00789328	1.282369	2.164261
7320	-1238.315	-1458.116	219.8013	0.3294362	0.608602	0.293693	0.0630872	0.0346179	1.775944	0.8262125
7326	-1225.664	-1445.371	219.7072	0.3294362	0.638006	0.258478	0.0696709	0.0338453	1.743574	0.969341
7332	-1229.806	-1449.428	219.622	0.4220072	0.493143	0.380158	0.0878519	0.0388473	1.743574	0.9842485
7338	-1231.019	-1450.856	219.8369	0.2799062	0.597523	0.361866	0.0188908	0.0217209	1.716284	0.8820141
7344	-1236.562	-1456.227	219.6652	0.4769448	0.58828	0.358301	0.0249068	0.0285126	1.763196	0.8593244
7350	-1232.808	-1452.304	219.4958	0.496386	0.62889	0.322259	0.023354	0.0254974	1.763196	1.020319
7356	-1239.848	-1459.311	219.4635	0.4796624	0.49005	0.43132	0.0348181	0.043812	1.676678	1.146085
7362	-1231.538	-1451.35	219.8124	0.2325209	0.632078	0.313019	0.0231079	0.0317954	1.488746	1.13515
7368	-1224.88	-1444.446	219.566	0.2325209	0.761256	0.170044	0.021163	0.0475371	1.414009	1.400902
7374	-1236.546	-1455.996	219.4498	0.2112615	0.813148	0.160177	0.0136009	0.0130738	1.586765	1.349541
7380	-1237.959	-1457.913	219.9542	0.2254585	0.591362	0.366469	0.0276296	0.0145398	1.501209	0.9871249
7386	-1248.478	-1468.243	219.765	0.313606	0.479006	0.445171	0.058161	0.0176624	1.807308	0.8432464
7392	-1240.24	-1460.042	219.8025	0.3013062	0.463842	0.462498	0.0065711	0.0670885	1.767424	0.8532005
7398	-1231.103	-1450.934	219.8319	0.2660412	0.609579	0.290512	0.0102267	0.0896822	1.811557	0.7714294
7404	-1224.432	-1444.303	219.8703	0.2510638	0.631423	0.272867	0.0268363	0.0688736	1.831075	0.6797556
7410	-1239.679	-1459.651	219.9725	0.2380495	0.612641	0.321065	0.0222536	0.0440401	1.741173	0.6530236
7416	-1237.416	-1457.167	219.7506	0.3996729	0.480777	0.424286	0.0263627	0.0685746	1.824386	0.7598061
7422	-1245.948	-1465.615	219.6671	0.2366686	0.497507	0.345747	0.0486669	0.108079	2.070765	0.4193361
7428	-1247.524	-1467.177	219.6528	0.2649499	0.595209	0.276558	0.0389279	0.0893057	2.086123	0.4212688
7434	-1224.32	-1444.205	219.8851	0.2197045	0.596578	0.297887	0.0461252	0.0594104	1.821985	0.6551751
7440	-1243.016	-1462.835	219.8182	0.4359555	0.285974	0.692431	0.00785006	0.0137445	1.611737	0.9023166
7446	-1228.989	-1448.82	219.8312	0.2328636	0.625702	0.289592	0.051606	0.0331	1.778073	0.8162516
7452	-1230.698	-1450.593	219.8946	0.2138663	0.699139	0.255138	0.0278566	0.0178672	1.837157	0.5832561
7458	-1233.237	-1453.15	219.9129	0.2423474	0.696202	0.220795	0.0456916	0.0373122	1.78738	0.6809334
7464	-1226.362	-1446.23	219.8682	0.2423474	0.58938	0.280584	0.0527842	0.0772519	1.882013	0.5402025
7470	-1224.989	-1444.766	219.7774	0.2423474	0.649841	0.253988	0.0262409	0.0699294	1.964809	0.57823
7476	-1226.953	-1446.833	219.8804	0.2093651	0.727782	0.244021	0.0129674	0.0152296	1.843643	0.5996602
7482	-1216.525	-1436.387	219.8616	0.1929717	0.809162	0.174918	0.0122197	0.00370016	1.804297	0.6981431
7488	-1228.418	-1448.288	219.8706	0.2583573	0.693563	0.188669	0.040576	0.0771913	1.850063	0.6393713
7494	-1226.872	-1446.64	219.7683	0.3970617	0.671723	0.278084	0.0362333	0.0139593	1.704737	0.8920812
7500	-1223.945	-1443.629	219.6838	0.2701168	0.655426	0.271337	0.0680079	0.00522829	1.547574	1.196623
7506	-1226.167	-1445.751	219.5839	0.2353032	0.576478	0.343415	0.0624035	0.0177033	1.392067	1.404484
7512	-1227.906	-1447.696	219.79	0.3215433	0.593024	0.369207	0.0276595	0.0101102	1.392067	1.221601
7518	-1226.823	-1446.515	219.6924	0.289558	0.362209	0.546932	0.0853311	0.00552787	1.504272	1.221601
7524	-1232.38	-1451.448	219.0677	0.4054391	0.352395	0.555666	0.0866938	0.00524546	1.343355	1.759071
7530	-1227.105	-1445.77	218.6656	0.6440315	0.50654	0.404957	0.0870051	0.00149822	1.228585	1.950242
7536	-1233.005	-1451.998	218.9925	0.3020829	0.488275	0.484083	0.0271535	0.000488891	1.209771	1.950242
7542	-1243.439	-1462.295	218.8552	0.3025597	0.40314	0.572419	0.023431	0.00100966	1.194164	2.05201
7548	-1238.184	-1457.407	219.2232	0.2730104	0.174784	0.708654	0.116416	0.000146218	1.154831	1.837438
7554	-1222.555	-1442.224	219.6694	0.4312276	0.388675	0.557554	0.0536852	8.56045e-05	1.376474	1.26574
7560	-1220.138	-1439.52	219.3825	0.2948098	0.496374	0.483372	0.0200426	0.000211308	1.253598	1.651774
7566	-1218.902	-1438.684	219.7814	0.3458482	0.485241	0.47253	0.0412364	0.000992837	1.483605	1.136658
7572	-1227.042	-1446.758	219.7167	0.3820464	0.474081	0.499913	0.0242157	0.0017904	1.283964	1.336524
7578	-1224.379	-1443.21	218.8313	0.410136	0.4446	0.468825	0.085695	0.000879894	1.06947	2.100973
7584	-1208.785	-1427.884	219.0997	0.3378621	0.487674	0.498045	0.0131237	0.00115721	1.181172	1.883951
7590	-1220.461	-1438.762	218.3007	0.3414263	0.451564	0.539087	0.00473568	0.00461415	0.9930733	2.522242
7596	-1218.723	-1437.085	218.3618	0.3195903	0.429844	0.552055	0.000926388	0.017175	0.9449714	2.522242
7602	-1237.938	-1456.186	218.2479	0.3867005	0.352401	0.628365	0.000984337	0.0182493	1.041256	2.504408
7608	-1237.545	-1455.636	218.0914	0.5437943	0.461573	0.522436	0.000818398	0.0151729	0.9301382	2.578631
7614	-1242.945	-1461.634	218.6883	0.2802517	0.386866	0.569038	0.000869617	0.0432257	1.069378	2.247377
7620	-1238.339	-1457.395	219.0555	0.3367216	0.414118	0.575327	0.00256214	0.00799219	1.36424	1.789031
7626	-1232.351	-1451.618	219.2675	0.3367216	0.314267	0.677935	0.00194436	0.00585432	1.21986	1.741866
7632	-1240.064	-1459.218	219.1536	0.3367216	0.317528	0.668604	0.00656518	0.00730235	1.080463	1.916191
7638	-1234.915	-1454.507	219.5928	0.2876732	0.521405	0.455155	0.00446927	0.0189708	1.167602	1.563448
7644	-1241.551	-1460.823	219.2719	0.2718402	0.482058	0.451954	0.0082426	0.0577452	1.22706	1.75377
7650	-1237.025	-1456.836	219.8106	0.2710392	0.551009	0.329813	0.0307062	0.0884721	1.392192	1.220858
7656	-1241.783	-1460.91	219.1264	0.2928448	0.56679	0.300748	0.0765785	0.0558834	1.367753	1.752828
7662	-1233.915	-1453.149	219.2345	0.4029706	0.276258	0.6419	0.0694967	0.0123448	1.144201	1.783029
7668	-1235.456	-1454.619	219.1638	0.5004299	0.405914	0.495999	0.0832917	0.0147952	1.077026	1.815526
7674	-1236.353	-1455.193	218.8405	0.4022541	0.416829	0.546321	0.0243174	0.0125326	1.084166	2.089725
7680	-1221.356	-1439.774	218.4173	0.4283953	0.336073	0.635998	0.0196506	0.0082788	1.077763	2.35228
7686	-1237.962	-1456.671	218.7089	0.2799529	0.143971	0.747118	0.0559447	0.0529668	1.136471	2.190872
7692	-1233.402	-1451.083	217.6805	0.2893121	0.179019	0.716081	0.0836235	0.0212763	0.8856632	2.983358
7698	-1240.033	-1458.339	218.3055	0.2710139	0.202074	0.760177	0.0196713	0.0180778	0.8770143	2.6111
7704	-1242.062	-1460.326	218.2642	0.3254351	0.316889	0.580272	0.0535906	0.0492492	0.9240632	2.593905
7710	-1245.205	-1463.789	218.5846	0.3373375	0.444762	0.46683	0.0752158	0.0131925	1.133247	2.255665
7716	-1230.64	-1449.436	218.7955	0.3120562	0.528462	0.411021	0.0190981	0.0414187	1.130609	2.130084
7722	-1225.304	-1444.393	219.0891	0.3753647	0.307496	0.619937	0.0625324	0.0100345	1.097391	1.92992
7728	-1225.686	-1444.37	218.6831	0.3534329	0.458682	0.434416	0.0932776	0.0136251	1.091081	2.212446
7734	-1234.326	-1453.173	218.8475	0.2553197	0.537926	0.416824	0.0295743	0.0156756	1.179184	2.07508
7740	-1235.789	-1454.391	218.6023	0.2764297	0.428923	0.494905	0.0235815	0.052591	1.235702	2.196234
7746	-1239.18	-1457.885	218.7054	0.2373661	0.407065	0.469684	0.0223798	0.100871	1.183399	2.164577
7752	-1233.447	-1452.438	218.9901	0.3198376	0.348432	0.569061	0.027115	0.0553924	1.183399	1.963635
7758	-1232.184	-1450.996	218.8114	0.2316988	0.443604	0.507654	0.0167219	0.0320202	1.233115	2.061784
7764	-1232.382	-1451.342	218.9599	0.2309172	0.529536	0.34617	0.0199611	0.104333	1.255938	1.947518
7770	-1225.212	-1443.978	218.766	0.225979	0.583429	0.27267	0.0097361	0.134164	1.147297	2.146724
7776	-1217.589	-1435.717	218.1281	0.292954	0.340417	0.510637	0.0229653	0.125981	0.9328803	2.682032
7782	-1224.404	-1442.927	218.5229	0.2499576	0.341683	0.503895	0.00995886	0.144463	0.8633088	2.485593
7788	-1213.632	-1431.926	218.2943	0.2487948	0.472157	0.393179	0.00339029	0.131274	0.9019848	2.603803
7794	-1229.087	-1447.316	218.2283	0.2410838	0.524674	0.320473	0.00395587	0.150897	1.004028	2.581087
7800	-1221.248	-1439.101	217.8534	0.2641918	0.392535	0.449873	0.00402584	0.153566	0.8825952	2.884762
7806	-1223.762	-1441.599	217.8376	0.2436676	0.391298	0.453622	0.00390606	0.151174	0.8989094	2.884762
7812	-1230.59	-1448.647	218.0571	0.3104749	0.265912	0.685867	0.00518686	0.0430347	0.7999021	2.802152
7818	-1235.789	-1453.65	217.8606	0.3241899	0.344033	0.625168	0.00637177	0.0244272	0.7723975	2.933395
7824	-1242.727	-1459.444	216.7174	0.2665026	0.431435	0.530092	0.0105817	0.0278915	0.6864207	3.671216
7830	-1232.182	-1449.45	217.2677	0.3096468	0.304748	0.634425	0.0238983	0.0369292	0.7558512	3.300969
7836	-1234.987	-1452.37	217.3835	0.2766461	0.162852	0.705162	0.0376876	0.0942992	0.7643845	3.234893
7842	-1233.485	-1451.491	218.0057	0.2472464	0.198832	0.616776	0.0284806	0.155911	0.6700621	2.921589
7848	-1234.833	-1451.879	217.0452	0.223915	0.210585	0.653233	0.0706316	0.0655506	0.7246909	3.456119
7854	-1225.014	-1443.121	218.1071	0.3652148	0.2453	0.660466	0.06397	0.0302635	0.9612319	2.651683
7860	-1227.325	-1445.116	217.7914	0.3474441	0.241303	0.657271	0.0636605	0.037765	0.9133755	2.881283
7866	-1229.277	-1448.27	218.9925	0.2560185	0.34651	0.566272	0.0466357	0.0405826	0.9133755	2.154159
7872	-1230.881	-1449.284	218.4026	0.3661015	0.45993	0.49741	0.0137227	0.028937	0.9180312	2.494721
7878	-1235.364	-1453.961	218.597	0.3648871	0.539163	0.437615	0.00800597	0.0152169	1.082946	2.26784
7884	-1219.994	-1439.312	219.3186	0.2381451	0.766509	0.180082	0.0171055	0.0363034	1.112455	1.801783
7890	-1224.274	-1443.782	219.5077	0.2616564	0.755802	0.191535	0.0168665	0.0357963	1.551982	1.339475
7896	-1222.789	-1442.431	219.6428	0.2593641	0.681548	0.270962	0.0152095	0.0322795	1.417149	1.339475
7902	-1226.937	-1446.634	219.6973	0.2593641	0.3215	0.635217	0.0327204	0.0105633	1.434655	1.281258
7908	-1219.987	-1439.062	219.0744	0.3737957	0.45238	0.46464	0.0460406	0.0369402	1.291533	1.808265
7914	-1231.015	-1449.316	218.3011	0.3788995	0.394089	0.547913	0.0401081	0.0178901	0.860775	2.587477
7920	-1246.589	-1463.318	216.7285	0.2400684	0.584564	0.304142	0.032516	0.0787787	0.6470752	3.687776
7926	-1239.918	-1457.848	217.9306	0.2712565	0.274502	0.610386	0.0336312	0.0814807	0.8300484	2.869106
7932	-1242.632	-1461.242	218.6103	0.2779369	0.388495	0.487733	0.0654223	0.0583492	0.7698119	2.487174
7938	-1229.767	-1448.228	218.4608	0.3041421	0.404641	0.508004	0.026581	0.0607742	0.9976783	2.432076
7944	-1233.74	-1452.01	218.2707	0.354937	0.255917	0.661655	0.0250817	0.0573461	1.157871	2.432076
7950	-1232.961	-1451.923	218.9621	0.2496627	0.252471	0.652746	0.0382089	0.0565739	0.9634607	2.141379
7956	-1229.55	-1446.997	217.4472	0.3896645	0.269082	0.695692	0.00458507	0.0306414	0.8329892	3.117138
7962	-1226.056	-1444.336	218.2801	0.2637862	0.41556	0.48606	0.00566466	0.0927151	0.861848	2.636902
7968	-1225.676	-1444.95	219.2739	0.3181138	0.488383	0.449563	0.00523931	0.0568147	1.110711	1.820782
7974	-1221.092	-1438.925	217.8331	0.3959042	0.337077	0.63489	0.00466246	0.0233704	0.861274	2.865344
7980	-1225.966	-1444.288	218.3214	0.2954288	0.375896	0.528554	0.0729408	0.022609	0.9155379	2.572806
7986	-1218.078	-1436.565	218.4873	0.2754539	0.489126	0.46955	0.0271908	0.0141332	1.038646	2.395895
7992	-1226.411	-1444.021	217.61	0.4131158	0.353003	0.588653	0.0424823	0.0158619	1.04095	2.8828
7998	-1221.637	-1439.218	217.5813	0.3824159	0.442779	0.543786	0.00727421	0.00616106	0.9249492	2.985389
8004	-1221.583	-1440.108	218.5249	0.3082803	0.382408	0.557507	0.0398185	0.0202663	0.807884	2.509651
8010	-1227.996	-1446.636	218.64	0.3225023	0.434666	0.523712	0.027583	0.0140388	0.9672421	2.332038
8016	-1231.256	-1449.856	218.6	0.3684875	0.436508	0.525932	0.0234611	0.0140983	1.049456	2.285669
8022	-1221.233	-1439.058	217.8254	0.3292122	0.449498	0.523935	0.0125221	0.0140448	0.8525917	2.904496
8028	-1227.901	-1445.743	217.8421	0.2503787	0.303895	0.671919	0.00617443	0.0180117	0.9383046	2.858411
8034	-1236.217	-1453.959	217.7414	0.3408963	0.47765	0.36487	0.0724851	0.0849954	0.9699945	2.879914
8040	-1245.116	-1464.001	218.8851	0.3127444	0.316454	0.598811	0.0640364	0.0206986	1.182366	2.036805
8046	-1231.949	-1449.531	217.5821	0.3127444	0.508274	0.428794	0.0425644	0.0203674	0.8002811	3.087321
8052	-1233.776	-1452.101	218.3256	0.3537225	0.412042	0.453552	0.0928429	0.0415625	0.8758416	2.574546
8058	-1222.839	-1441.418	218.5785	0.3164189	0.586766	0.299501	0.111992	0.00174098	1.162434	2.248609
8064	-1223.361	-1442.282	218.9216	0.3685996	0.34705	0.606529	0.0106854	0.0357352	1.237367	1.951923
8070	-1248.298	-1465.425	217.127	0.2744716	0.411666	0.500814	0.0579301	0.0295901	0.9672108	3.266885
8076	-1230.711	-1449.243	218.5319	0.2374838	0.584918	0.34885	0.042597	0.023635	1.126718	2.312766
8082	-1217.792	-1435.903	218.1115	0.2584063	0.662514	0.250623	0.0425353	0.0443275	1.122794	2.580106
8088	-1215.563	-1434.569	219.0063	0.2661813	0.649924	0.281799	0.0478264	0.0204509	1.122794	2.006528
8094	-1222.894	-1442.795	219.9016	0.2661813	0.505058	0.316974	0.11919	0.0587789	1.389177	1.145332
8100	-1220.373	-1439.711	219.3386	0.2661813	0.606876	0.30414	0.0639509	0.0250332	1.403414	1.580866
8106	-1215.302	-1434.833	219.5304	0.2673996	0.595209	0.31034	0.0721503	0.0223003	1.211411	1.580866
8112	-1209.507	-1429.235	219.7274	0.3213037	0.607746	0.337894	0.0426855	0.0116744	1.539001	1.148744
8118	-1230.391	-1449.71	219.319	0.3169592	0.62166	0.297842	0.0702075	0.0102906	1.364291	1.610374
8124	-1225.268	-1444.78	219.5121	0.3088985	0.434158	0.530002	0.0333248	0.00251555	1.414517	1.432095
8130	-1239.307	-1459.145	219.8378	0.2814043	0.335077	0.624404	0.0398667	0.000652661	1.429465	1.163061
8136	-1237.784	-1457.369	219.5854	0.2792293	0.520303	0.450552	0.0287667	0.000378245	1.320385	1.456669
8142	-1234.985	-1454.757	219.7722	0.3213963	0.514741	0.445736	0.0391489	0.000374201	1.595144	1.056337
8148	-1232.008	-1451.944	219.9368	0.2770883	0.667118	0.301731	0.0305652	0.00058552	1.652333	0.8400207
8154	-1219.214	-1439.099	219.8854	0.2506444	0.696846	0.270615	0.0319273	0.000611612	1.665104	0.8899098
8160	-1225.645	-1445.511	219.8662	0.2339434	0.641943	0.247419	0.110362	0.000276157	1.833337	0.6796725
8166	-1226.82	-1446.704	219.8836	0.1869895	0.895898	0.0878841	0.01612	9.80917e-05	1.825339	0.5850241
8172	-1219.989	-1439.92	219.931	0.1946598	0.774366	0.215093	0.0104203	0.000120527	1.754225	0.6648084
8178	-1221.728	-1441.668	219.9408	0.2272048	0.671906	0.320253	0.0076137	0.000226949	1.608778	0.8866002
8184	-1223.872	-1443.568	219.6964	0.4923765	0.597449	0.381488	0.0210183	4.46457e-05	1.677613	0.9045637
8190	-1223.207	-1442.697	219.4903	0.2992911	0.481593	0.456512	0.0618603	3.43855e-05	1.576453	1.325508
8196	-1223.099	-1442.499	219.4009	0.3604758	0.543714	0.409659	0.0465921	3.53535e-05	1.643127	1.314828
8202	-1229.995	-1449.699	219.7041	0.3166792	0.403744	0.54527	0.0509476	3.86585e-05	1.371162	1.312008
8208	-1232.235	-1451.626	219.391	0.4641424	0.570568	0.39264	0.0366865	0.000106356	1.466922	1.391798
8214	-1236.674	-1455.288	218.6145	0.5564689	0.422582	0.515952	0.0611645	0.000300676	1.381306	1.943668
8220	-1228.667	-1447.957	219.2901	0.3396856	0.393905	0.541061	0.0647158	0.000318133	1.381306	1.609337
8226	-1230.244	-1448.913	218.6688	0.4493242	0.376185	0.532989	0.0905125	0.000313387	1.188196	2.106485
8232	-1229.524	-1448.293	218.7699	0.4438325	0.284491	0.611332	0.103817	0.000359451	1.135019	2.07839
8238	-1235.173	-1452.512	217.339	0.5439485	0.408412	0.461354	0.129827	0.000406748	0.958326	3.019632
8244	-1235.292	-1453.33	218.0382	0.41573	0.292213	0.501187	0.185732	0.0208676	1.047294	2.615735
8250	-1231.009	-1448.851	217.8427	0.3054095	0.28128	0.665267	0.0437054	0.00974691	1.051239	2.781117
8256	-1224.951	-1443.565	218.6144	0.3641547	0.560825	0.410188	0.0269477	0.00203938	1.048127	2.279357
8262	-1222.287	-1441.798	219.5115	0.3463029	0.517318	0.378366	0.096823	0.00749266	1.287519	1.512248
8268	-1220.048	-1438.723	218.6759	0.4975976	0.372799	0.491653	0.125813	0.00973603	1.230939	2.042916
8274	-1217.737	-1436.049	218.3114	0.509271	0.400999	0.520275	0.0684232	0.0103028	1.130568	2.336705
8280	-1222.938	-1441.571	218.6322	0.5602585	0.387187	0.4998	0.0986743	0.0143389	1.161106	2.075802
8286	-1213.643	-1432.569	218.9258	0.5125123	0.559443	0.373743	0.0478895	0.0189242	1.273886	1.835553
8292	-1216.967	-1435.582	218.6143	0.4182859	0.387237	0.583477	0.0189848	0.0103002	1.080369	2.230381
8298	-1229.988	-1448.966	218.9788	0.485364	0.387229	0.548602	0.0415993	0.0225697	1.219905	1.854716
8304	-1237.211	-1456.646	219.435	0.4741589	0.471364	0.451866	0.0186056	0.0581643	1.071684	1.646729
8310	-1229.976	-1448.031	218.055	0.3176311	0.399936	0.514374	0.00604083	0.0796489	0.963836	2.701003
8316	-1234.133	-1452.008	217.8747	0.3465054	0.445828	0.476697	0.00674463	0.0707303	0.8260337	2.884129
8322	-1219.189	-1437.341	218.1527	0.3270119	0.222811	0.68435	0.012172	0.0806666	0.9824197	2.626195
8328	-1217.822	-1436.279	218.4566	0.3325755	0.454982	0.482778	0.00681039	0.0554298	1.014573	2.414493
8334	-1215.685	-1434.134	218.4495	0.2839986	0.436714	0.505626	0.0405708	0.0170887	0.9990005	2.443221
8340	-1212.311	-1429.485	217.1744	0.5862482	0.492174	0.433856	0.0348121	0.0391574	1.086669	3.015058
8346	-1221.438	-1439.16	217.7217	0.4515703	0.331898	0.531567	0.0885581	0.0479763	0.8613161	2.902738
8352	-1236.147	-1453.726	217.5787	0.4932944	0.201572	0.663922	0.105368	0.0291375	0.8653153	2.962282
8358	-1233.575	-1450.346	216.7715	0.3060462	0.110286	0.767701	0.110314	0.0116988	0.7547958	3.592789
8364	-1219.694	-1437.155	217.4617	0.2811562	0.482168	0.362615	0.100609	0.0546075	0.8374874	3.144432
8370	-1223.895	-1442.247	218.3521	0.2610746	0.572342	0.369634	0.0230077	0.0350163	0.8587885	2.594458
8376	-1230.17	-1448.87	218.7002	0.3881758	0.399232	0.502647	0.0143606	0.0837603	0.9989243	2.243919
8382	-1225.528	-1443.527	217.9993	0.2761856	0.488471	0.440433	0.0486306	0.0224662	0.9175732	2.773503
8388	-1227.159	-1444.554	217.3943	0.2555078	0.459091	0.437002	0.0755179	0.0283882	0.9295374	3.132398
8394	-1222.215	-1440.064	217.8489	0.3168636	0.493416	0.385822	0.0830651	0.0376966	0.8043929	2.923558
8400	-1227.937	-1446.06	218.1229	0.2742879	0.558484	0.37262	0.0603144	0.00858132	0.8024078	2.768622
8406	-1227.77	-1446.045	218.275	0.4420504	0.527934	0.421651	0.0305322	0.0198826	1.144916	2.391962
8412	-1223.98	-1442.465	218.4857	0.2955249	0.220718	0.70738	0.0495964	0.0223061	1.040013	2.391962
8418	-1222.746	-1440.884	218.1379	0.3748462	0.467282	0.450895	0.0550808	0.0267427	1.01107	2.597432
8424	-1214.635	-1433.251	218.616	0.3230218	0.44051	0.464728	0.0729898	0.0217719	0.9603005	2.35153
8430	-1215.535	-1433.749	218.2132	0.3430741	0.447033	0.47161	0.0740706	0.00728688	0.9886393	2.578754
8436	-1208.675	-1426.761	218.0861	0.3446155	0.499786	0.42737	0.0415257	0.0313187	1.131111	2.568579
8442	-1216.659	-1435.517	218.8581	0.2664789	0.403688	0.523109	0.02785	0.0453522	1.125606	2.102591
8448	-1211.342	-1430.223	218.8809	0.3604854	0.366218	0.550301	0.0280519	0.0554284	1.10888	2.068532
8454	-1213.783	-1432.609	218.8262	0.2005424	0.545913	0.314261	0.0361737	0.103652	1.129437	2.109574
8460	-1212.181	-1431.493	219.3119	0.2422941	0.709706	0.239031	0.0101799	0.0410836	1.009229	1.877645
8466	-1207.736	-1426.547	218.8105	0.2702861	0.381518	0.55823	0.0237741	0.0364775	0.9850518	2.224537
8472	-1221.588	-1440.269	218.6816	0.3153738	0.590797	0.253781	0.151558	0.00386315	1.217684	2.146452
8478	-1230.672	-1448.317	217.6453	0.4567287	0.466973	0.345154	0.184577	0.00329581	1.028268	2.845003
8484	-1240.044	-1458.636	218.5923	0.822125	0.690615	0.154182	0.153032	0.00217094	1.079776	1.973201
8490	-1245.5	-1464.114	218.614	0.7158398	0.459929	0.353993	0.180582	0.005497	1.034573	2.063125
8496	-1258.805	-1476.781	217.9764	0.8583068	0.586557	0.14802	0.252561	0.0128625	1.008401	2.394869
8502	-1258.492	-1477.785	219.2932	0.5537468	0.599957	0.258628	0.138181	0.0032346	1.134497	1.645993
8508	-1250.403	-1468.328	217.9243	0.5873339	0.469762	0.478268	0.0189168	0.0330538	1.016913	2.60046
8514	-1245.506	-1464.273	218.7673	0.4137198	0.473469	0.45431	0.0503905	0.0218311	1.057916	2.148383
8520	-1234.35	-1453.771	219.4205	0.2739099	0.487339	0.444809	0.0493367	0.0185156	1.464619	1.473373
8526	-1238.718	-1458.209	219.4914	0.2710816	0.585411	0.332632	0.0592653	0.0226911	1.464619	1.419673
8532	-1233.326	-1452.858	219.5317	0.2710816	0.679444	0.2609	0.0248896	0.0347667	1.435399	1.411073
8538	-1238.646	-1458.373	219.7267	0.2057986	0.594429	0.357571	0.0175833	0.0304166	1.421838	1.25574
8544	-1235.553	-1455.004	219.4513	0.2416924	0.552547	0.398985	0.0177548	0.0307134	1.10497	1.714647
8550	-1227.994	-1447.679	219.6855	0.3047146	0.439928	0.526585	0.0194438	0.014043	1.320906	1.371608
8556	-1232.347	-1451.426	219.0788	0.2244097	0.643576	0.262965	0.0284446	0.0650143	1.195792	1.90642
8562	-1235.941	-1455	219.0594	0.2244097	0.606749	0.286441	0.0359921	0.0708184	1.188636	1.924403
8568	-1232.476	-1451.537	219.0604	0.2878689	0.32636	0.611948	0.0272111	0.0344813	1.056738	2.010866
8574	-1229.224	-1446.998	217.7738	0.3738966	0.451025	0.491675	0.0376053	0.0196946	0.7599845	2.972888
8580	-1217.2	-1435.574	218.3734	0.247302	0.536665	0.34589	0.0790399	0.0384046	0.8793106	2.568741
8586	-1228.44	-1446.702	218.2622	0.4114579	0.538142	0.377996	0.0738688	0.00999387	0.7133726	2.68577
8592	-1227.021	-1444.458	217.4373	0.3743339	0.452189	0.477332	0.061192	0.00928734	0.8795802	3.102488
8598	-1214.38	-1433.202	218.8224	0.3231586	0.46751	0.463711	0.0358639	0.0329144	0.9875481	2.20174
8604	-1218.89	-1438.136	219.2464	0.2948413	0.587684	0.299301	0.0951551	0.0178605	1.225924	1.767488
8610	-1219.8	-1438.853	219.0538	0.3805171	0.38582	0.538105	0.0738846	0.00218982	1.452441	1.706565
8616	-1219.592	-1438.843	219.2506	0.3389563	0.355769	0.441164	0.076004	0.127063	1.283476	1.707964
8622	-1234.092	-1452.613	218.5208	0.2928794	0.435633	0.442156	0.0930657	0.0291451	1.263891	2.227335
8628	-1231.684	-1450.951	219.2665	0.3757714	0.446009	0.452687	0.091004	0.0102998	1.338403	1.638795
8634	-1225.919	-1445.738	219.8186	0.3313344	0.459899	0.476214	0.0563766	0.0075103	1.474928	1.119275
8640	-1224.408	-1443.654	219.2457	0.4513415	0.360204	0.614058	0.0216977	0.00404084	1.24944	1.67055
8646	-1219.602	-1439.3	219.6975	0.3017491	0.63545	0.355304	0.00326066	0.00598585	1.489194	1.225998
8652	-1222.13	-1441.994	219.864	0.2982293	0.614581	0.329446	0.0389445	0.0170281	1.307947	1.239634
8658	-1216.652	-1436.524	219.872	0.2982293	0.614581	0.329446	0.0389445	0.0170281	1.363979	1.185158
8664	-1216.602	-1435.627	219.0248	0.4344991	0.52667	0.431117	0.0299267	0.0122866	1.363979	1.756664
8670	-1220.405	-1439.416	219.0104	0.3904571	0.408131	0.52156	0.0607883	0.00952124	1.217417	1.893837
8676	-1216.691	-1435.785	219.0939	0.2946535	0.368835	0.567626	0.0549354	0.0086045	1.085039	1.96799
8682	-1226.586	-1444.052	217.466	0.3690372	0.378625	0.536006	0.0263079	0.059061	0.9216942	3.062647
8688	-1234.753	-1453.355	218.6024	0.3204203	0.27367	0.609617	0.0704518	0.0462616	0.9751494	2.351625
8694	-1218.161	-1436.103	217.9426	0.3852406	0.289781	0.69397	0.00621894	0.0100302	0.9292102	2.762758
8700	-1214.315	-1432.283	217.9683	0.3925148	0.427715	0.551186	0.00629383	0.0148045	0.8975753	2.762758
8706	-1222.232	-1439.676	217.4441	0.3521374	0.388417	0.583711	0.0163312	0.011541	0.8609612	3.119204
8712	-1222.073	-1440.329	218.2559	0.2787628	0.48563	0.432064	0.0678767	0.0144295	0.8643434	2.648377
8718	-1227.776	-1445.777	218.001	0.5495987	0.483596	0.448649	0.0613332	0.0064218	0.9018295	2.648377
8724	-1227.311	-1445.803	218.492	0.7153485	0.542852	0.379483	0.0581459	0.0195194	1.270414	1.987895
8730	-1226.75	-1445.901	219.1508	0.5553277	0.484324	0.360596	0.139375	0.0157041	1.432835	1.530962
8736	-1221.404	-1440.638	219.234	0.5553277	0.546013	0.40659	0.0413469	0.00604997	1.30031	1.567387
8742	-1218.585	-1437.046	218.4613	0.3464995	0.472537	0.502857	0.0193709	0.00523583	1.18292	2.299033
8748	-1237.399	-1456.42	219.0214	0.3512749	0.546193	0.405543	0.0346016	0.0136625	1.149075	1.952606
8754	-1228.356	-1447.862	219.5062	0.2193159	0.502944	0.373431	0.0318617	0.091764	1.206719	1.59796
8760	-1233.56	-1452.529	218.9686	0.2193159	0.568271	0.289333	0.0324862	0.10991	1.226599	1.958555
8766	-1225.787	-1445.41	219.6234	0.2193159	0.642111	0.239847	0.0269299	0.0911115	1.276537	1.458962
8772	-1241.511	-1460.511	218.9999	0.2072287	0.687363	0.183943	0.0201371	0.108556	1.367264	1.837193
8778	-1239.977	-1459.453	219.4763	0.1745165	0.671394	0.167501	0.0105294	0.150576	1.241761	1.56379
8784	-1233.092	-1452.884	219.792	0.1684644	0.528502	0.385767	0.00828848	0.0774425	1.323283	1.247116
8790	-1236.911	-1456.775	219.8632	0.2383596	0.716425	0.203857	0.0509859	0.0287319	1.350496	1.212415
8796	-1232.234	-1451.958	219.7245	0.1999364	0.762446	0.165875	0.0395491	0.0321297	1.470567	1.212864
8802	-1223.602	-1443.225	219.623	0.2952207	0.569053	0.297909	0.0321001	0.100937	1.328873	1.417216
8808	-1223.729	-1443.493	219.7632	0.2263614	0.620763	0.32498	0.0166652	0.0375912	1.346164	1.296664
8814	-1224.168	-1444.068	219.9001	0.3221226	0.566939	0.376624	0.00990413	0.0465329	1.538528	0.986039
8820	-1227.184	-1447.048	219.8636	0.2822294	0.566333	0.353085	0.0422046	0.0383775	1.477734	1.096436
8826	-1233.502	-1453.071	219.5683	0.3897708	0.67406	0.263029	0.0281812	0.0347295	1.605025	1.188301
8832	-1235.604	-1455.389	219.7855	0.2387861	0.703184	0.261805	0.0293988	0.00561291	1.720077	0.9384389
8838	-1239.314	-1459.175	219.8614	0.4151343	0.455	0.479285	0.0509285	0.0147866	1.554186	0.9384389
8844	-1232.683	-1452.375	219.6919	0.4534119	0.639325	0.237428	0.10247	0.0207768	1.619525	1.009726
8850	-1229.982	-1449.27	219.2879	0.5854898	0.663848	0.275422	0.0553852	0.00534511	1.519974	1.334535
8856	-1226.892	-1446.765	219.8733	0.274364	0.691772	0.265841	0.0386563	0.00373063	1.530496	1.039605
8862	-1225.755	-1445.583	219.828	0.2888116	0.724971	0.236349	0.0343677	0.00431298	1.530678	1.078414
8868	-1219.297	-1439.039	219.7426	0.2888116	0.605767	0.370482	0.0181672	0.00558337	1.583534	1.108375
8874	-1227.596	-1447.091	219.4952	0.2958589	0.58806	0.365109	0.0191301	0.027701	1.306411	1.530801
8880	-1238.997	-1458.542	219.5454	0.3291605	0.418176	0.485349	0.0189213	0.0775539	1.33149	1.461706
8886	-1234.268	-1453.583	219.3153	0.4691125	0.542013	0.313294	0.126133	0.0185598	1.33149	1.548282
8892	-1241.732	-1459.747	218.0155	0.5207116	0.496072	0.387418	0.0911219	0.0253881	1.023557	2.58237
8898	-1244.762	-1462.905	218.1434	0.5207116	0.643736	0.265577	0.0862375	0.00444945	1.043821	2.490088
8904	-1232.353	-1450.549	218.1955	0.5207116	0.533595	0.392662	0.0714827	0.00226047	0.9917732	2.490088
8910	-1238.678	-1455.503	216.825	0.5617907	0.542943	0.38416	0.0699349	0.0029623	0.73018	3.447806
8916	-1231.186	-1448.523	217.3364	0.5718497	0.696794	0.222358	0.0571614	0.0236866	0.8563126	3.064966
8922	-1222.838	-1440.833	217.9952	0.5033268	0.562969	0.367306	0.0492969	0.0204277	0.9785429	2.633633
8928	-1225.521	-1443.56	218.0386	0.5087626	0.591859	0.29552	0.0764132	0.0362077	0.9296769	2.633633
8934	-1234.111	-1452.228	218.1167	0.3640406	0.595127	0.319012	0.0286129	0.0572488	1.073045	2.577187
8940	-1240.268	-1457.097	216.8285	0.5910665	0.581674	0.324525	0.0259588	0.0678422	0.8943819	3.331503
8946	-1230.626	-1448.67	218.0434	0.507281	0.482625	0.449496	0.0412617	0.0266171	0.8238418	2.696701
8952	-1235.425	-1452.737	217.3115	0.5613857	0.539989	0.336413	0.0639794	0.0596188	0.8893662	3.066579
8958	-1233.049	-1451.215	218.1655	0.6195658	0.517465	0.38841	0.0416389	0.0524862	1.150062	2.344549
8964	-1251.885	-1470.504	218.6185	0.3865811	0.464027	0.417198	0.0638451	0.05493	0.9244899	2.344549
8970	-1238.797	-1457.882	219.085	0.4677514	0.666175	0.291459	0.0282057	0.0141604	1.173679	1.825273
8976	-1248.086	-1467.215	219.1295	0.5130568	0.618367	0.270543	0.0968561	0.0142338	1.180149	1.759001
8982	-1233.228	-1452.244	219.0163	0.5402637	0.549596	0.340074	0.104726	0.00560463	1.355672	1.695653
8988	-1241.83	-1460.235	218.4053	0.4497644	0.513491	0.363711	0.11531	0.00748794	1.038771	2.372163
8994	-1232.574	-1450.301	217.7271	0.4275915	0.445445	0.408802	0.129605	0.0161479	1.033024	2.808753
9000	-1230.19	-1446.39	216.1996	0.7298914	0.507938	0.286427	0.184602	0.021034	0.8097445	3.662262
9006	-1245.997	-1463.963	217.9661	0.7046673	0.610091	0.197158	0.169569	0.0231823	0.9714467	2.525746
9012	-1230.952	-1448.323	217.3711	0.4629055	0.493988	0.368122	0.112845	0.0250458	0.8638245	3.105152
9018	-1229.069	-1447.229	218.1601	0.524586	0.591049	0.358341	0.0269076	0.0237026	0.9450969	2.538857
9024	-1228.626	-1447.245	218.6187	0.3804906	0.609253	0.283156	0.0701704	0.0374207	1.086947	2.243673
9030	-1225.893	-1444.393	218.5005	0.4161906	0.534381	0.39541	0.0373874	0.032822	1.331239	2.142718
9036	-1228.515	-1447.464	218.9488	0.3506744	0.381837	0.477218	0.101902	0.0390429	1.263292	1.92485
9042	-1226.149	-1445.135	218.9855	0.2712943	0.565088	0.33031	0.0718205	0.0327817	1.238128	1.942626
9048	-1231.901	-1450.189	218.2883	0.479758	0.433982	0.430249	0.0935505	0.0422186	1.117066	2.378488
9054	-1230.481	-1449.407	218.926	0.3194193	0.51466	0.374247	0.06256	0.0485331	1.188934	2.002963
9060	-1240.944	-1460.529	219.5849	0.288735	0.517871	0.347538	0.0580954	0.0764951	1.367482	1.418661
9066	-1247.645	-1467.281	219.6352	0.3183864	0.468376	0.374346	0.0736522	0.0836253	1.44062	1.310801
9072	-1229.428	-1449.252	219.824	0.2702459	0.596057	0.357183	0.0341815	0.0125782	1.533161	1.084472
9078	-1232.977	-1452.44	219.4623	0.3181007	0.452608	0.492688	0.0173046	0.0373997	1.336167	1.525373
9084	-1230.477	-1449.908	219.4306	0.2648004	0.567932	0.407279	0.00713366	0.0176546	1.32767	1.569088
9090	-1224.65	-1444.008	219.3582	0.3371917	0.45654	0.495611	0.0136534	0.0341955	1.343578	1.588385
9096	-1223.484	-1443.288	219.8043	0.3385338	0.458385	0.497614	0.0217725	0.0222288	1.442457	1.156999
9102	-1217	-1436.635	219.6351	0.3570337	0.386682	0.558438	0.0490927	0.00578766	1.393934	1.328909
9108	-1211.792	-1431.491	219.6998	0.3571768	0.319679	0.621876	0.0546697	0.0037748	1.675096	1.027152
9114	-1231.483	-1451.307	219.8242	0.3887918	0.536699	0.414906	0.0454631	0.0029321	1.544089	1.009888
9120	-1239.539	-1459.505	219.9655	0.2530066	0.527194	0.393764	0.0761612	0.00288018	1.495107	0.9861618
9126	-1223.647	-1443.358	219.7113	0.3091421	0.468309	0.511515	0.0187975	0.00137889	1.495107	1.206366
9132	-1222.942	-1442.663	219.7215	0.286369	0.293921	0.651023	0.0513232	0.00373271	1.442586	1.249871
9138	-1225.093	-1444.705	219.6127	0.3082789	0.331004	0.603037	0.0475403	0.0184181	1.291741	1.449307
9144	-1208.303	-1427.498	219.1945	0.378957	0.408337	0.507832	0.0715982	0.0122323	1.32994	1.694517
9150	-1220.575	-1439.393	218.8184	0.4183371	0.380962	0.446804	0.146148	0.0260866	1.346212	1.920577
9156	-1211.323	-1430.78	219.4574	0.3356501	0.408696	0.542555	0.0371604	0.0115879	1.037747	1.736867
9162	-1213.302	-1431.826	218.5239	0.5540841	0.407766	0.54132	0.0233948	0.0275185	1.088301	2.198217
9168	-1213.023	-1431.538	218.5149	0.5033836	0.366261	0.618037	0.00648251	0.00921924	1.148914	2.198217
9174	-1231.524	-1450.286	218.7625	0.3350838	0.304202	0.681655	0.00583917	0.00830431	1.045825	2.198217
9180	-1226.86	-1445.442	218.5822	0.4871567	0.434925	0.553589	0.00474214	0.00674414	1.094097	2.200511
9186	-1224.175	-1442.854	218.6794	0.3055531	0.536863	0.445728	0.00718754	0.0102219	1.078809	2.240945
9192	-1235.89	-1454.909	219.0188	0.2130592	0.709758	0.282725	0.00291374	0.00460286	1.042125	2.045945
9198	-1232.923	-1452.505	219.5821	0.22229	0.657996	0.335881	0.00338627	0.00273739	1.324243	1.455071
9204	-1237.123	-1456.972	219.8496	0.239279	0.497699	0.49509	0.00256133	0.00464976	1.438964	1.14754
9210	-1234.235	-1453.824	219.5885	0.3004363	0.479621	0.487003	0.0200772	0.0132987	1.334302	1.437944
9216	-1244.967	-1464.8	219.8328	0.3765359	0.532072	0.403469	0.0409112	0.0235477	1.498492	1.055213
9222	-1243.119	-1462.649	219.5304	0.4162313	0.536164	0.406572	0.0327055	0.024559	1.637961	1.173193
9228	-1232.751	-1452.377	219.6256	0.2598758	0.611938	0.344853	0.0209163	0.0222925	1.62497	1.181274
9234	-1234.213	-1454.059	219.8458	0.4470099	0.413196	0.549741	0.0333434	0.00371992	1.584202	0.8906622
9240	-1234.452	-1453.934	219.4822	0.4470099	0.473298	0.377578	0.1471	0.00202426	1.448987	1.346853
9246	-1240.23	-1459.736	219.5062	0.3421577	0.472492	0.376934	0.146849	0.00372437	1.563791	1.304075
9252	-1224.921	-1444.657	219.7359	0.2472315	0.541965	0.432357	0.00335921	0.0223184	1.563791	1.138392
9258	-1220.862	-1440.273	219.4107	0.2731793	0.460563	0.522041	0.00185599	0.0155405	1.292877	1.607931
9264	-1225.322	-1443.828	218.5068	0.3907013	0.46345	0.525314	0.00186763	0.00936886	1.071593	2.31988
9270	-1231.117	-1449.738	218.6208	0.28656	0.366295	0.614921	0.00781639	0.010967	1.065928	2.291681
9276	-1236.157	-1454.703	218.5454	0.1800175	0.76203	0.198894	0.016261	0.0228154	0.9084706	2.417634
9282	-1225.98	-1444.76	218.7795	0.269625	0.541718	0.409946	0.033516	0.0148204	1.125543	2.153655
9288	-1230.018	-1448.938	218.9195	0.3358486	0.506583	0.391504	0.0765559	0.025357	0.9570117	2.153655
9294	-1224.199	-1442.504	218.3049	0.3358486	0.372095	0.591205	0.0180743	0.0186252	1.087627	2.462666
9300	-1225.35	-1445.069	219.7186	0.2951567	0.459789	0.491663	0.00578864	0.0427594	1.354733	1.321589
9306	-1227.319	-1447.065	219.7465	0.2063145	0.733914	0.214404	0.00616223	0.0455191	1.368072	1.284092
9312	-1218.684	-1438.618	219.9333	0.2032032	0.654822	0.299066	0.00549814	0.0406136	1.415493	1.078673
9318	-1227.356	-1447.095	219.7387	0.254013	0.37101	0.589446	0.00471504	0.034829	1.372201	1.298689
9324	-1222.126	-1442.024	219.8979	0.2172882	0.653947	0.282009	0.00388236	0.0601624	1.312371	1.209579
9330	-1233.633	-1453.312	219.6792	0.2217185	0.611222	0.371352	0.00495902	0.012467	1.357201	1.353858
9336	-1226.599	-1445.752	219.1535	0.2990994	0.511556	0.439912	0.0127115	0.0358201	1.391453	1.715387
9342	-1219.444	-1439.124	219.6798	0.307846	0.371198	0.514039	0.023809	0.0909545	1.366843	1.338545
9348	-1222.066	-1441.969	219.9031	0.2399374	0.472527	0.449965	0.0303084	0.0471991	1.405548	1.129724
9354	-1211.014	-1430.858	219.8445	0.2197671	0.552385	0.381327	0.015327	0.0509611	1.358532	1.216763
9360	-1210.097	-1429.909	219.812	0.2393712	0.635077	0.326017	0.00899593	0.0299108	1.426657	1.191133
9366	-1223.004	-1442.781	219.7771	0.3256256	0.624425	0.357833	0.00987386	0.0078682	1.362853	1.25497
9372	-1227.446	-1446.218	218.7723	0.4455262	0.450717	0.527656	0.0124268	0.0092003	1.297501	1.967799
9378	-1226.863	-1445.751	218.8875	0.2683836	0.41063	0.496282	0.00984356	0.0832441	1.238159	2.008587
9384	-1227.12	-1446.465	219.3448	0.2396349	0.373491	0.555038	0.011009	0.0604621	1.20871	1.716402
9390	-1226.408	-1445.667	219.2586	0.273236	0.362129	0.517599	0.0112206	0.109052	1.241426	1.752831
9396	-1228.661	-1448.205	219.5447	0.3796401	0.407948	0.533613	0.0263584	0.0320803	1.284656	1.471068
9402	-1218.634	-1438.264	219.63	0.4465747	0.42015	0.498689	0.018038	0.0631238	1.37727	1.285852
9408	-1205.64	-1425.462	219.8219	0.2734375	0.504537	0.421217	0.0132925	0.060953	1.302219	1.285852
9414	-1219.246	-1438.978	219.7319	0.2977107	0.404054	0.57472	0.0085935	0.0126321	1.331628	1.328627
9420	-1210.828	-1429.421	218.5934	0.667161	0.535983	0.411608	0.0184924	0.0339163	1.180479	2.014296
9426	-1220.33	-1438.575	218.2454	0.7370139	0.616053	0.296889	0.0295255	0.0575317	1.014007	2.301102
9432	-1232.876	-1451.113	218.2376	0.5141728	0.674281	0.116605	0.135154	0.0739597	0.967779	2.482908
9438	-1227.982	-1446.559	218.5764	0.5763161	0.430394	0.47937	0.0430268	0.0472086	1.071116	2.160341
9444	-1223.411	-1441.969	218.5579	0.4264654	0.429931	0.50723	0.0272228	0.0356162	0.8686348	2.39674
9450	-1224.331	-1442.298	217.9671	0.5207075	0.6552	0.231358	0.075593	0.0378484	0.8714445	2.706064
9456	-1223.997	-1442.015	218.0179	0.3341317	0.48262	0.403031	0.0982807	0.016068	0.9487444	2.727155
9462	-1228.561	-1447.718	219.1567	0.3792425	0.548887	0.365237	0.0713151	0.0145612	1.247365	1.778858
9468	-1226.054	-1444.315	218.2611	0.3055448	0.451221	0.52162	0.0233546	0.00380406	0.9875164	2.562833
9474	-1220.718	-1439.485	218.767	0.2633405	0.451221	0.52162	0.0233546	0.00380406	1.014359	2.234407
9480	-1219.798	-1438.315	218.5166	0.2655184	0.485294	0.486987	0.0208626	0.00685725	1.009403	2.397053
9486	-1220.469	-1439.416	218.947	0.3545308	0.486645	0.488343	0.0114767	0.0135358	0.983011	2.110593
9492	-1219.458	-1438.672	219.2144	0.2557634	0.42411	0.444268	0.00117677	0.130446	1.028585	1.930922
9498	-1221.121	-1440.223	219.1019	0.2703944	0.360682	0.496644	0.00070333	0.14197	1.015323	2.013946
9504	-1217.663	-1436.655	218.9913	0.2703944	0.597101	0.383783	0.000730923	0.018386	1.036412	2.073188
9510	-1222.116	-1440.98	218.8636	0.2423425	0.613605	0.247066	0.00225152	0.137077	1.165565	2.073188
9516	-1213.519	-1432.596	219.0771	0.2632859	0.485656	0.438843	0.000823973	0.074677	1.025875	2.024167
9522	-1218.786	-1438.044	219.2574	0.3110778	0.588797	0.354045	0.000277889	0.0568795	1.25863	1.731848
9528	-1225.015	-1444.462	219.4472	0.2928681	0.477165	0.341966	0.000736629	0.180132	1.293499	1.576552
9534	-1228.202	-1447.775	219.5734	0.2890209	0.478981	0.387043	0.00106646	0.13291	1.23641	1.52658
9540	-1233.186	-1452.827	219.641	0.2957464	0.506335	0.470043	0.00754769	0.0160741	1.264044	1.45302
9546	-1221.507	-1440.901	219.3944	0.4135899	0.520898	0.460834	0.00724295	0.0110249	1.24922	1.588141
9552	-1221.158	-1440.629	219.4712	0.3682181	0.488056	0.448281	0.0524901	0.0111729	1.557011	1.323002
9558	-1227.078	-1446.507	219.4286	0.284371	0.560013	0.403745	0.0252793	0.0109633	1.300711	1.586992
9564	-1215.02	-1434.431	219.4112	0.2916879	0.615288	0.362907	0.0122844	0.009521	1.273872	1.61732
9570	-1220.84	-1440.019	219.1788	0.3929101	0.610762	0.335033	0.0235153	0.0306892	1.304321	1.71582
9576	-1226.934	-1446.04	219.1057	0.3699802	0.577562	0.374484	0.0189332	0.0290209	1.213518	1.842444
9582	-1238.309	-1457.685	219.3756	0.5281362	0.685057	0.234327	0.0471246	0.0334913	1.2323	1.533647
9588	-1223.44	-1443.151	219.7109	0.3435946	0.388751	0.558648	0.0289426	0.0236584	1.495717	1.189126
9594	-1230.993	-1450.607	219.6142	0.3256353	0.442058	0.513106	0.0192154	0.0256212	1.42747	1.335015
9600	-1230.006	-1449.643	219.6375	0.2460433	0.673148	0.262087	0.0292605	0.0355037	1.35837	1.390129
9606	-1231.629	-1451.151	219.5223	0.4389495	0.435852	0.526023	0.0151368	0.022988	1.194731	1.517196
9612	-1232.871	-1452.44	219.5693	0.380672	0.494868	0.339821	0.138278	0.0270339	1.526666	1.259907
9618	-1234.316	-1454.305	219.9882	0.261143	0.385841	0.480219	0.0842944	0.0496453	1.563799	0.8876206
9624	-1220.467	-1440.472	220.0059	0.2421845	0.561088	0.407362	0.000526961	0.0310235	1.546067	0.8876206
9630	-1205.806	-1425.383	219.5771	0.2807808	0.496073	0.381556	0.00019132	0.12218	1.278982	1.493967
9636	-1208.175	-1426.876	218.7009	0.2807808	0.498294	0.376679	0.00173876	0.123288	1.198552	2.155556
9642	-1211.458	-1430.46	219.0028	0.2807808	0.668584	0.287987	0.00704473	0.0363845	1.11544	2.011594
9648	-1213.665	-1432.826	219.1613	0.2446182	0.668584	0.287987	0.00704473	0.0363845	1.223552	1.834203
9654	-1222.174	-1441.564	219.3904	0.2854955	0.594978	0.36711	0.0108751	0.0270364	1.161606	1.713932
9660	-1234.538	-1453.874	219.336	0.4617377	0.398819	0.55519	0.0105631	0.0354272	1.340134	1.531789
9666	-1229.123	-1447.661	218.5373	0.5266213	0.532476	0.387498	0.0476568	0.0323688	1.147979	2.169095
9672	-1233.214	-1451.385	218.1715	0.3589181	0.450233	0.455487	0.066911	0.0273693	1.052537	2.558211
9678	-1230.625	-1449.089	218.464	0.2892591	0.397103	0.512228	0.0599379	0.0307312	1.061771	2.393381
9684	-1242.21	-1460.757	218.5472	0.1909349	0.581737	0.379851	0.0340166	0.00439531	1.038154	2.342682
9690	-1233.015	-1451.541	218.5261	0.1909349	0.454067	0.46335	0.0286268	0.053957	0.8378095	2.482331
9696	-1219.817	-1437.485	217.6678	0.3610883	0.45867	0.491939	0.0126886	0.0367015	0.7558329	3.044647
9702	-1225.061	-1443.816	218.7557	0.2735961	0.562441	0.384258	0.00991119	0.0433897	0.9348832	2.291474
9708	-1224.818	-1442.728	217.91	0.3403427	0.437559	0.454848	0.085706	0.0218874	0.6832186	2.951425
9714	-1218.85	-1436.44	217.5901	0.3617443	0.460718	0.506524	0.0182464	0.0145116	0.8362755	3.042712
9720	-1223.709	-1443.098	219.3894	0.2791411	0.399791	0.557208	0.0149833	0.0280177	1.096984	1.761316
9726	-1226.424	-1446.077	219.6534	0.2791411	0.581293	0.356184	0.0217856	0.0407375	1.296259	1.423061
9732	-1234.842	-1454.533	219.6916	0.2815962	0.592534	0.348834	0.0225867	0.0360454	1.318399	1.375562
9738	-1234.434	-1453.98	219.5461	0.2789903	0.658595	0.300092	0.0103039	0.0310088	1.520772	1.331044
9744	-1224.443	-1444.226	219.7828	0.2969081	0.447301	0.433587	0.0193153	0.099797	1.454406	1.184536
9750	-1220.08	-1439.606	219.5264	0.2787519	0.634394	0.294984	0.0612788	0.00934229	1.454406	1.399051
9756	-1219.556	-1439.173	219.6173	0.2787519	0.674662	0.283169	0.0322336	0.00993529	1.463617	1.319841
9762	-1220.396	-1439.245	218.8492	0.2787519	0.705114	0.255068	0.0327586	0.0070592	0.973782	2.205526
9768	-1218.358	-1436.821	218.4632	0.2990589	0.443988	0.505863	0.0290073	0.0211414	1.102785	2.365525
9774	-1222.095	-1441.034	218.939	0.2652377	0.735794	0.232317	0.0162452	0.0156445	1.159097	2.027269
9780	-1223.64	-1442.775	219.1345	0.2653252	0.494062	0.448929	0.0410067	0.0160018	1.200119	1.86808
9786	-1236.034	-1454.082	218.0482	0.3554909	0.364409	0.573296	0.0593434	0.00295205	1.036363	2.646023
9792	-1229.786	-1448.169	218.3837	0.3607302	0.544354	0.414506	0.0374906	0.00364995	1.116342	2.384335
9798	-1238.57	-1457.408	218.8384	0.4605941	0.420302	0.525431	0.050805	0.00346159	1.237999	1.953854
9804	-1229.782	-1449.086	219.3037	0.3492404	0.344719	0.538658	0.111738	0.00488462	1.255715	1.685161
9810	-1236.401	-1455.308	218.9071	0.4123574	0.390937	0.500666	0.103857	0.0045401	1.263741	1.919955
9816	-1239.343	-1458.065	218.7226	0.4440416	0.391724	0.505564	0.0957026	0.00700997	1.15061	2.099092
9822	-1233.612	-1453.076	219.4643	0.4119452	0.444839	0.512321	0.0194463	0.0233943	1.229683	1.552208
9828	-1231.098	-1450.038	218.9395	0.5257032	0.320081	0.604597	0.0569572	0.0183647	1.205544	1.863854
9834	-1236.377	-1455.393	219.0153	0.6440015	0.447843	0.528108	0.0116607	0.0123878	1.205544	1.725783
9840	-1235.132	-1453.569	218.4376	0.2731023	0.545331	0.403249	0.0192564	0.0321641	1.068918	2.408503
9846	-1231.876	-1450.522	218.646	0.5514479	0.410804	0.484175	0.0500879	0.0549329	1.055878	2.141695
9852	-1220.919	-1439.599	218.6803	0.3703766	0.409389	0.531793	0.055014	0.00380398	1.121376	2.186697
9858	-1209.86	-1427.965	218.1053	0.4442657	0.585253	0.393839	0.0138081	0.00709933	0.9735095	2.603967
9864	-1207.379	-1425.384	218.0052	0.2876443	0.559377	0.425778	0.0055848	0.00925989	0.8745847	2.794059
9870	-1219.516	-1438.138	218.6221	0.5100416	0.491307	0.486951	0.0043043	0.0174382	0.9607386	2.24615
9876	-1221.221	-1440.029	218.8078	0.3172667	0.440871	0.54316	0.00407532	0.0118933	0.9365274	2.24615
9882	-1212.779	-1430.366	217.5867	0.3728114	0.373894	0.565966	0.0360066	0.0241333	0.9136889	2.993446
9888	-1211.696	-1428.834	217.1379	0.3377228	0.349146	0.600756	0.0295855	0.0205126	0.8538726	3.310406
9894	-1214.362	-1431.233	216.8713	0.3360788	0.399254	0.544225	0.033065	0.0234565	0.8250904	3.484158
9900	-1230.591	-1448.014	217.4237	0.266841	0.413648	0.487206	0.0552463	0.0438994	0.6824368	3.260747
9906	-1209.847	-1426.345	216.4979	0.3987116	0.273118	0.616575	0.0455341	0.0647725	0.6650413	3.766634
9912	-1220.408	-1437.122	216.7138	0.3470405	0.32648	0.583179	0.0210225	0.0693184	0.5855773	3.710622
9918	-1219.928	-1436.718	216.7904	0.4433501	0.499585	0.436771	0.0210046	0.0426395	0.7069442	3.550089
9924	-1217.389	-1435.012	217.6232	0.2559208	0.619791	0.348046	0.0142529	0.0179101	0.9173539	3.002907
9930	-1232.462	-1450.166	217.7037	0.2859588	0.474641	0.480917	0.0196942	0.0247476	0.8310046	3.002907
9936	-1225.465	-1442.842	217.3773	0.3487337	0.376645	0.55851	0.0262079	0.0386372	0.7940133	3.200033
9942	-1214.206	-1431.227	217.0215	0.4373414	0.402694	0.550338	0.0139229	0.0330449	0.8810111	3.316205
9948	-1222.943	-1440.407	217.4645	0.3670084	0.291446	0.586659	0.0864683	0.0354267	0.7687229	3.155591
9954	-1224.295	-1442.287	217.9913	0.3287563	0.47	0.396187	0.0673402	0.0664733	0.8650817	2.796457
9960	-1231.921	-1451.322	219.4009	0.238424	0.532725	0.390398	0.047267	0.0296097	1.084309	1.764177
9966	-1228.689	-1447.634	218.9445	0.3696092	0.494716	0.435826	0.0120661	0.0573918	1.205501	1.957458
9972	-1226.773	-1445.251	218.4783	0.5277037	0.368961	0.562341	0.0155687	0.0531294	1.224449	2.157002
9978	-1223.959	-1443.016	219.0572	0.3784061	0.47048	0.340653	0.175345	0.0135215	1.103585	1.945686
9984	-1226.545	-1445.563	219.0177	0.3547734	0.42227	0.547635	0.0239457	0.00614934	1.278903	1.865477
9990	-1224.904	-1444.289	219.3848	0.4289973	0.424393	0.550388	0.0190394	0.00618025	1.415512	1.461377
9996	-1223.694	-1442.721	219.0268	0.419133	0.45605	0.442608	0.0687203	0.0326223	1.385061	1.750145
10002	-1231.527	-1450.304	218.7765	0.5343251	0.543499	0.385186	0.0602362	0.0110785	1.308689	1.898598
10008	-1217.023	-1436.689	219.6662	0.3845052	0.526633	0.39848	0.0623151	0.0125718	1.286314	1.37315
10014	-1222.993	-1442.367	219.3734	0.2717878	0.521712	0.394756	0.0617327	0.0217999	1.366073	1.581975
10020	-1223.46	-1443.283	219.8231	0.2784787	0.615247	0.345411	0.0101455	0.0291973	1.282448	1.300031
10026	-1226.194	-1445.727	219.5337	0.3800081	0.498259	0.440686	0.00296484	0.0580898	1.4496	1.351659
10032	-1216.93	-1435.933	219.0035	0.308939	0.423787	0.467566	0.00527594	0.103371	1.143974	1.98486
10038	-1219.393	-1438.068	218.6752	0.3148002	0.550823	0.361514	0.00773822	0.0799247	0.9873587	2.299406
10044	-1238.163	-1457.097	218.934	0.2508336	0.639511	0.291085	0.00333387	0.06607	1.040485	2.109431
10050	-1230.255	-1449.223	218.9678	0.257495	0.67286	0.273893	0.0033663	0.0498808	0.9071572	2.174249
10056	-1231.176	-1449.534	218.3581	0.257495	0.507101	0.390911	0.00213831	0.0998496	1.181286	2.389154
10062	-1230.397	-1449.778	219.3816	0.2972891	0.45271	0.505238	0.00190896	0.0401432	1.139938	1.732391
10068	-1226.22	-1444.606	218.3861	0.2976821	0.559826	0.385204	0.000533177	0.0544372	1.085787	2.425383
10074	-1231.175	-1449.746	218.5709	0.4017621	0.521149	0.422494	0.0015158	0.0548414	0.8786155	2.39587
10080	-1226.803	-1446.237	219.4341	0.2648401	0.631873	0.298593	0.00187022	0.067664	1.122075	1.714419
10086	-1224.395	-1443.485	219.09	0.2692423	0.521928	0.371966	0.00503009	0.101076	0.9875626	2.040438
10092	-1229.398	-1448.235	218.8369	0.394316	0.48025	0.441068	0.0115815	0.0671001	1.169109	2.040438
10098	-1240.186	-1459.78	219.5937	0.3909006	0.477759	0.43878	0.0167094	0.066752	1.194845	1.495099
10104	-1232.06	-1451.404	219.344	0.3236073	0.550841	0.36374	0.0132787	0.0721402	1.252515	1.670156
10110	-1235.443	-1454.689	219.246	0.4929298	0.406734	0.558771	0.00980481	0.0246909	1.388915	1.539893
10116	-1228.218	-1447.674	219.4562	0.399376	0.546104	0.323311	0.0925129	0.0380716	1.401124	1.437532
10122	-1229.047	-1448.854	219.807	0.2832177	0.634576	0.273096	0.0364789	0.0558488	1.455024	1.16717
10128	-1231.347	-1450.597	219.2495	0.2832177	0.642948	0.28162	0.0338594	0.0415724	1.309996	1.709161
10134	-1210.49	-1430.317	219.827	0.2991745	0.559691	0.399758	0.00409711	0.0364538	1.318109	1.261694
10140	-1214.612	-1434.535	219.9229	0.2258528	0.709289	0.256942	0.0103382	0.0234304	1.40254	1.111511
10146	-1220.161	-1439.678	219.5175	0.272277	0.544871	0.408488	0.0111957	0.0354448	1.291218	1.530861
10152	-1224.577	-1444.213	219.6359	0.314787	0.54537	0.408625	0.0110432	0.0349622	1.233591	1.473384
10158	-1222.757	-1442.152	219.3944	0.3139477	0.550446	0.400415	0.00179878	0.0473408	1.086968	1.755192
10164	-1213.283	-1432.512	219.2291	0.3313114	0.6222	0.352534	0.00203327	0.0232323	1.103302	1.851535
10170	-1219.397	-1437.907	218.5102	0.3288595	0.425982	0.505302	0.0577283	0.0109878	1.117823	2.31648
10176	-1232.845	-1451.698	218.8528	0.3288595	0.439327	0.445342	0.0734005	0.0419299	1.019836	2.158963
10182	-1222.17	-1440.944	218.7747	0.4669917	0.33393	0.648045	0.00575072	0.0122741	1.15937	2.044723
10188	-1212.017	-1430.714	218.6967	0.3254634	0.404141	0.589951	0.00354306	0.00236514	0.938254	2.313266
10194	-1216.721	-1435.093	218.3727	0.4249092	0.48401	0.495238	0.0156471	0.00510556	0.8664154	2.515333
10200	-1220.652	-1439.336	218.684	0.4212891	0.426537	0.550398	0.0173899	0.00567423	0.8534096	2.329376
10206	-1218.289	-1436.52	218.2312	0.3344436	0.57082	0.353821	0.0384335	0.0369256	0.9993936	2.564289
10212	-1220.366	-1438.626	218.2607	0.2833363	0.540232	0.410965	0.0107148	0.0380888	1.167834	2.45586
10218	-1236.181	-1455.203	219.0217	0.3114747	0.601936	0.348052	0.00535691	0.0446552	0.9808532	2.080096
10224	-1241.066	-1460.066	218.9997	0.3284862	0.582239	0.328458	0.0129132	0.0763895	1.233612	1.920082
10230	-1238.419	-1457.242	218.8226	0.3281247	0.489183	0.390263	0.0785841	0.04197	1.01008	2.185177
10236	-1236.918	-1456.245	219.3275	0.3411259	0.549703	0.396383	0.00933753	0.0445772	0.9542557	1.881921
10242	-1230.926	-1449.892	218.9665	0.2956929	0.443158	0.513459	0.0119123	0.0314707	1.211947	1.968039
10248	-1228.786	-1447.333	218.5466	0.2872365	0.532261	0.39341	0.00601811	0.068311	1.043794	2.352886
10254	-1233.378	-1451.601	218.2233	0.2736185	0.480168	0.45531	0.00542911	0.0590926	0.9532849	2.614432
10260	-1237.827	-1455.154	217.3269	0.3010375	0.627577	0.314948	0.0165991	0.0408757	0.9897662	3.129761
10266	-1229.413	-1448.452	219.0393	0.2673288	0.493264	0.454459	0.0309527	0.0213239	1.153316	1.963991
10272	-1234.5	-1452.608	218.1088	0.3006126	0.544685	0.329621	0.0530879	0.072606	1.186206	2.535366
10278	-1229.864	-1448.822	218.9574	0.3006126	0.572998	0.333942	0.0335369	0.0595227	0.9963542	2.115455
10284	-1230.208	-1448.036	217.8282	0.3168261	0.530263	0.367381	0.0368873	0.0654692	0.805961	2.935092
10290	-1232.05	-1450.068	218.0177	0.3176825	0.4799	0.438648	0.0318591	0.049593	1.064356	2.662113
10296	-1226.787	-1445.572	218.785	0.2698558	0.44466	0.503905	0.015741	0.0356943	0.9969633	2.233332
10302	-1235.829	-1455.399	219.5699	0.2304385	0.650942	0.309309	0.0232788	0.0164705	1.302255	1.483066
10308	-1237.871	-1457.706	219.8354	0.2105114	0.604423	0.322029	0.0242361	0.0493127	1.093483	1.433265
10314	-1231.194	-1450.073	218.8794	0.3065346	0.614266	0.306625	0.0434118	0.0356977	1.160243	2.057213
10320	-1239.674	-1459.161	219.487	0.2687539	0.57256	0.262119	0.0456913	0.11963	1.309285	1.5406
10326	-1233.005	-1452.777	219.7719	0.2860505	0.565478	0.387222	0.0313781	0.0159222	1.390334	1.251563
10332	-1238.963	-1458.438	219.4748	0.3466616	0.377448	0.60164	0.00656187	0.01435	1.369367	1.478132
10338	-1240.829	-1460.383	219.5543	0.5126621	0.466345	0.505598	0.0151287	0.012929	1.302999	1.354805
10344	-1240.982	-1459.389	218.4068	0.4942328	0.520517	0.45663	0.0168861	0.00596697	1.270814	2.195133
10350	-1237.093	-1455.722	218.6284	0.7497362	0.634466	0.321211	0.0199174	0.0244058	0.9316427	2.097812
10356	-1233.247	-1451.522	218.2752	1.071709	0.70957	0.228769	0.0477024	0.0139588	1.089281	2.009698
10362	-1233.192	-1450.86	217.668	0.4388159	0.496758	0.375133	0.105617	0.0224916	1.149116	2.767813
10368	-1224.832	-1444.25	219.4181	0.368478	0.524861	0.421202	0.0317732	0.0221637	1.319278	1.546323
10374	-1218.006	-1437.788	219.782	0.3065959	0.379584	0.568488	0.0266437	0.0252844	1.792342	0.8450078
10380	-1219.623	-1439.492	219.8686	0.2458066	0.534937	0.407667	0.0188713	0.0385247	1.592266	0.9857737
10386	-1221.426	-1441.387	219.9606	0.2219875	0.476887	0.388904	0.00341379	0.130795	1.66825	0.7854126
10392	-1231.764	-1451.775	220.0112	0.2159207	0.548857	0.378029	0.00418711	0.0689275	1.55101	0.8664391
10398	-1232.508	-1452.257	219.7493	0.2159207	0.663971	0.230191	0.00278053	0.103058	1.611483	1.074999
10404	-1223.318	-1442.202	218.8841	0.2831173	0.488652	0.491031	0.00189836	0.0184189	1.125654	2.082935
10410	-1223.279	-1442.274	218.9951	0.2927818	0.493797	0.496201	0.000947229	0.00905444	1.151057	1.990386
10416	-1214.528	-1432.914	218.3864	0.367809	0.464326	0.508869	0.00239829	0.0244064	0.8525351	2.544884
10422	-1221.983	-1440.142	218.1593	0.2770843	0.471292	0.502252	0.0023671	0.024089	1.030771	2.605534
10428	-1229.885	-1448.499	218.6139	0.3488741	0.554549	0.419119	0.0148813	0.0114508	1.019335	2.304982
10434	-1223.2	-1441.781	218.5814	0.2830757	0.436148	0.547103	0.0048265	0.0119231	0.9847707	2.369128
10440	-1228.584	-1446.567	217.9837	0.3468562	0.597417	0.38134	0.00739074	0.0138519	0.7192272	2.882647
10446	-1234.727	-1453.423	218.6961	0.2529532	0.621906	0.326536	0.0396966	0.0118612	0.9421396	2.326554
10452	-1232.951	-1451.966	219.0142	0.2908033	0.57629	0.386011	0.0297297	0.00796951	0.9618622	2.103381
10458	-1229.55	-1448.355	218.8044	0.3158226	0.557427	0.406108	0.0287566	0.00770866	1.105925	2.139086
10464	-1242.56	-1461.414	218.8539	0.5974872	0.296158	0.648424	0.051714	0.00370342	1.219709	1.861893
10470	-1224.336	-1443.478	219.1417	0.3814536	0.506506	0.429303	0.0435316	0.0206596	1.223835	1.804412
10476	-1228.989	-1448.185	219.1965	0.411116	0.36377	0.45837	0.0726832	0.105177	1.257792	1.725314
10482	-1238.641	-1458.049	219.4077	0.3043312	0.309373	0.553579	0.0334273	0.103621	1.257792	1.627704
10488	-1228.694	-1447.586	218.8918	0.3005708	0.482392	0.496379	0.010194	0.0110351	1.075793	2.106439
10494	-1226.425	-1445.52	219.0947	0.2364148	0.435153	0.44777	0.025877	0.0911996	0.9863924	2.038291
10500	-1224.486	-1443.607	219.121	0.2888154	0.521863	0.383418	0.0265223	0.0681957	1.167196	1.895715
10506	-1231.359	-1450.507	219.1479	0.3503779	0.382715	0.526155	0.0467615	0.0443684	1.107407	1.895715
10512	-1241.147	-1459.887	218.7403	0.3885553	0.37269	0.509198	0.0593694	0.0587426	0.9558313	2.24561
10518	-1229.15	-1446.787	217.6369	0.3318504	0.497184	0.465356	0.00205033	0.0354092	0.7746204	3.063574
10524	-1218.326	-1435.904	217.5775	0.3391582	0.453868	0.535786	0.00236064	0.00798536	0.87843	3.034308
10530	-1220.523	-1438.308	217.7844	0.3466545	0.457268	0.512582	0.0221051	0.00804518	1.050707	2.802513
10536	-1214.956	-1432.471	217.5157	0.3037472	0.402416	0.566061	0.0161906	0.0153321	0.9066529	3.066009
10542	-1214.577	-1433.015	218.4373	0.3221119	0.590571	0.381775	0.0249271	0.00272675	0.988438	2.446951
10548	-1229.905	-1448.405	218.4998	0.5565719	0.396147	0.495821	0.0966997	0.0113319	1.243927	2.110911
10554	-1241.282	-1460.455	219.1727	0.4967883	0.559378	0.392102	0.0362586	0.0122615	1.095265	1.799274
10560	-1228.293	-1447.47	219.1766	0.3459533	0.498894	0.457832	0.0323381	0.0109357	1.179982	1.828527
10566	-1216.459	-1435.915	219.4555	0.3432237	0.505822	0.454587	0.0191764	0.0204143	1.370064	1.493885
10572	-1214.403	-1434.263	219.8606	0.3357752	0.57873	0.387167	0.0152012	0.0189012	1.348094	1.191663
10578	-1220.494	-1439.968	219.4736	0.4320742	0.430644	0.523266	0.0205447	0.0255454	1.396557	1.405606
10584	-1233.672	-1453.346	219.6733	0.3625379	0.507003	0.406987	0.0169528	0.0690573	1.396557	1.292684
10590	-1228.287	-1447.831	219.544	0.2498721	0.681804	0.257184	0.0268144	0.0341969	1.415201	1.418707
10596	-1218.338	-1438.205	219.8662	0.2498721	0.542739	0.396793	0.0246094	0.0358583	1.43313	1.1388
10602	-1231.515	-1451.19	219.6743	0.2685001	0.546482	0.398414	0.0190991	0.0360049	1.391909	1.333487
10608	-1240.26	-1459.872	219.612	0.382762	0.522178	0.35888	0.0592285	0.0597134	1.391909	1.333487
10614	-1237.778	-1457.4	219.622	0.225522	0.437679	0.50207	0.0469507	0.0133003	1.379611	1.382422
10620	-1229.962	-1449.138	219.1758	0.281039	0.395863	0.522947	0.0512675	0.0299221	1.265121	1.792583
10626	-1224.855	-1444.354	219.4988	0.3360627	0.602152	0.314638	0.0684629	0.014748	1.265121	1.543217
10632	-1239.409	-1458.774	219.3654	0.3943849	0.586047	0.306223	0.0929596	0.0147706	1.219914	1.642173
10638	-1225.821	-1444.236	218.4147	0.2813498	0.556022	0.286739	0.0905202	0.0667186	1.061458	2.426303
10644	-1226.876	-1445.182	218.3058	0.2532237	0.457342	0.488706	0.0247064	0.029246	0.9750714	2.551318
10650	-1231.043	-1449.37	218.3278	0.2823835	0.365323	0.590049	0.0204365	0.0241915	0.910265	2.57493
10656	-1233.006	-1450.958	217.9524	0.4705116	0.610959	0.343851	0.00473342	0.0404573	0.9133736	2.719847
10662	-1221.27	-1439.28	218.0097	0.3848172	0.425717	0.524104	0.0166173	0.0335619	1.119532	2.60476
10668	-1239.843	-1457.555	217.7126	0.2395047	0.64618	0.286321	0.0129291	0.0545698	0.7455507	3.051825
10674	-1235.434	-1453.876	218.4419	0.2730106	0.597862	0.30309	0.0131187	0.0859289	0.6822448	2.646874
10680	-1236.814	-1454.281	217.4665	0.3605177	0.627432	0.32108	0.0099808	0.0415066	0.8334206	3.118753
10686	-1223.265	-1441.289	218.024	0.4357764	0.497338	0.435348	0.0232754	0.0440386	0.9392598	2.680036
10692	-1225.722	-1444.732	219.0099	0.4068301	0.550714	0.419772	0.0257733	0.00374129	1.200621	1.896252
10698	-1225.572	-1445.072	219.5005	0.2420083	0.533679	0.406787	0.0249761	0.0345573	1.193714	1.616114
10704	-1228.752	-1447.449	218.6964	0.2420083	0.746841	0.234837	0.00556121	0.0127606	1.0947	2.228226
10710	-1253.94	-1471.806	217.8658	0.2338532	0.785616	0.166433	0.00140784	0.0465437	1.246994	2.654172
10716	-1245.426	-1462.542	217.1154	0.2338532	0.622449	0.271511	0.00221668	0.103823	0.8698606	3.3316
10722	-1238.368	-1455.531	217.1625	0.4418005	0.310796	0.667139	0.00542552	0.0166391	1.146906	3.072546
10728	-1235.573	-1454.606	219.0326	0.4119276	0.375888	0.549755	0.0272939	0.0470628	1.284858	1.820129
10734	-1233.428	-1452.026	218.5974	0.6087386	0.422987	0.545209	0.0137822	0.0180216	1.336937	1.948311
10740	-1229.06	-1448.042	218.9822	0.3822578	0.563396	0.349528	0.049272	0.0378039	1.467348	1.745458
10746	-1236.109	-1455.246	219.1376	0.2628704	0.492422	0.469084	0.0161138	0.0223803	1.374714	1.745458
10752	-1234.765	-1453.596	218.8311	0.2705445	0.597674	0.284349	0.0507305	0.0672462	1.084214	2.14683
10758	-1224.118	-1443.1	218.9813	0.2705445	0.596523	0.327143	0.0235258	0.0528081	1.234583	1.947937
10764	-1233.709	-1452.784	219.0753	0.3709442	0.514776	0.427766	0.010013	0.0474451	1.295308	1.80652
10770	-1230.871	-1450.04	219.1696	0.3147534	0.488395	0.469265	0.00658945	0.0357504	1.312725	1.754233
10776	-1239.27	-1458.42	219.1495	0.4048509	0.451669	0.462218	0.0530514	0.0330621	1.5132	1.579663
10782	-1242.837	-1462.129	219.2921	0.4725035	0.308771	0.631316	0.0163662	0.0435462	1.461092	1.466203
10788	-1247.449	-1465.872	218.4229	0.4715748	0.308771	0.631316	0.0163662	0.0435462	1.20699	2.24027
10794	-1252.276	-1470.413	218.1368	0.4767226	0.440706	0.492395	0.00582768	0.061072	1.206426	2.41958
10800	-1251.818	-1470.148	218.3294	0.3497545	0.416187	0.545729	0.0132631	0.0248207	1.025831	2.480374
10806	-1249.13	-1467.085	217.9552	0.3216596	0.509567	0.439296	0.0470484	0.00408897	0.991325	2.743937
10812	-1254.525	-1471.56	217.0352	0.2428099	0.509567	0.439296	0.0470484	0.00408897	0.8655043	3.382161
10818	-1248.098	-1465.745	217.6472	0.3744163	0.428703	0.519788	0.0458083	0.00570044	1.021871	2.891052
10824	-1243.385	-1461.628	218.2435	0.473539	0.584863	0.358499	0.0315941	0.0250432	1.173821	2.37476
10830	-1237.715	-1456.969	219.2541	0.2404434	0.591534	0.37988	0.0112948	0.0172915	1.384521	1.656003
10836	-1232.058	-1451.01	218.9524	0.4117862	0.559557	0.409618	0.012179	0.0186452	1.210415	1.925704
10842	-1225.034	-1444.32	219.2864	0.345285	0.503069	0.433487	0.0172621	0.0461817	1.262806	1.69431
10848	-1233.801	-1452.993	219.1916	0.2868344	0.506556	0.406934	0.0235381	0.0629721	1.178428	1.840296
10854	-1241.544	-1460.691	219.1472	0.279634	0.346419	0.536403	0.023562	0.0936162	1.224965	1.840296
10860	-1217.304	-1436.991	219.6878	0.3120868	0.681388	0.288376	0.0215063	0.00872932	1.472967	1.243716
10866	-1225.209	-1445.051	219.842	0.2194335	0.774201	0.210731	0.0115084	0.00356	1.53061	1.065491
10872	-1216.91	-1436.018	219.1087	0.2601819	0.775685	0.211641	0.0119474	0.000726306	1.307712	1.812378
10878	-1220.558	-1439.972	219.4139	0.2684195	0.502989	0.480377	0.0153232	0.00131078	1.371231	1.548915
10884	-1237.445	-1456.963	219.5178	0.3561623	0.55874	0.423386	0.0170216	0.000852318	1.370404	1.439627
10890	-1231.419	-1450.924	219.5051	0.3366256	0.610686	0.369778	0.0186041	0.000931558	1.268121	1.536072
10896	-1235.516	-1455.102	219.5864	0.4020207	0.585584	0.3998	0.0133026	0.00131298	1.414382	1.323343
10902	-1221.16	-1440.878	219.718	0.3403027	0.521185	0.433513	0.0412007	0.00410173	1.644542	1.050048
10908	-1214.232	-1433.947	219.7153	0.2608795	0.76336	0.188253	0.00865637	0.0397303	1.678235	1.051603
10914	-1228.395	-1448.361	219.9666	0.3039237	0.520489	0.354589	0.0405253	0.0843961	1.689073	0.7356317
10920	-1219.184	-1439.035	219.8502	0.2567976	0.460421	0.434672	0.0360693	0.068837	1.442621	1.144399
10926	-1218.885	-1438.414	219.5285	0.312128	0.70681	0.217445	0.0260429	0.049702	1.442621	1.39645
10932	-1219.319	-1438.871	219.5517	0.2393495	0.639588	0.277592	0.024366	0.0584546	1.438299	1.394176
10938	-1221.558	-1441.374	219.8165	0.2860196	0.632662	0.258166	0.0321188	0.0770535	1.62258	1.001908
10944	-1236.46	-1456.261	219.8017	0.2190566	0.698891	0.219204	0.0312054	0.0506988	1.733418	0.8994702
10950	-1237.742	-1457.713	219.9708	0.2190566	0.69655	0.222349	0.0254849	0.0556157	1.595264	0.8636624
10956	-1241.836	-1461.617	219.7802	0.2190566	0.707607	0.225879	0.0258895	0.0406241	1.931874	0.6436277
10962	-1234.313	-1454.222	219.9091	0.2370708	0.715289	0.228331	0.0153147	0.0410651	1.815318	0.6281012
10968	-1224.23	-1444.096	219.8668	0.275775	0.446389	0.513509	0.0103145	0.0297873	1.815318	0.7087256
10974	-1228.148	-1447.948	219.8006	0.3082787	0.573333	0.372456	0.0501113	0.00409964	1.919936	0.6016144
10980	-1226.454	-1446.232	219.7782	0.3937297	0.538903	0.350089	0.102699	0.00830834	1.884586	0.6016144
10986	-1236.918	-1456.651	219.7323	0.4361424	0.640458	0.27568	0.0808713	0.0029907	1.91122	0.5155103
10992	-1239.276	-1458.873	219.597	0.3949411	0.640644	0.289478	0.0679707	0.00190694	2.057292	0.6222107
10998	-1220.818	-1440.571	219.7531	0.4340456	0.478955	0.46679	0.0494629	0.00479232	1.79856	0.7496015
11004	-1221.145	-1440.925	219.7793	0.3710557	0.522606	0.418366	0.0547331	0.00429517	1.802615	0.7824296
11010	-1220.223	-1439.867	219.644	0.3535969	0.559334	0.391167	0.0458975	0.0036018	1.627339	1.126191
11016	-1215.77	-1435.519	219.7491	0.3151037	0.488355	0.435257	0.0707394	0.00564794	1.585604	1.089995
11022	-1222.637	-1442.146	219.5088	0.3855595	0.429923	0.527344	0.041581	0.001151	1.620492	1.228744
11028	-1230.045	-1449.07	219.0249	0.4803932	0.367733	0.603081	0.0258307	0.00335529	1.537273	1.602259
11034	-1231.781	-1451.503	219.7226	0.3678517	0.505468	0.47013	0.0215971	0.00280536	1.423768	1.225977
11040	-1231.734	-1451.239	219.5053	0.437806	0.479952	0.338759	0.155713	0.0255757	1.518566	1.278896
11046	-1228.533	-1448.36	219.8271	0.2985949	0.598876	0.336905	0.0488917	0.0153282	1.67267	0.9342083
11052	-1234.368	-1454.211	219.843	0.2985949	0.505981	0.416277	0.0652434	0.0124994	1.776829	0.7909708
11058	-1221.039	-1440.541	219.502	0.5359056	0.495455	0.42842	0.0638862	0.0122394	1.729437	1.008202
11064	-1227.457	-1447.202	219.7449	0.3935392	0.49219	0.431192	0.0642996	0.0123186	1.729437	0.8939212
11070	-1227.336	-1447.224	219.8882	0.3004637	0.599949	0.332801	0.0373172	0.0299332	1.699006	0.8324886
11076	-1216.309	-1436.029	219.7203	0.439074	0.604833	0.33551	0.0475647	0.0120923	1.757155	0.8433364
11082	-1215.101	-1435.094	219.9928	0.3039217	0.539148	0.401724	0.0471424	0.0119849	1.641958	0.7668368
11088	-1217.474	-1436.978	219.5041	0.3039217	0.459952	0.475169	0.0402176	0.0246608	1.641958	1.259208
11094	-1216.967	-1436.653	219.6855	0.3277779	0.536612	0.386875	0.0355794	0.0409339	1.419631	1.282641
11100	-1224.42	-1443.844	219.4233	0.3066524	0.55299	0.41182	0.0168837	0.0183056	1.380102	1.525975
11106	-1228.724	-1448.307	219.5829	0.3066524	0.487089	0.465904	0.0225534	0.0244528	1.348296	1.429357
11112	-1234.957	-1453.344	218.387	0.3408857	0.572777	0.408927	0.00550243	0.0127935	1.086649	2.409662
11118	-1224.809	-1442.987	218.177	0.3702666	0.465435	0.486289	0.0318698	0.0164058	1.038499	2.558286
11124	-1231.592	-1449.855	218.2631	0.3739887	0.597283	0.31675	0.0558597	0.0301069	0.9333819	2.568362
11130	-1222.794	-1442.355	219.5613	0.2922759	0.559029	0.352925	0.0814217	0.00662389	1.414818	1.399317
11136	-1221.296	-1440.837	219.5405	0.2922759	0.720597	0.23326	0.0426713	0.00347143	1.415968	1.414572
11142	-1226.136	-1445.105	218.9689	0.2462635	0.696897	0.225589	0.0185719	0.0589422	1.244595	1.95075
11148	-1228.165	-1447.444	219.2792	0.2375755	0.681116	0.221836	0.0182629	0.0787853	1.080733	1.850704
11154	-1231.876	-1451.352	219.4765	0.2375755	0.764097	0.143902	0.00542254	0.0865792	1.606023	1.320704
11160	-1219.458	-1439.117	219.6595	0.22238	0.750499	0.159137	0.00532604	0.0850384	1.37712	1.353888
11166	-1218.527	-1437.887	219.3597	0.2167999	0.756883	0.174436	0.0319738	0.0367074	1.520465	1.473024
11172	-1207.046	-1426.712	219.6659	0.2822953	0.676348	0.253626	0.0396605	0.030366	1.476864	1.268661
11178	-1209.784	-1429.617	219.8322	0.2366756	0.747219	0.156193	0.0244244	0.0721637	1.540973	1.070032
11184	-1221.6	-1441.343	219.7426	0.283543	0.570048	0.319159	0.0185365	0.0922573	1.818512	0.8715747
11190	-1218.979	-1438.842	219.8633	0.3101152	0.566689	0.338416	0.00318161	0.0917137	1.815693	0.6917853
11196	-1226.506	-1446.288	219.7822	0.279566	0.571315	0.341178	0.00320758	0.0842989	1.928403	0.6532627
11202	-1228.297	-1448.047	219.7503	0.2878393	0.571315	0.341178	0.00320758	0.0842989	1.996408	0.5152378
11208	-1229.814	-1449.682	219.8679	0.2576663	0.61509	0.352655	0.00459575	0.0276591	1.86758	0.6013003
11214	-1230.881	-1450.527	219.6462	0.4580465	0.62717	0.339941	0.00468601	0.0282023	1.949319	0.6280945
11220	-1224.62	-1444.281	219.6613	0.4063953	0.611354	0.38163	0.00415244	0.00286395	1.967103	0.6591482
11226	-1223.739	-1443.43	219.6914	0.3081229	0.614272	0.375722	0.00592137	0.00408399	1.97566	0.7140457
11232	-1227.408	-1447.157	219.7488	0.3251637	0.644554	0.345153	0.00705305	0.00323964	1.93796	0.6615479
11238	-1223.278	-1442.89	219.6121	0.2998135	0.370241	0.621602	0.00222051	0.00593562	1.93796	0.8775176
11244	-1222.405	-1442.107	219.7013	0.2998135	0.601514	0.387547	0.00138441	0.00955454	1.756101	0.9781416
11250	-1211.897	-1431.821	219.9239	0.2957208	0.602351	0.388086	0.00138633	0.00817607	1.772041	0.672046
11256	-1213.446	-1433.322	219.8759	0.2932561	0.45708	0.501709	0.00667893	0.0345318	1.634755	0.9247881
11262	-1232.748	-1450.837	218.0892	0.2770536	0.565294	0.412196	0.00703461	0.0154752	0.9147167	2.720178
11268	-1229.811	-1448.229	218.4181	0.3274402	0.484135	0.40904	0.0223397	0.0844852	1.114041	2.377886
11274	-1235.831	-1454.523	218.6919	0.3274402	0.420123	0.469357	0.0787287	0.0317916	1.152965	2.177554
11280	-1235.645	-1455.331	219.6859	0.3524759	0.558653	0.411492	0.00044467	0.0294102	1.509486	1.193669
11286	-1236.425	-1455.987	219.562	0.2420505	0.405908	0.52057	0.0415554	0.0319675	1.600127	1.256202
11292	-1232.215	-1451.84	219.6245	0.2920373	0.672967	0.252741	0.0490437	0.0252487	1.627514	1.173345
11298	-1233.449	-1452.909	219.4607	0.2768616	0.641797	0.241034	0.0467722	0.0703961	1.493323	1.42021
11304	-1241.498	-1460.984	219.486	0.2862874	0.489765	0.376564	0.0748833	0.0587873	1.331697	1.521419
11310	-1241.181	-1460.097	218.9162	0.3179659	0.465981	0.398763	0.0730026	0.062253	1.104757	2.065768
11316	-1243.025	-1462.06	219.0351	0.350372	0.537134	0.423962	0.0321425	0.0067618	1.196786	1.911588
11322	-1243.079	-1461.992	218.9123	0.3101466	0.499142	0.462873	0.0350925	0.00289281	1.144769	2.044572
11328	-1231.235	-1449.575	218.3395	0.4499401	0.54318	0.41068	0.0376293	0.00851062	1.25614	2.27547
11334	-1237.827	-1456.392	218.5654	0.4406882	0.513792	0.388953	0.0892053	0.00805015	1.058953	2.262596
11340	-1239.298	-1455.238	215.9394	0.3486504	0.521352	0.337582	0.134078	0.00698693	0.9550735	3.942861
11346	-1238.854	-1456.951	218.0971	0.5150215	0.455014	0.440206	0.100165	0.00461454	1.328756	2.343297
11352	-1234.344	-1453.432	219.0887	0.273213	0.243243	0.568605	0.0930301	0.0951221	1.17375	1.916132
11358	-1236.543	-1455.594	219.0502	0.26242	0.471261	0.440622	0.0250222	0.0630954	1.144983	1.962683
11364	-1244.535	-1463.612	219.0766	0.3542372	0.335733	0.630147	0.00589322	0.0282267	1.042308	1.985765
11370	-1228.953	-1448.228	219.275	0.3542372	0.531697	0.443958	0.00720497	0.0171397	1.139672	1.784456
11376	-1230.593	-1449.799	219.206	0.3542372	0.408895	0.568006	0.0047043	0.0183944	1.208684	1.784456
11382	-1235.453	-1454.945	219.4923	0.3346535	0.569262	0.39858	0.00654932	0.0256086	1.364376	1.474541
11388	-1239.005	-1458.64	219.6341	0.2861239	0.46636	0.517727	0.00327387	0.0126391	1.287471	1.443059
11394	-1223.883	-1442.908	219.0247	0.3034357	0.45348	0.5347	0.00243166	0.00938763	1.338597	1.84044
11400	-1216.127	-1434.818	218.6916	0.3034357	0.413165	0.551428	0.00850832	0.0268981	1.171446	2.173815
11406	-1225.189	-1443.016	217.827	0.3552371	0.421937	0.517124	0.0095797	0.0513596	0.7931396	2.929175
11412	-1217.744	-1436.099	218.3552	0.3568548	0.525588	0.462234	0.00263429	0.00954394	0.9739696	2.493601
11418	-1226.094	-1444.385	218.2906	0.3515922	0.544012	0.445565	0.000544838	0.00987849	1.04222	2.493601
11424	-1225.068	-1444.073	219.0056	0.2885736	0.388748	0.602825	0.000883406	0.00754325	1.263062	1.908975
11430	-1223.494	-1443.195	219.7012	0.3283056	0.557899	0.387559	0.00054678	0.0539955	1.290542	1.37341
11436	-1218.092	-1437.778	219.6862	0.2456756	0.621697	0.329919	0.000372511	0.0480112	1.436891	1.288556
11442	-1220.025	-1439.874	219.849	0.2424125	0.499639	0.436367	0.000492701	0.0635019	1.491146	1.101503
11448	-1224.187	-1444.16	219.9729	0.2654241	0.491521	0.452612	0.00116405	0.0547023	1.491146	0.9816497
11454	-1228.953	-1448.937	219.9842	0.3358534	0.49371	0.484635	0.000907281	0.0207484	1.64526	0.7492479
11460	-1218.412	-1438.425	220.0131	0.2552361	0.539338	0.420751	0.0138047	0.0261065	1.529873	0.8983432
11466	-1226.495	-1446.528	220.0333	0.2294	0.653847	0.313498	0.00812216	0.024533	1.60646	0.7739242
11472	-1219.375	-1439.475	220.1003	0.2353421	0.642695	0.336986	0.0076091	0.0127104	1.502751	0.8248713
11478	-1220.097	-1439.904	219.8071	0.2792812	0.607056	0.380421	0.00718716	0.00533645	1.577953	1.056372
11484	-1222.275	-1441.742	219.467	0.3033871	0.483251	0.502307	0.00828793	0.00615378	1.46653	1.428699
11490	-1210.803	-1429.861	219.0583	0.2893203	0.647365	0.284729	0.00539273	0.0625139	1.194834	1.919351
11496	-1218.061	-1437.582	219.5209	0.222424	0.643868	0.273825	0.0156313	0.0666752	1.261493	1.548047
11502	-1223.59	-1442.963	219.3733	0.2709977	0.420032	0.506218	0.0428605	0.0308895	1.216752	1.689735
11508	-1217.943	-1436.766	218.8231	0.324986	0.420194	0.554459	0.0096067	0.0157396	0.9601247	2.218336
11514	-1217.159	-1435.353	218.1931	0.3159091	0.548462	0.393028	0.0165764	0.0419337	1.148218	2.501906
11520	-1218.465	-1437.282	218.8164	0.2625347	0.655903	0.285968	0.00843989	0.0496888	0.9880452	2.219533
11526	-1227.435	-1445.133	217.6976	0.3581248	0.545649	0.371498	0.0258448	0.0570081	0.8420637	2.976355
11532	-1234.541	-1451.951	217.4106	0.2963354	0.498527	0.381118	0.030849	0.0895068	1.024241	3.060439
11538	-1212.264	-1431.066	218.8025	0.2963354	0.629594	0.275733	0.0223188	0.0723539	1.273953	2.035834
11544	-1208.746	-1427.254	218.5077	0.2732927	0.67012	0.27459	0.0237555	0.0315347	1.000647	2.407298
11550	-1209.215	-1427.824	218.6095	0.5108709	0.396083	0.490856	0.0390162	0.0740453	1.064433	2.186794
11556	-1209.443	-1428.094	218.6506	0.3134657	0.525273	0.364405	0.0336134	0.0767089	1.047935	2.276798
11562	-1222.385	-1440.984	218.5993	0.2789169	0.415796	0.478471	0.0795569	0.0261764	0.9236395	2.397196
11568	-1231.03	-1449.436	218.4058	0.3897997	0.416028	0.478738	0.0992872	0.00594773	1.051526	2.397196
11574	-1225.553	-1443.776	218.2229	0.4755436	0.529399	0.402137	0.0657501	0.00271359	1.157009	2.397196
11580	-1224.169	-1442.124	217.9543	0.4498884	0.267365	0.589937	0.0757258	0.0669727	1.167049	2.574336
11586	-1222.484	-1440.868	218.3842	0.3493696	0.458168	0.482918	0.0524665	0.00644813	1.28037	2.284723
11592	-1233.079	-1452.826	219.7467	0.3256383	0.529923	0.361876	0.10247	0.00573133	1.239794	1.37871
11598	-1236.118	-1454.845	218.7269	0.3325288	0.437516	0.511444	0.0482404	0.00279934	1.146948	2.156723
11604	-1231.747	-1450.282	218.5342	0.5665895	0.525141	0.445614	0.0266237	0.00262142	1.083142	2.186506
11610	-1239.222	-1458.949	219.7273	0.2144085	0.429654	0.545426	0.0242687	0.000651639	1.144348	1.478519
11616	-1231.438	-1450.967	219.5296	0.3585463	0.422269	0.555971	0.0201991	0.00156102	1.322904	1.465578
11622	-1225.935	-1445.883	219.948	0.2673325	0.387626	0.608819	0.00280855	0.000746205	1.327715	1.158468
11628	-1207.942	-1427.588	219.6461	0.2765788	0.580317	0.416808	0.00227193	0.000603629	1.323501	1.408172
11634	-1225.481	-1445.26	219.7793	0.2765788	0.59112	0.378807	0.0293003	0.000772474	1.391577	1.246567
11640	-1220.638	-1439.606	218.9683	0.3434677	0.332986	0.615856	0.013576	0.0375812	1.303315	1.887745
11646	-1218.682	-1437.62	218.9381	0.4260159	0.3449	0.579901	0.0398123	0.0353871	1.100581	2.000534
11652	-1225.75	-1444.899	219.1491	0.2732894	0.298856	0.652718	0.0144884	0.033938	1.128513	1.90591
11658	-1237.866	-1456.492	218.6258	0.2247801	0.53594	0.427842	0.019832	0.0163856	0.8697404	2.414035
11664	-1217.938	-1436.002	218.0637	0.463367	0.549654	0.413624	0.0198891	0.0168332	1.027534	2.585145
11670	-1224.18	-1443.606	219.4262	0.3825326	0.484355	0.495766	0.00759691	0.0122816	1.404432	1.468386
11676	-1225.979	-1445.17	219.1907	0.3916421	0.578366	0.405119	0.00631131	0.0102032	1.411551	1.631601
11682	-1219.283	-1438.914	219.6302	0.4851881	0.466893	0.522557	0.00212752	0.0084219	1.452036	1.192009
11688	-1229.169	-1448.606	219.4368	0.5770663	0.517516	0.464931	0.00936457	0.00818844	1.614639	1.137056
11694	-1229.739	-1449.292	219.5532	0.308044	0.327386	0.571283	0.0924958	0.00883587	1.475905	1.352424
11700	-1229.3	-1448.526	219.2267	0.3126824	0.549885	0.391033	0.0110886	0.0479937	1.274341	1.741812
11706	-1223.085	-1442.799	219.714	0.2788027	0.45146	0.498704	0.00239887	0.0474374	1.373674	1.31441
11712	-1213.692	-1433.1	219.4087	0.3075948	0.501329	0.466392	0.000573301	0.0317065	1.459153	1.477346
11718	-1213.402	-1432.824	219.422	0.3388033	0.580573	0.405381	0.000436848	0.0136096	1.42664	1.478653
11724	-1213.195	-1432.668	219.4729	0.4286335	0.537887	0.457775	0.00049331	0.00384455	1.430473	1.382112
11730	-1229.567	-1448.779	219.2118	0.2775888	0.683202	0.223755	0.000626582	0.0924161	1.201999	1.812051
11736	-1223.842	-1442.53	218.6878	0.4119078	0.426985	0.530135	0.000760562	0.0421197	0.9889636	2.245505
11742	-1225.164	-1442.677	217.513	0.4649306	0.43251	0.491506	0.000234558	0.0757497	1.028215	2.920348
11748	-1228.232	-1445.037	216.8058	0.3072539	0.411963	0.53203	0.0529452	0.0030616	0.8385371	3.52383
11754	-1231.398	-1448.052	216.6545	0.3861091	0.339274	0.600557	0.05688	0.00328914	0.9782459	3.500219
11760	-1223.49	-1441.744	218.2539	0.2579799	0.508849	0.454874	0.0302638	0.00601363	0.9534176	2.596845
11766	-1221.647	-1440.732	219.085	0.3652172	0.613066	0.365433	0.0162264	0.00527494	1.139166	1.909625
11772	-1226.977	-1446.203	219.2261	0.4092512	0.577121	0.403897	0.0103921	0.00858919	1.36527	1.628792
11778	-1225.627	-1445.086	219.459	0.3041822	0.662386	0.286856	0.0457939	0.00496401	1.277773	1.575983
11784	-1233.37	-1452.167	218.7964	0.2577146	0.431228	0.453264	0.0169136	0.0985939	1.119235	2.147717
11790	-1242.2	-1460.362	218.1621	0.3165104	0.479021	0.487966	0.0281108	0.00490273	1.154918	2.516883
11796	-1235.168	-1454.136	218.9673	0.3165104	0.584688	0.384138	0.0254971	0.00567698	1.058405	2.063142
11802	-1232.681	-1451.834	219.1534	0.253368	0.587137	0.385747	0.0256038	0.00151247	0.9360703	2.033618
11808	-1229.188	-1447.96	218.7722	0.2917923	0.550017	0.421669	0.0266606	0.00165331	0.9709843	2.254308
11814	-1223.817	-1442.81	218.9929	0.3243406	0.433785	0.53992	0.0238847	0.0024108	1.327886	1.862229
11820	-1224.036	-1443.505	219.4687	0.3243406	0.526686	0.452899	0.0185434	0.00187167	1.332493	1.520788
11826	-1226.658	-1445.926	219.2678	0.342042	0.346473	0.64176	0.0108938	0.000873187	1.141069	1.794164
11832	-1230.869	-1449.652	218.7827	0.347987	0.575081	0.331967	0.0919036	0.00104837	1.027628	2.191523
11838	-1228.631	-1446.43	217.7984	0.3851411	0.546644	0.365	0.0873591	0.00099653	0.9661238	2.828137
11844	-1225.281	-1442.593	217.3117	0.3161049	0.564866	0.377168	0.0572323	0.000733505	0.8002949	3.246861
11850	-1223.291	-1441.254	217.963	0.3970306	0.397963	0.519101	0.0619717	0.0209642	0.9459693	2.734153
11856	-1225.384	-1443.418	218.0341	0.4177161	0.439026	0.48264	0.057887	0.020447	1.078567	2.597881
11862	-1228.801	-1445.446	216.6454	0.3287495	0.356519	0.589923	0.0331453	0.0204125	0.9191124	3.563631
11868	-1232.72	-1449.202	216.4816	0.4545618	0.419491	0.47217	0.087898	0.0204405	0.8977783	3.612553
11874	-1226.943	-1445.099	218.1557	0.4195165	0.471338	0.447776	0.0461782	0.0347072	1.095314	2.510903
11880	-1230.136	-1448.74	218.6041	0.4304877	0.482341	0.458229	0.0239127	0.0355173	1.173277	2.169787
11886	-1235.624	-1454.845	219.221	0.3660346	0.458156	0.435253	0.055947	0.0506439	1.173277	1.792704
11892	-1237.426	-1455.69	218.2645	0.4117317	0.359406	0.566983	0.0123133	0.0612984	1.048969	2.476069
11898	-1249.237	-1468.287	219.0503	0.3924284	0.314811	0.601282	0.0302146	0.0536925	0.9988203	2.01282
11904	-1230.256	-1448.786	218.5305	0.3187361	0.36492	0.529719	0.0350239	0.0703371	1.044332	2.35396
11910	-1236.101	-1453.347	217.2452	0.350225	0.413513	0.51427	0.0285184	0.0436981	0.9980081	3.156778
11916	-1228.522	-1446.167	217.6445	0.356023	0.354219	0.580702	0.0208789	0.0442004	0.6672507	3.113603
11922	-1227.711	-1445.461	217.75	0.356023	0.348969	0.54548	0.0196124	0.0859388	0.8131646	2.96317
11928	-1232.243	-1450.346	218.1031	0.3531513	0.398341	0.500805	0.0219532	0.0789004	1.031247	2.616326
11934	-1231.297	-1448.799	217.5019	0.3531513	0.438151	0.416227	0.0344304	0.111191	0.88828	3.068017
11940	-1228.374	-1446.297	217.9233	0.3203297	0.455618	0.448842	0.0371283	0.0584117	0.7857513	2.88875
11946	-1218.537	-1436.969	218.4318	0.2916691	0.546276	0.398551	0.0210517	0.034121	0.8765266	2.529331
11952	-1224.296	-1442.391	218.0951	0.2916691	0.612479	0.31802	0.0529899	0.0165113	1.007305	2.656877
11958	-1228.146	-1447.302	219.1566	0.2916691	0.448195	0.491119	0.0472929	0.0133933	1.033261	1.961378
11964	-1233.57	-1452.473	218.9024	0.3922178	0.403063	0.50882	0.0742412	0.013876	0.9889683	2.117066
11970	-1235.351	-1454.14	218.7885	0.4665171	0.328435	0.602229	0.0593489	0.00998655	1.020363	2.127384
11976	-1233.613	-1452.904	219.2908	0.2437076	0.639206	0.31884	0.0197385	0.0222156	1.245205	1.729081
11982	-1230.52	-1449.736	219.2166	0.2614049	0.667179	0.30024	0.0227765	0.00980504	1.260307	1.770344
11988	-1223.648	-1441.923	218.2748	0.2741797	0.590835	0.337871	0.0504431	0.0208512	1.211307	2.421218
11994	-1227.331	-1445.686	218.3551	0.2741797	0.557651	0.327717	0.0472503	0.0673818	0.994182	2.507011
12000	-1235.889	-1454.234	218.3443	0.3838826	0.469334	0.445094	0.0470978	0.038474	0.942979	2.507011
12006	-1242.299	-1461.19	218.8903	0.6597804	0.475232	0.409462	0.0634633	0.0518429	1.068078	1.895582
12012	-1218.666	-1437.301	218.6353	0.823271	0.458531	0.407791	0.109974	0.0237045	1.191893	1.867528
12018	-1227.182	-1444.052	216.8703	0.4070827	0.60816	0.277854	0.0907849	0.023202	1.098779	3.292829
12024	-1225.99	-1443.789	217.7985	0.4697854	0.359018	0.515743	0.109306	0.0159335	0.9020151	2.821092
12030	-1222.33	-1440.597	218.2675	0.333599	0.382015	0.548781	0.0422765	0.0269274	1.17317	2.433341
12036	-1220.765	-1439.894	219.1291	0.3439461	0.529098	0.417026	0.0177874	0.0360885	1.250182	1.813808
12042	-1228.044	-1447.267	219.2228	0.2555654	0.423678	0.525869	0.0153509	0.0351013	1.334945	1.713954
12048	-1223.501	-1442.633	219.1327	0.2843757	0.454073	0.483964	0.00990793	0.0520551	1.285365	1.807729
12054	-1227.04	-1446.65	219.6093	0.2842708	0.474697	0.480463	0.000544437	0.0442964	1.320886	1.436872
12060	-1224.037	-1443.416	219.3789	0.2767295	0.440662	0.517119	0.000359714	0.0418593	1.158181	1.726256
12066	-1218.62	-1437.336	218.7157	0.2923147	0.527983	0.411395	0.000286358	0.0603363	1.117917	2.195849
12072	-1223.364	-1442.18	218.8159	0.2632933	0.542625	0.40832	0.000294299	0.0487605	1.025187	2.195849
12078	-1218.427	-1437.298	218.8707	0.2632933	0.526892	0.441362	0.000226426	0.0315197	1.104891	2.108205
12084	-1223.003	-1442.322	219.3187	0.2873038	0.535337	0.448436	0.000240756	0.0159861	0.887759	1.95128
12090	-1216.074	-1435.159	219.0842	0.3161728	0.475679	0.503571	0.000844112	0.0199052	1.069504	1.978219
12096	-1217.73	-1437.061	219.3311	0.2330643	0.576675	0.409422	0.000565592	0.0133373	1.133714	1.777624
12102	-1213.669	-1432.508	218.8383	0.255575	0.552156	0.405599	0.000462365	0.041782	1.069278	2.153074
12108	-1231.516	-1450.138	218.6216	0.2278645	0.489278	0.422406	0.000864509	0.0874515	0.7852621	2.470471
12114	-1235.04	-1453.86	218.82	0.3223425	0.432264	0.4508	0.00114467	0.115792	0.9964924	2.197824
12120	-1232.219	-1450.832	218.6133	0.315764	0.538716	0.383979	0.0279682	0.0493369	0.9218575	2.38006
12126	-1247.414	-1464.61	217.1953	0.315764	0.558971	0.336735	0.0611668	0.0431272	0.9016297	3.255859
12132	-1237.634	-1454.515	216.8809	0.5002558	0.448518	0.483126	0.0623503	0.00600538	0.602289	3.526369
12138	-1242.029	-1458.392	216.3638	0.2929298	0.387563	0.540512	0.0667357	0.00518923	0.7816528	3.81616
12144	-1223.504	-1439.808	216.3039	0.4090187	0.446292	0.451532	0.0848962	0.0172802	0.7643489	3.81616
12150	-1221.283	-1439.621	218.3384	0.260254	0.389553	0.484175	0.0470557	0.0792163	1.029471	2.496808
12156	-1221.177	-1438.61	217.4329	0.3734839	0.455379	0.497214	0.022957	0.0244496	0.8387379	3.12985
12162	-1213.515	-1431.186	217.6712	0.3225691	0.455247	0.49707	0.0191444	0.0285384	0.8855299	2.979811
12168	-1225.273	-1441.929	216.6564	0.3548704	0.35362	0.595058	0.0342498	0.0170719	0.7782551	3.629179
12174	-1234.015	-1452.072	218.0566	0.3338356	0.35109	0.590799	0.0456724	0.0124389	0.9234134	2.719065
12180	-1217.777	-1435.492	217.7154	0.3972023	0.510601	0.394153	0.0748589	0.0203872	0.8970864	2.9142
12186	-1219.332	-1437.741	218.4087	0.2687571	0.487285	0.370751	0.0714407	0.0705228	0.9420727	2.50679
12192	-1219.032	-1436.293	217.261	0.2985935	0.530789	0.359145	0.0553889	0.0546773	0.925462	3.207699
12198	-1222.832	-1440.505	217.6731	0.3928431	0.321226	0.531415	0.0426421	0.104717	0.9172389	2.929758
12204	-1231.234	-1449.594	218.3607	0.4314123	0.287771	0.542747	0.152983	0.0164993	1.254404	2.273941
12210	-1225.299	-1444.55	219.2513	0.4188122	0.529291	0.433994	0.0257582	0.0109573	1.298294	1.652829
12216	-1215.4	-1434.73	219.33	0.3024735	0.525265	0.353671	0.0255622	0.0955021	1.157967	1.754357
12222	-1219.304	-1436.91	217.6062	0.4484485	0.423728	0.384068	0.16696	0.0252438	1.081958	2.840882
12228	-1218.956	-1437.874	218.9183	0.5469535	0.486282	0.406997	0.0912433	0.015478	1.161386	1.893574
12234	-1225.328	-1444.188	218.8592	0.266226	0.416965	0.509592	0.0414389	0.0320043	1.124669	2.102503
12240	-1226.47	-1445.482	219.0116	0.3707942	0.524341	0.445713	0.0202419	0.00970432	1.041113	2.021837
12246	-1210.399	-1429.515	219.1154	0.2893746	0.476358	0.404925	0.109901	0.00881626	1.246178	1.845489
12252	-1221.89	-1440.999	219.1098	0.3441406	0.550263	0.374233	0.0663637	0.00914025	1.192912	1.866281
12258	-1215.502	-1434.675	219.1736	0.3265872	0.507304	0.40998	0.0727028	0.0100133	1.231516	1.803361
12264	-1217.546	-1436.051	218.5054	0.3774683	0.602732	0.340768	0.041729	0.0147704	1.201351	2.244467
12270	-1220.739	-1439.644	218.9044	0.3048151	0.607679	0.343565	0.0321861	0.0165701	1.031706	2.125805
12276	-1227.98	-1446.723	218.7429	0.2630011	0.582917	0.329565	0.0453973	0.04212	1.090652	2.200749
12282	-1227.928	-1446.619	218.6915	0.2429679	0.478128	0.412367	0.056803	0.0527023	0.9762338	2.307477
12288	-1229.929	-1447.942	218.0129	0.5448952	0.31785	0.531528	0.0777466	0.0728756	0.8969366	2.646999
12294	-1212.76	-1430.942	218.1814	0.3482694	0.416806	0.427688	0.0552932	0.100213	0.9065662	2.646999
12300	-1204.9	-1423.966	219.0668	0.2191759	0.59169	0.335246	0.0128639	0.0602002	1.210835	1.902912
12306	-1215.538	-1435.141	219.6033	0.192957	0.836286	0.146006	0.00285447	0.0148535	1.316298	1.429625
12312	-1222.021	-1441.302	219.2803	0.1974726	0.878268	0.113256	0.00226381	0.00621271	1.364534	1.6368
12318	-1240.975	-1460.655	219.68	0.2148771	0.433058	0.508513	0.0304969	0.0279326	1.356391	1.351348
12324	-1241.006	-1459.803	218.7961	0.3161219	0.36324	0.594409	0.0364422	0.00590803	1.10583	2.144513
12330	-1239.603	-1459.131	219.5284	0.3161219	0.450709	0.485988	0.0355212	0.0277812	1.360991	1.457765
12336	-1240.236	-1459.61	219.374	0.2664593	0.354516	0.566237	0.0368068	0.0424397	1.356579	1.589186
12342	-1239.147	-1457.94	218.7929	0.2811804	0.336192	0.576578	0.0469837	0.040246	1.263717	2.052431
12348	-1233.935	-1452.757	218.8219	0.2811804	0.339321	0.581946	0.0172178	0.061515	1.116269	2.130232
12354	-1227.864	-1446.452	218.5877	0.2849389	0.563054	0.421098	0.0052836	0.0105644	1.190362	2.233339
12360	-1222.11	-1439.858	217.748	0.3058555	0.324135	0.667327	0.00245622	0.00608167	0.9914948	2.874798
12366	-1238.5	-1457.024	218.5244	0.2644595	0.586483	0.39828	0.00474425	0.0104922	1.130531	2.315327
12372	-1239.716	-1458.348	218.6326	0.3867112	0.456374	0.476193	0.00977266	0.0576609	1.203455	2.156095
12378	-1237.256	-1456.708	219.452	0.2498227	0.489311	0.387265	0.0316659	0.091758	1.078431	1.733234
12384	-1224.629	-1444.107	219.4773	0.2498227	0.621794	0.292916	0.00633297	0.078957	1.265678	1.580977
12390	-1229.388	-1448.888	219.5001	0.3141496	0.518872	0.469234	0.00832458	0.00356968	1.309232	1.51882
12396	-1224.149	-1443.87	219.7214	0.2705793	0.552379	0.393922	0.0192	0.034499	1.34944	1.329439
12402	-1229.551	-1449.249	219.6979	0.2518974	0.711534	0.250432	0.0225297	0.0155043	1.374946	1.329439
12408	-1247.888	-1467.81	219.922	0.257419	0.585488	0.365208	0.0230117	0.0262921	1.143231	1.33536
12414	-1233.549	-1453.219	219.6693	0.2668225	0.516887	0.266962	0.00152277	0.214628	1.604445	1.160338
12420	-1230.519	-1450.209	219.6899	0.2555068	0.665366	0.290214	0.016156	0.0282631	1.535371	1.203368
12426	-1238.89	-1458.601	219.7113	0.3053257	0.480337	0.345123	0.0498498	0.124691	1.500392	1.203368
12432	-1228.633	-1446.693	218.0591	0.3053257	0.478828	0.450994	0.0200433	0.0501351	1.057071	2.644901
12438	-1249.458	-1467.807	218.3486	0.2317132	0.553318	0.376337	0.0170864	0.0532588	0.9510675	2.538144
12444	-1238.608	-1457.5	218.8917	0.3351707	0.525899	0.382115	0.0433851	0.0486011	1.061756	2.103667
12450	-1237.16	-1456.138	218.9781	0.3394804	0.562838	0.324625	0.072053	0.0404832	1.129343	2.000015
12456	-1234.148	-1452.782	218.6335	0.4040703	0.43127	0.482501	0.0552099	0.0310199	0.9946676	2.280993
12462	-1233.464	-1452.765	219.3008	0.3051052	0.435553	0.500801	0.0313491	0.0322965	1.198876	1.745323
12468	-1229.474	-1448.481	219.0069	0.4343077	0.492618	0.365193	0.105578	0.0366115	1.153415	1.913801
12474	-1219.398	-1437.614	218.2157	0.355635	0.349753	0.586514	0.0431462	0.0205862	1.110776	2.495818
12480	-1219.856	-1438.519	218.6632	0.2913375	0.480385	0.510711	0.00431332	0.00459077	1.1262	2.224678
12486	-1231.141	-1450.127	218.9865	0.3816495	0.534098	0.394092	0.0524418	0.0193681	1.240715	1.899054
12492	-1244.737	-1463.974	219.2369	0.4079516	0.441843	0.453357	0.0660935	0.0387062	1.031295	1.856274
12498	-1243.378	-1462.276	218.8975	0.4409195	0.382554	0.515981	0.057944	0.0435215	1.173577	1.96985
12504	-1252.469	-1471.714	219.245	0.4172889	0.34202	0.507221	0.089801	0.0609575	1.138382	1.771195
12510	-1235.47	-1454.064	218.5938	0.2785265	0.529025	0.379454	0.0391531	0.052368	1.138173	2.264202
12516	-1237.8	-1456.604	218.8044	0.3275107	0.403176	0.448185	0.0756687	0.0729707	1.087271	2.147072
12522	-1245.186	-1463.725	218.5393	0.458466	0.300718	0.528052	0.10971	0.0615207	1.117612	2.230954
12528	-1239.617	-1458.544	218.9268	0.4358978	0.335076	0.588384	0.0454091	0.0311307	0.9862393	2.07782
12534	-1235.395	-1453.461	218.0663	0.4962047	0.431456	0.45035	0.0800363	0.0381574	1.12137	2.505209
12540	-1249.984	-1467.329	217.3447	0.7584017	0.495531	0.459199	0.00529373	0.0399767	0.8788474	2.928291
12546	-1248.287	-1465.497	217.2101	0.7839085	0.462098	0.472696	0.00493657	0.0602696	0.7751546	3.055218
12552	-1257.035	-1474.605	217.5692	0.4783523	0.43914	0.476206	0.0197638	0.0648903	0.734449	3.055218
12558	-1252.254	-1469.862	217.6083	0.3445708	0.482526	0.449111	0.00501111	0.0633517	0.8805251	3.012501
12564	-1249.799	-1468.127	218.3274	0.3513044	0.456338	0.479009	0.00473914	0.0599135	0.8037853	2.619043
12570	-1233.649	-1451.111	217.4622	0.2852539	0.440444	0.485907	0.0321017	0.041548	0.9070079	3.102014
12576	-1241.512	-1459.422	217.9104	0.2702726	0.594631	0.291779	0.0269769	0.0866135	0.9659294	2.799004
12582	-1244.989	-1462.923	217.9343	0.2910492	0.552472	0.33264	0.0240707	0.0908177	0.9246073	2.806027
12588	-1242.703	-1461.359	218.6558	0.2726323	0.49547	0.371671	0.00375496	0.129104	1.116935	2.23892
12594	-1230.629	-1450.197	219.5675	0.3183514	0.493088	0.432961	0.0218632	0.0520879	1.286912	1.483344
12600	-1232.53	-1452.19	219.6605	0.3183514	0.364146	0.431348	0.0212655	0.18324	1.419572	1.307401
12606	-1226.07	-1445.687	219.6167	0.3178648	0.672964	0.274545	0.0392999	0.0131915	1.405834	1.353725
12612	-1239.828	-1459.462	219.6346	0.2706978	0.49254	0.389918	0.0666358	0.0509063	1.627703	1.16973
12618	-1253.99	-1473.76	219.7699	0.4049022	0.392358	0.574787	0.00707966	0.0257761	1.725035	0.8588235
12624	-1246.829	-1466.346	219.5167	0.2599223	0.368385	0.539668	0.0838382	0.008109	1.574342	1.314485
12630	-1239.854	-1458.979	219.1257	0.3012005	0.403154	0.542801	0.0445114	0.00953345	1.239978	1.839505
12636	-1249.988	-1469.37	219.3821	0.2266488	0.578293	0.394111	0.0186531	0.00894265	1.177232	1.710129
12642	-1231.337	-1451.228	219.8912	0.2925947	0.630589	0.351246	0.00947771	0.00868674	1.555368	0.9920512
12648	-1235.226	-1455.187	219.9612	0.2673783	0.496336	0.48707	0.00822252	0.00837177	1.48356	1.000774
12654	-1224.146	-1443.845	219.6988	0.279294	0.52053	0.461084	0.0100161	0.00836991	1.426548	1.283655
12660	-1219.632	-1439.377	219.7453	0.3064358	0.576355	0.356964	0.0313023	0.0353785	1.426548	1.236701
12666	-1215.856	-1435.754	219.8987	0.2838831	0.386018	0.55687	0.0235166	0.033595	1.340194	1.187155
12672	-1205.353	-1425.101	219.7473	0.3692685	0.440801	0.518718	0.0275969	0.0128845	1.449016	1.182381
12678	-1203.536	-1422.694	219.1578	0.2808972	0.665227	0.300661	0.0212738	0.012838	1.364098	1.736102
12684	-1206.221	-1425.813	219.5924	0.2899131	0.536777	0.431441	0.0238285	0.00795407	1.275743	1.482626
12690	-1216.865	-1436.357	219.4925	0.3224484	0.596101	0.373425	0.0264619	0.00401216	1.371302	1.474549
12696	-1221.146	-1440.862	219.7161	0.2267354	0.522934	0.441823	0.0273564	0.00788659	1.272245	1.393123
12702	-1228.853	-1448.399	219.5459	0.2684562	0.562834	0.411659	0.0204428	0.00506457	1.3727	1.448725
12708	-1223.011	-1442.789	219.7782	0.3037414	0.446507	0.514668	0.0227032	0.0161219	1.462582	1.178904
12714	-1233.948	-1453.603	219.6554	0.2562107	0.535705	0.327038	0.0460468	0.0912101	1.355693	1.378287
12720	-1226.599	-1446.335	219.7357	0.2562712	0.619897	0.326479	0.00833766	0.0452864	1.482482	1.209308
12726	-1222.157	-1441.851	219.6943	0.2411343	0.63885	0.336461	0.00859257	0.016097	1.167402	1.492542
12732	-1240.955	-1459.92	218.9651	0.177257	0.776694	0.201548	0.0139448	0.00781333	1.033629	2.064322
12738	-1227.778	-1447.336	219.5586	0.2400659	0.561171	0.382311	0.0340726	0.0224456	1.146801	1.607809
12744	-1222.644	-1441.844	219.2004	0.4142725	0.42556	0.521578	0.0415126	0.0113497	1.201278	1.76027
12750	-1231.154	-1450.353	219.1995	0.4064918	0.515096	0.416863	0.0557974	0.0122433	1.276642	1.712729
12756	-1229.039	-1448.074	219.0354	0.4251256	0.47245	0.491997	0.0267505	0.00880162	1.230307	1.847654
12762	-1230.395	-1449.539	219.1438	0.3519994	0.515474	0.440294	0.036356	0.00787666	1.312126	1.756819
12768	-1228.247	-1447.821	219.574	0.3958995	0.422335	0.532001	0.0127042	0.03296	1.558073	1.219315
12774	-1234.954	-1454.7	219.7458	0.3272878	0.348429	0.564336	0.0371831	0.0500527	1.316176	1.317968
12780	-1228.082	-1447.639	219.5569	0.3272878	0.473899	0.424459	0.0422833	0.0593591	1.308062	1.471636
12786	-1227.74	-1446.891	219.1509	0.3211576	0.392992	0.524723	0.0342307	0.0480546	1.208826	1.836822
12792	-1228.86	-1445.871	217.011	0.377546	0.483523	0.40537	0.0686314	0.0424759	0.796954	3.401746
12798	-1221.743	-1439.307	217.564	0.4223184	0.427362	0.474436	0.0606599	0.0375423	0.6640743	3.131536
12804	-1223.257	-1440.966	217.709	0.2495976	0.50094	0.438838	0.0284864	0.0317349	0.92409	2.947361
12810	-1216.676	-1434.405	217.7292	0.330307	0.534942	0.413162	0.0164841	0.0354119	1.00964	2.867285
12816	-1216.51	-1434.987	218.477	0.3509536	0.414235	0.520399	0.0207626	0.0446032	0.9407511	2.440604
12822	-1221.263	-1438.92	217.6562	0.3449949	0.598852	0.363006	0.00702897	0.0311131	0.834763	3.011038
12828	-1224.368	-1442.541	218.1736	0.4163907	0.397802	0.576862	0.00466916	0.0206676	0.9206175	2.60999
12834	-1216.523	-1434.641	218.1185	0.362877	0.395329	0.564667	0.0118123	0.0281917	1.152316	2.527313
12840	-1226.961	-1446.195	219.2336	0.2300295	0.388777	0.555307	0.0116165	0.0442996	1.218439	1.786004
12846	-1222.799	-1442.025	219.2256	0.4221089	0.443327	0.520438	0.00277547	0.0334596	1.259631	1.696603
12852	-1231.449	-1450.193	218.744	0.301721	0.4265	0.551638	0.00294186	0.01892	1.122701	2.171953
12858	-1237.693	-1456.434	218.7412	0.3866861	0.329706	0.652386	0.00371681	0.0141909	1.253953	2.051748
12864	-1226.796	-1446.02	219.2241	0.3019453	0.441327	0.537041	0.00395804	0.0176741	1.127421	1.848952
12870	-1221.85	-1440.369	218.5182	0.3327724	0.457952	0.51973	0.00408344	0.018234	1.070107	2.340269
12876	-1227.543	-1445.5	217.9561	0.4713895	0.510655	0.479584	0.0066844	0.00307649	1.078374	2.615498
12882	-1232.324	-1450.731	218.4072	0.3491883	0.420793	0.557275	0.0187339	0.00319821	0.9250838	2.494978
12888	-1226.998	-1445.698	218.6999	0.3829604	0.534831	0.432018	0.0322958	0.000855838	1.090565	2.187619
12894	-1217.269	-1434.739	217.4693	0.4271921	0.514242	0.473587	0.0116951	0.000475841	0.9815148	2.995845
12900	-1217.536	-1435.363	217.8272	0.3946038	0.365023	0.616166	0.0187674	4.36866e-05	0.7177212	2.956222
12906	-1228.924	-1444.978	216.0537	0.5160983	0.450126	0.526677	0.0231429	5.38718e-05	0.5526265	4.022701
12912	-1238.344	-1454.909	216.5648	0.3718299	0.354145	0.586892	0.0588465	0.00011644	0.700119	3.720203
12918	-1237.197	-1454.786	217.5894	0.3718299	0.409291	0.562445	0.0281298	0.000134571	0.6874437	3.127456
12924	-1242.016	-1460.031	218.0149	0.319599	0.420111	0.525529	0.054222	0.000138129	0.8332403	2.804668
12930	-1237.76	-1456.104	218.3433	0.3004139	0.393565	0.561715	0.0445723	0.00014764	0.8945116	2.570991
12936	-1238.23	-1456.426	218.1961	0.3935828	0.364018	0.589014	0.0467385	0.000229812	0.8842155	2.630573
12942	-1243.571	-1462.27	218.6994	0.4440593	0.2767	0.693684	0.0290087	0.000607088	1.090298	2.153701
12948	-1246.66	-1465.361	218.7012	0.34595	0.480958	0.464053	0.054507	0.000482585	1.168727	2.153701
12954	-1237.879	-1456.821	218.9417	0.2653945	0.588546	0.354639	0.0559937	0.00082086	0.9694152	2.150171
12960	-1243.396	-1462.334	218.9377	0.4526864	0.481989	0.504241	0.0131247	0.000645717	1.414724	1.770238
12966	-1237.39	-1456.691	219.3012	0.2927648	0.545919	0.420025	0.0309163	0.00314054	1.192744	1.752951
12972	-1230.095	-1449.277	219.1823	0.2894093	0.46145	0.496691	0.0365595	0.00529901	1.219155	1.81808
12978	-1225.257	-1444.157	218.8999	0.3116002	0.458371	0.507998	0.0239337	0.0096974	0.9791673	2.160885
12984	-1229.374	-1447.792	218.4187	0.3264248	0.27282	0.689889	0.0265385	0.0107528	1.129063	2.368371
12990	-1227.329	-1445.95	218.621	0.3174778	0.269984	0.692579	0.026642	0.0107947	1.109927	2.254686
12996	-1233.222	-1450.705	217.4834	0.427599	0.329808	0.620185	0.0354435	0.0145645	1.063876	2.937616
13002	-1233.036	-1449.861	216.8245	0.4281339	0.389365	0.468756	0.120359	0.0215195	0.9370512	3.403889
13008	-1227.407	-1444.778	217.3715	0.4281339	0.385251	0.464511	0.119087	0.0311507	0.8881964	3.109613
13014	-1236.195	-1453.667	217.472	0.3596814	0.277464	0.617864	0.0857687	0.0189028	0.8595436	3.100262
13020	-1228.958	-1447.239	218.2809	0.3596814	0.315994	0.629272	0.0408038	0.0139309	1.058692	2.485819
13026	-1231.957	-1450.488	218.531	0.3178415	0.297743	0.649708	0.0332133	0.0193356	1.119074	2.306357
13032	-1223.024	-1440.421	217.3965	0.3198292	0.430064	0.505753	0.0401858	0.0239972	1.12441	3.002212
13038	-1222.03	-1439.066	217.0364	0.3867169	0.297167	0.6543	0.0323147	0.0162184	0.9430897	3.296655
13044	-1228.306	-1444.523	216.2168	0.3326807	0.357596	0.576986	0.0554259	0.00999256	0.8435606	3.853625
13050	-1229.43	-1446.665	217.2349	0.4072196	0.378441	0.474521	0.0945588	0.0524795	0.833485	3.234124
13056	-1231.85	-1450.009	218.1597	0.3860405	0.507496	0.395353	0.0514277	0.0457238	0.9949156	2.588456
13062	-1227.156	-1445.988	218.8314	0.3168619	0.513067	0.370948	0.0482531	0.0677314	1.197728	2.060797
13068	-1216.331	-1435.836	219.5046	0.2818319	0.348704	0.45603	0.090753	0.104513	1.277999	1.548482
13074	-1225.715	-1445.041	219.326	0.2831023	0.507439	0.346205	0.0968739	0.0494823	1.155134	1.764235
13080	-1243.99	-1462.44	218.4504	0.4063399	0.539972	0.334476	0.108401	0.0171507	0.963516	2.415872
13086	-1237.027	-1456.159	219.1317	0.4073733	0.292011	0.505289	0.149216	0.0534846	1.091975	1.886999
13092	-1240.966	-1459.787	218.8217	0.3565236	0.192618	0.658698	0.0927615	0.0559227	0.9304791	2.225278
13098	-1224.379	-1443.131	218.7518	0.2647215	0.559713	0.360174	0.0499811	0.0301319	1.336746	2.033652
13104	-1224.46	-1444.105	219.6454	0.266712	0.50698	0.390037	0.0869598	0.0160229	1.29507	1.432222
13110	-1246.362	-1464.949	218.5867	0.2858317	0.686834	0.19797	0.110373	0.0048223	1.163871	2.250852
13116	-1230.088	-1449.092	219.0039	0.3438743	0.519136	0.381925	0.0912187	0.00772019	1.140147	1.973695
13122	-1230.697	-1449.655	218.9586	0.2993891	0.543348	0.405985	0.0399019	0.0107646	1.197472	1.981968
13128	-1226.014	-1444.217	218.2027	0.3014346	0.447293	0.444792	0.0817927	0.0261226	1.116383	2.520132
13134	-1220.604	-1439.854	219.25	0.3244813	0.469953	0.417506	0.0960147	0.0165264	1.096792	1.844403
13140	-1229.346	-1448.305	218.9593	0.4572038	0.455734	0.326814	0.204744	0.0127091	1.130194	1.947239
13146	-1217.228	-1436.239	219.011	0.3208529	0.501071	0.376113	0.103465	0.0193516	1.294231	1.874177
13152	-1221.103	-1440.119	219.0158	0.3244863	0.458367	0.492191	0.0301248	0.0193174	1.287452	1.874177
13158	-1220.826	-1440.219	219.3925	0.3244863	0.556388	0.354106	0.0342834	0.0552225	1.341578	1.570289
13164	-1226.311	-1445.536	219.2251	0.2686501	0.500244	0.404238	0.0458676	0.0496501	1.20429	1.802632
13170	-1231.618	-1450.48	218.8624	0.2198692	0.475269	0.440131	0.00452429	0.0800758	0.9424307	2.215541
13176	-1226.928	-1445.986	219.0583	0.3622769	0.457439	0.517192	0.0049158	0.0204528	1.424897	1.732533
13182	-1228.871	-1448.297	219.4261	0.5981462	0.347225	0.552704	0.0414399	0.0586312	1.314909	1.377008
13188	-1222.195	-1441.812	219.6162	0.1975228	0.439425	0.465827	0.0252862	0.0694621	1.277512	1.452735
13194	-1224.346	-1443.561	219.2148	0.3646511	0.548869	0.380235	0.0522839	0.0186122	1.258682	1.738133
13200	-1218.298	-1437.674	219.3758	0.5317941	0.518412	0.40495	0.0522036	0.0244342	1.252574	1.515684
13206	-1225	-1444.638	219.638	0.246384	0.608287	0.338102	0.0445805	0.00903032	1.390323	1.364659
13212	-1221.817	-1441.589	219.7723	0.2459321	0.623119	0.346346	0.0086041	0.0219304	1.400364	1.247706
13218	-1224.057	-1443.966	219.9093	0.268619	0.482308	0.475749	0.0118188	0.0301241	1.354379	1.168811
13224	-1233.504	-1453.247	219.7427	0.284387	0.420259	0.532771	0.0132354	0.0337347	1.51715	1.168811
13230	-1232.54	-1452.256	219.716	0.4238474	0.547507	0.433094	0.0115789	0.00782027	1.426287	1.190004
13236	-1231.248	-1450.925	219.6773	0.2621984	0.584745	0.41002	0.00351858	0.00171681	1.61772	1.142034
13242	-1230.485	-1450.227	219.7419	0.2366452	0.71921	0.275389	0.0043277	0.00107259	1.61772	1.082699
13248	-1230.929	-1450.918	219.9894	0.1923801	0.835915	0.161361	0.00139061	0.00133319	1.581024	0.8351751
13254	-1229.764	-1449.553	219.7886	0.1999801	0.824888	0.172592	0.00137227	0.00114767	1.621647	1.017422
13260	-1232.483	-1452.237	219.7544	0.2405575	0.747674	0.250042	0.00124382	0.00104024	1.525979	1.154958
13266	-1238.666	-1458.546	219.8804	0.2405575	0.655038	0.334763	0.00108971	0.0091096	1.096762	1.404297
13272	-1224.234	-1443.829	219.595	0.2396571	0.523438	0.441676	0.00924504	0.0256417	1.382049	1.404297
13278	-1225.464	-1445.071	219.6071	0.3040427	0.563847	0.396255	0.0122765	0.0276212	1.228313	1.502974
13284	-1231.127	-1449.923	218.7959	0.437166	0.435711	0.460899	0.03893	0.0644598	1.189632	2.029203
13290	-1243.562	-1462.535	218.9722	0.2037248	0.526154	0.309349	0.0434675	0.121029	1.268494	1.921656
13296	-1231.747	-1450.848	219.1017	0.2037248	0.461391	0.390162	0.0423159	0.106132	1.139007	1.921656
13302	-1226.924	-1445.561	218.6371	0.2308668	0.414301	0.406277	0.0403161	0.139106	1.05578	2.289935
13308	-1214.473	-1432.651	218.1778	0.2469027	0.475757	0.498574	0.00801954	0.0176487	0.9681486	2.63482
13314	-1222.773	-1441.092	218.3184	0.3137755	0.553137	0.40267	0.0193234	0.0248695	0.927183	2.562256
13320	-1238.476	-1456.81	218.3345	0.3137755	0.340142	0.591841	0.0274785	0.0405382	1.000016	2.506856
13326	-1239.013	-1458.06	219.0479	0.3770823	0.383003	0.557941	0.0382198	0.0208365	1.295797	1.821846
13332	-1234.826	-1452.879	218.0536	0.3587276	0.334131	0.601086	0.0120493	0.0527336	1.140394	2.576915
13338	-1245.383	-1463.73	218.3469	0.4173603	0.335547	0.628207	0.00639464	0.029852	1.081375	2.400796
13344	-1253.805	-1472.919	219.1139	0.3096063	0.572217	0.347363	0.0371947	0.0432247	1.202586	1.870495
13350	-1235.375	-1454.397	219.0213	0.3783237	0.293589	0.572177	0.0969806	0.037254	1.129038	1.952708
13356	-1234.753	-1453.146	218.3932	0.5381127	0.32154	0.531261	0.0989639	0.0482354	1.093809	2.289324
13362	-1236.143	-1453.362	217.2197	0.3066833	0.144112	0.583669	0.189402	0.0828166	0.9468624	3.217369
13368	-1230.246	-1446.551	216.3043	0.3922221	0.149221	0.656897	0.120976	0.0729062	0.7590357	3.827098
13374	-1219.16	-1436.572	217.4121	0.2517877	0.5811	0.295172	0.0729298	0.0507985	0.7562518	3.224708
13380	-1225.066	-1441.144	216.0781	0.4778853	0.272654	0.625309	0.0731631	0.0288735	0.7706528	3.905723
13386	-1224.375	-1442.06	217.6855	0.3413829	0.484374	0.498905	0.0132968	0.00342436	0.9124522	2.948176
13392	-1213.293	-1432.842	219.5493	0.2946194	0.452299	0.530576	0.0141409	0.00298436	1.26447	1.522103
13398	-1222.348	-1442.04	219.6923	0.2306626	0.584226	0.36149	0.0182655	0.036018	1.175323	1.486534
13404	-1226.347	-1446.079	219.7318	0.2399112	0.566765	0.388017	0.0105395	0.0346786	1.241233	1.407451
13410	-1232.377	-1451.924	219.5473	0.2382457	0.688168	0.242956	0.0127971	0.0560787	1.23255	1.553128
13416	-1241.408	-1461.319	219.9107	0.2382457	0.73874	0.22683	0.00336175	0.0310686	1.435859	1.095065
13422	-1233.11	-1453.085	219.9754	0.2382457	0.569982	0.418488	0.00259379	0.00893666	1.399455	1.068729
13428	-1231.566	-1451.442	219.8754	0.3410906	0.67953	0.303403	0.00641362	0.0106542	1.387964	1.140852
13434	-1236.01	-1455.188	219.1779	0.3823845	0.459142	0.512053	0.0108243	0.0179812	1.190431	1.801925
13440	-1236.27	-1455.21	218.9401	0.4083324	0.391681	0.572842	0.00468294	0.0307932	1.122498	1.994934
13446	-1232.485	-1451.742	219.2567	0.2337934	0.251853	0.724948	0.00306236	0.0201369	1.170544	1.803845
13452	-1229.831	-1448.59	218.7592	0.2725348	0.556215	0.378865	0.0086575	0.0562622	1.201868	2.116659
13458	-1225.369	-1444.111	218.7419	0.3676001	0.369442	0.558536	0.0336344	0.0383878	1.08442	2.172079
13464	-1229.967	-1447.983	218.0163	0.3044565	0.455412	0.432923	0.0411942	0.0704707	0.9405343	2.742969
13470	-1233.853	-1451.708	217.8551	0.4661099	0.292367	0.639693	0.029643	0.0382965	1.03733	2.706075
13476	-1237.217	-1455.057	217.8393	0.3802904	0.3013	0.638147	0.00936663	0.0511864	1.035543	2.76329
13482	-1229.258	-1446.896	217.6375	0.4270507	0.386559	0.535753	0.0120171	0.0656706	0.9842411	2.892991
13488	-1230.712	-1449.141	218.4292	0.308111	0.437511	0.460805	0.0248486	0.0768353	1.125021	2.370453
13494	-1212.135	-1431.009	218.874	0.2489889	0.552525	0.39644	0.0222372	0.0287981	1.187805	2.051904
13500	-1212.576	-1431.415	218.8391	0.257669	0.596832	0.341617	0.0236225	0.0379283	1.236679	2.042586
13506	-1219.39	-1438.068	218.6787	0.3273043	0.357491	0.581795	0.0319656	0.0287489	1.179444	2.168948
13512	-1222.395	-1440.725	218.3306	0.2506121	0.448979	0.500759	0.0255177	0.0247445	1.101456	2.456881
13518	-1225.65	-1444.232	218.5826	0.3222013	0.473005	0.451538	0.023634	0.0518225	0.9367899	2.387877
13524	-1216.33	-1433.619	217.2895	0.2963544	0.530961	0.425342	0.0221193	0.0215772	0.9265346	3.190679
13530	-1225.684	-1443.614	217.9299	0.3581813	0.361764	0.597796	0.0290739	0.0113665	0.9129107	2.792961
13536	-1235.593	-1454.383	218.7895	0.2672994	0.572237	0.314943	0.036026	0.0767943	1.069061	2.184129
13542	-1232.35	-1450.806	218.4558	0.2595625	0.328539	0.513809	0.0530507	0.104601	0.988088	2.4492
13548	-1231.466	-1448.611	217.1451	0.4319792	0.328539	0.513809	0.0530507	0.104601	0.8163726	3.284358
13554	-1226.823	-1445.465	218.6414	0.4255332	0.335158	0.608273	0.0340202	0.0225488	1.143186	2.167983
13560	-1228.642	-1447.228	218.586	0.2496945	0.590575	0.364843	0.0246189	0.0199625	1.219038	2.219625
13566	-1221.178	-1439.908	218.7297	0.322815	0.493556	0.456485	0.0181596	0.0317998	1.061581	2.213905
13572	-1215.984	-1434.575	218.5902	0.303379	0.528433	0.405985	0.0208262	0.0447559	1.105648	2.281616
13578	-1224.107	-1443.054	218.9477	0.3063631	0.417383	0.500917	0.015607	0.0660928	1.169226	2.00605
13584	-1219.223	-1438.079	218.8553	0.3198964	0.522938	0.380925	0.0455463	0.0505912	1.078211	2.122516
13590	-1223.009	-1440.174	217.1643	0.4573794	0.374756	0.474573	0.100638	0.0500328	0.9251315	3.194728
13596	-1224.63	-1443.513	218.8832	0.3636651	0.415042	0.525589	0.0423734	0.016995	1.101738	2.070216
13602	-1230.915	-1449.168	218.2526	0.3758422	0.4686	0.475174	0.0258383	0.0303879	1.145119	2.441749
13608	-1232.387	-1451.311	218.9236	0.3553702	0.373552	0.540059	0.0293666	0.0570223	1.181868	1.99421
13614	-1241.806	-1460.729	218.9232	0.3966155	0.415861	0.447282	0.041608	0.0952495	1.014216	2.084459
13620	-1230.351	-1449.66	219.3091	0.2996552	0.543509	0.358651	0.0499621	0.0478783	1.117371	1.797997
13626	-1231.676	-1451.18	219.5047	0.3141039	0.437392	0.492623	0.0194496	0.0505351	1.254938	1.555652
13632	-1236.404	-1456.129	219.725	0.3372644	0.43541	0.490391	0.0193615	0.0548369	1.300112	1.342645
13638	-1233.629	-1452.305	218.6757	0.2244916	0.579099	0.290168	0.024574	0.106159	1.078626	2.24927
13644	-1239.136	-1457.592	218.456	0.309165	0.410705	0.375043	0.0402731	0.173979	0.9627491	2.455532
13650	-1237.233	-1456.57	219.3372	0.2886905	0.568903	0.36108	0.0537365	0.0162807	1.380434	1.594445
13656	-1227.073	-1446.45	219.3768	0.2886905	0.590957	0.325183	0.0197239	0.0641362	1.340839	1.594445
13662	-1225.692	-1444.963	219.2711	0.2136621	0.670103	0.21118	0.023805	0.0949125	1.140997	1.808946
13668	-1218.091	-1437.422	219.3313	0.2856906	0.590281	0.294013	0.0236422	0.092064	1.199185	1.72908
13674	-1225.822	-1445.092	219.2697	0.2856906	0.619462	0.278554	0.0584938	0.0434902	1.332992	1.677963
13680	-1233.64	-1453.012	219.3726	0.3281411	0.401079	0.516763	0.0578808	0.0242773	1.256634	1.644899
13686	-1232.288	-1451.431	219.1439	0.3755216	0.494696	0.362787	0.114419	0.028098	1.330619	1.731626
13692	-1221.624	-1440.808	219.1843	0.3585854	0.445047	0.478828	0.0210612	0.055064	1.188088	1.811617
13698	-1224.905	-1444.645	219.7404	0.3585854	0.48386	0.447957	0.0270314	0.0411516	1.383485	1.25056
13704	-1243.155	-1462.764	219.6097	0.4145921	0.414137	0.52756	0.0299458	0.0283569	1.469263	1.25056
13710	-1239.47	-1459.278	219.8072	0.2569365	0.502227	0.371534	0.0241668	0.102072	1.797562	0.8245019
13716	-1229.929	-1449.72	219.7909	0.3940818	0.522134	0.386261	0.0272154	0.0643893	1.872298	0.5995486
13722	-1224.097	-1444.015	219.9183	0.2383188	0.563107	0.353142	0.0248819	0.0588685	1.704994	0.7992207
13728	-1238.518	-1458.293	219.7757	0.4232388	0.525281	0.3545	0.0325193	0.0876996	1.750595	0.7992207
13734	-1232.632	-1452.477	219.8445	0.4250292	0.412847	0.558572	0.0235293	0.00505162	1.72054	0.7416802
13740	-1220.756	-1440.592	219.8359	0.2486025	0.532663	0.428581	0.0303579	0.00839763	1.882617	0.6447652
13746	-1243.448	-1463.241	219.7933	0.2967253	0.593205	0.358546	0.00626704	0.0419821	1.883937	0.7053649
13752	-1230.523	-1450.287	219.7639	0.3390262	0.550898	0.318797	0.0719606	0.058345	1.907423	0.675597
13758	-1222.175	-1442.151	219.9759	0.3060048	0.421082	0.436373	0.0351916	0.107354	1.632534	0.8019186
13764	-1226.732	-1446.694	219.962	0.3513695	0.55801	0.366552	0.0458061	0.0296321	1.389395	1.053633
13770	-1227.65	-1447.544	219.8943	0.3463395	0.57827	0.40012	0.0115381	0.0100712	1.60667	0.9039453
13776	-1228.442	-1448.232	219.7891	0.3047999	0.584537	0.404457	0.00262943	0.00837657	1.735627	0.9039453
13782	-1224.298	-1444.261	219.9633	0.2705986	0.5749	0.40103	0.016267	0.0078028	1.645422	0.8171358
13788	-1232.693	-1452.64	219.9462	0.3554196	0.454225	0.401496	0.134365	0.00991354	1.566031	0.8840669
13794	-1229.508	-1449.414	219.9054	0.3368022	0.580703	0.34024	0.0711056	0.00795173	1.619322	0.8840669
13800	-1226.541	-1446.182	219.6417	0.3011979	0.669496	0.268188	0.0560477	0.00626781	1.540547	1.229943
13806	-1228.452	-1447.993	219.5405	0.4120049	0.50378	0.454669	0.0270485	0.0145026	1.407913	1.358232
13812	-1230.892	-1449.813	218.9203	0.3977142	0.533637	0.43759	0.00449403	0.0242787	1.127448	2.010857
13818	-1234.471	-1453.206	218.7351	0.3574238	0.502619	0.489774	0.00472668	0.00288103	1.000787	2.235339
13824	-1236.377	-1455.893	219.516	0.3446177	0.561565	0.432532	0.00417426	0.00172914	1.232845	1.550291
13830	-1226.553	-1445.816	219.2634	0.2681165	0.635174	0.334377	0.0261108	0.00433834	1.259675	1.737343
13836	-1229.775	-1448.844	219.0693	0.2574771	0.747298	0.245849	0.00450137	0.00235163	1.418692	1.762825
13842	-1241.751	-1461.494	219.7436	0.3068954	0.670015	0.303897	0.0242993	0.00178814	1.863771	0.802695
13848	-1241.426	-1461.367	219.9414	0.3240439	0.634121	0.328961	0.0040023	0.0329154	1.751289	0.6503714
13854	-1237.683	-1457.256	219.5728	0.2189821	0.679098	0.278467	0.0060611	0.0363738	1.529402	1.300087
13860	-1224.127	-1443.573	219.4465	0.3464145	0.46027	0.520622	0.00281202	0.0162966	1.151701	1.658895
13866	-1231.425	-1448.895	217.4701	0.2984561	0.473764	0.521133	0.00289446	0.00220938	0.961331	3.061988
13872	-1224.582	-1442.255	217.6731	0.33499	0.190775	0.787823	0.0076247	0.013777	0.8880023	2.97279
13878	-1222.76	-1441.019	218.2595	0.3279247	0.543361	0.450426	0.00479809	0.00141448	1.023458	2.534173
13884	-1242.711	-1461.794	219.0833	0.4473562	0.47714	0.377411	0.139323	0.00612666	1.275544	1.769308
13890	-1250.351	-1469.326	218.9755	0.3955259	0.323537	0.530926	0.127917	0.01762	1.169515	1.946968
13896	-1248.145	-1467.347	219.2021	0.2979414	0.323014	0.530068	0.0388256	0.108092	1.124465	1.867192
13902	-1250.004	-1469.787	219.7829	0.2464416	0.327653	0.537681	0.0779346	0.0567317	1.349473	1.281012
13908	-1239.783	-1459.135	219.3514	0.3709751	0.408548	0.497892	0.0228221	0.0707383	1.23211	1.656807
13914	-1232.172	-1451.41	219.238	0.3008526	0.438959	0.508024	0.0070766	0.0459403	1.130296	1.837799
13920	-1230.522	-1449.683	219.16	0.2859949	0.322449	0.572399	0.010398	0.0947536	1.145479	1.88457
13926	-1231.168	-1450.61	219.4415	0.2720483	0.376351	0.603979	0.00952299	0.0101465	1.305505	1.576396
13932	-1221.551	-1440.832	219.2815	0.2778238	0.362723	0.582109	0.0303865	0.0247818	1.194943	1.768534
13938	-1233.994	-1452.596	218.6016	0.3253914	0.432367	0.49071	0.0260671	0.0508555	1.405967	2.071936
13944	-1231.97	-1450.924	218.9536	0.2770681	0.322823	0.586321	0.0385841	0.0522722	1.22761	1.970228
13950	-1228.572	-1447.525	218.9529	0.2461869	0.4054	0.432799	0.0268901	0.134911	1.191209	1.997193
13956	-1228.207	-1446.649	218.4419	0.3426041	0.319493	0.552992	0.021192	0.106323	1.027703	2.411497
13962	-1207.338	-1425.808	218.4698	0.3426041	0.447477	0.508716	0.0296811	0.0141264	0.999828	2.411497
13968	-1216.72	-1435.568	218.8477	0.483204	0.410348	0.565528	0.0151069	0.00901664	1.039428	2.065311
13974	-1228.836	-1446.805	217.9695	0.4780043	0.462167	0.516166	0.0170146	0.00465247	0.9210111	2.700211
13980	-1241.094	-1459.612	218.5182	0.2898455	0.582645	0.381264	0.0341577	0.00193298	1.035684	2.375482
13986	-1231.538	-1451.031	219.4927	0.2898455	0.403006	0.524242	0.0723719	0.000380192	1.173416	1.631534
13992	-1222.392	-1440.94	218.5478	0.2980996	0.482768	0.482547	0.0341482	0.000536444	1.068721	2.333719
13998	-1221.413	-1438.289	216.8762	0.3425021	0.482768	0.482547	0.0341482	0.000536444	1.05937	3.341661
14004	-1216.189	-1435.362	219.1723	0.2200605	0.803292	0.172106	0.0242216	0.000380505	1.29923	1.769901
14010	-1223.511	-1442.898	219.387	0.2353953	0.739857	0.238182	0.0217978	0.000162496	1.378415	1.563396
14016	-1234.658	-1454.325	219.6674	0.2865466	0.523689	0.417763	0.057135	0.00141218	1.573813	1.184398
14022	-1230.884	-1450.232	219.3485	0.2865466	0.569672	0.405591	0.0229732	0.00176452	1.258368	1.674787
14028	-1220.464	-1439.746	219.2819	0.3933991	0.405376	0.587019	0.00632099	0.00128374	1.317411	1.632673
14034	-1223.02	-1442.208	219.1881	0.498996	0.401616	0.581574	0.013597	0.00321266	1.443002	1.538211
14040	-1220.281	-1439.039	218.7589	0.4513082	0.425114	0.551189	0.0143925	0.00930365	1.298283	1.972667
14046	-1231.471	-1449.874	218.4027	0.6928772	0.492267	0.419392	0.0869414	0.0013995	1.241183	2.082284
14052	-1227.983	-1446.977	218.9936	0.5236396	0.274946	0.675713	0.0485593	0.000781661	1.199693	1.832173
14058	-1223.9	-1442.715	218.8143	0.3507062	0.35316	0.585666	0.060654	0.000520126	1.226145	2.039619
14064	-1226.868	-1446.198	219.3302	0.315516	0.373295	0.596625	0.0295129	0.0005667	1.137357	1.764234
14070	-1233.055	-1452.645	219.59	0.3212261	0.442314	0.506706	0.0501965	0.00078256	1.387312	1.38783
14076	-1232.631	-1451.764	219.133	0.4827907	0.459788	0.46624	0.0722664	0.00170583	1.283841	1.704754
14082	-1237.303	-1456.731	219.4284	0.2937647	0.482148	0.444628	0.0689165	0.00430808	1.239768	1.629023
14088	-1232.825	-1451.071	218.2465	0.3025695	0.435672	0.492635	0.0604029	0.0112898	0.9213079	2.613771
14094	-1240.918	-1459.489	218.5711	0.2881319	0.411052	0.529721	0.0548647	0.00436285	1.113627	2.292579
14100	-1242.307	-1460.642	218.3347	0.3803321	0.527602	0.389186	0.0768236	0.00638801	1.014254	2.470145
14106	-1226.911	-1444.788	217.8769	0.4005177	0.463718	0.442181	0.0697166	0.0243844	0.955003	2.779435
14112	-1220.043	-1438.412	218.369	0.3256509	0.273882	0.644913	0.0487901	0.0324153	1.074384	2.434591
14118	-1221.786	-1441.057	219.2706	0.2633286	0.513334	0.32765	0.0825316	0.0764848	1.238093	1.747974
14124	-1211.073	-1430.171	219.0982	0.2633286	0.552017	0.369469	0.0371636	0.0413508	1.285141	1.834909
14130	-1221.197	-1440.859	219.662	0.278075	0.470731	0.439048	0.0573264	0.0328943	1.691001	1.086726
14136	-1220.705	-1440.334	219.6294	0.2384176	0.655002	0.31025	0.0198061	0.0149424	1.371653	1.385446
14142	-1231.553	-1451.293	219.7398	0.2384176	0.658849	0.312923	0.0204103	0.00781793	1.2612	1.385446
14148	-1237.442	-1457.275	219.8324	0.2456217	0.530211	0.362482	0.0110763	0.0962307	1.107193	1.433698
14154	-1227.06	-1445.399	218.3393	0.2259528	0.603612	0.360937	0.011029	0.0244228	0.9610214	2.53665
14160	-1213.663	-1432.041	218.3775	0.3034659	0.389452	0.575	0.011539	0.024009	0.9856864	2.49202
14166	-1214.766	-1433.397	218.631	0.3306991	0.389452	0.575	0.011539	0.024009	1.091001	2.2556
14172	-1221.747	-1440.557	218.8094	0.2457306	0.371084	0.56438	0.0473568	0.0171797	0.9856246	2.225936
14178	-1224.973	-1443.281	218.3082	0.3356305	0.437683	0.502976	0.0422044	0.0171367	0.8422911	2.613474
14184	-1216.12	-1434.258	218.1378	0.4547942	0.378769	0.580861	0.0331155	0.00725465	0.9555421	2.588873
14190	-1227.498	-1445.979	218.4809	0.2863427	0.58947	0.401196	0.00512336	0.0042107	0.9637343	2.445131
14196	-1218.821	-1438.015	219.1935	0.3754917	0.432712	0.54225	0.0171466	0.00789133	1.211587	1.780222
14202	-1231.453	-1450.519	219.0661	0.2656879	0.422774	0.515451	0.0162992	0.0454764	1.266455	1.869441
14208	-1234.523	-1453.816	219.2929	0.3209964	0.610115	0.362492	0.0102498	0.0171429	1.398777	1.602724
14214	-1228.777	-1448.35	219.5732	0.377631	0.434416	0.5034	0.024712	0.0374724	1.356428	1.395321
14220	-1239.489	-1458.161	218.6716	0.3550521	0.412401	0.395158	0.110268	0.0821742	0.9120648	2.333887
14226	-1235.541	-1452.857	217.3164	0.3593166	0.328491	0.596438	0.00825657	0.066814	0.8398299	3.204624
14232	-1234.798	-1453.525	218.727	0.240076	0.528198	0.413037	0.00814954	0.050615	1.094641	2.208378
14238	-1242.486	-1461.174	218.6883	0.3630365	0.39174	0.553004	0.0130559	0.0422002	1.085394	2.208378
14244	-1241.083	-1459.04	217.957	0.4756508	0.484592	0.490336	0.0130026	0.0120697	0.9112725	2.715273
14250	-1238.914	-1457.239	218.3248	0.2765866	0.487616	0.46908	0.0124389	0.0308655	0.9398594	2.559394
14256	-1247.289	-1466.476	219.1875	0.382866	0.351528	0.617254	0.00896735	0.0222513	1.253281	1.751294
14262	-1240	-1459.775	219.7753	0.2883556	0.360819	0.619209	0.00380538	0.0161673	1.489523	1.16332
14268	-1246.202	-1466.046	219.8439	0.3027876	0.529723	0.436843	0.0038612	0.0295726	1.531426	1.057558
14274	-1241.727	-1461.567	219.8401	0.2793159	0.547419	0.422616	0.019051	0.0109144	1.501222	1.097175
14280	-1235.32	-1454.447	219.1273	0.3241	0.459194	0.516048	0.0159807	0.0087775	1.208389	1.852135
14286	-1235.397	-1455.118	219.7204	0.3936947	0.407934	0.55767	0.0240474	0.0103491	1.575417	1.075704
14292	-1236.452	-1456.154	219.7019	0.495998	0.406823	0.556151	0.0239819	0.0130446	1.680429	0.8912192
14298	-1215.079	-1434.763	219.6843	0.4921475	0.514492	0.477534	0.000416208	0.00755819	1.578025	1.021161
14304	-1218.619	-1438.533	219.9135	0.2522858	0.521897	0.470014	0.000422198	0.00766698	1.350334	1.170071
14310	-1229.305	-1448.97	219.6651	0.2454191	0.70079	0.288193	0.000722722	0.010295	1.552215	1.20998
14316	-1232.249	-1452.175	219.9263	0.2688175	0.720935	0.271844	0.000473689	0.00674759	1.560501	0.9575869
14322	-1229.47	-1449.145	219.6748	0.3012179	0.481792	0.511541	0.000437307	0.00622934	1.442847	1.283567
14328	-1223.021	-1442.687	219.666	0.3012179	0.603429	0.386491	0.00173805	0.00834167	1.395011	1.329494
14334	-1218.369	-1438.294	219.9256	0.2142282	0.765734	0.229763	0.000582886	0.00392017	1.459332	1.051373
14340	-1223.822	-1443.586	219.7637	0.2160105	0.603054	0.386163	0.00143081	0.00935279	1.314547	1.318326
14346	-1225.022	-1444.607	219.5848	0.3836377	0.442529	0.529274	0.0024919	0.0257051	1.437294	1.318326
14352	-1217.619	-1436.847	219.2275	0.2539948	0.248035	0.715293	0.000910333	0.0357611	1.246093	1.773013
14358	-1222.983	-1440.772	217.7882	0.2214668	0.461538	0.333682	0.00121111	0.203569	0.9624397	2.872845
14364	-1224.315	-1442.907	218.5922	0.3454766	0.331096	0.566503	0.00390951	0.0984913	0.9939655	2.336446
14370	-1232.851	-1451.757	218.9062	0.310506	0.401591	0.469057	0.00989016	0.119462	0.9828316	2.154736
14376	-1240.398	-1459.095	218.6975	0.265941	0.431659	0.504176	0.0106307	0.053534	1.090985	2.229574
14382	-1225.598	-1443.002	217.4043	0.3675145	0.361112	0.609745	0.00864209	0.0205012	0.8102831	3.166406
14388	-1228.407	-1446.429	218.0218	0.5749136	0.538082	0.440848	0.00624826	0.0148225	0.9119239	2.613095
14394	-1232.854	-1450.624	217.7701	0.4729066	0.343541	0.605545	0.00307501	0.0478392	0.9633729	2.79917
14400	-1236.625	-1453.429	216.8037	0.3076832	0.577034	0.335534	0.00479347	0.0826378	1.05742	3.397011
14406	-1242.672	-1460.45	217.7778	0.2482449	0.214592	0.753359	0.00589555	0.0261528	0.8964037	2.922565
14412	-1236.336	-1454.069	217.733	0.3539023	0.529147	0.448736	0.00384824	0.0182691	0.7428883	3.016461
14418	-1240.935	-1457.467	216.532	0.456415	0.358071	0.617272	0.00478976	0.0198678	0.8378353	3.617071
14424	-1234.706	-1452.643	217.9373	0.4681941	0.435528	0.550671	0.00587074	0.00793107	0.9803115	2.689386
14430	-1233.965	-1452.367	218.4021	0.3334763	0.380127	0.606023	0.00382245	0.0100273	1.18985	2.337683
14436	-1242.23	-1460.317	218.087	0.4195695	0.355312	0.586879	0.00357292	0.0542361	0.9001068	2.674316
14442	-1238.231	-1457.225	218.9942	0.2457713	0.655189	0.301757	0.00266101	0.0403936	0.9600571	2.122513
14448	-1236.157	-1454.824	218.6675	0.2457713	0.720033	0.236926	0.0023244	0.0407172	1.131906	2.22312
14454	-1249.851	-1469.405	219.5532	0.2353437	0.605899	0.330285	0.00705491	0.0567615	1.138053	1.617478
14460	-1246.839	-1465.444	218.6053	0.2358528	0.610655	0.38179	0.00515078	0.00240424	1.143848	2.25461
14466	-1246.996	-1466.099	219.1034	0.2929521	0.678208	0.307788	0.0099985	0.0040053	1.398326	1.747489
14472	-1232.91	-1452.255	219.3452	0.4508557	0.421938	0.5632	0.0059815	0.00888133	1.332253	1.53841
14478	-1246.172	-1465.62	219.4478	0.3788856	0.373821	0.582314	0.0342255	0.00963899	1.293024	1.537847
14484	-1239.084	-1458.591	219.5068	0.2765631	0.417624	0.54316	0.0248013	0.0144141	1.291515	1.537847
14490	-1230.979	-1450.324	219.3451	0.2412255	0.494017	0.386878	0.0158351	0.10327	1.349024	1.616095
14496	-1217.001	-1435.701	218.6998	0.2539342	0.511339	0.417349	0.0108335	0.060479	1.206325	2.154085
14502	-1233.839	-1452.665	218.8266	0.2560831	0.577761	0.287842	0.0106122	0.123785	1.062371	2.165145
14508	-1232.983	-1451.885	218.9016	0.2903112	0.542873	0.309404	0.0116645	0.136059	1.023896	2.136583
14514	-1231.191	-1449.598	218.4069	0.2332256	0.499422	0.478196	0.00573205	0.0166506	1.194414	2.348709
14520	-1235.033	-1453.98	218.9473	0.2332256	0.699398	0.279146	0.00657323	0.0148832	0.9913042	2.13153
14526	-1230.753	-1450.216	219.4633	0.2631334	0.28606	0.638659	0.0482614	0.02702	1.237467	1.611193
14532	-1238.642	-1457.729	219.0877	0.2267513	0.512356	0.379164	0.0193463	0.0891327	1.081628	1.977872
14538	-1228.052	-1446.456	218.4035	0.3179597	0.562512	0.408162	0.0162335	0.0130924	0.9987131	2.463122
14544	-1237.672	-1454.755	217.0831	0.2836932	0.567729	0.370384	0.0205131	0.0413738	1.020007	3.260194
14550	-1239.041	-1457.459	218.4186	0.395849	0.380819	0.494823	0.013446	0.110912	0.9083742	2.476086
14556	-1230.415	-1448.551	218.1358	0.3195731	0.425278	0.435806	0.0150157	0.1239	0.8147919	2.742156
14562	-1235.278	-1454.093	218.8153	0.2566549	0.547943	0.405734	0.022506	0.0238173	0.8675043	2.298027
14568	-1225.673	-1444.739	219.0658	0.4425755	0.271648	0.67559	0.0362941	0.0164676	1.209822	1.829946
14574	-1244.602	-1463.462	218.8604	0.3029119	0.3391	0.630408	0.0201172	0.0103749	1.16395	2.068448
14580	-1233.978	-1452.864	218.8862	0.3783723	0.474518	0.463366	0.055768	0.00634778	1.323001	1.913013
14586	-1221.101	-1440.259	219.158	0.3807166	0.319274	0.652173	0.0228067	0.00574585	1.326616	1.721669
14592	-1231.736	-1450.902	219.1657	0.3072344	0.460045	0.463854	0.0735685	0.00253252	1.277246	1.784255
14598	-1232.49	-1451.881	219.3912	0.2918822	0.49593	0.500035	0.00130538	0.00273006	1.375372	1.557813
14604	-1233.683	-1453.192	219.5085	0.2918822	0.535007	0.440974	0.000424466	0.0235943	1.558924	1.327337
14610	-1244.125	-1463.79	219.6655	0.3537274	0.571934	0.40239	0.000453763	0.0252228	1.588337	1.141756
14616	-1237.278	-1456.915	219.6372	0.3626833	0.478062	0.513849	0.000823152	0.0072661	1.610279	1.141756
14622	-1238.67	-1458.325	219.6553	0.3650463	0.444655	0.527397	0.0011611	0.0267862	1.409755	1.295133
14628	-1230.183	-1449.72	219.5367	0.2933312	0.53522	0.442797	0.000959251	0.0210232	1.460428	1.382581
14634	-1239.008	-1458.806	219.7978	0.2060463	0.538593	0.322858	0.00330913	0.135239	1.56823	1.064452
14640	-1225.036	-1444.863	219.827	0.3005348	0.580122	0.375013	0.00384369	0.0410209	1.754671	0.8393388
14646	-1224.639	-1444.307	219.6686	0.4234767	0.454342	0.507578	0.0117377	0.0263416	1.640176	1.039059
14652	-1232.216	-1452.026	219.8096	0.3305779	0.620181	0.338138	0.0395907	0.00209021	1.661801	0.9470383
14658	-1228.984	-1448.831	219.847	0.2709172	0.62531	0.340935	0.0316479	0.00210749	1.835727	0.7095084
14664	-1228.632	-1448.042	219.4108	0.4017537	0.3992	0.559729	0.0386369	0.00243451	1.777057	1.167078
14670	-1227.353	-1446.764	219.411	0.3660897	0.370884	0.574875	0.0510261	0.00321515	1.653256	1.295093
14676	-1235.799	-1455.19	219.3912	0.4313114	0.41189	0.529368	0.0562555	0.0024867	1.494553	1.394025
14682	-1240.73	-1459.423	218.6938	0.2028431	0.819893	0.145389	0.0231715	0.0115466	1.263971	2.109417
14688	-1250.054	-1469.149	219.0959	0.2028431	0.567231	0.36801	0.0233066	0.0414521	1.239226	1.857001
14694	-1219.996	-1439.225	219.2288	0.4211594	0.31712	0.595026	0.0688053	0.0190481	1.24561	1.704871
14700	-1219.608	-1439.183	219.5741	0.2649164	0.538563	0.389904	0.0413757	0.0301578	1.295568	1.486304
14706	-1223.508	-1442.77	219.2623	0.2945402	0.436262	0.512555	0.0296048	0.0215783	1.26444	1.72951
14712	-1218.587	-1437.415	218.8277	0.298881	0.53182	0.409537	0.0294675	0.029176	1.26444	2.02475
14718	-1221.989	-1440.928	218.9392	0.3362027	0.375429	0.565939	0.0315341	0.0270985	1.305386	1.909286
14724	-1230.124	-1449.408	219.2839	0.326702	0.295391	0.629805	0.0182255	0.0565782	1.216864	1.736672
14730	-1238.496	-1457.696	219.2	0.2171584	0.639849	0.258628	0.0227194	0.078804	1.216864	1.806917
14736	-1247.533	-1467.073	219.5404	0.2455572	0.56821	0.323294	0.0284715	0.0800247	1.244447	1.550073
14742	-1249.184	-1468.928	219.7438	0.2214721	0.450449	0.465685	0.0371178	0.0467478	1.345313	1.311577
14748	-1246.855	-1466.396	219.5407	0.2214721	0.598125	0.304215	0.0208083	0.0768515	1.297195	1.506472
14754	-1230.622	-1448.514	217.8921	0.6480383	0.564111	0.222137	0.174163	0.0395884	0.9143981	2.644145
14760	-1228.768	-1446.565	217.7973	0.7568014	0.640439	0.235491	0.101091	0.0229786	0.8069795	2.697726
14766	-1231.473	-1449.085	217.612	0.5805552	0.438307	0.426515	0.118228	0.0169498	0.6655283	3.008758
14772	-1241.579	-1458.325	216.7457	0.5692202	0.389042	0.490974	0.104939	0.0150447	0.8106712	3.442598
14778	-1240.879	-1459.181	218.3027	0.3135236	0.485608	0.428986	0.0178285	0.0675771	0.9797923	2.539375
14784	-1225.349	-1444.011	218.6621	0.4770708	0.382395	0.557756	0.0124935	0.0473554	1.05297	2.18178
14790	-1219.154	-1437.697	218.5433	0.3829621	0.284488	0.655533	0.0240686	0.0359108	1.079102	2.295797
14796	-1218.419	-1437.464	219.0442	0.3483754	0.444047	0.507031	0.00966928	0.039253	1.092348	1.976664
14802	-1225.284	-1443.513	218.2288	0.42421	0.394334	0.524677	0.0113691	0.0696201	1.116968	2.448894
14808	-1218.281	-1438.124	219.8425	0.3012492	0.538299	0.398541	0.00568839	0.0574715	1.356924	1.21542
14814	-1222.483	-1441.855	219.3715	0.5123472	0.394958	0.552359	0.00810498	0.0445776	1.407254	1.416468
14820	-1224.575	-1443.923	219.3482	0.5315744	0.431601	0.459763	0.0167132	0.0919232	1.356234	1.458545
14826	-1222.379	-1442.077	219.6978	0.3783952	0.399182	0.511849	0.0224309	0.0665378	1.475244	1.196387
14832	-1210.826	-1430.753	219.9277	0.3064376	0.421309	0.478794	0.061429	0.0384672	1.475244	1.029476
14838	-1225.037	-1444.282	219.245	0.2608864	0.331481	0.583722	0.0545316	0.0302656	1.353116	1.685056
14844	-1227.658	-1447.227	219.5692	0.2639286	0.463668	0.496764	0.00390207	0.0356659	0.9795813	1.719733
14850	-1229.669	-1448.265	218.5957	0.3235026	0.47943	0.451932	0.00219298	0.0664449	0.9097247	2.396247
14856	-1214.926	-1433.019	218.0936	0.2442185	0.47908	0.451603	0.00292051	0.0663965	0.823866	2.774854
14862	-1232.672	-1450.963	218.2908	0.4000129	0.398311	0.58034	0.00580964	0.0155388	0.9116131	2.551651
14868	-1224.129	-1441.577	217.4479	0.3839739	0.335928	0.604642	0.00482093	0.054609	1.027178	3.003385
14874	-1224.928	-1443.125	218.197	0.4665122	0.352099	0.618817	0.00164543	0.0274388	1.042651	2.490834
14880	-1220.62	-1438.529	217.9081	0.3261079	0.470587	0.498026	0.00669936	0.0246874	1.011584	2.75878
14886	-1222.225	-1440.617	218.3923	0.3393401	0.446442	0.47799	0.0276307	0.0479375	1.102878	2.396692
14892	-1221.553	-1440.717	219.1633	0.4978029	0.35152	0.595257	0.0154775	0.0377451	1.349206	1.625805
14898	-1236.512	-1454.844	218.3312	0.5230378	0.321788	0.576212	0.0674475	0.0345526	1.100434	2.334475
14904	-1258.175	-1477.943	219.7676	0.3762158	0.499385	0.429708	0.0625516	0.00835518	1.416334	1.18848
14910	-1254.903	-1474.689	219.7867	0.3562109	0.334356	0.571362	0.0831719	0.0111095	1.547554	1.066641
14916	-1230.384	-1450.143	219.7586	0.3560112	0.414819	0.509845	0.0671102	0.00822619	1.493594	1.141782
14922	-1223.307	-1442.793	219.4862	0.3389024	0.520123	0.452856	0.0172019	0.0098193	1.51709	1.359148
14928	-1237.479	-1457.196	219.7163	0.2904381	0.260875	0.644743	0.0826515	0.01173	1.77992	0.9414687
14934	-1226.314	-1446.152	219.8374	0.3753269	0.555795	0.378444	0.0568921	0.00886946	1.650411	0.8951337
14940	-1224.588	-1444.441	219.8529	0.2314402	0.668914	0.276282	0.0506407	0.00416391	1.644083	0.9458693
14946	-1240.613	-1460.475	219.8623	0.2790774	0.709465	0.204053	0.0378894	0.0485928	1.646208	0.9321264
14952	-1237.474	-1456.76	219.2861	0.2253879	0.473947	0.42479	0.0137771	0.0874854	1.20678	1.756479
14958	-1233.345	-1452.332	218.9868	0.2943395	0.536307	0.385191	0.0106804	0.0678212	1.355747	1.857244
14964	-1221.168	-1440.564	219.3967	0.2943395	0.450484	0.494355	0.0152447	0.0399161	1.171285	1.700422
14970	-1217.227	-1436.345	219.118	0.2286068	0.596605	0.356496	0.00885917	0.0380392	1.360249	1.767475
14976	-1220.277	-1439.391	219.1147	0.237761	0.711412	0.253146	0.00629084	0.029151	1.132647	1.927276
14982	-1226.846	-1445.267	218.4213	0.2401532	0.486641	0.437155	0.00998059	0.0662237	1.01581	2.453221
14988	-1231.143	-1449.646	218.5024	0.2350582	0.396565	0.523086	0.00871677	0.0716323	1.146059	2.31896
14994	-1226.379	-1445.948	219.5688	0.3114188	0.415671	0.548288	0.010292	0.0257489	1.360289	1.429192
15000	-1231.471	-1451.032	219.5603	0.2636818	0.628572	0.351218	0.00371643	0.016494	1.333107	1.468459
15006	-1216.737	-1435.936	219.1995	0.2709926	0.316619	0.652574	0.0183679	0.0124396	1.240381	1.795041
15012	-1225.987	-1445.686	219.6989	0.2709926	0.489719	0.452667	0.0219138	0.0357002	1.388368	1.316209
15018	-1226.598	-1446.35	219.7521	0.2867697	0.44792	0.401001	0.0409995	0.11008	1.367519	1.286492
15024	-1236.701	-1456.285	219.5846	0.2708729	0.570462	0.311993	0.031899	0.085646	1.417869	1.383534
15030	-1226.817	-1445.457	218.6405	0.2507513	0.26276	0.674056	0.0411751	0.022009	1.218396	2.184791
15036	-1212.331	-1431.631	219.2996	0.2424727	0.506585	0.332189	0.0821625	0.0790629	1.216491	1.742976
15042	-1218.093	-1437.565	219.4727	0.2314714	0.605211	0.305915	0.0675496	0.0213241	1.237128	1.60335
15048	-1216.948	-1436.543	219.5952	0.2314714	0.637912	0.322444	0.000846671	0.0387968	1.167365	1.564842
15054	-1225.214	-1444.834	219.6202	0.2804468	0.545739	0.388881	0.00118067	0.0641996	1.472788	1.309733
15060	-1223.684	-1443.092	219.4082	0.2866693	0.514858	0.435123	0.00227952	0.0477388	1.411901	1.519498
15066	-1224.766	-1444.321	219.5555	0.2705548	0.54518	0.40672	0.00347733	0.0446225	1.489887	1.3498
15072	-1217.773	-1437.525	219.7515	0.3042471	0.44578	0.481163	0.00449362	0.0685633	1.47942	1.187282
15078	-1219.177	-1438.857	219.6796	0.3042471	0.447523	0.51105	0.0128815	0.0285455	1.43285	1.286711
15084	-1220.584	-1440.336	219.7517	0.2590805	0.507196	0.471063	0.0150013	0.00673985	1.436056	1.23492
15090	-1224.223	-1443.881	219.6577	0.3740311	0.500381	0.464735	0.0282348	0.0066493	1.358482	1.329126
15096	-1229.324	-1448.737	219.4132	0.3724497	0.492538	0.475631	0.0102071	0.0216241	1.33017	1.53968
15102	-1216.353	-1435.429	219.076	0.4160365	0.473794	0.491208	0.0121213	0.0228762	1.21503	1.835828
15108	-1223.218	-1442.318	219.0997	0.2510792	0.534287	0.365509	0.0687382	0.0314655	1.118255	1.94785
15114	-1219.725	-1438.533	218.8079	0.2773204	0.460905	0.452654	0.0592973	0.0271438	1.155131	2.114664
15120	-1211.544	-1430.606	219.0615	0.3337433	0.538522	0.425582	0.0118222	0.0240745	1.142271	1.937876
15126	-1221.322	-1440.517	219.1948	0.2315729	0.25242	0.64979	0.0610325	0.0367576	0.9843396	1.972272
15132	-1230.05	-1450.034	219.9845	0.2679557	0.279529	0.542887	0.0521219	0.125462	1.218198	1.221377
15138	-1242.275	-1462.196	219.9215	0.2538125	0.615775	0.240983	0.00205918	0.141182	1.354719	1.159237
15144	-1231.928	-1451.264	219.3358	0.2636283	0.554107	0.307253	0.0115963	0.127043	1.279083	1.672877
15150	-1230.713	-1450.438	219.7254	0.2603016	0.611575	0.278777	0.00920993	0.100438	1.389345	1.295238
15156	-1222.996	-1442.549	219.5523	0.2513487	0.442809	0.460341	0.00333285	0.0935178	1.240285	1.544501
15162	-1227.604	-1446.832	219.2277	0.2897675	0.471368	0.488164	0.016343	0.0241249	1.227309	1.780867
15168	-1222.548	-1440.62	218.0711	0.3391624	0.538483	0.383505	0.00439671	0.0736156	0.8467836	2.755036
15174	-1218.065	-1437.502	219.4371	0.360565	0.542374	0.386275	0.00580255	0.0655484	1.110155	1.688177
15180	-1219.662	-1437.728	218.0657	0.2424799	0.371085	0.543911	0.0405547	0.044449	0.7629298	2.82884
15186	-1224.121	-1441.653	217.5326	0.3326362	0.30811	0.642042	0.0336723	0.0161752	0.8986554	3.051502
15192	-1232.747	-1450.603	217.8564	0.3067766	0.292761	0.65513	0.0378369	0.014272	0.9493615	2.834328
15198	-1221.365	-1439.547	218.1819	0.3637503	0.426214	0.547618	0.0232674	0.00290112	0.8983981	2.645012
15204	-1219.693	-1438.403	218.7096	0.2938562	0.451602	0.517326	0.0195713	0.0114998	1.051957	2.242001
15210	-1240.505	-1459.63	219.1248	0.3049977	0.54637	0.423813	0.0264043	0.00341284	1.152307	1.898761
15216	-1226.091	-1444.797	218.7055	0.3944108	0.388139	0.578073	0.0313632	0.00242447	1.276774	2.056046
15222	-1242.567	-1460.445	217.8787	0.3928421	0.516618	0.416716	0.0416665	0.0249992	1.047094	2.725983
15228	-1226.385	-1443.872	217.4874	0.2789957	0.550773	0.371303	0.0487034	0.0292212	0.9792426	3.044933
15234	-1238.352	-1455.746	217.3939	0.3023052	0.380575	0.51748	0.0842646	0.0176809	1.064375	3.044933
15240	-1236.408	-1455.344	218.936	0.3268271	0.434237	0.457602	0.0908396	0.0173215	1.41737	1.83898
15246	-1223.812	-1442.405	218.593	0.2821239	0.525326	0.388389	0.0724672	0.0138182	1.331815	2.138788
15252	-1226.416	-1445.489	219.0729	0.2613847	0.382431	0.57301	0.00851188	0.0360469	0.9873853	2.052632
15258	-1230.55	-1450.317	219.7673	0.3815752	0.385933	0.579508	0.00549615	0.0290632	1.176158	1.382092
15264	-1228.047	-1447.712	219.6656	0.2551668	0.489074	0.46041	0.0169329	0.0335837	1.280756	1.428622
15270	-1229.35	-1449.201	219.8503	0.2551668	0.461094	0.43407	0.0731734	0.0316624	1.550344	1.045214
15276	-1217.182	-1437.105	219.9231	0.3754705	0.419853	0.458829	0.0948057	0.0265125	1.617891	0.8317835
15282	-1226.106	-1445.8	219.6942	0.3754705	0.301223	0.57112	0.108457	0.0192008	1.599326	1.091315
15288	-1214.869	-1434.456	219.5871	0.5450293	0.432174	0.490309	0.0560668	0.0214503	1.595676	1.046456
15294	-1218.687	-1437.91	219.2237	0.6043131	0.449439	0.509304	0.0303414	0.0109157	1.458692	1.417547
15300	-1225.091	-1444.551	219.4605	0.3278541	0.503214	0.432684	0.0546338	0.00946759	1.546208	1.361798
15306	-1230.494	-1450.185	219.6909	0.3060609	0.480138	0.409384	0.101696	0.00878154	1.509199	1.212955
15312	-1228.344	-1448.119	219.7745	0.3060609	0.500287	0.426564	0.0639997	0.00915005	1.371075	1.258763
15318	-1222.119	-1441.796	219.677	0.2438388	0.60249	0.367629	0.0259987	0.00388254	1.428403	1.302862
15324	-1225.253	-1444.433	219.1801	0.3585937	0.572884	0.373992	0.0406104	0.0125136	1.39046	1.67259
15330	-1227.549	-1447.054	219.5044	0.3957118	0.500486	0.425081	0.056991	0.0174418	1.41278	1.393618
15336	-1217.726	-1437.059	219.333	0.3048928	0.334963	0.556911	0.0746655	0.0334606	1.082603	1.803956
15342	-1216.455	-1434.818	218.3625	0.2485918	0.470163	0.343854	0.0236013	0.162382	0.9983022	2.501496
15348	-1223.292	-1442.119	218.8267	0.2829072	0.411341	0.425943	0.0206485	0.142067	0.9236505	2.251613
15354	-1230.586	-1450.092	219.5062	0.2090661	0.508635	0.347683	0.0202347	0.123447	1.173015	1.618389
15360	-1226.971	-1445.677	218.7062	0.2090661	0.810399	0.151845	0.011342	0.0264133	1.035218	2.25263
15366	-1216.937	-1435.688	218.7512	0.2090661	0.810804	0.142474	0.0202954	0.0264265	1.11958	2.169029
15372	-1231.3	-1449.487	218.187	0.2055831	0.775309	0.136237	0.0246493	0.0638049	1.032846	2.58006
15378	-1221.549	-1439.997	218.4475	0.2055831	0.732639	0.168071	0.00834914	0.0909408	1.067819	2.39513
15384	-1223.898	-1442.88	218.9821	0.2098909	0.732639	0.168071	0.00834914	0.0909408	1.162181	1.989302
15390	-1230.728	-1449.385	218.6566	0.2025735	0.732639	0.168071	0.00834914	0.0909408	1.175078	2.191424
15396	-1224.262	-1443.616	219.354	0.2025735	0.700504	0.20898	0.0278201	0.0626955	1.2509	1.668485
15402	-1225.172	-1443.581	218.4087	0.2424844	0.710884	0.195063	0.0548241	0.0392285	0.9556397	2.498986
15408	-1221.139	-1439.603	218.4637	0.2366923	0.629757	0.317681	0.0178106	0.0347517	0.9153037	2.489284
15414	-1219.015	-1437.301	218.2866	0.2745272	0.618972	0.337459	0.0147635	0.0288062	0.8428271	2.643413
15420	-1233.601	-1452.97	219.3692	0.2745272	0.640999	0.298342	0.0152889	0.0453696	1.211283	1.695954
15426	-1221.611	-1441.144	219.5327	0.2062593	0.675662	0.206793	0.0101211	0.107425	1.307015	1.498816
15432	-1221.491	-1441.072	219.5808	0.2517815	0.71908	0.235183	0.0316748	0.0140622	1.332872	1.453646
15438	-1226.292	-1445.939	219.6473	0.3793542	0.487034	0.447538	0.0373682	0.0280604	1.219877	1.442487
15444	-1230.367	-1450.132	219.7646	0.358048	0.53001	0.358125	0.0885959	0.0232688	1.339773	1.266998
15450	-1229.295	-1448.53	219.2348	0.4503977	0.386637	0.547248	0.0646298	0.00148557	1.325638	1.624307
15456	-1234.594	-1454.008	219.4142	0.3514369	0.429713	0.508666	0.0539462	0.00767548	1.248615	1.60985
15462	-1232.755	-1452.448	219.693	0.3329394	0.486365	0.449774	0.0523431	0.0115177	1.342419	1.336587
15468	-1220.65	-1440.493	219.8438	0.2455375	0.666789	0.30776	0.0235164	0.0019345	1.269017	1.296939
15474	-1229.885	-1449.59	219.7049	0.2704853	0.713029	0.263451	0.0145297	0.00899037	1.400497	1.301609
15480	-1229.563	-1449.267	219.7033	0.2526528	0.671787	0.298419	0.0215732	0.00822053	1.323265	1.366189
15486	-1218.312	-1437.962	219.6496	0.2790011	0.724464	0.241104	0.0232648	0.0111681	1.345394	1.387942
15492	-1226.479	-1446.353	219.8747	0.1903707	0.685111	0.261143	0.0312534	0.0224925	1.833824	0.5984356
15498	-1226	-1445.832	219.832	0.3339927	0.438814	0.523822	0.021727	0.0156365	1.87693	0.5940982
15504	-1221.092	-1440.834	219.742	0.27563	0.550259	0.423699	0.0132579	0.0127842	1.88268	0.7946783
15510	-1238.88	-1458.833	219.9532	0.3259991	0.513701	0.449916	0.0156075	0.020776	1.767554	0.5686012
15516	-1233.295	-1453.051	219.7557	0.3329841	0.500647	0.465679	0.0244165	0.00925765	1.843037	0.7953183
15522	-1233.284	-1453.066	219.7818	0.3204633	0.541576	0.441897	0.00774174	0.00878487	1.896082	0.6839815
15528	-1233.116	-1452.972	219.8559	0.2674332	0.59199	0.394473	0.0124146	0.0011226	1.896082	0.5152261
15534	-1220.68	-1440.608	219.9284	0.2768354	0.501754	0.488223	0.0087126	0.00130967	1.799403	0.6141279
15540	-1221.733	-1441.612	219.8785	0.2760065	0.62047	0.371896	0.00663667	0.000997618	1.849514	0.6141279
15546	-1216.508	-1436.374	219.8662	0.2877491	0.500101	0.480521	0.0180668	0.00131144	1.846893	0.6421916
15552	-1219.055	-1438.915	219.86	0.2334577	0.646346	0.325647	0.0273071	0.000699268	1.890481	0.5257335
15558	-1220.906	-1440.692	219.7857	0.290573	0.555216	0.412053	0.0299443	0.00278643	1.959295	0.5257335
15564	-1221.987	-1441.698	219.7112	0.2505116	0.718973	0.263042	0.0143766	0.00360827	2.037759	0.4523
15570	-1220.987	-1440.777	219.79	0.2505116	0.614732	0.331577	0.0435497	0.0101406	1.962086	0.4714364
15576	-1215.198	-1434.938	219.7395	0.3176035	0.650119	0.309563	0.0284149	0.0119029	1.99286	0.4714364
15582	-1220.369	-1439.856	219.4874	0.2592411	0.465363	0.482952	0.0364264	0.0152589	2.192148	0.3315423
15588	-1215.843	-1435.338	219.4946	0.3267769	0.548212	0.3947	0.0224542	0.034634	2.192148	0.3684675
15594	-1226.832	-1446.663	219.8307	0.3055591	0.499115	0.392726	0.0252048	0.082954	1.909229	0.4927422
15600	-1233.777	-1453.472	219.6945	0.2188183	0.700802	0.224708	0.0411378	0.0333521	2.026485	0.3949611
15606	-1233.053	-1452.822	219.7692	0.3439996	0.332069	0.628697	0.0216674	0.0175666	1.895693	0.6816661
15612	-1235.532	-1455.538	220.0066	0.2879139	0.529441	0.414818	0.0101825	0.0455581	1.4847	0.9476171
15618	-1224.386	-1443.771	219.3859	0.2381926	0.29599	0.654386	0.01201	0.0376139	1.325532	1.603249
15624	-1242.714	-1462.287	219.5735	0.2381926	0.241846	0.600347	0.0363303	0.121477	1.38031	1.422109
15630	-1231.18	-1450.88	219.7002	0.3334021	0.655587	0.257259	0.0446541	0.0424997	1.3709	1.30766
15636	-1229.14	-1448.613	219.4729	0.454737	0.491289	0.471231	0.0218771	0.0156034	1.390737	1.394367
15642	-1223.113	-1442.553	219.4406	0.2945934	0.439965	0.473398	0.0347053	0.0519314	1.287449	1.585289
15648	-1219.075	-1438.543	219.4685	0.3009114	0.503044	0.448506	0.0313504	0.0170999	1.41469	1.468016
15654	-1208.339	-1427.253	218.9142	0.3009114	0.519724	0.387346	0.0560062	0.0369238	1.184116	2.020061
15660	-1228.952	-1447.781	218.8291	0.5224514	0.478693	0.459865	0.0515847	0.00985724	1.462068	1.765269
15666	-1225.413	-1443.805	218.3922	0.3365525	0.428386	0.415429	0.146191	0.00999377	1.220369	2.323291
15672	-1211.582	-1431.116	219.5346	0.3414262	0.476189	0.461581	0.0538016	0.00842828	1.14298	1.604052
15678	-1216.03	-1434.852	218.8217	0.3414262	0.441008	0.492878	0.0484475	0.0176666	1.04913	2.155059
15684	-1222.093	-1441.683	219.5904	0.2832475	0.671614	0.288559	0.028364	0.011463	1.12979	1.593939
15690	-1221.636	-1440.878	219.2413	0.2966816	0.657897	0.282666	0.0277847	0.0316519	1.326605	1.699835
15696	-1221.569	-1440.543	218.9738	0.2612721	0.799648	0.161827	0.00683175	0.0316932	1.305435	1.906111
15702	-1229.888	-1448.578	218.6901	0.2530634	0.66891	0.233117	0.00570846	0.0922653	1.218162	2.152676
15708	-1221.804	-1440.629	218.8246	0.2491255	0.597457	0.37918	0.00164	0.0217229	1.083651	2.152676
15714	-1222.086	-1441.249	219.1637	0.3031004	0.601664	0.361931	0.0204288	0.0159761	1.231359	1.818676
15720	-1217.471	-1436.358	218.8869	0.2941942	0.558753	0.395639	0.0281444	0.017464	1.187795	2.037569
15726	-1230.249	-1448.49	218.2414	0.4239001	0.51083	0.336801	0.120759	0.0316096	1.080448	2.464085
15732	-1233.682	-1451.981	218.2983	0.3551822	0.438119	0.423538	0.0546655	0.0836774	1.13668	2.427935
15738	-1227.476	-1446.369	218.8933	0.2526479	0.636806	0.324638	0.0200129	0.0185431	1.214732	2.021297
15744	-1215.896	-1434.834	218.9375	0.3281696	0.661708	0.313365	0.0153776	0.00954938	1.319578	1.904094
15750	-1216.886	-1435.443	218.5572	0.3682376	0.428285	0.502663	0.0240192	0.0450329	1.315502	2.141559
15756	-1232.452	-1450.663	218.2101	0.3830803	0.624944	0.33676	0.00812628	0.0301699	1.137424	2.46971
15762	-1217.751	-1436.635	218.8839	0.2196634	0.37274	0.485796	0.0159448	0.125519	1.214388	2.02339
15768	-1228.752	-1446.592	217.8404	0.2544181	0.48753	0.393781	0.00593968	0.11275	0.839951	2.918861
15774	-1227.394	-1446.667	219.2728	0.3464477	0.547793	0.433939	0.00654541	0.0117222	1.077023	1.832977
15780	-1214.179	-1432.496	218.3174	0.3907841	0.620924	0.363118	0.00571771	0.0102398	0.9154483	2.537455
15786	-1235.807	-1452.881	217.0746	0.4381427	0.52675	0.441408	0.0119942	0.0198475	0.9325519	3.25404
15792	-1232.026	-1450.537	218.511	0.3630398	0.429135	0.52664	0.0143253	0.0298996	1.051619	2.343604
15798	-1228.636	-1447.659	219.0226	0.4268835	0.408861	0.535542	0.0323567	0.0232409	1.221892	1.861142
15804	-1220.687	-1440.33	219.6431	0.3556819	0.43255	0.488728	0.0591452	0.019577	1.371297	1.341353
15810	-1233.986	-1453.317	219.3312	0.2558971	0.538985	0.381183	0.0645622	0.0152691	1.379054	1.604755
15816	-1226.196	-1445.507	219.3115	0.3307318	0.614707	0.340979	0.032383	0.0119307	1.272322	1.67629
15822	-1231.957	-1451.083	219.1259	0.247197	0.614802	0.359166	0.0153518	0.0106801	1.173266	1.892852
15828	-1233.715	-1452.718	219.0031	0.2047029	0.831474	0.159441	0.00350142	0.00558352	1.21582	1.936826
15834	-1224.96	-1444.944	219.9846	0.2595832	0.73472	0.248279	0.0120667	0.0049338	1.391411	1.06836
15840	-1221.541	-1441.296	219.7554	0.3380561	0.631038	0.310462	0.041522	0.0169773	1.479996	1.167287
15846	-1224.32	-1443.821	219.5018	0.3622765	0.591972	0.375522	0.0214662	0.0110403	1.406369	1.420903
15852	-1221.72	-1441.208	219.4878	0.2933454	0.511801	0.462605	0.0169008	0.00869228	1.385071	1.478124
15858	-1220.816	-1440.017	219.2014	0.2623396	0.576714	0.393897	0.0251331	0.00425563	1.222537	1.807007
15864	-1230.417	-1449.64	219.2234	0.3090831	0.394523	0.560802	0.0357826	0.00889223	1.202671	1.79531
15870	-1223.601	-1443.28	219.6792	0.295623	0.447668	0.501844	0.0438664	0.00662129	1.484144	1.247728
15876	-1218.037	-1437.77	219.7338	0.3153977	0.58038	0.368089	0.0447732	0.00675816	1.704354	0.9902174
15882	-1236.375	-1456.356	219.9811	0.2907284	0.532632	0.373391	0.0816521	0.0123247	1.39969	1.056956
15888	-1233.279	-1452.453	219.1739	0.2874312	0.538914	0.41839	0.0301769	0.0125191	1.209149	1.83119
15894	-1226.4	-1445.37	218.9692	0.298419	0.567283	0.416236	0.00330237	0.0131782	1.234803	1.950119
15900	-1228.574	-1447.898	219.3238	0.2340987	0.670018	0.324748	0.00070543	0.00452892	1.234803	1.712064
15906	-1214.517	-1433.7	219.1836	0.2340987	0.726094	0.266755	0.00224216	0.00490796	1.269879	1.785701
15912	-1216.263	-1435.854	219.5911	0.2228107	0.741315	0.251385	0.00228916	0.00501084	1.298264	1.468139
15918	-1227.845	-1447.306	219.4613	0.2308684	0.640877	0.306015	0.00249587	0.0506124	1.371743	1.512472
15924	-1223.95	-1443.581	219.631	0.2639316	0.653265	0.253254	0.00618511	0.0872954	1.346716	1.4038
15930	-1219.627	-1439.225	219.5979	0.2501604	0.630056	0.276028	0.00972119	0.0841939	1.669403	1.167028
15936	-1216.9	-1436.646	219.7457	0.2872109	0.551953	0.389207	0.00999867	0.0488411	1.68477	1.010047
15942	-1226.601	-1446.389	219.7877	0.3589086	0.522198	0.368225	0.0460684	0.0635084	1.472256	1.133088
15948	-1224.983	-1444.775	219.7926	0.3258046	0.540599	0.372005	0.0328617	0.0545347	1.679027	0.9497658
15954	-1225.294	-1445.123	219.8282	0.3330551	0.366457	0.543499	0.0256301	0.0644137	1.658691	0.9288341
15960	-1218.935	-1438.842	219.9075	0.2896937	0.591476	0.343287	0.0245526	0.0406852	1.555415	0.9765147
15966	-1223.288	-1443.234	219.9461	0.3185881	0.455696	0.501736	0.0249045	0.0176635	1.721954	0.7034213
15972	-1227.463	-1447.329	219.8656	0.3343519	0.685651	0.263634	0.0296706	0.0210439	1.844153	0.5904986
15978	-1230.321	-1450.121	219.7999	0.279248	0.539186	0.438556	0.0080967	0.0141613	1.949011	0.521293
15984	-1227.274	-1446.994	219.7208	0.3452408	0.599435	0.349063	0.00176869	0.0497335	1.948697	0.6712328
15990	-1221.797	-1441.254	219.4575	0.2078199	0.631407	0.30163	0.014577	0.0523861	2.252087	0.3857118
15996	-1221.44	-1440.923	219.4831	0.2405924	0.600349	0.242185	0.0168019	0.140663	2.238977	0.3857118
16002	-1217.105	-1436.672	219.567	0.3011314	0.545757	0.393403	0.0191755	0.0416637	2.163937	0.4290111
16008	-1222.477	-1442.135	219.6579	0.3011314	0.539641	0.388994	0.0117087	0.059656	2.075854	0.56734
16014	-1214.019	-1433.871	219.852	0.3011314	0.50607	0.452896	0.0201953	0.020839	1.784287	0.7664738
16020	-1223.447	-1443.303	219.8563	0.3520809	0.515111	0.454758	0.0103927	0.019738	1.819107	0.6494674
16026	-1214.401	-1434.274	219.8727	0.3696065	0.587096	0.332412	0.0645714	0.0159214	1.781345	0.6674562
16032	-1213.722	-1433.58	219.8576	0.256098	0.593346	0.325304	0.0652589	0.0160909	1.842917	0.6811283
16038	-1216.006	-1435.738	219.7312	0.2488292	0.658056	0.285017	0.0150477	0.0418792	2.020981	0.5287654
16044	-1209.292	-1429.016	219.7236	0.2687016	0.606623	0.247797	0.0261974	0.119383	2.026884	0.5297321
16050	-1207.507	-1427.318	219.8113	0.2687016	0.584707	0.385431	0.00539245	0.0244692	1.863517	0.7232969
16056	-1210.965	-1430.822	219.8571	0.2611887	0.634309	0.300467	0.00427619	0.0609476	1.895383	0.4799451
16062	-1216.942	-1436.677	219.7351	0.2417018	0.635558	0.283588	0.0184059	0.0624486	2.016663	0.5276296
16068	-1218.127	-1438.041	219.9139	0.2764659	0.619146	0.33075	0.0138949	0.0362096	1.751054	0.7363841
16074	-1217.64	-1437.376	219.736	0.3246219	0.624366	0.294616	0.0391657	0.041852	1.730095	0.9562451
16080	-1214.504	-1434.35	219.8457	0.3246219	0.472135	0.438496	0.0530155	0.0363541	1.767708	0.78208
16086	-1213.31	-1433.039	219.729	0.3246219	0.402707	0.470717	0.0569112	0.069665	1.70251	0.9918403
16092	-1209.178	-1428.728	219.5499	0.3744641	0.618561	0.328874	0.0304434	0.022122	1.462096	1.332202
16098	-1214.918	-1434.349	219.4312	0.3752533	0.543845	0.383771	0.0379735	0.0344105	1.385538	1.483186
16104	-1217.7	-1436.603	218.9034	0.2999863	0.494227	0.461351	0.0162224	0.028199	1.325649	1.932821
16110	-1232.243	-1450.907	218.6633	0.2481831	0.391966	0.472656	0.0357872	0.099591	1.15992	2.207849
16116	-1240.316	-1459.11	218.7936	0.2427939	0.514676	0.38246	0.0154408	0.0874239	1.238696	2.071129
16122	-1232.801	-1451.577	218.7756	0.311372	0.282665	0.607394	0.0474604	0.0624804	1.171848	2.116323
16128	-1237.368	-1456.692	219.3247	0.3080858	0.23553	0.682736	0.0298531	0.0518815	1.115361	1.785964
16134	-1238.589	-1458.256	219.6679	0.3796817	0.271549	0.655971	0.0514839	0.0209962	1.542989	1.1627
16140	-1231.11	-1450.981	219.8719	0.3558987	0.619561	0.340939	0.0356853	0.00381487	1.581613	0.9484112
16146	-1230.418	-1450.335	219.9169	0.3666673	0.598526	0.329363	0.0674415	0.00466965	1.607322	0.8604777
16152	-1227.874	-1447.695	219.8208	0.3056333	0.482487	0.460249	0.0535559	0.00370821	1.881458	0.6503116
16158	-1237.601	-1457.394	219.7932	0.2994538	0.487112	0.464661	0.0393276	0.00889846	1.743801	0.8926731
16164	-1244.083	-1463.989	219.906	0.3087226	0.321929	0.649614	0.0138823	0.0145756	1.661855	0.8516828
16170	-1246.716	-1466.655	219.939	0.4278456	0.337937	0.573108	0.0672951	0.0216598	1.420696	0.9849265
16176	-1231.666	-1450.926	219.2604	0.3847068	0.365863	0.51963	0.072905	0.041602	1.258086	1.695494
16182	-1229.662	-1449.452	219.7894	0.2843277	0.462784	0.457625	0.0497038	0.0298872	1.358066	1.264287
16188	-1227.133	-1446.983	219.8503	0.4010015	0.424706	0.502252	0.0456142	0.0274281	1.573121	0.9429763
16194	-1238.826	-1458.651	219.8253	0.474543	0.522818	0.411052	0.0373315	0.0287982	1.400611	1.072572
16200	-1241.128	-1460.94	219.812	0.2558216	0.591457	0.351063	0.0368414	0.0206384	1.538927	1.09191
16206	-1250.24	-1469.929	219.6889	0.3569982	0.557702	0.374182	0.0353751	0.032741	1.510623	1.187324
16212	-1246.368	-1466.194	219.8255	0.3111844	0.384963	0.537655	0.0351965	0.0421859	1.701402	0.8980283
16218	-1233.659	-1453.291	219.6318	0.2431576	0.389364	0.515615	0.0337537	0.0612681	1.524219	1.261314
16224	-1243.226	-1462.877	219.6511	0.2523975	0.289282	0.584971	0.0250777	0.100669	1.613301	1.169541
16230	-1238.584	-1457.959	219.375	0.2857335	0.595929	0.288533	0.0761745	0.0393641	1.254906	1.658549
16236	-1227.337	-1446.168	218.8306	0.2857335	0.622316	0.314844	0.0411113	0.0217286	0.9293937	2.244834
16242	-1224.735	-1443.151	218.4158	0.2857335	0.561693	0.409161	0.0190676	0.0100778	1.024821	2.447799
16248	-1224.977	-1443.972	218.995	0.2874245	0.58636	0.342987	0.0628637	0.00778926	1.063292	2.05001
16254	-1234.361	-1452.71	218.349	0.452625	0.490423	0.421607	0.0772736	0.0106967	1.22099	2.290299
16260	-1244.151	-1462.922	218.7717	0.7272864	0.6332	0.274138	0.0855874	0.00707413	1.342564	1.738697
16266	-1245.882	-1464.849	218.9672	0.3323843	0.480307	0.399939	0.113336	0.00641765	1.228025	1.944221
16272	-1253.679	-1471.967	218.2877	0.4406293	0.489233	0.461115	0.0462093	0.00344292	0.9327237	2.518047
16278	-1247.169	-1466.172	219.0029	0.3817174	0.476736	0.489675	0.029364	0.00422512	1.092087	1.988024
16284	-1248.604	-1468.265	219.6607	0.2611614	0.466711	0.520574	0.00952573	0.00318893	1.289501	1.425295
16290	-1238.61	-1458.27	219.6595	0.2198865	0.676779	0.317499	0.00428553	0.00143641	1.41177	1.325428
16296	-1242.219	-1461.838	219.6188	0.2290594	0.608411	0.388189	0.00212674	0.00127249	1.268953	1.470978
16302	-1239.432	-1458.474	219.0424	0.3953515	0.557603	0.436191	0.00247009	0.00373605	1.263026	1.838045
16308	-1227.501	-1446.456	218.9546	0.3619819	0.409364	0.583602	0.00337728	0.00365644	1.263026	1.915682
16314	-1225.03	-1444.111	219.0816	0.4403036	0.405955	0.578741	0.0116777	0.00362599	1.123878	1.879409
16320	-1224.752	-1443.728	218.9764	0.3879082	0.415339	0.558986	0.0163809	0.00929409	1.095156	2.00034
16326	-1235.524	-1454.052	218.5283	0.4643151	0.417945	0.562494	0.0122558	0.00730476	1.141501	2.219052
16332	-1224.079	-1443.231	219.1514	0.4955079	0.460178	0.519467	0.00631707	0.0140376	1.277979	1.686965
16338	-1230.154	-1449.691	219.5377	0.3635789	0.540727	0.429734	0.00671862	0.0228205	1.235429	1.522515
16344	-1241.753	-1460.976	219.2228	0.2300895	0.731942	0.211566	0.0388351	0.0176563	1.057109	1.904053
16350	-1239.224	-1458.605	219.3806	0.2410259	0.698225	0.225408	0.0396312	0.0367358	1.208199	1.691591
16356	-1232.384	-1451.274	218.8906	0.2425754	0.628613	0.293299	0.0315839	0.0465037	1.088357	2.106218
16362	-1225.351	-1444.891	219.5403	0.3276906	0.371661	0.558666	0.0181797	0.0514939	1.317997	1.476472
16368	-1223.531	-1442.67	219.1394	0.2767203	0.532389	0.340563	0.0532847	0.0737629	1.399944	1.724637
16374	-1216.974	-1435.844	218.8692	0.3877739	0.472458	0.432205	0.0676231	0.027714	1.260431	1.961579
16380	-1227.261	-1445.331	218.0702	0.4185168	0.29696	0.50993	0.160412	0.0326979	1.011986	2.616287
16386	-1225.422	-1443.621	218.1987	0.285324	0.169121	0.689366	0.0913561	0.0501568	0.9716275	2.616287
16392	-1234.506	-1452.631	218.1254	0.2530075	0.324797	0.467239	0.111638	0.096326	0.9479703	2.679634
16398	-1231.959	-1449.691	217.7317	0.3309291	0.37955	0.463885	0.0434071	0.113158	0.890379	2.937615
16404	-1229.586	-1448.629	219.0424	0.2615774	0.580772	0.280166	0.0246689	0.114393	1.057681	2.026234
16410	-1227.255	-1445.436	218.1809	0.2615774	0.617202	0.304847	0.0262163	0.0517339	1.273402	2.442542
16416	-1239.751	-1457.953	218.202	0.3238356	0.46996	0.431927	0.0666635	0.0314495	1.229775	2.442542
16422	-1232.303	-1450.387	218.0836	0.2859207	0.289882	0.584633	0.0893066	0.0361787	1.072677	2.624874
16428	-1230.166	-1448.833	218.6677	0.3604616	0.489571	0.442633	0.040405	0.0273913	1.011027	2.270679
16434	-1241.5	-1461.075	219.5749	0.2825758	0.467565	0.467687	0.0385888	0.0261601	1.16361	1.580681
16440	-1221.23	-1440.568	219.3382	0.3351021	0.569126	0.349717	0.0640454	0.0171108	1.442886	1.530944
16446	-1228.1	-1447.077	218.9761	0.3317338	0.560218	0.344243	0.0768373	0.0187017	1.239266	1.93092
16452	-1226.349	-1444.998	218.6491	0.2145044	0.579114	0.362861	0.0266199	0.0314046	0.9782246	2.327638
16458	-1229.083	-1448.026	218.9421	0.275175	0.340215	0.57688	0.0361419	0.0467632	1.143396	2.034359
16464	-1228.472	-1447.12	218.6476	0.4129154	0.398066	0.50542	0.0514623	0.0450524	1.215808	2.123895
16470	-1222.168	-1439.888	217.7196	0.44599	0.370973	0.537089	0.0479596	0.0439788	1.039028	2.79943
16476	-1225.876	-1444.099	218.2231	0.2355993	0.534871	0.381793	0.0499138	0.0334222	1.112072	2.516558
16482	-1227.927	-1447.369	219.4418	0.2355993	0.575217	0.32692	0.0536789	0.0441838	1.321046	1.565279
16488	-1223.992	-1443.759	219.767	0.2384618	0.681116	0.230249	0.0486174	0.0400176	1.511404	1.156405
16494	-1221.649	-1441.53	219.8805	0.2714699	0.573066	0.350533	0.0256308	0.0507703	1.658031	0.9010746
16500	-1232.676	-1452.556	219.8797	0.2151115	0.592684	0.259124	0.0373356	0.110856	1.740071	0.7934346
16506	-1222.309	-1442.245	219.9364	0.2761043	0.644283	0.261701	0.036631	0.0573852	1.744616	0.7104196
16512	-1217.802	-1437.685	219.883	0.2059095	0.722784	0.203948	0.0285471	0.0447212	1.81005	0.6678306
16518	-1228.459	-1448.365	219.9052	0.339295	0.703035	0.254425	0.0356126	0.00692747	1.678983	0.8094462
16524	-1230.932	-1450.93	219.9976	0.2254098	0.672901	0.292371	0.03076	0.00396815	1.583642	0.8485129
16530	-1227.579	-1447.532	219.9524	0.2587734	0.644392	0.304598	0.0492379	0.00177193	1.768664	0.6383752
16536	-1229.143	-1449.011	219.8679	0.3512071	0.667259	0.292352	0.038687	0.00170176	1.825177	0.6077443
16542	-1242.402	-1460.711	218.3093	0.3089791	0.386839	0.529893	0.0250749	0.0581929	0.8845978	2.595811
16548	-1237.39	-1454.081	216.6915	0.4051562	0.441398	0.495783	0.0286114	0.0342075	1.002268	3.455407
16554	-1239.052	-1456.432	217.3802	0.3199716	0.456902	0.49788	0.0108654	0.0343522	0.9216743	3.133037
16560	-1235.47	-1452.731	217.2607	0.4461148	0.466568	0.467851	0.0305017	0.035079	0.9432236	3.133037
16566	-1238.346	-1456.684	218.3376	0.2709278	0.411912	0.504949	0.0372787	0.0458601	0.9046073	2.57413
16572	-1225.641	-1444.515	218.8744	0.3089482	0.326415	0.615431	0.029539	0.0286154	1.093057	2.104017
16578	-1226.062	-1444.283	218.2211	0.413942	0.530916	0.395813	0.0586099	0.0146616	0.9563712	2.559699
16584	-1231.468	-1450.322	218.8537	0.4249523	0.358155	0.526103	0.0146907	0.101052	1.21385	1.981879
16590	-1248.401	-1467.844	219.4434	0.3147604	0.349884	0.645597	0.00303682	0.00148206	1.261538	1.595502
16596	-1245.343	-1464.495	219.1517	0.3699899	0.40895	0.585768	0.00354948	0.00173226	1.150963	1.853799
16602	-1242.21	-1461.222	219.0122	0.2436936	0.559902	0.435586	0.00303221	0.00147981	1.198523	1.952475
16608	-1233.388	-1452.077	218.6889	0.2613753	0.559703	0.435431	0.00294486	0.00192051	1.173477	2.182163
16614	-1235.231	-1453.677	218.446	0.4430413	0.367076	0.609772	0.000606498	0.022546	1.300823	2.182163
16620	-1239.926	-1458.535	218.6089	0.2936644	0.282371	0.605783	0.0013744	0.110471	1.110327	2.269201
16626	-1230.698	-1449.132	218.4346	0.3021856	0.195882	0.710789	0.0019409	0.0913884	0.9446339	2.482364
16632	-1231.229	-1449.468	218.2395	0.2740571	0.240492	0.646188	0.00111968	0.112201	0.9753443	2.590647
16638	-1223.69	-1441.74	218.0496	0.3051524	0.151891	0.786046	0.00194166	0.0601223	0.9318559	2.72768
16644	-1227.957	-1447.166	219.2091	0.2890696	0.415321	0.564212	0.00236264	0.0181044	1.082052	1.893602
16650	-1237.925	-1456.546	218.6208	0.2832025	0.28631	0.702288	0.00567803	0.00572447	1.17826	2.220188
16656	-1231.689	-1450.506	218.8164	0.2839069	0.354655	0.592937	0.0222006	0.0302078	1.046194	2.178922
16662	-1220.752	-1439.091	218.3394	0.2875569	0.325661	0.643478	0.0117741	0.0190871	0.9540216	2.539512
16668	-1222.511	-1441.006	218.4949	0.2959121	0.447846	0.495952	0.0227481	0.0334538	1.060653	2.372975
16674	-1230.942	-1449.483	218.5416	0.2627928	0.461712	0.467744	0.0285532	0.0419909	1.022789	2.372975
16680	-1230.069	-1448.66	218.5913	0.2279513	0.557372	0.355661	0.0403972	0.0465699	0.9495861	2.386063
16686	-1228.081	-1444.889	216.8076	0.3774621	0.302031	0.580968	0.0478776	0.0691242	0.834853	3.49855
16692	-1226.719	-1444.264	217.5453	0.3839902	0.306139	0.613701	0.00714175	0.0730188	0.9293076	3.003675
16698	-1233.911	-1451.047	217.1366	0.3301843	0.437444	0.485617	0.0256642	0.0512747	0.8261693	3.330203
16704	-1244.45	-1461.409	216.9588	0.3545147	0.398256	0.507506	0.0314345	0.0628034	0.9880601	3.330203
16710	-1236.636	-1452.271	215.6353	0.36348	0.38036	0.550323	0.00933579	0.0599812	0.8004793	4.198382
16716	-1243.621	-1459.011	215.3899	0.5976811	0.336421	0.57526	0.0323781	0.0559413	0.9147022	4.146644
16722	-1239.853	-1456.471	216.6173	0.4866947	0.365434	0.527642	0.0543434	0.0525809	0.8176331	3.562253
16728	-1251.33	-1469.029	217.6988	0.3479294	0.512694	0.376829	0.0604201	0.0500569	0.9249961	2.929983
16734	-1238.753	-1456.032	217.2797	0.5726856	0.388798	0.551706	0.0290467	0.0304501	1.12478	2.93735
16740	-1245.117	-1462.918	217.8015	0.5828786	0.462393	0.476229	0.0340134	0.027364	1.062497	2.650988
16746	-1240.411	-1458.027	217.6165	0.5366369	0.373196	0.562995	0.030356	0.0334533	0.9444579	2.865311
16752	-1241.047	-1459.425	218.3782	0.2863262	0.456051	0.510198	0.022503	0.0112485	1.041023	2.46112
16758	-1243.684	-1461.045	217.361	0.4739154	0.410153	0.45885	0.120881	0.0101164	0.9462329	3.055639
16764	-1240.279	-1459.438	219.1596	0.3011549	0.556445	0.420852	0.010277	0.0124262	1.393538	1.708967
16770	-1228.334	-1447.566	219.2318	0.438686	0.599476	0.349532	0.0174139	0.0335774	1.220986	1.708967
16776	-1233.054	-1451.716	218.6613	0.7441225	0.490502	0.334412	0.0995268	0.0755593	1.255581	1.863049
16782	-1228.268	-1447.435	219.1665	0.4252316	0.47595	0.447112	0.0447539	0.0321841	1.265598	1.732148
16788	-1224.425	-1443.213	218.7883	0.4342482	0.529014	0.348785	0.105892	0.0163094	1.269705	1.982685
16794	-1219.976	-1439.389	219.4126	0.3597237	0.393599	0.511134	0.0808429	0.0144241	1.390501	1.502163
16800	-1220.273	-1439.749	219.4758	0.2972906	0.520307	0.38153	0.0595868	0.0385763	1.398251	1.476077
16806	-1226.34	-1445.535	219.1951	0.2532116	0.553584	0.354357	0.0562303	0.0358288	1.245869	1.795621
16812	-1234.453	-1453.28	218.8271	0.2928357	0.568213	0.343952	0.0454876	0.0423478	1.006331	2.195814
16818	-1233.96	-1452.245	218.2854	0.3558981	0.429954	0.479567	0.0188835	0.0715956	1.084406	2.468567
16824	-1225.989	-1443.298	217.3084	0.4185427	0.422404	0.553958	0.0203181	0.00332008	0.9547464	3.11265
16830	-1220.51	-1439.053	218.5427	0.3344286	0.39571	0.527006	0.0751007	0.00218281	0.9734399	2.385385
16836	-1228.246	-1447.207	218.9606	0.2948749	0.438307	0.487597	0.062212	0.0118846	1.043507	2.083977
16842	-1230.74	-1449.27	218.5296	0.3050962	0.318969	0.643397	0.0172295	0.0204047	0.8204667	2.499783
16848	-1230.21	-1447.926	217.7167	0.3367923	0.21783	0.772595	0.00193758	0.00763743	0.7280046	3.041928
16854	-1243.049	-1460.545	217.4958	0.4557849	0.30349	0.692225	0.00173602	0.00254889	0.8173062	3.062515
16860	-1232.387	-1450.93	218.5436	0.514395	0.481947	0.511465	0.00565517	0.000933048	1.010742	2.261621
16866	-1220.779	-1439.614	218.835	0.2384258	0.511572	0.482071	0.00552327	0.000834242	1.185655	2.078392
16872	-1240.58	-1460.107	219.5274	0.299933	0.497674	0.485724	0.0157853	0.000817126	1.086376	1.666286
16878	-1220.38	-1439.239	218.8586	0.2494032	0.343246	0.638179	0.0182291	0.000345753	1.146424	2.0894
16884	-1219.102	-1438.137	219.0354	0.5156996	0.342877	0.637493	0.0182095	0.00142074	1.025988	1.927496
16890	-1220.963	-1438.69	217.7269	0.5255295	0.378865	0.609187	0.0105897	0.00135766	0.8249597	2.877668
16896	-1228.22	-1446.326	218.1055	0.3998747	0.398723	0.542505	0.0301705	0.0286011	0.8249597	2.719555
16902	-1225.402	-1443.407	218.0055	0.4148967	0.409123	0.556655	0.0102269	0.0239943	0.9217916	2.713571
16908	-1235.361	-1453.017	217.6568	0.2415778	0.606829	0.330759	0.0109367	0.0514747	0.8030959	3.050958
16914	-1237.558	-1455.394	217.8362	0.4222103	0.391214	0.554419	0.0154807	0.0388861	0.8012754	2.886106
16920	-1243.318	-1461.251	217.9337	0.3403205	0.384297	0.56433	0.0157575	0.0356148	0.8246511	2.851688
16926	-1236.997	-1454.657	217.6599	0.2744248	0.391431	0.574806	0.0160499	0.0177138	0.7657499	3.070136
16932	-1238.151	-1455.941	217.7892	0.2744248	0.368593	0.501708	0.0179185	0.11178	0.973264	2.867612
16938	-1241.088	-1459.159	218.0706	0.3953822	0.349703	0.615527	0.0127503	0.02202	0.674	2.835182
16944	-1226.48	-1444.923	218.4428	0.3308628	0.414582	0.544197	0.0151158	0.0261053	0.9591017	2.458715
16950	-1219.958	-1438.452	218.494	0.3629952	0.359823	0.592442	0.016589	0.0311457	0.8863591	2.458715
16956	-1227.874	-1446.25	218.3764	0.4150159	0.514461	0.447474	0.0211077	0.0169579	0.5728478	2.700088
16962	-1218.538	-1435.705	217.1664	0.3469291	0.412037	0.55191	0.0119835	0.0240692	0.7044453	3.377974
16968	-1229.464	-1447.787	218.3235	0.5344038	0.486825	0.459386	0.00725826	0.0465305	0.742338	2.557144
16974	-1214.773	-1433.847	219.0742	0.2666732	0.494188	0.466333	0.0110513	0.0284278	1.003333	2.040741
16980	-1227.747	-1447.244	219.4968	0.3140352	0.493814	0.443893	0.00918003	0.0531129	1.177032	1.618305
16986	-1234.683	-1452.806	218.1235	0.3272825	0.436076	0.480706	0.0256998	0.0575177	0.9210646	2.681911
16992	-1225.733	-1444.792	219.0595	0.4034678	0.299355	0.614739	0.0751245	0.0107821	1.060367	1.959433
16998	-1227.384	-1446.533	219.1484	0.4315927	0.274166	0.640499	0.0623966	0.0229387	1.227504	1.767502
17004	-1238.426	-1457.406	218.9804	0.4565267	0.268897	0.628191	0.0804142	0.0224979	1.149871	1.920167
17010	-1224.025	-1442.723	218.6986	0.3378923	0.31852	0.650115	0.0237561	0.00760848	1.065891	2.225414
17016	-1228.739	-1447.492	218.7528	0.3210755	0.460544	0.5293	0.00713274	0.00302312	1.021692	2.225414
17022	-1227.921	-1447.146	219.2255	0.349344	0.464263	0.525561	0.00719033	0.00298617	1.036785	1.891425
17028	-1225.258	-1444.331	219.0729	0.3857684	0.364838	0.62728	0.00421503	0.00366673	1.065993	1.956451
17034	-1226.102	-1445.728	219.626	0.3274788	0.659161	0.326972	0.00741572	0.00645107	1.357597	1.380124
17040	-1217.844	-1437.677	219.8329	0.2164586	0.63884	0.34642	0.0110651	0.00367516	1.217796	1.340597
17046	-1219.856	-1439.127	219.2712	0.2312312	0.737185	0.246743	0.00860239	0.0074688	1.212168	1.76437
17052	-1214.763	-1433.656	218.8926	0.386487	0.462022	0.434031	0.095418	0.00852833	1.109207	2.047422
17058	-1212.974	-1432.309	219.3347	0.492977	0.501081	0.458732	0.0197032	0.0204845	1.13667	1.658825
17064	-1228.022	-1447.691	219.6691	0.223505	0.653093	0.275767	0.0330188	0.0381215	1.486942	1.25742
17070	-1214.493	-1434.126	219.6329	0.2390311	0.738621	0.1767	0.0373429	0.0473361	1.304813	1.43456
17076	-1217.77	-1436.842	219.0716	0.2170602	0.658695	0.278272	0.0333021	0.029731	1.147304	1.941934
17082	-1225.253	-1443.975	218.7213	0.3702167	0.534574	0.403057	0.049977	0.0123926	1.093381	2.17835
17088	-1230.999	-1449.437	218.438	0.4790471	0.500334	0.425535	0.0322841	0.0418471	0.9811107	2.370248
17094	-1225.773	-1444.441	218.6672	0.301684	0.435899	0.451455	0.0919661	0.0206795	0.8902745	2.370248
17100	-1221.648	-1440.058	218.4095	0.301684	0.486532	0.4437	0.0109505	0.0588172	0.7699746	2.606804
17106	-1221.438	-1439.477	218.039	0.3066047	0.404326	0.486256	0.0069283	0.10249	0.7878403	2.82158
17112	-1217.624	-1435.911	218.2871	0.2994452	0.553582	0.392002	0.0222424	0.0321739	0.9371987	2.579634
17118	-1207.942	-1425.908	217.9663	0.2994452	0.500714	0.427447	0.0141439	0.057695	0.7904874	2.866
17124	-1223.131	-1439.355	216.2246	0.9427406	0.523184	0.420817	0.0411757	0.0148233	0.7843486	3.533998
17130	-1212.347	-1429.22	216.8723	0.3200464	0.304104	0.578079	0.0949933	0.0228239	0.7480167	3.533998
17136	-1222.447	-1440.272	217.825	0.3192315	0.522412	0.396731	0.0651932	0.0156639	0.8353203	2.918575
17142	-1222.875	-1440.68	217.8046	0.293205	0.552818	0.381204	0.0546017	0.0113761	0.8228369	2.94566
17148	-1219.062	-1436.769	217.7069	0.3982988	0.574271	0.386516	0.0200215	0.0191917	0.8524657	2.94566
17154	-1235.034	-1451.656	216.6225	0.4851154	0.428262	0.49177	0.06331	0.0166585	0.7185444	3.617724
17160	-1224.089	-1442.659	218.5706	0.368109	0.469065	0.447697	0.0658981	0.0173396	1.009472	2.330117
17166	-1224.921	-1443.684	218.7631	0.446455	0.379684	0.544329	0.0726967	0.00328953	1.16869	2.059088
17172	-1223.937	-1442.647	218.7098	0.4063334	0.391847	0.531326	0.0686406	0.00818694	1.188705	2.104626
17178	-1233.734	-1452.488	218.7543	0.345154	0.317461	0.576801	0.0765637	0.029174	1.022206	2.214621
17184	-1235.589	-1454.561	218.9724	0.4505479	0.366549	0.545113	0.0608033	0.0275343	1.251317	1.860475
17190	-1241.396	-1460.467	219.0719	0.441025	0.38274	0.569192	0.019317	0.0287505	1.369247	1.715714
17196	-1240.449	-1458.232	217.7835	0.3629905	0.232349	0.690722	0.0626948	0.0142337	1.094557	2.769348
17202	-1230.814	-1449.076	218.2627	0.3629905	0.410239	0.489964	0.095686	0.00411167	1.083784	2.479966
17208	-1230.779	-1449.658	218.8793	0.3202014	0.386297	0.494283	0.115549	0.00387171	1.084114	2.102841
17214	-1225.775	-1444.801	219.0258	0.5945621	0.499996	0.386044	0.110266	0.00369469	1.223334	1.742503
17220	-1218.485	-1438.304	219.8186	0.2888276	0.526218	0.390668	0.0659103	0.0172032	1.42457	1.182029
17226	-1233.133	-1452.053	218.9197	0.4838074	0.487232	0.490762	0.0120326	0.00997358	1.246275	1.87811
17232	-1218.32	-1437.642	219.3229	0.2572412	0.426503	0.518287	0.0402689	0.0149417	1.038276	1.85053
17238	-1229.331	-1448.814	219.4837	0.2297265	0.415065	0.449744	0.0141349	0.121056	1.220477	1.607078
17244	-1220.516	-1439.529	219.0131	0.2386376	0.494913	0.405997	0.0198204	0.0792701	0.9735702	2.100774
17250	-1221.468	-1440.672	219.204	0.202869	0.303303	0.550852	0.00934034	0.136504	1.199038	1.810351
17256	-1222.063	-1441.261	219.198	0.2367409	0.628717	0.344214	0.0108257	0.016243	0.9756756	1.976647
17262	-1229.321	-1448.328	219.0076	0.2367409	0.6761	0.282331	0.00956326	0.032005	1.222084	1.939068
17268	-1228.931	-1447.926	218.9946	0.2033424	0.766617	0.195951	0.00861172	0.0288205	1.102077	2.017991
17274	-1220.982	-1439.175	218.1929	0.2589141	0.443297	0.473929	0.00879362	0.07398	1.202304	2.479797
17280	-1226.707	-1445.656	218.9494	0.2530005	0.42499	0.466982	0.010268	0.0977597	1.050429	2.092822
17286	-1222.064	-1440.634	218.5697	0.3260355	0.350705	0.59617	0.0061567	0.046969	0.9766705	2.369401
17292	-1222.163	-1440.42	218.2564	0.2928581	0.252198	0.733879	0.00576708	0.00815636	0.8576286	2.649436
17298	-1216.012	-1434.874	218.8616	0.2685972	0.447458	0.539366	0.00598009	0.0071955	1.044964	2.152806
17304	-1225.303	-1443.079	217.7767	0.642805	0.577129	0.406332	0.00953681	0.00700191	1.12795	2.586886
17310	-1218.999	-1436.958	217.9593	0.3475377	0.469628	0.513947	0.0113706	0.00505496	0.9306815	2.768711
17316	-1235.372	-1452.997	217.6252	0.3858691	0.345301	0.626152	0.0254581	0.00308936	1.043545	2.885852
17322	-1231.883	-1450.876	218.9925	0.2993158	0.449226	0.526758	0.021417	0.00259896	0.8740788	2.172656
17328	-1217.274	-1436.072	218.7976	0.2733403	0.575329	0.326022	0.0376634	0.0609859	1.100755	2.157486
17334	-1213.158	-1431.96	218.8014	0.2821276	0.370389	0.585922	0.00508426	0.0386045	1.099812	2.154205
17340	-1221.511	-1440.297	218.7858	0.2235127	0.413649	0.477293	0.0126916	0.0963662	1.23662	2.074616
17346	-1226.611	-1444.724	218.1124	0.2860245	0.654662	0.278116	0.0110693	0.0561521	0.929458	2.69531
17352	-1213.404	-1431.513	218.109	0.3790151	0.511324	0.451469	0.0169078	0.0202993	0.9490597	2.651574
17358	-1219.46	-1437.731	218.2708	0.3042214	0.457685	0.519061	0.0149082	0.00834535	0.9624726	2.572756
17364	-1220.878	-1438.934	218.0554	0.3423428	0.496643	0.484059	0.016141	0.0031562	0.9963719	2.671717
17370	-1220.601	-1438.938	218.337	0.3115133	0.493332	0.480658	0.0228751	0.00313516	0.8429834	2.603627
17376	-1214.915	-1433.711	218.7956	0.3724396	0.456989	0.498469	0.0242727	0.0202693	1.037422	2.165333
17382	-1220.206	-1438.862	218.6555	0.3724396	0.394219	0.56553	0.0179698	0.0222809	1.197402	2.152425
17388	-1215.02	-1433.873	218.8532	0.4133451	0.449395	0.523053	0.00694475	0.0206073	1.133343	2.042611
17394	-1213.51	-1432.363	218.8526	0.353097	0.529343	0.442412	0.00550438	0.0227413	1.181693	2.042611
17400	-1221.01	-1440.374	219.3642	0.2420617	0.59679	0.360453	0.0294794	0.0132776	1.230892	1.68717
17406	-1232.312	-1451.294	218.9821	0.2420617	0.684585	0.278599	0.0289327	0.00788342	1.126167	2.020797
17412	-1228.862	-1446.823	217.9608	0.2826379	0.58654	0.395047	0.0139106	0.0045023	1.121404	2.671137
17418	-1219.124	-1438.135	219.0113	0.2964728	0.470644	0.504598	0.0238918	0.000866308	1.023746	2.063135
17424	-1213.952	-1432.714	218.7629	0.3868398	0.505824	0.465573	0.0280396	0.000562491	1.214869	2.063135
17430	-1215.094	-1434.101	219.0073	0.3034132	0.430368	0.520719	0.0470048	0.00190858	1.081828	2.025414
17436	-1222.994	-1442.145	219.1511	0.4688019	0.458313	0.486383	0.050057	0.00524749	1.173502	1.778976
17442	-1224.503	-1443.357	218.8536	0.3879145	0.624672	0.285454	0.0641339	0.0257397	1.125853	2.061428
17448	-1221.214	-1440.191	218.9767	0.580593	0.43718	0.515451	0.0333259	0.0140431	1.06642	1.894662
17454	-1227.125	-1446.251	219.1261	0.2651902	0.725025	0.243638	0.0201483	0.0111887	1.184745	1.884286
17460	-1215.91	-1434.974	219.064	0.4306274	0.588366	0.337146	0.0590057	0.0154829	1.271971	1.795837
17466	-1225.77	-1445.553	219.7832	0.4105663	0.541102	0.385379	0.0559063	0.017612	1.434822	1.133685
17472	-1224.426	-1443.881	219.455	0.4307011	0.537989	0.407173	0.0367155	0.0181218	1.429357	1.395552
17478	-1218.614	-1438.334	219.7203	0.3070184	0.390504	0.576104	0.0266503	0.00674133	1.089074	1.521394
17484	-1217.611	-1436.641	219.0305	0.409384	0.46782	0.433729	0.0456468	0.0528038	1.29243	1.817822
17490	-1218.587	-1437.811	219.2246	0.6207562	0.31328	0.649225	0.0136178	0.023878	1.635808	1.261654
17496	-1216.439	-1435.579	219.14	0.4000772	0.425643	0.552953	0.018502	0.00290195	1.409645	1.664342
17502	-1222.684	-1442.166	219.4825	0.3537968	0.4904	0.493152	0.0151003	0.00134741	1.311113	1.512418
17508	-1225.001	-1444.536	219.5347	0.4754613	0.599767	0.329917	0.0631392	0.00717677	1.23846	1.448808
17514	-1226.404	-1445.544	219.1395	0.3130312	0.427499	0.544646	0.0174837	0.0103707	1.261804	1.811094
17520	-1231.118	-1450.425	219.3064	0.4033041	0.444608	0.491502	0.0172168	0.0466738	1.134851	1.739166
17526	-1235.995	-1454.527	218.5318	0.4151308	0.45996	0.437759	0.053995	0.0482855	1.140522	2.246531
17532	-1235.268	-1453.815	218.5473	0.4237126	0.425495	0.475962	0.0269261	0.0716171	1.081539	2.269568
17538	-1234.09	-1452.506	218.4156	0.2836889	0.515426	0.409796	0.0131166	0.0616613	0.9752286	2.479471
17544	-1225.995	-1443.774	217.7796	0.3058683	0.605462	0.25767	0.0980975	0.0387711	0.8709239	2.928509
17550	-1214.373	-1432.793	218.4194	0.3058683	0.297942	0.611908	0.0755873	0.0145631	0.8989239	2.519382
17556	-1218.438	-1436.115	217.6768	0.2936536	0.316283	0.6024	0.0739568	0.00736078	0.9414336	2.951085
17562	-1218.1	-1435.995	217.8954	0.335519	0.323982	0.617064	0.0514137	0.00753997	1.046298	2.741897
17568	-1224.157	-1443.131	218.9739	0.4046455	0.365303	0.55565	0.0695898	0.00945665	1.36175	1.811885
17574	-1219.646	-1438.725	219.0797	0.2587883	0.628067	0.25679	0.022923	0.0922198	1.390005	1.775494
17580	-1223.759	-1442.878	219.1196	0.199968	0.677039	0.198841	0.0247103	0.0994103	1.328083	1.777781
17586	-1222.08	-1442.015	219.9354	0.2389874	0.70865	0.222777	0.0276849	0.0408887	1.481311	1.028849
17592	-1227.002	-1446.615	219.6134	0.1996253	0.711048	0.224851	0.0277786	0.0363221	1.598833	1.197985
17598	-1237.613	-1457.153	219.5399	0.2087874	0.548534	0.352025	0.0434898	0.0559519	1.315314	1.488439
17604	-1246.837	-1466.607	219.77	0.3509004	0.421487	0.525251	0.0292209	0.0240411	1.543339	1.089664
17610	-1231.532	-1451.426	219.8938	0.2411886	0.638049	0.305874	0.0403717	0.0157051	1.543339	1.009067
17616	-1233.145	-1453.148	220.003	0.1876091	0.788638	0.161329	0.0386117	0.0114215	1.593231	0.7952161
17622	-1218.021	-1437.913	219.8928	0.223764	0.806791	0.147719	0.0262089	0.0192817	1.836153	0.6065378
17628	-1220.302	-1439.935	219.6333	0.2642365	0.781082	0.178549	0.0232582	0.0171108	2.115204	0.4545593
17634	-1227.497	-1446.982	219.4845	0.2015585	0.779133	0.178103	0.0183712	0.0243933	2.228676	0.4006327
17640	-1208.327	-1427.8	219.4732	0.2067228	0.631657	0.277506	0.0250584	0.0657794	2.237241	0.3883172
17646	-1212.292	-1431.709	219.4169	0.2067228	0.792681	0.154118	0.0266746	0.0265268	2.237241	0.3205274
17652	-1216.15	-1435.612	219.4624	0.2376928	0.694035	0.26276	0.0199789	0.0232256	2.237241	0.3543923
17658	-1218.971	-1438.231	219.26	0.2519111	0.767444	0.200378	0.0148801	0.0172982	2.345606	0.2748
17664	-1231.852	-1451.044	219.1925	0.2662214	0.664579	0.257227	0.0485576	0.0296364	2.367084	0.2500656
17670	-1221.612	-1440.593	218.9814	0.3529626	0.632538	0.289825	0.0462165	0.0314208	2.486231	0.2266089
17676	-1229.326	-1448.432	219.106	0.4540671	0.499087	0.386969	0.102452	0.0114923	2.408041	0.2981115
17682	-1230.774	-1449.832	219.0578	0.3026151	0.568268	0.343768	0.074878	0.0130854	2.466378	0.2384904
17688	-1224.924	-1444.007	219.0825	0.3434682	0.617122	0.266007	0.0813151	0.0355565	2.466378	0.2622871
17694	-1233.628	-1453.025	219.397	0.3434682	0.509189	0.393415	0.0835737	0.0138232	2.269748	0.3557162
17700	-1231.648	-1450.942	219.2948	0.3468513	0.620507	0.263803	0.101845	0.0138456	2.266489	0.2706729
17706	-1234.901	-1454.363	219.4621	0.2199374	0.651905	0.244238	0.0942914	0.00956565	2.19472	0.3164058
17712	-1222.655	-1442.082	219.4265	0.4272862	0.612858	0.300029	0.071885	0.0152283	2.203097	0.4013454
17718	-1222.794	-1442.389	219.5952	0.2541282	0.616868	0.301992	0.0789472	0.0021923	2.148236	0.4316346
17724	-1220.95	-1440.575	219.6251	0.2607742	0.82496	0.138113	0.0354569	0.00147	2.128216	0.4995774
17730	-1224.404	-1444.252	219.8485	0.2607742	0.607189	0.36301	0.0260971	0.00370396	1.874484	0.6334671
17736	-1233.009	-1452.839	219.8302	0.2607742	0.551795	0.421123	0.0237163	0.00336604	1.904018	0.6041711
17742	-1230.243	-1450.074	219.8304	0.2588459	0.463412	0.51496	0.0157593	0.00586837	1.904018	0.6041711
17748	-1228.99	-1448.947	219.9572	0.2696829	0.487575	0.48967	0.016581	0.00617435	1.657539	0.8096784
17754	-1223.005	-1442.968	219.9625	0.2466455	0.462753	0.464741	0.0178133	0.054693	1.657539	0.8047186
17760	-1214.808	-1434.669	219.861	0.3056505	0.259756	0.578952	0.153811	0.00748131	1.685338	0.8788562
17766	-1235.044	-1454.838	219.794	0.3527466	0.578267	0.284913	0.0972591	0.0395612	1.724656	0.8788562
17772	-1235.966	-1455.886	219.9199	0.3736233	0.459239	0.46906	0.0461189	0.0255821	1.514059	0.9552106
17778	-1225.335	-1444.814	219.4795	0.3846553	0.455419	0.479221	0.047812	0.0175486	1.41049	1.421736
17784	-1232.858	-1452.527	219.6695	0.2748081	0.423356	0.498979	0.055162	0.022503	1.394216	1.334406
17790	-1218.493	-1438.168	219.6753	0.4358025	0.429696	0.546324	0.0173569	0.00662235	1.342025	1.285766
17796	-1212.591	-1432.241	219.6506	0.3386033	0.455658	0.498808	0.0296814	0.0158528	1.386207	1.33264
17802	-1224.081	-1443.805	219.7244	0.212312	0.740074	0.190883	0.0482081	0.0208347	1.412548	1.268847
17808	-1216.233	-1435.844	219.6109	0.2942136	0.702272	0.275897	0.0112796	0.0105513	1.481109	1.306772
17814	-1222.104	-1441.943	219.8389	0.241976	0.755473	0.227057	0.00359542	0.0138742	1.634621	0.9724664
17820	-1233.398	-1452.86	219.462	0.3395871	0.399982	0.55618	0.0431985	0.000640242	1.365327	1.494278
17826	-1226.17	-1445.141	218.9707	0.4728104	0.576648	0.39196	0.029737	0.0016555	1.380347	1.757825
17832	-1224.616	-1443.478	218.8619	0.3888039	0.59047	0.356379	0.0514552	0.00169519	1.392329	1.876744
17838	-1217.83	-1437.073	219.2429	0.333432	0.635579	0.313332	0.0400506	0.0110383	1.392329	1.638306
17844	-1218.94	-1438.077	219.1369	0.2689828	0.734442	0.213941	0.0382522	0.0133648	1.285818	1.807182
17850	-1210.728	-1429.481	218.753	0.2937008	0.658714	0.272826	0.0302049	0.0382552	1.303663	2.049572
17856	-1217.11	-1435.816	218.7066	0.3067535	0.478876	0.36654	0.0474764	0.107108	1.258932	2.105919
17862	-1226.397	-1443.868	217.4707	0.5090686	0.460973	0.437109	0.09759	0.00432804	1.17166	2.832933
17868	-1227.069	-1445.401	218.3318	0.3791397	0.365639	0.55337	0.0783242	0.00266634	0.8270929	2.589202
17874	-1227.682	-1444.236	216.5549	0.3124647	0.305361	0.657053	0.0341687	0.0034176	0.8103342	3.684368
17880	-1229.793	-1445.992	216.1995	0.3056699	0.278673	0.532019	0.186541	0.00276725	0.6083123	4.006676
17886	-1237.724	-1454.09	216.3663	0.3219934	0.171386	0.749168	0.0669817	0.0124641	0.8115288	3.789619
17892	-1235.167	-1451.875	216.7077	0.372702	0.213132	0.592497	0.11325	0.0811209	0.8429474	3.554204
17898	-1230.889	-1448.453	217.5638	0.4118094	0.462368	0.468733	0.0312254	0.0376737	1.12839	2.858472
17904	-1236.763	-1455.283	218.521	0.4118094	0.391511	0.564373	0.0156593	0.0284562	1.041519	2.318707
17910	-1230.903	-1449.367	218.4646	0.3325973	0.448233	0.439425	0.0770711	0.0352713	1.16531	2.313803
17916	-1230.259	-1449.799	219.5405	0.2609756	0.321316	0.492766	0.0716825	0.114235	1.413829	1.42215
17922	-1230.096	-1449.397	219.3008	0.3582852	0.382621	0.54419	0.0548541	0.0183355	1.247817	1.688362
17928	-1225.087	-1443.876	218.7892	0.3201701	0.534264	0.380174	0.0800215	0.00554054	1.165559	2.108518
17934	-1231.739	-1451.426	219.6873	0.2944142	0.354132	0.498929	0.134037	0.0129022	1.110944	1.533655
17940	-1229.489	-1447.249	217.7598	0.2944142	0.402301	0.572566	0.0193101	0.00582292	0.9289915	2.908375
17946	-1217.619	-1435.354	217.7343	0.3333024	0.402301	0.572566	0.0193101	0.00582292	0.9347445	2.908375
17952	-1252.35	-1470.475	218.1245	0.2807905	0.393218	0.523036	0.020825	0.0629214	1.027352	2.628575
17958	-1243.865	-1462.131	218.2657	0.2518117	0.232183	0.5553	0.00208214	0.210434	0.8905045	2.628575
17964	-1242.35	-1460.189	217.839	0.2450826	0.545449	0.320428	0.00120147	0.132921	1.150859	2.730712
17970	-1236.819	-1454.699	217.8798	0.2326121	0.735886	0.253221	0.00374457	0.0071479	0.8589241	2.882281
17976	-1230.536	-1448.394	217.858	0.4354794	0.562053	0.425135	0.00440436	0.00840734	0.7905977	2.872123
17982	-1230.053	-1449.381	219.3282	0.4480461	0.405491	0.522344	0.0648665	0.00729853	1.026152	1.771951
17988	-1229.708	-1448.649	218.9413	0.2879677	0.52807	0.418293	0.0160554	0.0375815	1.153053	2.026013
17994	-1225.814	-1445.364	219.5499	0.2636218	0.44129	0.513888	0.013417	0.0314055	1.179314	1.590492
18000	-1235.485	-1454.92	219.4352	0.3114546	0.272419	0.668639	0.0267208	0.0322213	1.278203	1.590492
18006	-1240.476	-1459.536	219.0599	0.3659453	0.303255	0.577271	0.083605	0.0358686	1.408726	1.740918
18012	-1230.228	-1448.593	218.365	0.3310947	0.540526	0.397722	0.0228546	0.0388978	1.21075	2.348905
18018	-1235.858	-1454.771	218.9129	0.3321447	0.503422	0.359295	0.0629646	0.074319	1.131074	2.045214
18024	-1232.337	-1450.871	218.5337	0.2848547	0.522337	0.330671	0.0366729	0.110319	1.114237	2.316771
18030	-1225.416	-1444.487	219.0711	0.2995904	0.48091	0.456937	0.0116621	0.0504912	1.149869	1.938369
18036	-1223.942	-1442.443	218.5014	0.3091012	0.228111	0.723898	0.00850403	0.0394869	1.119429	2.327793
18042	-1221.535	-1439.669	218.1345	0.2785393	0.47758	0.459388	0.0237041	0.0393276	1.003193	2.637667
18048	-1227.105	-1445.656	218.5511	0.2479337	0.567327	0.358088	0.0236087	0.0509758	0.9471398	2.415212
18054	-1230.972	-1449.207	218.2356	0.2310323	0.674913	0.221776	0.0414068	0.0619044	0.828475	2.683723
18060	-1242.852	-1460.917	218.0653	0.2243137	0.681304	0.217416	0.0405927	0.0606874	0.7892843	2.810455
18066	-1243.098	-1460.185	217.0865	0.3751828	0.375822	0.537681	0.0308367	0.0556602	0.6559868	3.44114
18072	-1241.742	-1458.572	216.8295	0.2945781	0.505491	0.435957	0.0198012	0.0387508	0.6768173	3.60723
18078	-1238.086	-1455.576	217.4903	0.2616072	0.434462	0.436132	0.0343754	0.0950298	0.6408995	3.246328
18084	-1236.462	-1454.177	217.7152	0.2643488	0.682801	0.235522	0.00413501	0.0775419	0.6638911	3.099035
18090	-1251.616	-1471.242	219.6252	0.3343951	0.497923	0.384025	0.0633344	0.054718	2.010941	0.7404132
18096	-1236.291	-1455.907	219.6164	0.3272328	0.489996	0.492799	0.0126723	0.00453353	1.884495	0.917373
18102	-1243.792	-1463.489	219.6966	0.3272328	0.434079	0.516933	0.0436347	0.00535366	1.834407	0.8834883
18108	-1244.313	-1464.083	219.7695	0.2865595	0.626237	0.332933	0.0345913	0.00623836	1.738347	0.9303355
18114	-1245.831	-1464.892	219.0611	0.232691	0.578294	0.373537	0.00182612	0.0463428	1.346904	1.816968
18120	-1246.622	-1465.984	219.3616	0.290296	0.563786	0.389254	0.0017803	0.0451801	1.383091	1.574319
18126	-1241.291	-1460.844	219.5538	0.373817	0.444586	0.491981	0.00279206	0.0606408	1.361294	1.408877
18132	-1230.302	-1449.388	219.0859	0.3367042	0.5472	0.398745	0.00426228	0.049793	1.148744	1.915827
18138	-1232.664	-1451.319	218.655	0.3916325	0.505799	0.462251	0.030483	0.00146615	1.14442	2.177296
18144	-1237.034	-1456.261	219.2265	0.319368	0.354392	0.514919	0.011572	0.119116	1.131491	1.838647
18150	-1237.183	-1456.531	219.3472	0.2824876	0.458531	0.318758	0.0125489	0.210162	1.324743	1.629074
18156	-1244.159	-1462.935	218.7756	0.2856742	0.430851	0.354687	0.0583061	0.156156	1.116409	2.15945
18162	-1236.268	-1455.684	219.4158	0.2594642	0.432274	0.411608	0.0527063	0.103412	1.277991	1.616568
18168	-1232.971	-1452.01	219.039	0.2990802	0.322883	0.492095	0.0503725	0.13465	1.244139	1.896432
18174	-1236.342	-1455.193	218.851	0.28747	0.497761	0.40466	0.0443854	0.0531938	1.177225	2.06984
18180	-1232.392	-1451.61	219.2173	0.3234753	0.552579	0.335879	0.0704998	0.0410421	1.253226	1.759157
18186	-1237.379	-1456.472	219.0929	0.2673869	0.600681	0.314765	0.0399393	0.0446148	1.380321	1.772303
18192	-1239.108	-1458.42	219.3121	0.3263476	0.469532	0.500806	0.0131544	0.0165072	1.380321	1.599935
18198	-1241.539	-1461.077	219.5375	0.4376899	0.490264	0.450086	0.0386663	0.0209842	1.363385	1.377645
18204	-1239.778	-1459.198	219.4195	0.331403	0.365466	0.520343	0.0587726	0.0554182	1.642519	1.315976
18210	-1237.449	-1456.581	219.1321	0.3654811	0.354945	0.586758	0.0300044	0.028292	1.336231	1.741341
18216	-1246.882	-1466.081	219.1986	0.3184906	0.501432	0.429118	0.0016274	0.0678228	1.316388	1.729896
18222	-1238.568	-1456.852	218.2845	0.2465444	0.588914	0.370517	0.00403209	0.0365367	1.024181	2.533908
18228	-1249.193	-1467.291	218.0979	0.2465444	0.535907	0.342424	0.00977342	0.111896	1.21078	2.533908
18234	-1240.004	-1458.999	218.9951	0.3247693	0.618437	0.259879	0.00257768	0.119106	1.379309	1.825306
18240	-1231.318	-1450.281	218.9634	0.3247693	0.426769	0.475884	0.00554941	0.0917976	1.196838	1.970746
18246	-1237.457	-1456.023	218.5653	0.3210251	0.491429	0.404489	0.00471685	0.0993649	1.088814	2.302656
18252	-1233.679	-1452.697	219.0181	0.2539378	0.511467	0.420982	0.00490918	0.0626421	1.156661	1.976787
18258	-1231.334	-1449.932	218.5984	0.2997399	0.550279	0.406799	0.00831314	0.0346094	0.9976128	2.346289
18264	-1248.672	-1465.399	216.727	0.3898032	0.361631	0.613706	0.00867736	0.0159857	0.9264131	3.486423
18270	-1240.11	-1458.015	217.905	0.2953175	0.402885	0.571524	0.0107037	0.014887	1.009496	2.771186
18276	-1247.496	-1466.342	218.8462	0.2508183	0.541259	0.422479	0.0151674	0.0210952	1.126254	2.110753
18282	-1249.089	-1466.62	217.5317	0.4305897	0.497327	0.467161	0.0121856	0.0233263	0.971082	2.96282
18288	-1237.685	-1454.933	217.2488	0.765771	0.497327	0.467161	0.0121856	0.0233263	0.909592	2.96282
18294	-1220.259	-1438.424	218.1654	0.4052481	0.38583	0.547607	0.0530679	0.0134953	0.9426543	2.607391
18300	-1230.453	-1447.832	217.3782	0.2689965	0.660342	0.286629	0.0428827	0.0101458	0.9525575	3.127388
18306	-1221.211	-1439.351	218.1401	0.3265052	0.491724	0.438358	0.0319326	0.037985	0.9004048	2.684676
18312	-1229.491	-1446.871	217.38	0.3362871	0.44098	0.467546	0.0698672	0.0216066	1.016287	3.071032
18318	-1235.561	-1453.113	217.5518	0.4910151	0.451032	0.439167	0.0876322	0.0221687	0.9130047	2.951079
18324	-1237.72	-1454.874	217.154	0.4770576	0.475449	0.425907	0.0867824	0.0118622	0.8605664	3.227889
18330	-1230.133	-1449.264	219.1311	0.4156227	0.436871	0.457374	0.0930156	0.0127386	1.019549	1.931653
18336	-1234.988	-1454.256	219.268	0.3349326	0.581017	0.340299	0.0692061	0.00947787	1.280693	1.699427
18342	-1234.575	-1454.15	219.5755	0.2296512	0.767035	0.203272	0.0256702	0.00402321	1.279855	1.495552
18348	-1227.033	-1446.333	219.3003	0.2679083	0.657154	0.257896	0.0801929	0.00475763	1.279855	1.697134
18354	-1238.975	-1458.373	219.3982	0.2618474	0.575548	0.316187	0.0245133	0.0837523	1.334393	1.588182
18360	-1236.366	-1455.454	219.0876	0.2470706	0.520077	0.363148	0.0179903	0.098785	1.309048	1.826179
18366	-1224.543	-1443.961	219.4181	0.2470706	0.490643	0.348844	0.0197238	0.140789	1.309048	1.592463
18372	-1230.17	-1449.067	218.8966	0.4105024	0.479628	0.438784	0.0292119	0.0523762	1.197698	1.972483
18378	-1217.844	-1436.538	218.6945	0.2461312	0.506573	0.425881	0.0323669	0.0351796	1.3287	2.077339
18384	-1214.115	-1432.798	218.6828	0.3894891	0.520437	0.388941	0.0303895	0.0602329	1.35667	2.020868
18390	-1223.089	-1442.277	219.1879	0.2789491	0.666054	0.255722	0.0388925	0.0393318	1.680973	1.484695
18396	-1221.399	-1440.989	219.5903	0.2789491	0.64054	0.293262	0.0446019	0.0215967	1.677948	1.162871
18402	-1230.873	-1450.405	219.5315	0.3099078	0.483843	0.473176	0.0219992	0.0209815	1.439468	1.397427
18408	-1223.237	-1442.922	219.6853	0.2908148	0.433234	0.530941	0.0246848	0.01114	1.593178	1.150558
18414	-1226.75	-1446.18	219.4307	0.3560064	0.507513	0.445662	0.017665	0.0291595	1.387597	1.492809
18420	-1229.454	-1449.049	219.5959	0.4712373	0.523036	0.459294	0.00553745	0.0121321	1.492141	1.198662
18426	-1224.848	-1444.437	219.5887	0.3142735	0.613078	0.347687	0.0263815	0.0128532	1.368504	1.406407
18432	-1219.441	-1439.124	219.6826	0.3142735	0.484775	0.471626	0.0293162	0.014283	1.394155	1.311807
18438	-1228.021	-1447.492	219.4708	0.4556652	0.570153	0.394637	0.023515	0.0116951	1.570188	1.251017
18444	-1221.327	-1440.745	219.4181	0.3016705	0.471589	0.449679	0.00672533	0.0720061	1.316582	1.578337
18450	-1232.721	-1450.945	218.2239	0.2691899	0.263353	0.654447	0.0268441	0.0553558	1.091627	2.5287
18456	-1220.331	-1438.738	218.4073	0.3339079	0.426943	0.512608	0.00416902	0.05628	0.8808225	2.5287
18462	-1230.782	-1448.239	217.458	0.309015	0.325951	0.580361	0.0580556	0.0356325	0.8174124	3.152134
18468	-1231.171	-1448.073	216.9024	0.309015	0.538304	0.394491	0.0243082	0.042897	0.8203709	3.477557
18474	-1229.375	-1447.318	217.9435	0.2645852	0.509835	0.417314	0.0274727	0.0453788	0.8631642	2.841901
18480	-1224.496	-1442.391	217.8951	0.2851099	0.532361	0.391569	0.0286865	0.0473838	0.9067697	2.841901
18486	-1223.095	-1442.011	218.9164	0.2863928	0.314389	0.581385	0.0393043	0.064922	1.245261	1.981479
18492	-1228.254	-1447.326	219.0721	0.2741767	0.443443	0.433947	0.0490178	0.0735929	1.18875	1.91713
18498	-1234.426	-1453.878	219.4518	0.3952307	0.414059	0.515537	0.0452283	0.025176	1.411204	1.435845
18504	-1242.773	-1462.597	219.8233	0.2798014	0.423466	0.487878	0.0231385	0.0655172	1.438625	1.1682
18510	-1236.33	-1455.873	219.5429	0.3719752	0.541878	0.424479	0.0205643	0.0130785	1.538308	1.277654
18516	-1231.856	-1451.201	219.3454	0.4093679	0.497681	0.397495	0.0656544	0.0391697	1.153921	1.694554
18522	-1224.661	-1444.2	219.5388	0.2768953	0.601072	0.331056	0.0546807	0.0131904	1.30972	1.500377
18528	-1221.098	-1440.728	219.6295	0.3502846	0.5178	0.422603	0.0482342	0.011363	1.541086	1.216138
18534	-1221.485	-1441.431	219.9456	0.2757259	0.578218	0.341312	0.0538622	0.0266085	1.591104	0.9019843
18540	-1222.992	-1442.45	219.4578	0.2757259	0.608652	0.298995	0.0643439	0.028009	1.508383	1.411003
18546	-1230.544	-1449.561	219.0161	0.276432	0.643385	0.245277	0.0616148	0.0497239	1.597923	1.671779
18552	-1234.397	-1453.806	219.4093	0.2560901	0.638635	0.24679	0.0690299	0.0455458	1.51778	1.443326
18558	-1240.867	-1460.245	219.3772	0.2650047	0.607508	0.286632	0.0642131	0.0416468	1.56229	1.43319
18564	-1247.211	-1466.499	219.288	0.2048213	0.832265	0.120555	0.0186082	0.0285718	1.564674	1.488306
18570	-1229.82	-1449.36	219.5399	0.2119917	0.642149	0.259999	0.0179137	0.0799383	1.603196	1.263577
18576	-1227.419	-1447.024	219.6045	0.2192752	0.752728	0.138348	0.0152199	0.0937038	1.480116	1.314461
18582	-1230.883	-1450.451	219.5689	0.2124609	0.807915	0.148491	0.0163358	0.0272579	1.458347	1.357495
18588	-1241.337	-1461.098	219.7608	0.2588511	0.590505	0.336737	0.0250419	0.0477156	1.650709	1.034524
18594	-1236.222	-1455.777	219.5544	0.3845249	0.567638	0.356536	0.0203903	0.0554354	1.632678	1.180092
18600	-1234.063	-1453.735	219.6728	0.2385142	0.732387	0.227883	0.0123057	0.027425	1.780124	0.9930026
18606	-1247.799	-1467.771	219.9713	0.2721292	0.675409	0.294004	0.0158762	0.0147103	1.714015	0.7047385
18612	-1238.146	-1458.036	219.8903	0.2895652	0.335746	0.534466	0.0508159	0.0789718	1.432325	1.111344
18618	-1238.11	-1457.421	219.3103	0.3682698	0.504346	0.448226	0.00612618	0.0413021	1.385701	1.57686
18624	-1232.432	-1451.926	219.4933	0.3301078	0.482035	0.461862	0.0185696	0.0375328	1.228614	1.57686
18630	-1244.131	-1463.054	218.9231	0.323695	0.41958	0.473024	0.00849995	0.0988953	1.365033	1.884745
18636	-1242.189	-1460.789	218.6001	0.219699	0.437279	0.492978	0.00486554	0.0648768	1.117133	2.271796
18642	-1245.47	-1463.058	217.5877	0.2302609	0.367563	0.36448	0.0611093	0.206849	1.157743	2.877834
18648	-1247.518	-1465.154	217.636	0.412036	0.371431	0.462315	0.0479089	0.118345	0.8399671	2.988766
18654	-1233.147	-1451.267	218.1202	0.4558127	0.429412	0.534483	0.0220967	0.0140085	0.9534061	2.600492
18660	-1236.291	-1454.899	218.6085	0.3972136	0.478492	0.501711	0.0121162	0.00768126	1.028461	2.279057
18666	-1234.294	-1452.968	218.6738	0.3298407	0.519745	0.468307	0.00649478	0.00545321	1.038671	2.262064
18672	-1232.197	-1450.455	218.2579	0.3721277	0.403636	0.554686	0.0345241	0.00715318	0.8731861	2.609766
18678	-1228.792	-1447.247	218.4549	0.4365469	0.279986	0.66351	0.0220492	0.034455	1.037639	2.349179
18684	-1242.83	-1461.256	218.4262	0.3587863	0.417562	0.532754	0.017704	0.0319799	1.130746	2.349179
18690	-1247.924	-1465.957	218.0329	0.4758978	0.191873	0.628636	0.113224	0.0662659	1.123227	2.537281
18696	-1246.312	-1464.747	218.4353	0.3577251	0.491697	0.469774	0.0302279	0.00830049	0.8731145	2.506135
18702	-1234.247	-1453.015	218.768	0.3251827	0.447769	0.534694	0.0132666	0.00426967	0.9466047	2.262414
18708	-1226.548	-1445.345	218.797	0.5204751	0.386965	0.540231	0.0129989	0.0598052	1.225568	1.950428
18714	-1232.303	-1451.883	219.5798	0.2845585	0.53415	0.410677	0.0237507	0.0314229	1.411807	1.389312
18720	-1243.318	-1461.824	218.5061	0.2472795	0.625186	0.318287	0.0197484	0.0367784	1.169032	2.302906
18726	-1244.591	-1462.64	218.0494	0.2627013	0.413291	0.468892	0.0394677	0.0783492	0.8302059	2.79773
18732	-1247.427	-1464.722	217.2945	0.5698968	0.507849	0.397295	0.0700858	0.0247698	0.6691936	3.202374
18738	-1234.621	-1452.077	217.4561	0.7810597	0.502502	0.393113	0.0693479	0.0350369	0.8036819	2.891994
18744	-1248.222	-1466.61	218.3878	0.5585027	0.395646	0.477549	0.084243	0.0425624	0.9105869	2.39588
18750	-1230.468	-1448.781	218.313	0.3155447	0.413538	0.458132	0.0808179	0.0475119	0.7997908	2.643899
18756	-1235.094	-1453.385	218.2918	0.3452506	0.460928	0.405843	0.0802721	0.0529566	0.9877604	2.529527
18762	-1238.776	-1458.282	219.5069	0.3791924	0.457038	0.430041	0.101443	0.0114782	1.458975	1.365888
18768	-1232.113	-1451.561	219.4476	0.384271	0.476887	0.448718	0.0624178	0.0119767	1.527706	1.355278
18774	-1218.97	-1438.384	219.4141	0.3027768	0.442479	0.482107	0.0632727	0.0121407	1.420471	1.504009
18780	-1218.611	-1437.958	219.3464	0.2720225	0.577294	0.318823	0.0966793	0.00720388	1.185944	1.73032
18786	-1217.491	-1436.67	219.1787	0.2596935	0.672069	0.271063	0.03633	0.0205372	1.275717	1.786081
18792	-1232.343	-1451.391	219.0479	0.3737458	0.516706	0.399485	0.053542	0.0302671	1.293225	1.825414
18798	-1239.554	-1459.013	219.459	0.3366082	0.55716	0.36528	0.0405537	0.0370057	1.401923	1.470371
18804	-1237.358	-1456.846	219.4883	0.3706289	0.536733	0.346418	0.0296745	0.0871745	1.510111	1.345359
18810	-1232.52	-1452.122	219.6016	0.322537	0.504743	0.396906	0.00873946	0.0896116	1.42892	1.345359
18816	-1221.95	-1441.734	219.7837	0.2892522	0.401565	0.470388	0.0354741	0.0925725	1.638816	1.017211
18822	-1225.576	-1445.391	219.815	0.2371566	0.592242	0.32051	0.0241711	0.0630765	1.640747	0.9898904
18828	-1219.98	-1439.756	219.7755	0.2405519	0.674577	0.252789	0.0142059	0.0584281	1.833372	0.8186288
18834	-1221.535	-1441.518	219.9835	0.2346846	0.720215	0.175352	0.0194784	0.0849544	1.624347	0.8186288
18840	-1221.399	-1441.355	219.9561	0.229222	0.650799	0.256466	0.017601	0.075134	1.371124	1.110819
18846	-1221.508	-1441.236	219.7284	0.2090875	0.739031	0.1579	0.0379818	0.0650875	1.448858	1.23362
18852	-1221.666	-1441.37	219.7039	0.2498228	0.571763	0.255416	0.073013	0.099808	1.498904	1.222539
18858	-1211.965	-1431.885	219.9202	0.2442053	0.655605	0.223418	0.0336732	0.0873041	1.464	1.060662
18864	-1223.211	-1442.975	219.764	0.2442053	0.41838	0.473796	0.0300121	0.077812	1.951537	0.6506907
18870	-1223.469	-1443.357	219.8879	0.2114329	0.33428	0.516587	0.0869623	0.0621708	1.793234	0.6967845
18876	-1221.36	-1441.185	219.8244	0.2053226	0.511727	0.3463	0.0827876	0.0591862	1.782289	0.8028976
18882	-1227.535	-1447.299	219.7632	0.3241682	0.563082	0.353843	0.0679128	0.0151617	1.925631	0.6584385
18888	-1226.867	-1446.65	219.7824	0.2318777	0.68435	0.251668	0.0455555	0.018427	1.952592	0.5960155
18894	-1225.505	-1445.184	219.6788	0.3083324	0.57189	0.238832	0.0983085	0.0909698	1.952592	0.768727
18900	-1221.298	-1440.88	219.5819	0.2799567	0.621444	0.292899	0.0657865	0.01987	1.998755	0.8495152
18906	-1226.991	-1446.389	219.3973	0.2019708	0.871498	0.11001	0.00454756	0.0139441	1.516021	1.440601
18912	-1226.724	-1446.03	219.3067	0.205646	0.818571	0.146906	0.00521449	0.0293085	1.355798	1.628794
18918	-1225.814	-1445.523	219.7088	0.2340707	0.742659	0.220027	0.0056361	0.0316782	1.500719	1.215216
18924	-1237.881	-1457.515	219.634	0.2329228	0.618011	0.263563	0.00680853	0.111618	1.401712	1.357297
18930	-1232.806	-1452.324	219.5179	0.2300747	0.67506	0.2203	0.0085021	0.0961377	1.164917	1.622616
18936	-1230.512	-1450.042	219.5297	0.2162936	0.681341	0.22235	0.00858121	0.0877279	1.147808	1.622616
18942	-1232.589	-1452.51	219.921	0.2413008	0.771804	0.211242	0.0109273	0.00602732	1.286446	1.218049
18948	-1220.915	-1440.493	219.5776	0.2413008	0.719	0.245018	0.0206989	0.0152826	1.486091	1.336245
18954	-1222.557	-1442.381	219.8234	0.2413008	0.628658	0.315542	0.0383536	0.0174464	1.749504	0.8630129
18960	-1233.822	-1453.639	219.8171	0.2756017	0.667773	0.229131	0.0775371	0.0255596	1.878316	0.6852387
18966	-1245.182	-1464.937	219.7558	0.3252642	0.454429	0.414821	0.103414	0.0273351	1.955832	0.6014448
18972	-1249.097	-1468.81	219.7132	0.2393027	0.325429	0.511454	0.129777	0.0333404	2.038307	0.4746973
18978	-1245.852	-1465.542	219.6897	0.2943275	0.349481	0.435719	0.12298	0.0918201	2.014884	0.6555142
18984	-1234.924	-1454.717	219.7925	0.2545163	0.570006	0.271228	0.0908989	0.0678677	1.960328	0.5212867
18990	-1228.2	-1448.211	220.011	0.255561	0.602066	0.286483	0.0397665	0.071685	1.712604	0.6329898
18996	-1220.928	-1440.822	219.8934	0.2774665	0.47892	0.390905	0.0444694	0.0857055	1.733903	0.7906096
19002	-1225.401	-1445.286	219.8856	0.2774665	0.512467	0.382996	0.0481319	0.056405	1.615218	0.9407599
19008	-1230.365	-1450.165	219.8002	0.2385245	0.558182	0.359602	0.0207795	0.0614366	1.717107	0.9257095
19014	-1239.316	-1459.159	219.8423	0.2307443	0.683862	0.228601	0.0252933	0.0622435	1.562477	1.03868
19020	-1238.227	-1457.696	219.4695	0.2674111	0.649982	0.291723	0.0274889	0.0308064	1.539411	1.379004
19026	-1228.508	-1448.291	219.7831	0.262641	0.655277	0.294099	0.0195664	0.0310574	1.539411	1.117353
19032	-1227.054	-1446.92	219.866	0.262641	0.624567	0.28483	0.0645391	0.0260641	1.456513	1.117353
19038	-1224.381	-1444.037	219.6555	0.3156109	0.466774	0.486095	0.0311484	0.0159833	1.337144	1.378212
19044	-1245.166	-1463.925	218.759	0.4278632	0.236076	0.73992	0.0124256	0.0115777	1.0438	2.1548
19050	-1240.9	-1460.41	219.5099	0.3181685	0.246393	0.681823	0.0427792	0.0290048	1.091177	1.669066
19056	-1234.772	-1454.02	219.248	0.3580003	0.454779	0.524464	0.00862593	0.0121315	1.323896	1.671931
19062	-1233.664	-1453.372	219.7077	0.3580003	0.457291	0.512433	0.0127037	0.0175722	1.486261	1.191511
19068	-1225.691	-1445.182	219.4905	0.4089848	0.405784	0.54788	0.015721	0.0306154	1.425881	1.385504
19074	-1228.919	-1448.447	219.5288	0.2733973	0.55803	0.276295	0.0216193	0.144055	1.400876	1.439491
19080	-1225.748	-1445.281	219.5334	0.2733973	0.461298	0.515875	0.00578929	0.0170373	1.366838	1.462007
19086	-1238.553	-1458.093	219.5402	0.3065662	0.635778	0.334215	0.00651354	0.0234938	1.256377	1.531069
19092	-1228.018	-1447.874	219.8566	0.3414019	0.54978	0.430981	0.00952581	0.00971378	1.457915	1.094383
19098	-1214.58	-1434.4	219.8204	0.340884	0.441941	0.533663	0.00470064	0.0196953	1.495207	1.093755
19104	-1231.551	-1451.5	219.9492	0.4084689	0.582845	0.375193	0.0287625	0.0132004	1.339313	1.070835
19110	-1224.861	-1444.198	219.3372	0.3594877	0.515392	0.422815	0.0282865	0.0335063	1.559995	1.43096
19116	-1229.425	-1448.816	219.3914	0.3594877	0.526021	0.443594	0.0175834	0.0128009	1.442084	1.479437
19122	-1236.27	-1455.595	219.3249	0.3693797	0.58462	0.359804	0.011351	0.044225	1.476622	1.498066
19128	-1248.871	-1468.339	219.4676	0.2890339	0.465591	0.453362	0.0333525	0.0476952	1.338463	1.52935
19134	-1236.022	-1455.421	219.3989	0.2300387	0.689984	0.254426	0.0103086	0.0452812	1.251027	1.646351
19140	-1236.271	-1455.568	219.2972	0.2924256	0.568666	0.361892	0.0238717	0.0455702	1.411913	1.599723
19146	-1230.364	-1449.838	219.4738	0.296755	0.649725	0.276719	0.0354936	0.0380632	1.385608	1.487249
19152	-1229.131	-1448.59	219.4591	0.2500707	0.618112	0.297779	0.0348204	0.0492886	1.303356	1.566699
19158	-1240.256	-1459.32	219.064	0.2126507	0.576887	0.313248	0.0510136	0.0588515	1.063197	2.001743
19164	-1248.119	-1467.394	219.2748	0.230478	0.708813	0.209013	0.00986447	0.0723099	1.338855	1.672362
19170	-1254.903	-1474.45	219.5468	0.2516599	0.564025	0.279028	0.0197651	0.137182	1.344262	1.470844
19176	-1258.416	-1477.554	219.1378	0.2742707	0.442911	0.351501	0.0248988	0.180689	1.476663	1.67185
19182	-1255.848	-1473.524	217.6752	0.3409514	0.495841	0.479301	0.0028529	0.0220047	0.9465938	2.933967
19188	-1249.765	-1468.084	218.3184	0.2615802	0.365537	0.627392	0.00210317	0.00496757	1.000771	2.527131
19194	-1240.464	-1458.443	217.9787	0.5461947	0.487697	0.492637	0.0116059	0.00806033	1.12325	2.527131
19200	-1253.914	-1472.94	219.0261	0.5966664	0.457555	0.46219	0.0726924	0.00756217	1.184234	1.768126
19206	-1226.188	-1445.452	219.2642	0.3387991	0.618403	0.341374	0.0379571	0.00226653	1.184234	1.768126
19212	-1237.25	-1456.368	219.1178	0.3387991	0.403878	0.5368	0.0495927	0.00972848	1.213297	1.84924
19218	-1227.938	-1447.64	219.7024	0.2519641	0.486068	0.493185	0.0109539	0.00979244	1.218208	1.448352
19224	-1233.287	-1451.997	218.7106	0.474485	0.412337	0.55163	0.0172804	0.0187524	1.092128	2.12634
19230	-1236.281	-1455.441	219.1597	0.3345795	0.41182	0.550939	0.00887099	0.0283705	1.062684	1.924981
19236	-1221.491	-1440.552	219.0609	0.2418292	0.612614	0.360844	0.00353665	0.0230047	1.02149	2.037936
19242	-1230.608	-1449.45	218.8419	0.2418292	0.47314	0.471786	0.0154525	0.0396208	0.9959558	2.198023
19248	-1242.281	-1460.576	218.2951	0.2418292	0.566	0.37196	0.0226708	0.0393699	0.9823217	2.553114
19254	-1232.145	-1450.475	218.33	0.2407913	0.553141	0.399502	0.0364534	0.0109037	0.9473209	2.553114
19260	-1232.005	-1450.634	218.6285	0.2801737	0.411633	0.561437	0.0135867	0.0133438	0.8998402	2.39361
19266	-1228.488	-1446.307	217.8189	0.3573694	0.475249	0.4978	0.0221473	0.00480348	0.9388077	2.845064
19272	-1232.906	-1449.825	216.919	0.3805135	0.522756	0.438441	0.0263556	0.0124471	0.8215716	3.439839
19278	-1238.412	-1455.387	216.9745	0.3533175	0.346241	0.579491	0.0287185	0.0455498	0.786354	3.439839
19284	-1244.297	-1462.52	218.223	0.3968823	0.340465	0.62876	0.00887312	0.0219014	0.8693933	2.621469
19290	-1228.598	-1445.991	217.3934	0.4367055	0.490775	0.439702	0.00140548	0.0681169	0.8116442	3.137501
19296	-1226.756	-1443.986	217.2301	0.4394724	0.412158	0.501891	0.00819956	0.077751	0.6461138	3.330501
19302	-1235.328	-1453.15	217.8217	0.3010153	0.372359	0.459452	0.0277264	0.140462	0.7205496	2.99497
19308	-1238.883	-1456.581	217.6977	0.3163242	0.459555	0.436252	0.0394316	0.0647619	0.8372088	2.99497
19314	-1234.815	-1454.211	219.3961	0.2024273	0.385972	0.474327	0.0147795	0.124921	1.288824	1.610823
19320	-1229.601	-1448.526	218.925	0.2044469	0.724618	0.221831	0.00537321	0.0481772	1.00023	2.13147
19326	-1241.729	-1460.894	219.1644	0.1956737	0.84212	0.12752	0.00113938	0.0292208	0.9660301	1.991189
19332	-1238.058	-1456.537	218.4789	0.1956737	0.751334	0.22947	0.00827828	0.0109179	0.8827754	2.486662
19338	-1230.659	-1449.167	218.5079	0.292739	0.328665	0.644357	0.0176261	0.00935202	1.023615	2.388982
19344	-1235.345	-1453.469	218.1249	0.5173245	0.328665	0.644357	0.0176261	0.00935202	1.04574	2.502616
19350	-1226.439	-1445.823	219.3849	0.2916183	0.503768	0.454281	0.0270167	0.0149343	1.217924	1.676395
19356	-1238.872	-1458.073	219.2012	0.3036655	0.434429	0.487451	0.033125	0.0449951	1.395274	1.677405
19362	-1230.303	-1450.03	219.7268	0.3175326	0.544173	0.341452	0.0919313	0.0224438	1.534932	1.154713
19368	-1226.928	-1446.588	219.6591	0.2969119	0.435901	0.433906	0.114895	0.0152983	1.657799	1.113982
19374	-1232.551	-1452.083	219.5318	0.5221709	0.4288	0.510425	0.0274437	0.0333305	1.611238	1.105411
19380	-1224.221	-1444.146	219.9248	0.3940078	0.559081	0.356483	0.0570291	0.0274067	1.513704	0.9331086
19386	-1233.729	-1453.386	219.6569	0.4478692	0.493979	0.402567	0.0898985	0.0135547	1.444105	1.20657
19392	-1229.385	-1449.05	219.6654	0.2714642	0.459757	0.413124	0.0234521	0.103667	1.474559	1.273209
19398	-1228.482	-1448.126	219.6442	0.2710787	0.598248	0.304449	0.04057	0.0567332	1.418823	1.335638
19404	-1236.583	-1456.152	219.5691	0.2980365	0.435249	0.512398	0.0368529	0.0155008	1.441495	1.370597
19410	-1238.201	-1457.654	219.4529	0.3184073	0.509399	0.415621	0.0545392	0.0204409	1.509636	1.400549
19416	-1231.327	-1450.823	219.4963	0.2437772	0.489343	0.448375	0.0574678	0.00481469	1.157552	1.645296
19422	-1234.211	-1453.396	219.1852	0.4170996	0.476625	0.459541	0.058899	0.00493459	1.229078	1.749743
19428	-1232.883	-1452.407	219.5233	0.3435211	0.445911	0.429928	0.111618	0.0125437	1.403649	1.416467
19434	-1228.883	-1448.388	219.505	0.3576354	0.431159	0.525577	0.0369555	0.00630883	1.412238	1.416467
19440	-1233.078	-1452.729	219.6509	0.4156302	0.589696	0.400514	0.0053048	0.0044855	1.313348	1.343192
19446	-1223.94	-1443.741	219.801	0.2220799	0.700427	0.283847	0.00994105	0.00578543	1.35741	1.255045
19452	-1231.527	-1450.684	219.1568	0.3039031	0.396759	0.45739	0.093709	0.0521418	1.204814	1.841436
19458	-1225.787	-1443.929	218.1416	0.2732458	0.423134	0.487796	0.0166097	0.07246	1.153591	2.54086
19464	-1230.249	-1448.312	218.0628	0.3997034	0.381856	0.5306	0.018517	0.0690269	1.15721	2.54086
19470	-1227.993	-1446.22	218.2274	0.4679656	0.329391	0.576511	0.0523267	0.0417714	0.9307017	2.54086
19476	-1234.442	-1451.764	217.3224	0.2499373	0.326818	0.572008	0.045648	0.0555252	1.143963	3.047406
19482	-1225.044	-1443.267	218.2232	0.4026297	0.530851	0.347093	0.0448244	0.0772321	1.010022	2.531108
19488	-1242.697	-1461.365	218.668	0.3091654	0.503435	0.412046	0.0308928	0.0536265	1.02963	2.278764
19494	-1240.383	-1457.336	216.953	0.2762566	0.553082	0.335335	0.00854502	0.103038	0.8826367	3.418655
19500	-1235.88	-1454.019	218.1383	0.2762566	0.554493	0.335611	0.0120581	0.0978375	0.9314481	2.67986
19506	-1232.231	-1450.206	217.9744	0.3061582	0.668426	0.268806	0.0199726	0.042796	0.9413505	2.767579
19512	-1238.504	-1455.823	217.319	0.2979387	0.424097	0.482438	0.016656	0.0768081	0.5576701	3.390404
19518	-1242.797	-1458.563	215.766	0.3541204	0.507668	0.461062	0.015918	0.0153522	0.668628	4.202837
19524	-1229.515	-1446.627	217.1125	0.3130162	0.442798	0.494187	0.0320777	0.0309376	0.9151519	3.297555
19530	-1234.902	-1452.13	217.2277	0.2889479	0.550542	0.359793	0.035522	0.0541438	0.8109477	3.297185
19536	-1235.274	-1452.362	217.0882	0.2889479	0.621034	0.27493	0.0172165	0.0868197	0.95042	3.297185
19542	-1240.392	-1457.552	217.1606	0.3369004	0.361776	0.577302	0.0163588	0.0445625	0.7037186	3.385597
19548	-1235.397	-1453.946	218.5486	0.2442972	0.680834	0.267263	0.0130538	0.0388489	1.047237	2.353277
19554	-1224.769	-1443.488	218.7188	0.230333	0.69719	0.273683	0.0168997	0.0122272	0.9482909	2.306316
19560	-1241.735	-1459.723	217.9874	0.2424608	0.700928	0.27515	0.0135209	0.0104011	0.8211796	2.840987
19566	-1228.711	-1447.439	218.7281	0.2284064	0.787158	0.184315	0.023139	0.00538726	1.090811	2.208494
19572	-1237.048	-1456.245	219.1961	0.279231	0.71314	0.258179	0.0209632	0.00771774	1.214172	1.814183
19578	-1241.329	-1459.985	218.6555	0.279231	0.707789	0.256242	0.0283092	0.00765983	1.069358	2.26862
19584	-1237.605	-1456.305	218.6999	0.2507282	0.646249	0.290161	0.0558584	0.00773172	1.028936	2.26862
19590	-1245.573	-1463.183	217.6097	0.2917955	0.375984	0.43343	0.107564	0.0830224	0.8375125	3.054123
19596	-1244.301	-1461.589	217.288	0.613493	0.420232	0.430093	0.124988	0.0246872	0.7733356	3.117307
19602	-1248.151	-1466.528	218.3765	0.680031	0.38722	0.547216	0.0480111	0.0175521	1.060455	2.225905
19608	-1242.456	-1460.481	218.0244	0.3740884	0.346242	0.564102	0.0687136	0.0209422	0.8677065	2.755728
19614	-1233.172	-1450.641	217.4686	0.5172753	0.380317	0.591864	0.0180613	0.00975781	0.8660777	3.013488
19620	-1224.867	-1443.134	218.2668	0.4772155	0.341909	0.619223	0.0318835	0.00698437	1.047951	2.437263
19626	-1233.187	-1452.355	219.1682	0.3729248	0.499109	0.436901	0.0465426	0.0174477	1.161227	1.833867
19632	-1236.532	-1456.118	219.5854	0.2596996	0.441484	0.523112	0.0205718	0.0148318	1.200929	1.548855
19638	-1240.585	-1459.588	219.0028	0.2377607	0.660406	0.268354	0.0413949	0.0298449	1.103693	2.021581
19644	-1244.006	-1463.002	218.9958	0.358221	0.395887	0.496196	0.0778079	0.0301096	1.034138	2.043087
19650	-1240.902	-1459.2	218.2981	0.3013197	0.438392	0.45714	0.0522318	0.0522368	1.303035	2.342617
19656	-1226.944	-1446.473	219.5284	0.3158527	0.454717	0.474163	0.0169377	0.0541821	1.179942	1.592593
19662	-1236.841	-1456.326	219.4851	0.2614534	0.371396	0.523296	0.0320726	0.0732359	1.174964	1.640716
19668	-1240.103	-1459.376	219.2724	0.3990724	0.402878	0.510039	0.0157021	0.0713806	1.237542	1.693217
19674	-1249.858	-1469.466	219.6086	0.2217761	0.675439	0.280706	0.0368614	0.00699343	1.185733	1.538958
19680	-1245.782	-1464.833	219.0505	0.3257601	0.589065	0.359725	0.0472379	0.00397219	1.260686	1.868238
19686	-1223.705	-1442.953	219.2482	0.288318	0.564902	0.387692	0.0408333	0.00657269	1.244624	1.754882
19692	-1223.37	-1442.968	219.5986	0.3016307	0.64432	0.332475	0.0219545	0.00125043	1.298355	1.457336
19698	-1225.788	-1445.216	219.4276	0.229351	0.762759	0.208409	0.0270886	0.00174386	1.381773	1.529826
19704	-1219.579	-1439.018	219.4389	0.3114976	0.540782	0.416515	0.0239605	0.0187425	1.312888	1.56242
19710	-1242.189	-1462.165	219.9755	0.3130858	0.511705	0.412792	0.0216096	0.0538934	1.149041	1.273369
19716	-1231.863	-1451.575	219.7121	0.3557061	0.487203	0.444325	0.0207702	0.0477014	1.289863	1.351219
19722	-1229.941	-1449.516	219.5759	0.2357841	0.807371	0.158143	0.0152326	0.0192529	1.289863	1.488816
19728	-1234.076	-1453.681	219.6048	0.2796058	0.607302	0.323657	0.0228412	0.0461997	1.329935	1.434437
19734	-1225.746	-1445.123	219.3767	0.2730647	0.609745	0.3139	0.0210136	0.0553412	1.194935	1.702485
19740	-1228.787	-1447.664	218.8773	0.2041047	0.64832	0.26557	0.012425	0.0736856	1.119031	2.084729
19746	-1231.699	-1450.463	218.7636	0.2774183	0.585106	0.340204	0.00818952	0.0665009	1.132725	2.158219
19752	-1220.705	-1440.077	219.3722	0.2774183	0.580622	0.37753	0.0194495	0.0223991	1.132725	1.748727
19758	-1210.974	-1430.086	219.1118	0.3313103	0.521893	0.419988	0.0227706	0.0353487	1.091484	1.939217
19764	-1217.212	-1435.547	218.3351	0.3313103	0.436907	0.514659	0.0257001	0.0227339	0.9488117	2.532337
19770	-1224.575	-1442.403	217.8281	0.3296645	0.276125	0.652441	0.0517344	0.0196998	0.8915473	2.879101
19776	-1232.986	-1451.709	218.723	0.3795403	0.415603	0.504532	0.050548	0.0293171	1.077615	2.182827
19782	-1226.638	-1445.671	219.0332	0.2860703	0.324797	0.607127	0.0261044	0.0419716	1.316206	1.854585
19788	-1219.259	-1438.361	219.1019	0.2710063	0.429019	0.521676	0.0116884	0.0376169	1.006779	2.019538
19794	-1231.684	-1450.41	218.7262	0.2718016	0.638265	0.291157	0.0140724	0.0565063	1.113466	2.195809
19800	-1244.859	-1463.683	218.8239	0.270515	0.328341	0.4566	0.0624016	0.152657	1.246111	2.045257
19806	-1234.921	-1453.785	218.8639	0.2382519	0.478856	0.376297	0.0122098	0.132637	1.200666	2.049456
19812	-1227.542	-1445.443	217.9013	0.2382519	0.554438	0.329557	0.00718744	0.108818	1.257571	2.626264
19818	-1230.845	-1449.16	218.3155	0.2481065	0.408855	0.499034	0.0211094	0.0710013	1.043379	2.502681
19824	-1240.91	-1459.764	218.8544	0.5709603	0.389697	0.557041	0.0207094	0.0325533	1.173341	1.911958
19830	-1236.51	-1455.54	219.0293	0.3340734	0.392576	0.561157	0.0208625	0.0254049	1.194705	1.924092
19836	-1235.623	-1454.369	218.746	0.3193318	0.54777	0.390274	0.0265078	0.035448	1.055844	2.208361
19842	-1247.278	-1466.72	219.4417	0.3193318	0.506846	0.390235	0.0412243	0.0616949	1.306129	1.562283
19848	-1245.584	-1464.201	218.6161	0.3842743	0.565143	0.381981	0.0430455	0.00983075	1.473907	1.990006
19854	-1234.615	-1454.394	219.7785	0.3026588	0.487901	0.481592	0.0140072	0.0165002	1.664988	0.9909621
19860	-1239.568	-1459.13	219.5625	0.3026588	0.486773	0.480478	0.026464	0.0062846	1.25869	1.514082
19866	-1243.68	-1462.186	218.5066	0.3458271	0.517818	0.388232	0.0501776	0.0437725	1.15093	2.290808
19872	-1242.287	-1460.91	218.623	0.3586653	0.584148	0.333573	0.0517747	0.0305047	0.9181242	2.359263
19878	-1266.944	-1485.452	218.5076	0.2983997	0.577464	0.329756	0.0626249	0.0301556	0.890735	2.471416
19884	-1249.49	-1467.818	218.3272	0.4237485	0.511526	0.406314	0.050082	0.0320775	0.9831409	2.471416
19890	-1240.199	-1458.691	218.4926	0.2794168	0.528658	0.429717	0.0183627	0.0232623	0.968212	2.436283
19896	-1234.841	-1452.466	217.6251	0.4165367	0.451146	0.402806	0.0635671	0.0824809	0.983739	2.906448
19902	-1234.415	-1452.685	218.2697	0.3050898	0.485891	0.433828	0.0408224	0.0394585	1.121397	2.474105
19908	-1231.81	-1450.326	218.5159	0.3718434	0.489053	0.433103	0.0487092	0.0291355	1.15063	2.273108
19914	-1238.145	-1456.616	218.4711	0.2498177	0.455687	0.44166	0.0739769	0.0286769	1.134059	2.347561
19920	-1239.933	-1458.51	218.5771	0.2498177	0.301855	0.597056	0.0651619	0.0359274	1.034805	2.343261
19926	-1244.015	-1461.909	217.8946	0.4838094	0.294372	0.660998	0.0335157	0.0111146	1.091355	2.638013
19932	-1249.855	-1468.783	218.9282	0.2417387	0.401242	0.476449	0.0384537	0.0838551	1.213441	1.998567
19938	-1247.681	-1466.627	218.9462	0.2983855	0.389772	0.420636	0.0625666	0.127025	1.260465	1.948338
19944	-1254.422	-1473.581	219.1593	0.4612035	0.390293	0.523541	0.0449568	0.0412099	1.247603	1.726477
19950	-1236.588	-1455.485	218.8966	0.3317757	0.455059	0.469616	0.0524172	0.0229071	1.283746	1.954485
19956	-1250.591	-1470.107	219.5156	0.341906	0.28423	0.577813	0.085101	0.0528555	1.4639	1.376394
19962	-1255.42	-1475.144	219.7249	0.341906	0.29717	0.604119	0.0339658	0.0647451	1.492937	1.180439
19968	-1243.595	-1463.15	219.5552	0.3358235	0.517107	0.401717	0.0512846	0.0298919	1.59983	1.237291
19974	-1249.2	-1468.915	219.7148	0.2614651	0.543588	0.373127	0.0539109	0.0293742	1.469963	1.237291
19980	-1236.086	-1455.604	219.5178	0.280827	0.583929	0.3849	0.0228221	0.00834862	1.394445	1.451413
19986	-1231.159	-1450.852	219.6938	0.2601929	0.454312	0.474901	0.0572776	0.0135087	1.220573	1.452808
19992	-1229.648	-1448.913	219.2658	0.3659133	0.408138	0.576908	0.00682788	0.00812604	1.201724	1.741688
19998	-1240.851	-1460.382	219.5306	0.2499619	0.464572	0.469842	0.0370978	0.0284877	1.06391	1.687933
20004	-1246.177	-1464.249	218.0721	0.2379967	0.569028	0.37078	0.0316802	0.0285116	0.9999662	2.679711
20010	-1231.778	-1450.891	219.1129	0.2655776	0.555666	0.362073	0.0402322	0.0420295	1.041036	1.990031
20016	-1241.189	-1459.083	217.8941	0.2655776	0.616869	0.335903	0.0446635	0.00256378	1.061461	2.751145
20022	-1241.128	-1459.557	218.4291	0.2655776	0.577559	0.353954	0.0669995	0.00148805	0.9699331	2.476948
20028	-1253.775	-1472.751	218.9755	0.2986364	0.362042	0.491864	0.142364	0.00372979	0.9121039	2.159209
20034	-1246.367	-1464.102	217.7355	0.6838197	0.55331	0.288287	0.152295	0.00610819	1.109339	2.59706
20040	-1233.762	-1451.955	218.1928	0.7329779	0.443868	0.449917	0.0913062	0.0149097	1.049139	2.31499
20046	-1236.149	-1454.371	218.2215	0.9987135	0.580463	0.324656	0.0841219	0.0107587	1.023316	2.136172
20052	-1235.281	-1453.991	218.7094	0.8153968	0.571705	0.306169	0.112177	0.00994886	1.154958	1.847692
20058	-1235.005	-1453.617	218.6114	0.6569006	0.614931	0.318608	0.056726	0.00973509	1.085454	2.072509
20064	-1247.436	-1464.865	217.4286	1.000421	0.624772	0.309194	0.0561437	0.00989088	1.219935	2.51509
20070	-1234.835	-1453.265	218.4304	0.8166242	0.665191	0.207083	0.113639	0.0140867	1.0918	2.07652
20076	-1244.115	-1461.769	217.6542	1.257982	0.516784	0.298875	0.16401	0.0203307	1.063888	2.314712
20082	-1232.066	-1450.148	218.0818	1.092379	0.618649	0.188425	0.146054	0.0468721	1.040299	2.155875
20088	-1244.948	-1463.707	218.7585	0.6252726	0.428518	0.43338	0.0735582	0.0645441	1.152636	1.952174
20094	-1240.995	-1459.764	218.769	0.4912664	0.427263	0.41979	0.088592	0.0643551	1.021539	2.123582
20100	-1237.971	-1455.902	217.9313	0.5097158	0.624227	0.333614	0.0101013	0.0320574	1.03784	2.632525
20106	-1250.792	-1469.839	219.0477	0.3950478	0.383657	0.567152	0.00958059	0.0396105	1.046942	1.981011
20112	-1243.217	-1462.156	218.9388	0.3938231	0.480407	0.430354	0.0560669	0.0331723	1.214888	1.942084
20118	-1253.354	-1472.6	219.2463	0.3566391	0.33207	0.603803	0.0175847	0.046542	1.270073	1.712062
20124	-1239.122	-1458.338	219.2157	0.2761828	0.626967	0.293238	0.0493402	0.0304552	1.157807	1.840036
20130	-1247.112	-1465.21	218.0983	0.2961606	0.540951	0.424663	0.00902871	0.0253573	1.157586	2.560888
20136	-1236.754	-1455.254	218.4993	0.3371238	0.408197	0.515702	0.00668547	0.069416	1.066787	2.352657
20142	-1240.532	-1459.246	218.7138	0.4869342	0.473223	0.443985	0.00734203	0.0754497	1.301515	1.977761
20148	-1252.7	-1471.036	218.3355	0.4200001	0.436064	0.542161	0.00426428	0.0175105	0.9994259	2.458083
20154	-1240.192	-1457.463	217.2711	0.4070777	0.400766	0.594269	0.00193403	0.00303146	0.8650917	3.194049
20160	-1253.209	-1470.899	217.6898	0.2863828	0.350435	0.644065	0.00221286	0.00328709	0.67408	3.105
20166	-1242.707	-1460.302	217.595	0.3122264	0.102482	0.891938	0.00066894	0.00491153	0.7579937	3.105
20172	-1231.989	-1448.537	216.5485	0.5836684	0.320527	0.673014	0.000504751	0.00595414	0.6597145	3.636507
20178	-1234.209	-1450.341	216.1316	0.5790322	0.506216	0.48958	0.000367178	0.0038365	0.8702436	3.758653
20184	-1236.311	-1454.482	218.1711	0.4667534	0.426728	0.563365	0.00337154	0.00653551	0.9490158	2.565211
20190	-1242.818	-1460.668	217.8497	0.4667534	0.493622	0.457028	0.0350123	0.0143379	1.043081	2.705512
20196	-1240.844	-1458.611	217.767	0.3152487	0.324907	0.617773	0.0330755	0.0242441	1.010075	2.849233
20202	-1240.627	-1458.566	217.9388	0.4250436	0.35583	0.538027	0.0941648	0.011978	1.017706	2.690149
20208	-1227.991	-1446.005	218.0141	0.435073	0.46432	0.435318	0.0761888	0.0241724	0.9333827	2.690149
20214	-1233.51	-1452.558	219.0486	0.2549176	0.510813	0.403241	0.0341666	0.0517789	1.158259	1.955253
20220	-1242.406	-1460.892	218.4852	0.3274758	0.449541	0.394751	0.138585	0.0171229	1.13843	2.319788
20226	-1242.957	-1460.602	217.645	0.3891459	0.490367	0.418109	0.0537064	0.0378179	0.8985159	2.959762
20232	-1249.441	-1468.702	219.2607	0.6627507	0.534097	0.239018	0.21854	0.00834481	1.249847	1.501324
20238	-1241.309	-1460.602	219.2932	0.7178462	0.612985	0.181935	0.203905	0.00117494	1.157908	1.50215
20244	-1234.672	-1454.12	219.4483	0.6704883	0.513562	0.39631	0.0465572	0.0435711	1.32419	1.29071
20250	-1233.595	-1453.374	219.7794	0.3299877	0.513502	0.386206	0.0615548	0.0387371	1.452433	1.174729
20256	-1234.064	-1453.543	219.4791	0.4329834	0.294851	0.615546	0.0597994	0.029804	1.52744	1.296641
20262	-1222.324	-1441.369	219.0456	0.2667633	0.419769	0.522883	0.0490396	0.00830837	1.383135	1.803267
20268	-1225.665	-1444.531	218.8655	0.3429565	0.490947	0.410557	0.0919718	0.00652357	1.312878	1.951015
20274	-1223.999	-1443.298	219.2991	0.2935451	0.447771	0.443302	0.0925389	0.0163884	1.492972	1.538496
20280	-1213.667	-1432.954	219.2869	0.2830364	0.533105	0.37566	0.0599465	0.0312883	1.506612	1.540138
20286	-1240.17	-1459.819	219.6492	0.2830364	0.60981	0.332408	0.0476252	0.0101565	1.217988	1.48506
20292	-1238.605	-1458.09	219.4848	0.244795	0.627132	0.327503	0.0430001	0.00236531	1.293955	1.554538
20298	-1236.939	-1456.607	219.668	0.2642615	0.687308	0.254616	0.0554838	0.00259227	1.417852	1.318232
20304	-1227.564	-1446.919	219.3546	0.279235	0.753079	0.204539	0.0387225	0.00365965	1.519961	1.480378
20310	-1241.884	-1461.686	219.802	0.2518077	0.538199	0.309114	0.0608882	0.0917979	1.573397	1.069242
20316	-1241.963	-1461.918	219.9551	0.2290448	0.559178	0.352541	0.0352049	0.0530766	1.648045	0.8228045
20322	-1246.456	-1466.184	219.7275	0.2383961	0.550666	0.225796	0.171269	0.0522687	1.581911	1.128809
20328	-1232.653	-1452.523	219.8694	0.2870996	0.527999	0.292493	0.103489	0.0760195	1.581911	0.9892138
20334	-1233.975	-1453.87	219.8954	0.2963667	0.405377	0.511881	0.039891	0.0428515	1.589587	0.9509285
20340	-1230.898	-1450.657	219.7596	0.2597117	0.621731	0.31866	0.0342031	0.0254057	1.382308	1.272989
20346	-1220.22	-1439.861	219.6413	0.2908144	0.538264	0.410129	0.0296114	0.021995	1.297042	1.428953
20352	-1218.279	-1437.613	219.3345	0.2464568	0.69586	0.26646	0.0209019	0.0167782	1.397396	1.588971
20358	-1219.278	-1438.842	219.5649	0.2782705	0.623771	0.317356	0.0536344	0.00523858	1.437283	1.38247
20364	-1224.918	-1444.402	219.4838	0.4890002	0.531197	0.383509	0.0789635	0.00633055	1.457124	1.306712
20370	-1224.58	-1443.487	218.9075	0.3332069	0.398026	0.44218	0.0914388	0.0683548	1.366643	1.89052
20376	-1237.206	-1456.241	219.035	0.3332069	0.509901	0.416615	0.0540623	0.0194217	1.340713	1.820956
20382	-1232.855	-1452.059	219.2043	0.2800264	0.509673	0.41643	0.0540382	0.0198587	1.195903	1.820956
20388	-1243.329	-1461.926	218.5967	0.3245613	0.300116	0.606804	0.0810797	0.0119999	1.276718	2.160073
20394	-1236.314	-1454.742	218.4283	0.3865552	0.4501	0.457485	0.0748112	0.0176035	1.249229	2.258622
20400	-1233.451	-1452.825	219.3738	0.2957654	0.452249	0.459669	0.0403378	0.0477439	1.259736	1.653365
20406	-1235.221	-1453.884	218.663	0.2577189	0.443945	0.409492	0.0359345	0.110629	1.086887	2.254955
20412	-1231.843	-1450.791	218.9483	0.2955025	0.447793	0.474901	0.0434929	0.0338132	1.084452	2.064926
20418	-1245.075	-1463.609	218.5346	0.4309116	0.394863	0.518783	0.0381144	0.0482401	1.245291	2.167899
20424	-1238.039	-1455.761	217.7219	0.3496502	0.447013	0.455227	0.0431483	0.0546113	0.8848428	2.939558
20430	-1220.677	-1438.688	218.0115	0.3363017	0.493213	0.445472	0.0422237	0.019091	0.9451202	2.732456
20436	-1229.164	-1446.749	217.5849	0.2923092	0.431919	0.409403	0.103639	0.0550397	1.01716	2.961114
20442	-1235.356	-1453.633	218.2763	0.2869014	0.571102	0.297028	0.105218	0.0266511	1.115535	2.478143
20448	-1227.949	-1447.076	219.1272	0.2934306	0.595759	0.241169	0.130114	0.0329571	1.17405	1.885664
20454	-1224.23	-1443.293	219.0628	0.3276595	0.430829	0.451244	0.0940934	0.0238333	1.19809	1.901731
20460	-1231.742	-1450.516	218.7741	0.2932204	0.496295	0.456253	0.0388737	0.0085785	1.108951	2.163583
20466	-1230.146	-1448.942	218.7962	0.2932204	0.25327	0.642825	0.08284	0.021064	1.085606	2.164366
20472	-1232.849	-1452.001	219.1523	0.4713412	0.369366	0.479102	0.120813	0.0307195	1.241289	1.728998
20478	-1238.904	-1457.868	218.9645	0.3017984	0.41193	0.483262	0.0831462	0.0216611	1.222122	1.960836
20484	-1228.562	-1447.715	219.1525	0.2647447	0.432423	0.481622	0.0384698	0.0474856	1.21023	1.848927
20490	-1234.309	-1453.924	219.6155	0.3088058	0.392451	0.437102	0.0771419	0.0933049	1.198974	1.516963
20496	-1222.166	-1441.659	219.4929	0.2515408	0.564858	0.355156	0.0382185	0.0417675	1.328635	1.52309
20502	-1226.125	-1445.47	219.3453	0.3228658	0.375063	0.567327	0.0412824	0.016328	1.499529	1.488731
20508	-1229.546	-1447.955	218.4083	0.5136391	0.41178	0.530382	0.0345176	0.0233204	1.123182	2.27679
20514	-1238.087	-1456.827	218.7397	0.4990632	0.162908	0.802719	0.0179453	0.0164272	1.15768	2.048204
20520	-1223.853	-1441.276	217.4223	0.3725013	0.457977	0.518925	0.011294	0.0118034	0.8035514	3.15752
20526	-1217.033	-1433.352	216.319	0.4889609	0.336137	0.588593	0.0343709	0.0408988	0.6076941	3.854732
20532	-1223.461	-1439.571	216.1095	0.3098901	0.318607	0.606026	0.0387055	0.0366614	0.7134067	3.996901
20538	-1228.178	-1444.862	216.6834	0.376903	0.292792	0.556924	0.0291744	0.12111	0.9047824	3.530459
20544	-1214.098	-1432.266	218.1683	0.3779415	0.470196	0.411125	0.0315332	0.0871462	0.8970757	2.647541
20550	-1233.307	-1451.267	217.9595	0.291717	0.478447	0.444303	0.028744	0.0485061	1.158066	2.647541
20556	-1231.701	-1450.262	218.5612	0.3682941	0.487998	0.453172	0.00935541	0.0494744	0.9622083	2.366014
20562	-1218.749	-1437.502	218.7536	0.3095155	0.532243	0.402038	0.010451	0.055268	1.166837	2.134589
20568	-1231.158	-1449.95	218.7915	0.2893108	0.472076	0.453861	0.0111583	0.0629047	1.164768	2.116709
20574	-1243.662	-1463.57	219.9076	0.2627099	0.535695	0.397821	0.0572266	0.0092576	1.555375	0.9831693
20580	-1253.139	-1472.691	219.5529	0.3316725	0.505716	0.375558	0.109986	0.00873953	1.654049	1.195322
20586	-1241.577	-1461.217	219.6398	0.3996919	0.540613	0.331072	0.12061	0.00770431	1.654049	1.072887
20592	-1243.231	-1462.987	219.7557	0.3841119	0.526271	0.301602	0.14856	0.0235666	1.48075	1.136928
20598	-1249.578	-1469.235	219.6567	0.5128605	0.524569	0.199492	0.252448	0.0234904	1.568597	1.037125
20604	-1252.348	-1471.082	218.7342	0.3835908	0.606892	0.308943	0.0569883	0.0271768	1.382653	1.972422
20610	-1246.539	-1465.943	219.4042	0.2583418	0.486737	0.376429	0.0948063	0.0420272	1.419099	1.52155
20616	-1253.637	-1473.038	219.4011	0.172201	0.424615	0.339333	0.070907	0.165145	0.9951223	1.790621
20622	-1239.561	-1456.99	217.4295	0.6203277	0.595777	0.236766	0.153374	0.014083	0.7228073	3.058709
20628	-1232.332	-1450.156	217.8231	0.4545254	0.496623	0.40632	0.0873727	0.0096846	0.7979106	2.87814
20634	-1246.373	-1464.575	218.2024	0.2452401	0.683885	0.26242	0.0173709	0.0363247	1.079564	2.550509
20640	-1238.309	-1456.422	218.1135	0.3704702	0.393744	0.455037	0.0489204	0.102299	0.9956332	2.624112
20646	-1239.06	-1457.255	218.195	0.2881407	0.536202	0.339612	0.0478356	0.0763497	0.9142106	2.653427
20652	-1237.902	-1456.64	218.7386	0.2884342	0.417355	0.529796	0.0403709	0.0124774	0.9486842	2.29089
20658	-1227.089	-1445.792	218.703	0.4239072	0.45233	0.483811	0.0501561	0.0137031	1.074333	2.173637
20664	-1227.415	-1446.011	218.5964	0.3355306	0.399294	0.556369	0.0285793	0.0157581	1.086785	2.278638
20670	-1231.308	-1449.756	218.4476	0.3270177	0.531134	0.375719	0.0723673	0.0207795	1.144852	2.339794
20676	-1236.086	-1454.539	218.4533	0.2563151	0.531677	0.423545	0.0227262	0.0220522	0.9965374	2.445632
20682	-1230.778	-1449.749	218.9713	0.2653413	0.30356	0.656073	0.0225377	0.0178293	1.015036	2.10098
20688	-1232.486	-1451.837	219.3515	0.2653413	0.496538	0.455667	0.0374439	0.0103507	1.156821	1.748014
20694	-1237.526	-1457.13	219.6036	0.3119306	0.547645	0.416466	0.0325039	0.00338494	1.157221	1.555612
20700	-1243.444	-1461.256	217.8126	0.8636683	0.459051	0.494709	0.0437288	0.00251097	1.115402	2.42718
20706	-1233.202	-1451.281	218.0793	0.4642078	0.396175	0.546515	0.055622	0.00168873	0.8152453	2.705886
20712	-1231.939	-1450.007	218.0686	0.4434613	0.411007	0.491252	0.0837704	0.0139708	1.041498	2.585059
20718	-1232.482	-1450.759	218.2768	0.4013445	0.32256	0.619262	0.0455226	0.0126547	1.042999	2.47765
20724	-1235.195	-1451.88	216.685	0.481696	0.299014	0.627247	0.0717698	0.00196859	0.8673362	3.496749
20730	-1237.705	-1454.162	216.457	0.8497724	0.431003	0.493302	0.0667048	0.0089905	0.7113371	3.496749
20736	-1227.253	-1443.926	216.6733	0.4563478	0.464135	0.434605	0.0916803	0.00957978	0.8212581	3.544631
20742	-1234.433	-1452.878	218.445	0.5274554	0.482669	0.465593	0.0296355	0.022103	0.9377491	2.362634
20748	-1231.029	-1449.324	218.2949	0.7889801	0.606953	0.30491	0.0634258	0.0247112	0.9173048	2.296294
20754	-1223.461	-1441.389	217.9277	0.6027059	0.513364	0.337742	0.124941	0.0239534	1.087855	2.544319
20760	-1226.35	-1444.556	218.2062	0.4725766	0.407819	0.486334	0.075282	0.0305651	0.9140271	2.561638
20766	-1218.117	-1436.425	218.3083	0.4725766	0.364202	0.558184	0.071508	0.00610587	0.8364851	2.546363
20772	-1229.372	-1447.704	218.3319	0.44699	0.255274	0.704244	0.0329142	0.00756714	0.8372224	2.546363
20778	-1226.457	-1444.67	218.2128	0.3284762	0.255638	0.705248	0.0329611	0.00615323	0.8353744	2.679252
20784	-1228.244	-1443.991	215.7466	0.3457155	0.425399	0.52575	0.0393608	0.00949081	0.718886	4.188553
20790	-1222.906	-1438.366	215.4599	0.4149389	0.300868	0.517828	0.0462267	0.135078	0.6688459	4.348647
20796	-1224.759	-1442.334	217.5751	0.3622735	0.286287	0.632846	0.0326732	0.048194	0.7921029	3.077885
20802	-1237.034	-1455.422	218.388	0.4325724	0.475327	0.471397	0.0248195	0.0284563	0.8966257	2.48252
20808	-1232.882	-1451.897	219.0156	0.3889401	0.285719	0.581528	0.038571	0.094182	1.138465	1.944512
20814	-1231.131	-1450.444	219.3124	0.3069852	0.504695	0.434367	0.0544575	0.00648057	1.324233	1.647637
20820	-1218.187	-1437.742	219.5556	0.5044505	0.50431	0.477081	0.0144918	0.00411711	1.041621	1.559202
20826	-1219.556	-1439.014	219.4575	0.3497074	0.387239	0.598076	0.0111277	0.00355761	1.259721	1.571042
20832	-1225.452	-1444.877	219.4253	0.4298176	0.472165	0.457303	0.0666319	0.0038999	1.436426	1.413696
20838	-1228.397	-1448.164	219.767	0.262833	0.594069	0.36779	0.0359298	0.00221209	1.592042	1.083852
20844	-1226.414	-1445.594	219.1806	0.2731824	0.648549	0.31956	0.0302992	0.0015919	1.127545	1.885189
20850	-1210.094	-1429.25	219.1557	0.2873401	0.445955	0.518639	0.0302497	0.00515544	1.148437	1.885189
20856	-1208.792	-1427.986	219.1941	0.2808617	0.431183	0.480907	0.0292477	0.0586614	1.11203	1.885189
20862	-1207.611	-1426.791	219.1808	0.3415895	0.466212	0.480668	0.0292331	0.0238869	1.095891	1.885189
20868	-1206.742	-1425.389	218.6469	0.3904397	0.368902	0.591377	0.0350873	0.00463317	1.135802	2.188732
20874	-1209.093	-1428.542	219.4499	0.3370012	0.494274	0.47506	0.0276593	0.00300583	1.241952	1.595705
20880	-1200.195	-1419.367	219.1721	0.2691411	0.565278	0.380163	0.0483693	0.00619011	1.241952	1.813147
20886	-1208.127	-1427.211	219.0833	0.303602	0.523533	0.438786	0.0317292	0.00595139	1.02069	2.015501
20892	-1219.877	-1439.239	219.3628	0.2682527	0.558294	0.388691	0.0292068	0.0238084	1.022767	1.832859
20898	-1208.709	-1427.45	218.7413	0.3313201	0.488168	0.419642	0.0315325	0.0606577	0.9923626	2.247907
20904	-1212.516	-1431.437	218.9201	0.3902007	0.552009	0.36675	0.0558657	0.0253755	1.071607	2.052102
20910	-1226.322	-1445.149	218.8268	0.3542369	0.442667	0.46098	0.0613967	0.0349565	1.071607	2.131411
20916	-1227.274	-1445.5	218.226	0.2721767	0.558774	0.359543	0.0399566	0.0417258	1.087556	2.529614
20922	-1226.487	-1445.88	219.3929	0.2721767	0.652524	0.301975	0.0373736	0.00812754	1.150071	1.722868
20928	-1231.855	-1449.539	217.6836	0.2579677	0.615706	0.306193	0.0521577	0.0259431	1.113117	2.848354
20934	-1226.868	-1444.124	217.2557	0.4275634	0.340926	0.563977	0.00278704	0.0923098	0.8167774	3.221096
20940	-1229.337	-1448.1	218.7633	0.3020683	0.635597	0.329919	0.000885215	0.0335986	1.437123	1.951491
20946	-1217.131	-1436.597	219.4658	0.2963637	0.580098	0.375446	0.000736466	0.0437196	1.309782	1.549864
20952	-1222.193	-1441.771	219.578	0.3087692	0.404507	0.530149	0.0036102	0.0617342	1.384534	1.40441
20958	-1232.311	-1451.72	219.4084	0.3087692	0.578257	0.343686	0.0065219	0.0715353	1.335087	1.56945
20964	-1239.156	-1458.533	219.3768	0.1946819	0.57131	0.32603	0.0075416	0.0951189	1.350813	1.574849
20970	-1223.67	-1443.214	219.5433	0.2439428	0.397168	0.384428	0.011558	0.206846	1.207712	1.574849
20976	-1231.207	-1450.796	219.589	0.2920502	0.587029	0.332398	0.00433112	0.0762418	1.403909	1.386288
20982	-1219.229	-1439.012	219.7834	0.2954631	0.598864	0.354787	0.00256347	0.043785	1.448386	1.189787
20988	-1221.102	-1440.942	219.8399	0.2522165	0.38643	0.453753	0.033764	0.126052	1.485526	1.115282
20994	-1221.991	-1441.864	219.8727	0.3206791	0.406618	0.512835	0.0209444	0.0596022	1.848154	0.5800915
21000	-1233.016	-1452.638	219.6223	0.4286213	0.366647	0.597518	0.0298664	0.00596849	1.997077	0.6361145
21006	-1232.103	-1451.953	219.8496	0.2691098	0.597428	0.378601	0.018924	0.00504646	1.702441	0.8862502
21012	-1220.724	-1440.533	219.8093	0.304661	0.440772	0.517774	0.0348883	0.00656587	1.762152	0.8495669
21018	-1222.603	-1442.535	219.9324	0.2860217	0.401662	0.556842	0.0331634	0.00833249	1.729623	0.7366011
21024	-1224.575	-1444.514	219.9389	0.3075878	0.55999	0.363895	0.0593821	0.0167334	1.523334	0.9695802
21030	-1226.683	-1446.622	219.94	0.2427074	0.584509	0.349638	0.0630781	0.00277479	1.566555	0.9379373
21036	-1232.458	-1451.956	219.4977	0.4890082	0.370555	0.566827	0.0599793	0.00263847	1.479789	1.276893
21042	-1224.536	-1443.869	219.3329	0.5158221	0.492749	0.435293	0.0679851	0.00397225	1.57779	1.30955
21048	-1230.69	-1449.96	219.2699	0.3500824	0.437202	0.481061	0.0751331	0.0066041	1.195108	1.751333
21054	-1237.484	-1456.833	219.3494	0.4311981	0.476119	0.479827	0.0203821	0.0236714	1.286141	1.582629
21060	-1225.411	-1444.479	219.0674	0.3005387	0.676552	0.296249	0.0125841	0.0146149	1.233236	1.884151
21066	-1229.719	-1446.96	217.2407	0.5427095	0.580245	0.346957	0.0368971	0.0359007	1.006938	3.0501
21072	-1218.664	-1435.504	216.8405	0.2900177	0.337722	0.548445	0.110795	0.00303926	0.9774948	3.426563
21078	-1210.521	-1428.088	217.5675	0.3030311	0.380271	0.576827	0.038733	0.00416862	0.9332635	3.019325
21084	-1216.905	-1435.809	218.9041	0.3246185	0.330506	0.589423	0.0735807	0.00648996	1.105197	2.071036
21090	-1221.808	-1441.367	219.5589	0.3246185	0.415552	0.503099	0.0393861	0.0419623	1.259177	1.508024
21096	-1212.634	-1432.393	219.7585	0.2844466	0.522504	0.407007	0.0427425	0.0277466	1.454952	1.20879
21102	-1223.366	-1443.198	219.8321	0.3511615	0.413553	0.509976	0.0530955	0.0233749	1.401213	1.161499
21108	-1209.152	-1428.59	219.4377	0.2839067	0.457962	0.432894	0.00578506	0.103359	1.184025	1.664829
21114	-1220.157	-1439.151	218.9943	0.2811198	0.60198	0.289901	0.00952138	0.0985978	1.163263	1.985311
21120	-1230.25	-1449.802	219.5524	0.1866044	0.793456	0.134366	0.00857419	0.0636038	1.230918	1.527493
21126	-1233.752	-1453.419	219.6676	0.2112488	0.673145	0.217262	0.0586144	0.0509788	1.234204	1.454337
21132	-1225.385	-1445.189	219.8037	0.2547351	0.686446	0.187657	0.0555215	0.0703758	1.448964	1.179739
21138	-1233.179	-1452.823	219.6439	0.2846091	0.554459	0.29781	0.120921	0.0268103	1.343724	1.392401
21144	-1234.333	-1454.07	219.7365	0.3052293	0.482892	0.449438	0.0553896	0.0122809	1.277755	1.365186
21150	-1223.889	-1443.489	219.6002	0.3185753	0.547859	0.386833	0.0546062	0.0107012	1.36945	1.394983
21156	-1230.141	-1449.677	219.5358	0.2496801	0.613516	0.323038	0.0430138	0.020432	1.446282	1.400977
21162	-1226.119	-1445.315	219.1966	0.3254689	0.395884	0.507085	0.0322875	0.0647435	1.206955	1.804937
21168	-1218.038	-1436.527	218.4888	0.4264797	0.418068	0.526512	0.0428406	0.0125798	1.207008	2.224897
21174	-1236.104	-1453.461	217.3577	0.2794547	0.498211	0.451614	0.0286814	0.0214933	0.6715273	3.304481
21180	-1229.64	-1448.2	218.5595	0.3293927	0.570173	0.381865	0.0387086	0.00925375	0.8829265	2.433783
21186	-1233.004	-1450.643	217.6384	0.2428787	0.561876	0.382826	0.0388061	0.0164919	0.8754449	3.018728
21192	-1236.179	-1454.277	218.0988	0.2672853	0.561318	0.379408	0.0302445	0.0290289	1.034409	2.64192
21198	-1227.803	-1446.073	218.2698	0.3082595	0.534669	0.381812	0.0272463	0.0562723	1.022019	2.535213
21204	-1233.861	-1451.707	217.8462	0.3607491	0.537689	0.405414	0.037473	0.019424	0.9449868	2.823268
21210	-1228.684	-1446.034	217.3504	0.403401	0.589712	0.382106	0.0152119	0.0129701	0.9043774	3.125465
21216	-1243.644	-1460.799	217.1545	0.8129581	0.600052	0.377562	0.0154786	0.0069081	0.9930416	2.939519
21222	-1232.462	-1451.122	218.6592	0.3463738	0.465967	0.509166	0.019502	0.00536446	1.030777	2.269772
21228	-1228.752	-1447.152	218.3998	0.3285475	0.508374	0.464496	0.0212769	0.00585267	0.8199669	2.573252
21234	-1231.847	-1449.79	217.9427	0.2913247	0.494017	0.451378	0.0187349	0.0358706	0.7996766	2.876671
21240	-1231.794	-1450.08	218.2863	0.4156581	0.611422	0.372253	0.0144974	0.00182802	0.9535204	2.519975
21246	-1232.647	-1451.609	218.9614	0.2780127	0.341732	0.629344	0.0271528	0.00177131	0.9358774	2.157464
21252	-1221.603	-1439.127	217.5242	0.5274684	0.351885	0.591627	0.0546632	0.00182394	1.000209	2.89312
21258	-1230.998	-1449.779	218.7808	0.3504504	0.353875	0.587928	0.0518038	0.0063933	1.0141	2.200394
21264	-1239.681	-1457.42	217.7395	0.386818	0.60012	0.319206	0.0534175	0.027257	0.9914195	2.84772
21270	-1233.44	-1451.912	218.4718	0.6705851	0.540565	0.388409	0.0493759	0.0216507	0.8881385	2.28182
21276	-1231.099	-1448.665	217.5656	0.584622	0.493133	0.354328	0.098526	0.0540132	1.039582	2.808338
21282	-1213.387	-1431.881	218.4938	0.3180253	0.482199	0.380626	0.123555	0.0136201	1.130058	2.323004
21288	-1229.753	-1447.579	217.8266	0.514671	0.482199	0.380626	0.123555	0.0136201	1.099767	2.655813
21294	-1227.372	-1445.459	218.0873	0.4075484	0.415783	0.474019	0.0943403	0.0158575	1.038109	2.595434
21300	-1235.097	-1454.975	219.8775	0.2735924	0.548701	0.420033	0.0109687	0.0202969	1.562277	1.004625
21306	-1223.019	-1442.543	219.5241	0.2935045	0.454919	0.513493	0.00677502	0.024813	1.266603	1.53953
21312	-1224.631	-1444.337	219.7053	0.2599755	0.555002	0.395474	0.0192517	0.030272	1.598827	1.134144
21318	-1230.226	-1449.996	219.7699	0.3213995	0.580606	0.327683	0.0596823	0.0320294	1.512816	1.134144
21324	-1227.721	-1445.47	217.749	0.5395726	0.503769	0.356006	0.0794926	0.0607317	1.167303	2.646423
21330	-1220.074	-1437.617	217.5435	0.9124741	0.440327	0.527771	0.0275245	0.00437715	1.095459	2.576434
21336	-1233.907	-1451.017	217.1099	0.8170457	0.299159	0.667274	0.0280331	0.00553413	0.8091439	3.074003
21342	-1222.685	-1441.041	218.356	0.5659249	0.529907	0.430728	0.0357925	0.0035723	0.8697629	2.436851
21348	-1220.739	-1438.121	217.3816	0.7806664	0.576014	0.380599	0.0415639	0.00182356	0.8309744	2.920749
21354	-1230.029	-1447.975	217.9459	0.3850293	0.456973	0.523475	0.0182419	0.00131024	0.8091213	2.833984
21360	-1228.291	-1446.03	217.7387	0.4299156	0.452028	0.522084	0.0244198	0.00146841	0.8031894	2.939618
21366	-1224.493	-1441.923	217.4304	0.4975746	0.431187	0.498012	0.0693997	0.00140071	0.8308082	3.069303
21372	-1224.505	-1442.533	218.0285	0.3783519	0.482415	0.462916	0.0509584	0.00371105	0.7671201	2.812482
21378	-1215.459	-1434.929	219.47	0.335272	0.547033	0.431801	0.0181313	0.00303504	0.9918338	1.760317
21384	-1220.039	-1438.971	218.932	0.2772775	0.612815	0.355735	0.0280467	0.00340286	1.058746	2.096478
21390	-1220.357	-1440.175	219.818	0.2243161	0.654976	0.317144	0.0170682	0.0108126	1.188628	1.378131
21396	-1231.064	-1450.764	219.6998	0.2243161	0.72249	0.173946	0.0208522	0.0827116	1.187625	1.47002
21402	-1224.147	-1443.739	219.592	0.2265758	0.695692	0.227704	0.0527211	0.0238825	1.338058	1.438152
21408	-1225.268	-1445.037	219.7687	0.238507	0.296103	0.544094	0.0600834	0.0997194	1.467168	1.193404
21414	-1221.984	-1441.795	219.8118	0.3478074	0.479375	0.464725	0.0250516	0.0308483	1.387087	1.193404
21420	-1221.482	-1440.699	219.2169	0.4173635	0.484603	0.469794	0.0253248	0.0202782	1.350794	1.640755
21426	-1220.452	-1439.932	219.4797	0.2821402	0.395418	0.571405	0.0149508	0.018226	1.274024	1.569633
21432	-1225.191	-1444.707	219.5157	0.3703425	0.594573	0.36705	0.00663186	0.0317451	1.188537	1.569633
21438	-1227.652	-1446.698	219.0459	0.3252966	0.492472	0.435299	0.0345813	0.0376478	1.188761	1.920396
21444	-1231.497	-1449.817	218.3197	0.23702	0.465017	0.411032	0.0179673	0.105984	0.8584468	2.61421
21450	-1223.6	-1442.521	218.9203	0.2673297	0.441755	0.39047	0.0209362	0.146838	1.094701	2.081936
21456	-1215.508	-1434.456	218.9481	0.2673297	0.633106	0.299142	0.0413971	0.0263554	1.0669	2.081936
21462	-1230.868	-1448.262	217.3937	0.2673297	0.554207	0.360715	0.0829915	0.00208588	0.7760436	3.223113
21468	-1232.223	-1448.909	216.6855	0.2893587	0.396327	0.518982	0.0694376	0.0152527	0.7553634	3.646362
21474	-1234.799	-1453.234	218.4343	0.3117684	0.390148	0.493493	0.0954022	0.0209561	0.8861017	2.516317
21480	-1218.58	-1436.865	218.2848	0.4006119	0.32982	0.622981	0.0205469	0.0266524	1.073897	2.453649
21486	-1223.042	-1440.926	217.8834	0.3228872	0.575128	0.374137	0.00425874	0.0464756	1.097803	2.722289
21492	-1216.119	-1434.372	218.2534	0.34173	0.566842	0.358156	0.00391354	0.0710887	0.9561721	2.574479
21498	-1214.699	-1432.616	217.9167	0.3305455	0.45035	0.409864	0.00183905	0.137948	1.051747	2.727411
21504	-1221.361	-1439.654	218.293	0.3305455	0.284402	0.644452	0.0016185	0.0695283	0.9828407	2.537632
21510	-1216.978	-1436.322	219.3443	0.3720094	0.412221	0.504818	0.00114698	0.0818148	1.248206	1.649794
21516	-1214.515	-1433.412	218.8973	0.3509342	0.286762	0.620413	0.000744049	0.0920813	1.201757	2.000558
21522	-1213.29	-1432.138	218.8481	0.4015332	0.443705	0.506137	0.000607	0.0495509	0.9001418	2.205121
21528	-1208.334	-1425.805	217.4708	0.4567688	0.312398	0.650645	0.000451098	0.0365059	0.9331503	3.007585
21534	-1225.816	-1443.025	217.2094	0.9139674	0.668721	0.283931	0.000921906	0.0464265	0.8653199	2.920416
21540	-1224.038	-1442.37	218.3319	0.6614023	0.620953	0.30343	0.00052927	0.0750878	1.000281	2.30575
21546	-1238.356	-1455.48	217.1241	0.9166133	0.510764	0.352562	0.0213256	0.115348	1.026249	2.873099
21552	-1247.992	-1465.86	217.8681	0.430529	0.428981	0.465512	0.00862913	0.0968787	0.8938096	2.806104
21558	-1237.727	-1456.523	218.7964	0.4285742	0.325659	0.557997	0.0053592	0.110984	1.076831	2.108363
21564	-1236.312	-1455.201	218.8886	0.2268199	0.169152	0.752707	0.00613316	0.0720082	1.083601	2.108363
21570	-1230.289	-1449.326	219.0367	0.2174679	0.314625	0.607603	0.00302514	0.0747467	1.085356	2.006891
21576	-1221.832	-1440.489	218.6565	0.2341351	0.515848	0.426398	0.00224652	0.0555081	0.9503312	2.345329
21582	-1233.298	-1452.65	219.3522	0.1943199	0.328111	0.537251	0.00503251	0.129605	1.239669	1.672642
21588	-1233.91	-1452.845	218.9347	0.2759104	0.303242	0.597084	0.00474398	0.0949308	1.108157	2.062408
21594	-1228.086	-1446.894	218.8077	0.4249673	0.459677	0.460381	0.0012395	0.0787017	1.21969	2.008681
21600	-1235.718	-1454.49	218.7722	0.3405418	0.410908	0.560022	0.00110799	0.0279624	1.091152	2.160261
21606	-1228.758	-1448.038	219.2797	0.3195525	0.393607	0.590083	0.000687508	0.0156227	1.085246	1.833837
21612	-1223.241	-1440.581	217.34	0.3909241	0.410707	0.53948	0.000911473	0.0489017	0.8249402	3.184991
21618	-1225.398	-1443.9	218.502	0.4543105	0.32632	0.631075	0.000724195	0.0418811	1.013781	2.323863
21624	-1228.713	-1447.439	218.7253	0.2846681	0.395993	0.594382	0.000387339	0.0092379	1.005088	2.264058
21630	-1227.726	-1446.784	219.0588	0.3110462	0.505911	0.483458	0.000435805	0.0101956	1.09996	1.976636
21636	-1233.718	-1451.983	218.265	0.2555818	0.471079	0.445334	0.000495313	0.0830922	1.005924	2.557449
21642	-1226.664	-1444.868	218.2041	0.3000207	0.345975	0.537882	0.000688225	0.115454	0.9796649	2.604602
21648	-1211.758	-1430.273	218.5147	0.4762216	0.287693	0.640379	0.00072718	0.071201	1.035524	2.288525
21654	-1219.547	-1439.018	219.4717	0.4720936	0.260932	0.694606	0.00212607	0.0423357	1.574383	1.233618
21660	-1218.247	-1437.766	219.5188	0.4815415	0.374214	0.549781	0.0165301	0.0594743	1.49502	1.252853
21666	-1209.166	-1428.964	219.7979	0.3508753	0.358609	0.597231	0.00739942	0.0367604	1.473899	1.127461
21672	-1215.666	-1435.118	219.4524	0.2667226	0.266116	0.699272	0.00765789	0.0269538	1.110635	1.709414
21678	-1209.788	-1429.623	219.835	0.3224818	0.443561	0.401231	0.0168961	0.138311	1.375065	1.197259
21684	-1219.191	-1438.492	219.301	0.2983132	0.431291	0.455154	0.0138951	0.0996594	1.45833	1.561294
21690	-1222.639	-1442.297	219.6579	0.284443	0.441958	0.490761	0.0439418	0.0233385	1.299227	1.416129
21696	-1228.343	-1448.007	219.6641	0.4507994	0.337317	0.57815	0.0517664	0.0327666	1.328876	1.294272
21702	-1222.232	-1441.601	219.3686	0.2416553	0.534907	0.411514	0.0302572	0.0233225	1.102298	1.774505
21708	-1222.319	-1441.636	219.3177	0.3207948	0.621265	0.34073	0.0275436	0.0104607	1.098944	1.797699
21714	-1230.789	-1450.505	219.7161	0.2936414	0.623894	0.342172	0.0234292	0.010505	1.190588	1.452404
21720	-1222.104	-1441.88	219.776	0.397977	0.504313	0.454464	0.00483599	0.0363878	1.227367	1.32399
21726	-1231.119	-1450.527	219.4076	0.2704808	0.487828	0.492385	0.00388241	0.0159044	1.244582	1.645402
21732	-1232.196	-1451.343	219.1464	0.2337254	0.594524	0.315473	0.00391393	0.0860895	1.03929	1.9682
21738	-1229.866	-1449.411	219.5445	0.2102536	0.606641	0.304895	0.005261	0.0832029	1.180531	1.585621
21744	-1235.58	-1454.699	219.119	0.2167714	0.510646	0.241701	0.0338576	0.213795	1.145105	1.911286
21750	-1234.769	-1453.962	219.193	0.2724129	0.54434	0.33369	0.0230204	0.0989498	1.098056	1.896874
21756	-1242.898	-1461.472	218.5747	0.2809332	0.474479	0.359699	0.0256141	0.140208	1.051709	2.331249
21762	-1232.305	-1451.831	219.5266	0.3247592	0.569943	0.367391	0.0575325	0.00513358	1.250909	1.538188
21768	-1226.88	-1445.904	219.0244	0.5992648	0.563116	0.359007	0.0728052	0.00507209	1.32503	1.668096
21774	-1226.128	-1445.277	219.1489	0.7481107	0.548583	0.378361	0.0681139	0.00494119	1.372381	1.424553
21780	-1230.082	-1449.786	219.7037	0.3630187	0.446652	0.479615	0.0687467	0.00498709	1.414769	1.252386
21786	-1236.516	-1456.185	219.6688	0.4125798	0.59035	0.276904	0.116395	0.0163507	1.409737	1.252386
21792	-1222.203	-1441.835	219.6315	0.5958703	0.433266	0.453031	0.0996981	0.0140051	1.581404	0.9638819
21798	-1226.031	-1445.296	219.2655	0.3212119	0.468232	0.385892	0.132174	0.0137021	1.371447	1.642144
21804	-1225.691	-1445.334	219.6429	0.2842648	0.465959	0.461987	0.0531036	0.0189496	1.333178	1.40144
21810	-1218.99	-1438.761	219.7711	0.330996	0.374899	0.573157	0.0460377	0.00590626	1.333016	1.281966
21816	-1217.21	-1436.623	219.4134	0.4177813	0.429224	0.542344	0.0228437	0.00558874	1.42774	1.437859
21822	-1208.816	-1428.269	219.4533	0.4300552	0.487363	0.385732	0.120559	0.00634575	1.297183	1.498245
21828	-1214.369	-1433.089	218.7202	0.823414	0.494234	0.311901	0.168034	0.0258307	1.205899	1.799387
21834	-1220.841	-1439.954	219.1134	0.4123416	0.32578	0.505373	0.15182	0.0170266	1.206195	1.818402
21840	-1221.971	-1440.699	218.7282	0.4275704	0.357149	0.476828	0.149574	0.0164492	1.104735	2.135334
21846	-1225.355	-1443.721	218.366	0.464246	0.423478	0.428532	0.146799	0.00119016	1.028615	2.394781
21852	-1233.957	-1451.816	217.8593	0.2665404	0.339315	0.579056	0.0799145	0.00171452	0.9774369	2.823462
21858	-1237.65	-1456.249	218.5988	0.2665404	0.543061	0.400241	0.0549816	0.00171607	1.123804	2.271838
21864	-1258.446	-1476.871	218.4246	0.4468421	0.507942	0.408445	0.0810824	0.00253072	1.117306	2.311692
21870	-1250.01	-1469.152	219.1418	0.40065	0.524676	0.420487	0.0529685	0.00186858	1.333515	1.716773
21876	-1240.699	-1460.036	219.3373	0.342386	0.486611	0.485746	0.0273557	0.000287052	1.19119	1.710372
21882	-1245.478	-1464.964	219.486	0.4489148	0.432734	0.472904	0.0852689	0.00909297	1.451303	1.340586
21888	-1231.078	-1450.87	219.7917	0.3218317	0.544756	0.414735	0.0290625	0.0114469	1.357737	1.248855
21894	-1227.539	-1447.463	219.9245	0.3446043	0.521471	0.381536	0.0732923	0.0237012	1.471494	1.014949
21900	-1235.439	-1455.329	219.8893	0.4234757	0.487841	0.356931	0.109879	0.0453488	1.444219	1.014949
21906	-1239.856	-1459.323	219.4668	0.3080473	0.438021	0.436592	0.0986576	0.0267291	1.48654	1.411773
21912	-1228.929	-1448.322	219.3931	0.4252087	0.336221	0.55571	0.0633981	0.0446703	1.334916	1.518329
21918	-1226.728	-1446.261	219.5324	0.2904359	0.360253	0.534558	0.0295535	0.0756351	1.226973	1.56349
21924	-1231.3	-1451.031	219.7308	0.293838	0.507375	0.432938	0.0416227	0.0180637	1.457922	1.227004
21930	-1238.137	-1457.932	219.7948	0.3223809	0.485663	0.414411	0.0365067	0.0634188	1.654836	0.9746363
21936	-1230.867	-1450.761	219.8932	0.3276825	0.485093	0.413925	0.0452044	0.0557771	1.711902	0.7910241
21942	-1223.786	-1443.686	219.8999	0.3942028	0.609341	0.35936	0.0298225	0.00147588	1.693856	0.7384145
21948	-1223.012	-1442.9	219.8886	0.3661743	0.480519	0.477778	0.0397368	0.00196652	1.693856	0.7868113
21954	-1226.456	-1446.333	219.8771	0.2680721	0.425353	0.541499	0.0300048	0.00314326	1.680513	0.8799923
21960	-1223.57	-1443.514	219.944	0.2911244	0.512255	0.463764	0.0217064	0.00227394	1.748594	0.6817834
21966	-1228.369	-1448.3	219.9314	0.2911244	0.594293	0.373503	0.0251827	0.0070217	1.794298	0.6077046
21972	-1222.127	-1441.96	219.8334	0.2649441	0.475707	0.444912	0.0633572	0.0160246	1.892459	0.6252171
21978	-1228.233	-1448.175	219.9415	0.2540752	0.51459	0.33174	0.0755769	0.0780928	1.732382	0.7272832
21984	-1231.174	-1450.995	219.8207	0.2540752	0.648333	0.230741	0.0388497	0.082077	1.853169	0.7272832
21990	-1217.021	-1436.913	219.8927	0.2172474	0.635514	0.241109	0.0405953	0.0827818	1.853169	0.5064074
21996	-1222.357	-1442.22	219.863	0.2486352	0.654344	0.291841	0.037683	0.0161324	1.853169	0.6498563
22002	-1230.352	-1450.214	219.8621	0.3136515	0.684376	0.205047	0.0394124	0.0711654	1.833073	0.6570935
22008	-1239.121	-1459.136	220.0152	0.2550181	0.677319	0.202932	0.0566185	0.0631298	1.70691	0.6363892
22014	-1224.749	-1444.796	220.0479	0.2826039	0.649458	0.29336	0.0270364	0.0301457	1.675604	0.6212233
22020	-1230.358	-1450.327	219.9694	0.2816449	0.649458	0.29336	0.0270364	0.0301457	1.619327	0.8389763
22026	-1224.672	-1444.798	220.1261	0.2247795	0.655702	0.274358	0.016926	0.053014	1.534558	0.7408252
22032	-1230.978	-1450.86	219.8826	0.3253521	0.713413	0.260589	0.0127022	0.0132956	1.805924	0.6577967
22038	-1228.126	-1447.925	219.7991	0.3566689	0.475117	0.413209	0.0754072	0.0362667	1.858148	0.6795982
22044	-1236.693	-1456.494	219.8016	0.2495492	0.475201	0.42629	0.02982	0.0686881	1.697844	0.9459656
22050	-1235.188	-1455.228	220.0398	0.21331	0.52501	0.371029	0.0280731	0.0758877	1.521403	0.86604
22056	-1232.639	-1452.709	220.0706	0.2364976	0.418296	0.376487	0.0284861	0.17673	1.589416	0.7467715
22062	-1234.986	-1454.795	219.8095	0.2933806	0.435093	0.441837	0.0704718	0.0525979	1.579583	1.048188
22068	-1229.408	-1449.236	219.8278	0.4218801	0.580429	0.299869	0.0437772	0.0759246	1.448845	1.070994
22074	-1224.397	-1444.188	219.7909	0.4273454	0.524788	0.398516	0.0540863	0.0226091	1.480818	1.070994
22080	-1217.638	-1437.062	219.4242	0.3231984	0.523045	0.397192	0.0452638	0.0344993	1.281265	1.59178
22086	-1211.326	-1430.697	219.3717	0.3411489	0.483478	0.479479	0.0186806	0.0183624	1.234199	1.655854
22092	-1229.016	-1448.039	219.0235	0.3411489	0.528164	0.400576	0.0478062	0.0234541	1.319331	1.840141
22098	-1234.551	-1453.971	219.4204	0.414876	0.435524	0.503951	0.015261	0.0452645	1.298577	1.531834
22104	-1232.34	-1451.774	219.4339	0.4241156	0.555491	0.419127	0.0194647	0.0059178	1.278633	1.530564
22110	-1228.101	-1447.435	219.3342	0.2029908	0.694028	0.288871	0.0110236	0.00607746	1.261728	1.675121
22116	-1226.758	-1446.161	219.4033	0.281607	0.44551	0.521528	0.0302304	0.00273141	1.240903	1.649175
22122	-1230.517	-1449.816	219.2986	0.3265606	0.391656	0.536588	0.0669368	0.00481987	1.325592	1.649175
22128	-1240.839	-1460.617	219.7787	0.3857055	0.508925	0.448813	0.0376759	0.00458678	1.5193	1.079696
22134	-1214.896	-1434.486	219.5898	0.3857055	0.422402	0.526799	0.0480586	0.00273983	1.530423	1.23632
22140	-1218.394	-1437.612	219.2182	0.3287088	0.43254	0.441255	0.106066	0.0201398	1.443575	1.621183
22146	-1227.657	-1446.649	218.9919	0.5194918	0.356598	0.599823	0.0124333	0.0311455	1.119901	1.890794
22152	-1228.856	-1447.644	218.7881	0.6667018	0.458726	0.501479	0.0202922	0.0195032	1.176081	1.886665
22158	-1224.987	-1443.916	218.929	0.2958988	0.47612	0.492224	0.0199177	0.0117379	1.135696	2.043751
22164	-1221.446	-1440.275	218.8294	0.2993	0.35212	0.613414	0.0216861	0.01278	1.002393	2.195209
22170	-1220.005	-1438.431	218.426	0.575474	0.38457	0.594799	0.0176601	0.00297062	1.093057	2.243977
22176	-1223.854	-1443.076	219.222	0.3594713	0.453804	0.503511	0.0361051	0.00657953	1.158505	1.805553
22182	-1233.687	-1452.378	218.6908	0.6176835	0.442519	0.543131	0.00685395	0.00749523	1.165028	1.994588
22188	-1228.987	-1448.276	219.2888	0.2611248	0.680477	0.312475	0.00347383	0.00357391	1.306561	1.686997
22194	-1234.479	-1454.013	219.5342	0.3061999	0.478498	0.494973	0.0208673	0.00566121	1.27474	1.521965
22200	-1235.777	-1454.008	218.2305	0.3491135	0.428255	0.508883	0.0259365	0.0369262	1.171588	2.451266
22206	-1242.386	-1461.612	219.2255	0.2655134	0.427216	0.468112	0.0678347	0.0368367	1.139802	1.847089
22212	-1248.883	-1468.375	219.4914	0.3472569	0.556049	0.329547	0.0696985	0.0447055	1.154762	1.624016
22218	-1232.94	-1452.38	219.4394	0.3598919	0.350283	0.577649	0.0439065	0.0281622	1.191454	1.628706
22224	-1235.905	-1455.1	219.1949	0.3186926	0.420604	0.522276	0.0288658	0.028254	1.23004	1.792703
22230	-1238.095	-1457.463	219.3682	0.3411497	0.414199	0.514323	0.0245425	0.0469354	1.284131	1.622412
22236	-1236.879	-1455.952	219.0732	0.3333383	0.390109	0.484409	0.0231151	0.102368	1.388021	1.761612
22242	-1236.433	-1455.95	219.5171	0.2549607	0.71393	0.22127	0.0105586	0.0542419	1.338378	1.497601
22248	-1235.255	-1454.978	219.7238	0.2467326	0.651663	0.266669	0.0321571	0.0495111	1.402043	1.286387
22254	-1220.889	-1440.588	219.6998	0.3561521	0.52659	0.382186	0.0806104	0.0106133	1.659852	1.042596
22260	-1225.129	-1444.411	219.2814	0.3130202	0.438908	0.423537	0.067188	0.070367	1.404391	1.610012
22266	-1232.249	-1451.487	219.2373	0.3634471	0.398471	0.478517	0.0585406	0.0644711	1.156637	1.794273
22272	-1231.101	-1450.105	219.0035	0.4069254	0.391194	0.484306	0.0592488	0.065251	1.185215	1.910978
22278	-1231.956	-1450.417	218.461	0.491657	0.37358	0.533247	0.0443402	0.0488321	1.148193	2.240987
22284	-1232.686	-1450.422	217.7362	0.4731878	0.450188	0.430511	0.0567747	0.0625263	0.7873146	2.926245
22290	-1225.369	-1443.298	217.9282	0.3297574	0.294717	0.620239	0.0355245	0.0495193	0.8655518	2.834184
22296	-1222.973	-1440.02	217.0469	0.3694321	0.265393	0.693999	0.0334259	0.00718241	0.7830088	3.39251
22302	-1222.032	-1440.581	218.5494	0.4117402	0.231604	0.664868	0.0486785	0.0548497	0.7950761	2.456616
22308	-1223.846	-1441.585	217.739	0.2409825	0.452655	0.393085	0.0576392	0.0966209	0.7612781	3.026758
22314	-1220.385	-1437.745	217.3603	0.2387567	0.598583	0.335563	0.048174	0.0176801	0.7646418	3.249808
22320	-1230.994	-1448.364	217.3702	0.2695694	0.428755	0.422069	0.0383923	0.110785	0.8779947	3.176356
22326	-1230.541	-1449.223	218.6821	0.2873304	0.44926	0.394868	0.0178611	0.138011	0.8250087	2.405604
22332	-1221.391	-1439.734	218.3433	0.4701072	0.500108	0.421406	0.0547918	0.0236935	0.9243105	2.47115
22338	-1228.922	-1446.846	217.9243	0.287365	0.538857	0.415192	0.0389876	0.00696319	0.7421713	2.92338
22344	-1233.798	-1451.162	217.3639	0.3157674	0.351759	0.610974	0.0236333	0.0136339	0.7729079	3.232258
22350	-1233.647	-1452.007	218.3596	0.3157674	0.364576	0.577434	0.0315897	0.0264001	0.9566378	2.517644
22356	-1253.103	-1472.196	219.0935	0.3680726	0.259814	0.602446	0.0257626	0.111977	1.127716	1.910199
22362	-1243.542	-1463.126	219.5839	0.3315448	0.481827	0.492788	0.0126928	0.0126925	1.633054	1.18682
22368	-1227.241	-1446.818	219.5772	0.2364	0.623174	0.341114	0.0297921	0.00591973	1.441276	1.371465
22374	-1233.229	-1452.713	219.4839	0.3223085	0.611803	0.368508	0.0164254	0.00326374	1.314404	1.523791
22380	-1243.348	-1462.869	219.5217	0.3001426	0.61399	0.368494	0.0164247	0.00109162	1.221716	1.572377
22386	-1233.572	-1453.098	219.5264	0.2994723	0.58561	0.393853	0.0144921	0.00604462	1.180636	1.599193
22392	-1233.292	-1452.149	218.8574	0.2820892	0.441982	0.481692	0.059363	0.0169634	1.066374	2.139463
22398	-1253.059	-1471.266	218.2075	0.4150383	0.51838	0.357996	0.117922	0.00570173	1.171965	2.432811
22404	-1250.775	-1469.065	218.2908	0.4747397	0.432126	0.523744	0.0248341	0.019296	1.033341	2.432811
22410	-1242.052	-1460.279	218.2268	0.4052416	0.48387	0.448369	0.061973	0.00578843	0.9360485	2.57346
22416	-1235.741	-1453.921	218.1805	0.3191096	0.350838	0.575135	0.0641045	0.00992237	0.9588607	2.626299
22422	-1234.977	-1453.801	218.8233	0.3065225	0.544435	0.355868	0.0842992	0.0153977	1.157692	2.09584
22428	-1229.321	-1448.299	218.9775	0.4900175	0.542211	0.408474	0.0374323	0.0118831	1.121282	1.919601
22434	-1235.775	-1455.331	219.5564	0.2401438	0.499162	0.386781	0.0177578	0.0962991	1.199615	1.570923
22440	-1233.402	-1452.564	219.162	0.3083165	0.499608	0.406647	0.0589072	0.0348388	1.263368	1.796062
22446	-1239.412	-1458.341	218.9293	0.3104509	0.397862	0.437943	0.15114	0.0130551	1.102678	2.061041
22452	-1240.78	-1459.726	218.9464	0.312897	0.488251	0.451024	0.0532939	0.007431	1.161769	2.009733
22458	-1244.741	-1463.189	218.4478	0.3573197	0.573602	0.375801	0.0444055	0.00619164	1.092424	2.360447
22464	-1246.402	-1465.166	218.7636	0.3416178	0.571208	0.342622	0.074268	0.0119022	1.120413	2.146353
22470	-1245.052	-1463.458	218.4058	0.5909484	0.421405	0.417396	0.145439	0.0157602	1.061097	2.267124
22476	-1227.254	-1445.179	217.9257	0.3783157	0.456033	0.440554	0.0894497	0.0139632	0.9190572	2.782613
22482	-1231.362	-1449.316	217.9534	0.5596475	0.533777	0.36341	0.0862343	0.0165791	1.079815	2.561276
22488	-1231.807	-1449.723	217.9159	0.7619507	0.632525	0.235984	0.105361	0.0261296	0.9039958	2.561276
22494	-1233.497	-1451.78	218.2833	0.4694182	0.426984	0.49847	0.0693777	0.00516804	1.141219	2.372695
22500	-1241.747	-1461.202	219.4558	0.2479568	0.475446	0.456313	0.0635103	0.00473096	1.270505	1.593123
22506	-1231.879	-1451.232	219.3529	0.3554631	0.442265	0.483711	0.059078	0.0149465	1.203363	1.684343
22512	-1230.921	-1450.039	219.1179	0.2802951	0.434537	0.512836	0.0220033	0.0306235	1.27464	1.826168
22518	-1218.183	-1437.657	219.4739	0.2919957	0.548153	0.411623	0.0127044	0.0275196	1.333707	1.527428
22524	-1226.963	-1446.56	219.597	0.3092	0.372547	0.563073	0.034885	0.0294945	1.185022	1.540952
22530	-1206.097	-1425.227	219.1301	0.3540816	0.368915	0.589822	0.00927631	0.0319861	1.269403	1.79508
22536	-1218.808	-1438.174	219.3661	0.3977582	0.469961	0.51664	0.00517979	0.00821861	1.239131	1.625842
22542	-1226.06	-1445.001	218.9411	0.2452201	0.398381	0.540154	0.0508244	0.0106399	1.081482	2.077709
22548	-1221.035	-1439.276	218.2413	0.3409887	0.444304	0.449118	0.0873922	0.0191863	0.9260612	2.600942
22554	-1220.918	-1438.787	217.8689	0.5538821	0.463788	0.498281	0.0216133	0.0163179	1.049255	2.636177
22560	-1230.429	-1448.519	218.0901	0.4336664	0.575082	0.400509	0.0147134	0.00969584	0.7296237	2.769143
22566	-1236.143	-1453.99	217.8468	0.79687	0.544226	0.37902	0.0675776	0.00917562	0.8061357	2.641917
22572	-1223.188	-1441.356	218.1684	0.4710643	0.470677	0.452426	0.0456692	0.0312274	0.8236214	2.641917
22578	-1232.016	-1450.604	218.5886	0.3951126	0.567599	0.359789	0.0550734	0.0175385	1.099622	2.247261
22584	-1223.873	-1443.142	219.2695	0.3304198	0.428531	0.487723	0.0192628	0.0644834	1.043057	1.86547
22590	-1232.509	-1451.925	219.4164	0.2159162	0.530431	0.437325	0.0112905	0.0209535	0.9957561	1.809729
22596	-1228.936	-1448.47	219.5332	0.2558688	0.563334	0.409223	0.0163908	0.0110525	1.306252	1.509593
22602	-1224.923	-1444.354	219.4314	0.3748202	0.552749	0.425114	0.0184134	0.00372369	0.9853262	1.772457
22608	-1217.164	-1436.906	219.7417	0.2927665	0.550059	0.405392	0.0266328	0.0179162	1.174074	1.44569
22614	-1233.291	-1453.064	219.7728	0.2502832	0.556417	0.410078	0.0153826	0.0181233	1.234638	1.381224
22620	-1240.324	-1460.002	219.6774	0.239467	0.250067	0.496381	0.0347846	0.218767	1.404398	1.32153
22626	-1232.222	-1451.945	219.7231	0.2598682	0.434382	0.481446	0.0365668	0.0476047	1.608244	1.10956
22632	-1234.428	-1454.482	220.0545	0.3308673	0.4963	0.381617	0.0415566	0.0805265	1.46279	0.8966957
22638	-1225.238	-1445.202	219.9636	0.2590099	0.595779	0.334568	0.0442921	0.0253611	1.708376	0.7298857
22644	-1227.064	-1446.821	219.7567	0.2891122	0.559316	0.375136	0.0518393	0.0137092	1.568758	1.108909
22650	-1217.379	-1436.944	219.5651	0.6376096	0.563108	0.29153	0.14258	0.00278189	1.376838	1.177487
22656	-1218.01	-1437.379	219.3683	0.5235983	0.434153	0.482263	0.0449261	0.0386579	1.091959	1.644767
22662	-1233.811	-1453.054	219.2435	0.2632518	0.367272	0.512281	0.0380052	0.0824419	1.251827	1.757331
22668	-1234.24	-1453.849	219.6093	0.2769576	0.522436	0.309148	0.0531412	0.115275	1.250207	1.492153
22674	-1233.867	-1453.471	219.6038	0.3350526	0.564957	0.276668	0.0499729	0.108403	1.303934	1.435457
22680	-1223.622	-1443.49	219.8682	0.232463	0.435674	0.418746	0.0385373	0.107043	1.412542	1.153283
22686	-1215.062	-1434.983	219.9207	0.2779416	0.527787	0.408351	0.0375807	0.0262816	1.797686	0.6369398
22692	-1209.721	-1429.664	219.9431	0.2260328	0.675219	0.303862	0.00136316	0.0195566	1.797686	0.5693257
22698	-1221.419	-1441.189	219.7694	0.2158446	0.659524	0.273637	0.000777253	0.0660616	1.968309	0.4410214
22704	-1230.245	-1450.168	219.9229	0.1830199	0.746684	0.169506	0.00119926	0.0826113	1.748277	0.6673542
22710	-1230.526	-1450.435	219.909	0.1867319	0.768493	0.152811	0.0126662	0.0660303	1.715934	0.7531888
22716	-1233.377	-1453.358	219.9809	0.1849142	0.74817	0.184763	0.00841705	0.0586501	1.571059	0.8477364
22722	-1245.399	-1465.127	219.7275	0.1849142	0.761661	0.188095	0.029931	0.0203125	1.67123	1.013831
22728	-1235.604	-1455.561	219.9572	0.2468585	0.620773	0.204021	0.0414566	0.133749	1.719064	0.7233789
22734	-1230.523	-1450.427	219.9043	0.1972751	0.573481	0.253587	0.0223425	0.15059	1.530524	0.9906395
22740	-1249.069	-1468.823	219.7535	0.2556568	0.537046	0.416799	0.0200186	0.0261373	1.957375	0.6608232
22746	-1256.312	-1476.132	219.8205	0.3316548	0.709013	0.221883	0.0264287	0.0426754	1.789603	0.7809575
22752	-1243.223	-1463.172	219.9495	0.2169707	0.707837	0.207612	0.0125284	0.0720222	1.534015	0.9544251
22758	-1233.909	-1453.483	219.5737	0.1839237	0.671501	0.196955	0.0256878	0.105856	1.240789	1.501818
22764	-1231.792	-1451.454	219.6624	0.2669981	0.337538	0.614143	0.0129546	0.0353638	1.219115	1.477087
22770	-1223.144	-1442.152	219.0081	0.2552727	0.371323	0.468785	0.0357732	0.124119	1.204499	1.951414
22776	-1216.393	-1435.2	218.8065	0.2552727	0.526246	0.351839	0.0272763	0.0946382	1.118239	2.141876
22782	-1227.109	-1445.867	218.7581	0.2552727	0.568877	0.366172	0.00849836	0.0564521	0.9264179	2.296941
22788	-1235.044	-1453.048	218.0036	0.3018081	0.451912	0.465517	0.010804	0.0717678	0.9596851	2.739727
22794	-1229.063	-1447.477	218.4143	0.3873171	0.446552	0.524524	0.0106759	0.0182482	1.01079	2.418803
22800	-1243.465	-1461.922	218.4569	0.3951646	0.496413	0.398996	0.0893363	0.0152543	0.7274728	2.565378
22806	-1238.955	-1455.601	216.6462	0.9842884	0.404565	0.556555	0.0121978	0.0266815	0.8292185	3.235714
22812	-1250.581	-1466.513	215.932	1.951598	0.661172	0.20615	0.0226281	0.110049	0.7845116	3.183921
22818	-1238.321	-1455.155	216.8347	1.149258	0.648194	0.282118	0.037616	0.0320721	0.566327	3.183921
22824	-1238.409	-1456.104	217.6953	1.319499	0.725104	0.21845	0.0304687	0.0259782	0.8018814	2.418916
22830	-1231.102	-1448.39	217.2885	0.9545091	0.637946	0.204926	0.134272	0.0228556	0.8118776	2.88
22836	-1229.618	-1447.607	217.9882	0.7009101	0.746929	0.18941	0.0526424	0.0110184	0.7285502	2.664931
22842	-1229.15	-1447.504	218.3546	0.6774942	0.487382	0.383668	0.106632	0.0223188	0.8788063	2.357814
22848	-1236.981	-1455.472	218.4907	0.4180931	0.285421	0.635194	0.0725119	0.00687313	0.9841685	2.37089
22854	-1240.019	-1458.97	218.9515	0.3059054	0.315314	0.578288	0.0838255	0.0225724	0.9116806	2.172976
22860	-1228.836	-1447.041	218.2054	0.3830418	0.332982	0.644591	0.0068137	0.0156133	0.7824537	2.692785
22866	-1223.209	-1440.77	217.5611	0.412954	0.248139	0.703098	0.00743215	0.0413303	0.8100761	3.051116
22872	-1222.567	-1441.356	218.7896	0.4987034	0.32966	0.576256	0.0528736	0.0412101	1.049585	2.086821
22878	-1224.934	-1443.882	218.9477	0.4377678	0.447415	0.449845	0.0577382	0.0450016	1.088839	1.99484
22884	-1224.929	-1443.104	218.1744	0.2755592	0.324496	0.510829	0.0655655	0.0991096	0.8235102	2.724089
22890	-1224.818	-1443.301	218.4828	0.3192168	0.418738	0.508572	0.00449146	0.0681981	0.9726275	2.429245
22896	-1233.974	-1452.911	218.9365	0.4467978	0.454816	0.477971	0.00112308	0.0660901	1.011853	2.047923
22902	-1230.773	-1449.815	219.042	0.2790975	0.435536	0.462543	0.0102217	0.0916989	0.9789041	2.076377
22908	-1230.251	-1449.328	219.077	0.2942646	0.48281	0.430897	0.000867565	0.0854251	1.12015	1.955837
22914	-1232.134	-1451.023	218.8896	0.2954276	0.347356	0.581725	0.0022585	0.0686611	1.078926	2.107183
22920	-1233.318	-1452.888	219.57	0.2685797	0.508698	0.410767	0.000489795	0.0800446	1.355859	1.443163
22926	-1231.742	-1451.282	219.5398	0.2685797	0.560767	0.381746	0.000180927	0.0573057	1.187947	1.590973
22932	-1232.737	-1452.266	219.5283	0.3219217	0.459652	0.46082	0.07184	0.00768833	1.155722	1.60791
22938	-1241.733	-1461.091	219.3583	0.3884965	0.42031	0.508423	0.0451802	0.0260869	1.310992	1.584807
22944	-1217.418	-1436.953	219.5344	0.2673446	0.476797	0.440271	0.039124	0.0438081	1.137158	1.631863
22950	-1218.882	-1438.082	219.2004	0.3894759	0.40315	0.487058	0.0595601	0.0502316	1.213825	1.766146
22956	-1223.811	-1443.167	219.3561	0.2663336	0.4256	0.434335	0.0531129	0.0869515	1.126158	1.766146
22962	-1240.422	-1460.195	219.773	0.2228585	0.582238	0.346228	0.0211768	0.0503571	0.9799216	1.569857
22968	-1237.816	-1456.06	218.2444	0.2896462	0.481094	0.406174	0.0248434	0.0878887	1.04618	2.540798
22974	-1226.258	-1445.318	219.0594	0.2974066	0.464779	0.483135	0.0186969	0.0333895	1.09447	1.984009
22980	-1229.224	-1448.552	219.3287	0.3352616	0.50487	0.437265	0.0274842	0.0303807	1.116754	1.771805
22986	-1231.609	-1450.902	219.293	0.2463324	0.620275	0.324754	0.0261099	0.0288614	1.059658	1.856336
22992	-1234.633	-1453.375	218.7412	0.2463324	0.478824	0.333275	0.0942742	0.0936271	0.971495	2.278849
22998	-1237.313	-1457.127	219.8133	0.2711588	0.65716	0.221517	0.0510929	0.0702299	1.500819	1.123699
23004	-1223.669	-1443.426	219.7575	0.2912687	0.692371	0.233386	0.0415482	0.032695	1.653577	1.027711
23010	-1251.332	-1470.502	219.1702	0.3562646	0.567429	0.352792	0.0653487	0.0144305	1.121748	1.867933
23016	-1245.081	-1463.599	218.5182	0.2357423	0.455747	0.4735	0.0591622	0.0115903	0.9680941	2.421824
23022	-1233.784	-1452.944	219.1602	0.2371991	0.530325	0.364478	0.0267219	0.0784744	1.09621	1.921061
23028	-1224.835	-1443.288	218.4536	0.2484997	0.521201	0.355059	0.0135666	0.110173	1.104941	2.377096
23034	-1234.404	-1453.149	218.7455	0.2684149	0.595634	0.359756	0.0114907	0.0331194	1.004689	2.253953
23040	-1227.378	-1445.847	218.469	0.3122722	0.230869	0.674159	0.0329084	0.0620637	0.9227515	2.471514
23046	-1232.036	-1449.025	216.9886	0.3556366	0.311155	0.579533	0.0502862	0.0590257	0.75181	3.450861
23052	-1232.831	-1449.199	216.3683	0.3165552	0.303235	0.510352	0.113823	0.0725906	0.7132759	3.846716
23058	-1241.612	-1460.179	218.5664	0.2627628	0.345226	0.551807	0.0203238	0.082643	0.8725452	2.452142
23064	-1237.191	-1455.205	218.0138	0.3253584	0.470973	0.478408	0.00577294	0.044846	1.094856	2.64314
23070	-1242.407	-1460.41	218.0028	0.2965307	0.365562	0.541842	0.0457974	0.046798	0.8174441	2.828259
23076	-1246.469	-1463.193	216.7237	0.4416158	0.252264	0.67946	0.0587729	0.00950268	0.8654574	3.497523
23082	-1240.57	-1457.553	216.9826	0.4767792	0.212565	0.678797	0.0940246	0.0146138	0.9895202	3.253132
23088	-1248.851	-1465.782	216.931	0.3167548	0.311594	0.503208	0.160286	0.0249124	0.6918849	3.533521
23094	-1241.63	-1458.044	216.4147	0.3345607	0.203154	0.633047	0.120219	0.0435799	0.8526579	3.73378
23100	-1236.236	-1453.071	216.8349	0.3072741	0.303147	0.571567	0.069198	0.0560884	0.8349505	3.508924
23106	-1238.834	-1456.152	217.3184	0.455862	0.199113	0.746325	0.0466176	0.00794392	0.988279	3.066341
23112	-1231.842	-1449.546	217.7042	0.2920984	0.32787	0.604062	0.0502875	0.0177804	1.021461	2.886621
23118	-1230.602	-1449.119	218.5168	0.3999356	0.250057	0.708909	0.0240812	0.0169534	1.006208	2.350285
23124	-1225.384	-1444.422	219.0381	0.2771285	0.484624	0.425369	0.0535576	0.0364489	1.163949	1.956234
23130	-1232.327	-1451.132	218.8051	0.327893	0.314586	0.549453	0.0721638	0.0637976	1.163782	2.096371
23136	-1248.428	-1467.462	219.0337	0.4191023	0.356332	0.524038	0.0817402	0.0378896	1.298278	1.805719
23142	-1238.266	-1457.684	219.4182	0.3694679	0.370903	0.558205	0.0216428	0.0492493	1.291341	1.56629
23148	-1241.884	-1460.975	219.0909	0.5946218	0.367531	0.498628	0.0604352	0.0734064	1.431505	1.546037
23154	-1238.537	-1457.973	219.4361	0.3470045	0.326205	0.582501	0.0383267	0.0529673	1.153901	1.664486
23160	-1234.661	-1453.407	218.746	0.3640405	0.374638	0.540801	0.0195953	0.0649652	1.064735	2.183902
23166	-1227.756	-1446.503	218.7476	0.3808621	0.224304	0.698432	0.0143347	0.062929	1.050252	2.183902
23172	-1217.737	-1435.011	217.2733	0.3056067	0.376573	0.452935	0.0316313	0.13886	0.8477279	3.244576
23178	-1236.672	-1454.032	217.3599	0.2001371	0.65916	0.243369	0.0180838	0.0793873	0.7559464	3.244576
23184	-1234.786	-1452.133	217.3465	0.2001371	0.736202	0.185367	0.0145514	0.06388	0.7016637	3.284515
23190	-1250.76	-1469.944	219.1843	0.2486592	0.447329	0.460169	0.0694354	0.0230663	1.186131	1.844259
23196	-1232.417	-1451.286	218.8694	0.2537294	0.506468	0.366798	0.078615	0.048119	1.102784	2.11095
23202	-1231.671	-1450.881	219.2096	0.3278388	0.355237	0.516088	0.0609711	0.0677038	1.118189	1.856115
23208	-1223.419	-1442.151	218.732	0.3187268	0.308185	0.596078	0.0704213	0.0253165	1.210963	2.116805
23214	-1231.092	-1449.304	218.2116	0.3009209	0.472953	0.413898	0.0523575	0.0607916	1.23112	2.442883
23220	-1229.849	-1447.719	217.8706	0.3329716	0.394285	0.541696	0.0323664	0.0316533	1.184388	2.673405
23226	-1240.055	-1458.7	218.6452	0.4560341	0.4063	0.566196	0.0126738	0.0148302	1.029224	2.221122
23232	-1239.395	-1457.549	218.154	0.472705	0.518047	0.41896	0.0440836	0.018909	1.180841	2.427332
23238	-1225.565	-1443.996	218.4317	0.3608093	0.372544	0.598115	0.0216643	0.00767664	1.110368	2.357717
23244	-1225.661	-1443.928	218.2672	0.6066018	0.285783	0.685123	0.0220348	0.00705892	1.188906	2.263505
23250	-1238.755	-1456.94	218.1855	0.994096	0.558438	0.37483	0.0411887	0.0255431	1.124588	2.096474
23256	-1246.232	-1465.264	219.0323	0.6833503	0.5181	0.378783	0.051898	0.0512185	1.174322	1.706456
23262	-1238.717	-1457.621	218.9033	0.7150331	0.494854	0.454635	0.0449423	0.0055694	1.240542	1.727036
23268	-1241.422	-1460.314	218.8919	0.938457	0.416688	0.551901	0.0281706	0.00324026	1.318094	1.510736
23274	-1230.683	-1449.461	218.7785	0.4671725	0.310678	0.632189	0.0518313	0.00530231	1.081758	2.093244
23280	-1233.647	-1452.349	218.7023	0.2818196	0.281791	0.594273	0.122464	0.00147237	1.031069	2.262694
23286	-1240.163	-1459.295	219.1318	0.2893078	0.479742	0.471316	0.0485012	0.000440921	1.090237	1.940319
23292	-1242.018	-1460.577	218.5591	0.3592805	0.482677	0.49916	0.0176955	0.000466969	1.221699	2.205515
23298	-1242.598	-1461.794	219.196	0.401735	0.391639	0.592231	0.0149994	0.00113033	0.991195	1.914992
23304	-1228.313	-1446.508	218.1948	0.3478542	0.425142	0.547937	0.0215624	0.00535868	0.9882652	2.58843
23310	-1235.468	-1453.896	218.4278	0.2934749	0.383799	0.549928	0.0612763	0.0049965	1.070624	2.409714
23316	-1231.914	-1451.06	219.1459	0.3350275	0.515342	0.414724	0.0621273	0.00780673	1.201256	1.839848
23322	-1238.605	-1457.925	219.3205	0.4323977	0.581231	0.306288	0.0731468	0.0393341	1.53087	1.419888
23328	-1225.429	-1445.069	219.6407	0.2298961	0.635347	0.282343	0.0393138	0.0429963	1.32877	1.408505
23334	-1228.329	-1448.231	219.9022	0.2816917	0.519044	0.413588	0.0281522	0.0392155	1.371393	1.157418
23340	-1233.68	-1453.481	219.8012	0.4888373	0.404199	0.545646	0.0209594	0.029196	1.624282	0.848775
23346	-1240.454	-1459.703	219.2493	0.380993	0.449672	0.490133	0.0339694	0.0262256	1.241807	1.716971
23352	-1232.511	-1451.615	219.1036	0.3073194	0.342106	0.539669	0.0893489	0.0288762	1.072094	1.966434
23358	-1241.581	-1459.532	217.9504	0.3614008	0.44074	0.493338	0.0451867	0.0207352	1.187281	2.610625
23364	-1235.796	-1453.799	218.0029	0.3850727	0.348564	0.554467	0.0900826	0.00688624	0.9449408	2.716309
23370	-1237.658	-1455.694	218.0357	0.3373611	0.37911	0.487616	0.097977	0.0352973	0.9424239	2.718877
23376	-1236.569	-1454.908	218.3392	0.2529461	0.38812	0.499204	0.0765395	0.0361361	1.206925	2.384992
23382	-1244.085	-1463.826	219.7403	0.2529461	0.575113	0.314604	0.0875096	0.0227734	1.301125	1.354429
23388	-1250.727	-1469.85	219.1233	0.4271374	0.569958	0.340736	0.0784199	0.0108858	1.220802	1.792415
23394	-1236.9	-1456.567	219.6662	0.3244966	0.481572	0.413891	0.100872	0.00366556	1.322353	1.377599
23400	-1231.185	-1450.092	218.9065	0.348047	0.449996	0.520786	0.0246061	0.00461226	1.197472	1.99862
23406	-1241.875	-1459.852	217.9771	0.4260716	0.432496	0.491214	0.0718576	0.00443288	0.9795747	2.689509
23412	-1231.668	-1449.728	218.06	0.352761	0.355252	0.55891	0.0208818	0.0649562	0.9558266	2.689509
23418	-1239.782	-1458.587	218.8052	0.3528103	0.372936	0.480347	0.122274	0.0244439	1.273884	2.012992
23424	-1232.402	-1450.553	218.151	0.3972228	0.307657	0.638453	0.0164626	0.0374279	1.045149	2.556969
23430	-1225.468	-1444.094	218.6264	0.3023872	0.470172	0.442753	0.0298761	0.0571987	1.121486	2.24853
23436	-1231.733	-1449.915	218.1818	0.2727442	0.623141	0.350079	0.0144795	0.0123008	1.029589	2.592986
23442	-1233.622	-1451.679	218.057	0.351761	0.425358	0.44827	0.018884	0.107488	0.9770569	2.67873
23448	-1230.395	-1448.24	217.845	0.3197142	0.472127	0.392986	0.0390119	0.0958748	1.007562	2.801909
23454	-1238.486	-1457.18	218.6941	0.2705435	0.499657	0.415901	0.0412867	0.0431547	1.046234	2.26002
23460	-1227.287	-1446.614	219.3276	0.2746411	0.50172	0.330709	0.0323068	0.135264	1.299798	1.662572
23466	-1219.112	-1438.366	219.2545	0.2746411	0.438582	0.470998	0.0359472	0.0544729	1.300153	1.714215
23472	-1209.585	-1428.852	219.2665	0.253119	0.592155	0.3427	0.0261553	0.0389903	1.290906	1.714215
23478	-1227.729	-1447.323	219.5942	0.2147709	0.627576	0.243158	0.0185582	0.110707	1.445777	1.348404
23484	-1221.559	-1441.206	219.6478	0.2489018	0.567546	0.315553	0.016783	0.100118	1.366048	1.37616
23490	-1226.247	-1445.714	219.4668	0.3005125	0.497339	0.436085	0.0322009	0.034376	1.306082	1.550582
23496	-1224.333	-1443.56	219.2275	0.2351094	0.590908	0.324744	0.0239794	0.0603691	1.203493	1.801449
23502	-1224.935	-1444.327	219.3928	0.2487783	0.430096	0.447895	0.0321738	0.0898351	1.218842	1.675783
23508	-1217.741	-1437.31	219.5689	0.2201889	0.320776	0.554101	0.0581207	0.0670013	1.370867	1.428808
23514	-1223.229	-1443.059	219.8301	0.3276741	0.58923	0.337893	0.0338521	0.0390246	1.340949	1.227938
23520	-1234.073	-1453.487	219.4137	0.4974994	0.53362	0.38091	0.0692778	0.0161924	1.338719	1.448159
23526	-1235.608	-1454.957	219.3487	0.4495369	0.464903	0.469354	0.0457908	0.0199521	1.392743	1.491633
23532	-1222.621	-1441.445	218.8235	0.3059638	0.421302	0.511083	0.0470186	0.020597	1.142715	2.105735
23538	-1227.781	-1446.339	218.5574	0.3111	0.339121	0.582284	0.0391359	0.0394595	1.189368	2.246583
23544	-1231.389	-1449.322	217.9334	0.2759054	0.4844	0.434879	0.051251	0.0294703	0.8351663	2.863713
23550	-1235.38	-1454.092	218.7125	0.2206817	0.514019	0.434749	0.0143654	0.0368662	1.10457	2.207816
23556	-1228.692	-1447.151	218.4592	0.2782912	0.411336	0.522167	0.00701193	0.0594851	1.082104	2.385732
23562	-1252.081	-1470.488	218.4074	0.3012754	0.42191	0.47692	0.0220294	0.0791398	0.9908543	2.470713
23568	-1237.976	-1457.537	219.5617	0.3012754	0.450016	0.424144	0.0177697	0.108071	1.223223	1.541476
23574	-1230.952	-1449.704	218.7514	0.2792047	0.487616	0.459582	0.00667567	0.0461264	1.09031	2.193323
23580	-1232.655	-1451.51	218.8556	0.2615995	0.441648	0.467246	0.00620931	0.0848963	0.9540402	2.216262
23586	-1231.278	-1449.785	218.5069	0.3549551	0.489632	0.442077	0.0364621	0.0318281	1.002839	2.380817
23592	-1233.537	-1451.44	217.9031	0.4065771	0.357289	0.54783	0.0850591	0.00982217	0.9914869	2.738009
23598	-1220.038	-1438.902	218.8638	0.2557075	0.314562	0.545503	0.0748871	0.0650478	0.865529	2.268276
23604	-1222.544	-1441.777	219.233	0.3897798	0.342006	0.517064	0.0176374	0.123293	1.138698	1.795528
23610	-1214.882	-1433.925	219.0435	0.203146	0.648098	0.292982	0.0240202	0.0348997	1.021944	2.038575
23616	-1220.836	-1439.669	218.8326	0.3873628	0.415294	0.398697	0.0458429	0.140166	1.181913	2.038575
23622	-1233.814	-1451.371	217.5573	0.305321	0.403904	0.411025	0.0472605	0.13781	1.001132	2.98411
23628	-1222.454	-1441.092	218.638	0.3258158	0.529089	0.388221	0.06406	0.0186302	1.081071	2.259359
23634	-1225.167	-1443.762	218.5949	0.3640459	0.477735	0.44397	0.0732592	0.00503617	0.985411	2.331863
23640	-1221.048	-1439.364	218.316	0.3704609	0.468844	0.435087	0.0909813	0.00508763	0.985411	2.504696
23646	-1231.198	-1449.157	217.9599	0.2907551	0.525526	0.384955	0.0842068	0.00531235	0.9520259	2.773799
23652	-1220.657	-1438.591	217.9336	0.2802002	0.303911	0.615407	0.0733939	0.00728825	0.9816796	2.773799
23658	-1229.564	-1446.391	216.8266	0.2802002	0.507738	0.428042	0.0592029	0.00501685	0.8215145	3.527622
23664	-1232.401	-1449.778	217.3769	0.5412687	0.541531	0.351808	0.0766096	0.0300517	0.7917389	3.098168
23670	-1226.047	-1443.691	217.6447	0.3409401	0.588455	0.297718	0.064831	0.0489962	0.9705845	2.937909
23676	-1231.297	-1449.528	218.231	0.4078151	0.529405	0.379427	0.0437415	0.0474261	1.0384	2.505776
23682	-1248.405	-1465.224	216.8196	0.3007658	0.559116	0.364739	0.0420481	0.0340977	0.9065586	3.477799
23688	-1223.529	-1440.993	217.4639	0.3007658	0.374965	0.537616	0.0480601	0.0393587	0.7687717	3.179742
23694	-1226.924	-1444.704	217.7795	0.3433779	0.472896	0.423381	0.075226	0.0284978	0.9679224	2.857112
23700	-1234.589	-1452.356	217.7666	0.2590503	0.484179	0.449217	0.0531737	0.0134307	0.9694285	2.885083
23706	-1220.827	-1439.331	218.5044	0.4341254	0.486589	0.451454	0.0534385	0.0085184	0.9379897	2.382394
23712	-1223.017	-1441.398	218.3808	0.264334	0.443897	0.539544	0.00878822	0.00777101	1.018103	2.477142
23718	-1227.89	-1446.147	218.2574	0.3532753	0.346846	0.579952	0.0539002	0.0193024	1.100578	2.477142
23724	-1221.972	-1440.005	218.0329	0.283636	0.34428	0.583721	0.0481138	0.0238852	1.016019	2.69143
23730	-1216.912	-1435.571	218.6595	0.4684275	0.333599	0.583656	0.0629745	0.019771	1.068531	2.178793
23736	-1224.295	-1443.187	218.8917	0.3238749	0.400205	0.518946	0.0223549	0.0584944	0.98954	2.155191
23742	-1212.17	-1431.092	218.922	0.3238749	0.377509	0.581392	0.0154608	0.0256381	0.9592672	2.155191
23748	-1224.574	-1443.422	218.8488	0.3263941	0.338858	0.589272	0.0245659	0.0473043	1.004188	2.17262
23754	-1228.116	-1447.323	219.2073	0.309879	0.659141	0.273187	0.0277805	0.0398912	1.101169	1.875897
23760	-1217.157	-1435.987	218.8296	0.2357399	0.611091	0.301649	0.0257553	0.061505	1.189201	2.079291
23766	-1212.38	-1431.834	219.4539	0.240385	0.61402	0.254567	0.0387911	0.0926222	1.189201	1.652791
23772	-1211.985	-1431.265	219.2796	0.2537677	0.527053	0.369521	0.0563078	0.0471191	1.236808	1.743083
23778	-1219.929	-1439.812	219.8823	0.2547519	0.506468	0.420742	0.0218273	0.0509634	1.478298	1.083027
23784	-1227.026	-1446.767	219.741	0.2547519	0.495452	0.391419	0.0271036	0.086025	1.400382	1.27367
23790	-1225.877	-1444.563	218.6854	0.3183427	0.395297	0.485586	0.0444719	0.0746454	0.9195415	2.334958
23796	-1229.602	-1448.839	219.2377	0.2527293	0.652279	0.261548	0.00835688	0.0778155	1.125853	1.849035
23802	-1223.392	-1442.731	219.339	0.3265498	0.462781	0.474667	0.0105316	0.0520202	1.290745	1.645204
23808	-1227.975	-1446.892	218.9168	0.3047601	0.342181	0.590161	0.0029807	0.0646776	1.231425	1.985678
23814	-1234.428	-1453.873	219.445	0.3283665	0.510214	0.444678	0.0080355	0.0370717	1.376685	1.503714
23820	-1220.056	-1439.54	219.4837	0.273459	0.6063	0.369263	0.00435317	0.0200833	1.361235	1.503714
23826	-1222.495	-1441.992	219.497	0.2970055	0.428739	0.551411	0.00650048	0.0133491	1.136568	1.652931
23832	-1221.983	-1440.912	218.9282	0.4617266	0.415781	0.545403	0.0127116	0.0261041	1.122921	1.97012
23838	-1219.366	-1438.638	219.2721	0.3498689	0.448249	0.509904	0.0137042	0.0281425	1.279868	1.690193
23844	-1234.823	-1453.785	218.9615	0.6601256	0.457334	0.520239	0.0106631	0.0117638	1.281002	1.698474
23850	-1234.791	-1453.659	218.8673	0.6715997	0.502495	0.486518	0.0052239	0.00576315	1.367066	1.695579
23856	-1227.879	-1447.664	219.7843	0.3775571	0.411987	0.544025	0.00296692	0.0410212	1.407755	1.18054
23862	-1221.253	-1441.02	219.7671	0.2928558	0.593235	0.362044	0.00192087	0.0428005	1.517194	1.14469
23868	-1229.499	-1449.377	219.8777	0.3234479	0.537755	0.407816	0.000337066	0.0540913	1.392069	1.14469
23874	-1242.629	-1461.741	219.112	0.1988124	0.661697	0.254205	0.000328444	0.0837693	1.198444	1.871645
23880	-1246.973	-1466.438	219.4645	0.2397778	0.320596	0.414511	0.045484	0.219409	1.480597	1.428968
23886	-1231.646	-1451.154	219.5078	0.2688296	0.561903	0.352909	0.0188398	0.0663475	1.351458	1.493611
23892	-1234.571	-1454.378	219.8061	0.2874069	0.58216	0.35652	0.0504416	0.010878	1.4623	1.160439
23898	-1246.405	-1466.05	219.6453	0.3487023	0.588723	0.350921	0.0496493	0.0107071	1.345985	1.363503
23904	-1243.129	-1462.352	219.2229	0.4369417	0.580081	0.358295	0.0506926	0.0109321	1.527368	1.49376
23910	-1223.673	-1443.596	219.923	0.2947792	0.443943	0.504685	0.0422588	0.00911331	1.554077	0.9598949
23916	-1208.478	-1428.23	219.7519	0.3043774	0.657299	0.305672	0.0154529	0.0215756	1.600275	1.078645
23922	-1217.472	-1437.375	219.9035	0.2391175	0.635001	0.318686	0.00963631	0.036677	1.49941	1.042266
23928	-1209.343	-1429.183	219.8394	0.2680512	0.676959	0.282025	0.0128809	0.0281355	1.522143	1.080801
23934	-1224.753	-1444.555	219.8025	0.2095737	0.669158	0.243229	0.0144041	0.0732081	1.548483	1.080801
23940	-1224.837	-1444.769	219.9314	0.2448941	0.46315	0.477769	0.0122693	0.0468117	1.476147	1.038369
23946	-1228.665	-1448.569	219.904	0.2349224	0.463155	0.477774	0.0122584	0.0468122	1.324141	1.199462
23952	-1235.206	-1455.171	219.9658	0.2349224	0.563964	0.395898	0.00313803	0.0370002	1.414841	1.0627
23958	-1233.322	-1452.803	219.4813	0.4385234	0.725557	0.2018	0.00366942	0.0689734	1.363353	1.420767
23964	-1226.525	-1444.705	218.1793	0.2169531	0.757907	0.196461	0.00301076	0.042621	1.220058	2.472391
23970	-1230.753	-1450.003	219.2495	0.2534488	0.570716	0.406771	0.00623377	0.0162784	1.012692	1.918004
23976	-1234.477	-1452.005	217.528	0.4032289	0.398807	0.588996	0.0110314	0.00116559	0.9498042	2.992223
23982	-1235.267	-1453.495	218.228	0.3016099	0.545399	0.388565	0.0380574	0.027978	1.023096	2.562426
23988	-1238.236	-1457.099	218.8621	0.260289	0.432834	0.524866	0.012802	0.029498	1.030178	2.162805
23994	-1225.641	-1444.543	218.9016	0.2225583	0.637333	0.274107	0.0268028	0.0617581	0.9945381	2.157063
24000	-1228.1	-1447.523	219.4226	0.407874	0.498891	0.442148	0.0426263	0.0163349	1.434881	1.431893
24006	-1225.851	-1445.648	219.7971	0.2909596	0.51115	0.453012	0.0202046	0.0156334	1.404335	1.217131
24012	-1226.848	-1446.691	219.8428	0.351012	0.355738	0.577555	0.0271845	0.0395229	1.326107	1.217131
24018	-1227.671	-1447.541	219.87	0.3142809	0.425448	0.539939	0.0141056	0.0205078	1.400276	1.148582
24024	-1230.175	-1449.222	219.0466	0.3230125	0.476014	0.504521	0.00787894	0.0115864	1.146171	1.949531
24030	-1222.251	-1440.761	218.5103	0.4411443	0.503128	0.477626	0.0174788	0.00176708	1.054998	2.300131
24036	-1230.758	-1449.536	218.7789	0.2204958	0.502172	0.461222	0.0363289	0.000277898	1.120656	2.154256
24042	-1227.803	-1446.216	218.4128	0.2719942	0.524213	0.427824	0.047833	0.000129452	1.19186	2.346487
24048	-1233.95	-1452.468	218.5177	0.4457717	0.403705	0.539617	0.056561	0.000117585	1.220578	2.186083
24054	-1217.629	-1435.555	217.9264	0.3930026	0.477215	0.511355	0.0111392	0.000291065	1.0049	2.722505
24060	-1216.761	-1434.489	217.7276	0.2760931	0.433134	0.534838	0.0315618	0.000466412	0.982315	2.899146
24066	-1217.524	-1435.601	218.0769	0.3281097	0.383801	0.555935	0.060201	6.37971e-05	0.8874404	2.730773
24072	-1235.654	-1454.443	218.7884	0.2191246	0.601604	0.387605	0.0103161	0.000475075	0.9295935	2.271184
24078	-1232.069	-1450.225	218.1559	0.5480009	0.542474	0.448192	0.00878325	0.000550914	0.8435912	2.589617
24084	-1225.418	-1443.625	218.2065	0.3211713	0.569989	0.413794	0.0155523	0.000664279	1.047641	2.554471
24090	-1234.659	-1453.551	218.8918	0.5383514	0.323909	0.627331	0.0480513	0.000708084	1.349195	1.788883
24096	-1239.695	-1458.459	218.7636	0.4920488	0.51865	0.472284	0.00885796	0.000208042	1.260988	1.968163
24102	-1235.011	-1453.396	218.3845	0.3108311	0.388478	0.598666	0.0122986	0.000557773	0.9809379	2.488491
24108	-1232.228	-1450.639	218.4102	0.4825171	0.370968	0.612933	0.0125917	0.00350799	0.8176733	2.488491
24114	-1221.828	-1441.046	219.2177	0.2915413	0.464199	0.476724	0.0157562	0.0433209	1.26311	1.762493
24120	-1216.574	-1436.049	219.4747	0.2784544	0.498115	0.422826	0.0210854	0.0579731	1.218814	1.61424
24126	-1216.504	-1435.938	219.4343	0.2114169	0.621435	0.286224	0.0225069	0.0698342	1.378037	1.521781
24132	-1215.937	-1435.307	219.37	0.2679495	0.497328	0.449776	0.0353677	0.0175276	1.260226	1.661507
24138	-1216.748	-1436.018	219.2701	0.308834	0.500731	0.440301	0.0534243	0.00554323	1.16413	1.789771
24144	-1215.473	-1434.814	219.3415	0.2513234	0.541384	0.392661	0.0597553	0.00620012	1.045335	1.833034
24150	-1226.214	-1444.846	218.6321	0.2827932	0.513882	0.403157	0.0423118	0.04065	0.9862927	2.335978
24156	-1224.446	-1443.172	218.7261	0.4801512	0.364706	0.563704	0.0427402	0.0288497	1.03528	2.149746
24162	-1222.263	-1441.096	218.8329	0.4213239	0.379603	0.586729	0.0273021	0.00636601	0.9612165	2.164261
24168	-1227.612	-1446.999	219.3874	0.4477717	0.38406	0.593617	0.0171656	0.00515727	1.250144	1.569968
24174	-1227.752	-1447.256	219.5042	0.4477717	0.517335	0.431203	0.0445151	0.00694693	1.294131	1.449753
24180	-1230.498	-1449.623	219.1258	0.2834515	0.494731	0.475832	0.0237879	0.00564908	1.01351	1.99705
24186	-1230.574	-1449.854	219.2805	0.2957935	0.455869	0.505983	0.020558	0.0175901	1.112	1.822569
24192	-1238.879	-1457.831	218.9515	0.2712961	0.459817	0.386744	0.0832873	0.0701509	1.223158	1.975483
24198	-1230.494	-1449.35	218.8556	0.3103583	0.389982	0.526452	0.0466767	0.0368892	1.06768	2.132482
24204	-1228.369	-1446.166	217.7978	0.3054224	0.541906	0.383068	0.0419068	0.0331194	0.9009767	2.899508
24210	-1228.498	-1445.632	217.1349	0.4472226	0.430149	0.506217	0.0330101	0.0306242	0.7356179	3.329677
24216	-1219.59	-1436.633	217.0428	0.4649834	0.392175	0.539056	0.0300959	0.0386737	0.8108421	3.329677
24222	-1225.317	-1441.391	216.0737	0.369265	0.365574	0.502493	0.0427951	0.0891377	0.620553	4.048845
24228	-1229.23	-1445.7	216.4692	0.5748879	0.390328	0.498673	0.0860332	0.0249656	0.9109247	3.541962
24234	-1233.589	-1450.079	216.4896	0.3699182	0.440128	0.398493	0.147583	0.0137958	0.8423986	3.682264
24240	-1234.762	-1451.443	216.6807	0.3110333	0.510554	0.463829	0.0137836	0.0118339	0.688873	3.682264
24246	-1239.836	-1456.601	216.7649	0.3445365	0.408662	0.481863	0.0910107	0.0184644	0.6835979	3.625259
24252	-1234.928	-1452.229	217.3011	0.3544102	0.526455	0.449348	0.0210205	0.00317702	0.7258171	3.283132
24258	-1225.825	-1443.228	217.4026	0.2874882	0.531528	0.396537	0.0445499	0.0273852	0.7540638	3.227808
24264	-1215.665	-1433.727	218.0615	0.259152	0.397458	0.542739	0.0223203	0.0374821	0.8202384	2.796673
24270	-1211.218	-1429.175	217.9573	0.2906687	0.490018	0.465879	0.0226795	0.0214238	0.9137251	2.798776
24276	-1207.671	-1425.874	218.2025	0.2687709	0.47382	0.480676	0.0233998	0.0221043	0.7168754	2.772919
24282	-1212.615	-1431.327	218.7127	0.5456579	0.46487	0.504379	0.00906409	0.0216867	1.12189	2.058541
24288	-1215.999	-1434.714	218.7154	0.3510103	0.424729	0.54913	0.00828143	0.0178587	1.012682	2.243281
24294	-1221.718	-1440.957	219.239	0.2458506	0.361087	0.582948	0.0334906	0.0224751	1.160972	1.823873
24300	-1223.565	-1442.766	219.201	0.3606356	0.4984	0.468762	0.014766	0.0180727	1.276423	1.737479
24306	-1215.18	-1434.927	219.7468	0.3291637	0.499541	0.469836	0.0212784	0.00934472	1.397139	1.249959
24312	-1223.943	-1443.671	219.7272	0.3875025	0.545952	0.393474	0.0281671	0.0324069	1.360172	1.26249
24318	-1227.021	-1446.247	219.2257	0.2893584	0.549968	0.399949	0.0254523	0.0246304	1.154972	1.832374
24324	-1221.576	-1439.788	218.2121	0.2788592	0.436803	0.502348	0.0309237	0.0299251	0.8218084	2.70146
24330	-1217.098	-1435.399	218.301	0.5568628	0.472951	0.461165	0.0334828	0.0324015	1.087678	2.339705
24336	-1212.718	-1430.907	218.1894	0.505708	0.486349	0.474229	0.0344313	0.00499108	0.9934679	2.502284
24342	-1220.249	-1438.125	217.8755	0.4379269	0.271675	0.679093	0.0321368	0.0170944	0.7255138	2.899569
24348	-1222.022	-1440.561	218.5393	0.4857992	0.553393	0.419025	0.0213821	0.0061993	1.090501	2.231401
24354	-1224.358	-1442.474	218.1159	0.3943119	0.345135	0.611627	0.0294889	0.0137492	0.9282772	2.652521
24360	-1228.549	-1446.68	218.1316	0.2859456	0.288973	0.650959	0.048555	0.0115135	0.9798794	2.652521
24366	-1235.191	-1454.082	218.8911	0.3659345	0.288576	0.650064	0.0120405	0.0493197	1.014025	2.121523
24372	-1253.413	-1473.205	219.7924	0.3548524	0.388746	0.507067	0.0193484	0.0848385	1.7022	0.9045031
24378	-1230.976	-1450.843	219.8666	0.3635697	0.535964	0.41571	0.0262678	0.0220573	1.620372	0.9060661
24384	-1237.139	-1456.885	219.7458	0.2948117	0.624548	0.291801	0.068862	0.0147886	1.651834	1.039448
24390	-1238.12	-1457.707	219.5863	0.3408213	0.560169	0.339174	0.0828619	0.0177951	1.569908	1.23365
24396	-1230.998	-1450.728	219.7292	0.2681771	0.366047	0.589605	0.0310603	0.0132871	1.507757	1.192067
24402	-1226.062	-1445.937	219.8748	0.290967	0.46865	0.496717	0.0209525	0.013681	1.697422	0.855472
24408	-1227.506	-1447.12	219.6141	0.2969341	0.379023	0.573839	0.0242056	0.0229319	1.338971	1.41575
24414	-1223.449	-1442.616	219.1673	0.2178853	0.629488	0.253347	0.049369	0.067797	1.374671	1.719832
24420	-1214.914	-1434.702	219.788	0.2415767	0.721717	0.231061	0.00376858	0.0434536	1.682511	0.9755131
24426	-1228.047	-1447.849	219.8012	0.2473253	0.462347	0.486134	0.00593519	0.0455834	1.560674	1.081802
24432	-1227.679	-1446.689	219.0098	0.4126096	0.60039	0.378421	0.00853918	0.0126501	1.101931	1.959626
24438	-1224.65	-1442.955	218.3054	0.4126096	0.548797	0.345903	0.0937366	0.0115631	1.101931	2.416611
24444	-1233.036	-1451.709	218.6725	0.2429344	0.576468	0.296218	0.0788293	0.0484856	1.231006	2.15552
24450	-1240.653	-1459.304	218.6507	0.2751737	0.400463	0.51146	0.0503855	0.0376908	0.9907962	2.322604
24456	-1233.81	-1452.367	218.5564	0.2626383	0.511731	0.341856	0.0987274	0.0476853	0.9054195	2.43775
24462	-1231.582	-1450.146	218.564	0.2626383	0.23972	0.650675	0.0531279	0.0564771	0.9840619	2.383376
24468	-1229.172	-1448.643	219.4703	0.2847304	0.393838	0.461809	0.035137	0.109216	1.259356	1.586645
24474	-1223.032	-1442.419	219.3875	0.2455115	0.554282	0.379594	0.0288816	0.0372419	1.219106	1.679245
24480	-1221	-1439.543	218.5427	0.2928843	0.592079	0.281586	0.0898821	0.0364532	0.9142729	2.435956
24486	-1226.975	-1445.775	218.7995	0.3819499	0.560134	0.319918	0.102118	0.0178297	1.266536	2.007224
24492	-1217.851	-1436.933	219.0819	0.4051536	0.464156	0.483422	0.029902	0.0225204	1.217934	1.836276
24498	-1228.574	-1447.52	218.946	0.4051536	0.45571	0.502367	0.0169254	0.024998	1.203828	1.938279
24504	-1219.343	-1438.882	219.5383	0.2665683	0.331123	0.62655	0.0241629	0.0181638	1.227099	1.563679
24510	-1216.597	-1436.336	219.7396	0.287589	0.249935	0.629538	0.0648013	0.0557262	1.415756	1.256814
24516	-1228.102	-1447.583	219.4816	0.3331348	0.279546	0.536413	0.0269272	0.157115	1.422816	1.43887
24522	-1230.5	-1449.727	219.2272	0.354495	0.518405	0.380397	0.028202	0.0729961	1.380037	1.648438
24528	-1215.79	-1434.085	218.2946	0.337094	0.356775	0.599032	0.00401152	0.0401813	0.9574968	2.549913
24534	-1231.043	-1449.115	218.0717	0.4697109	0.239487	0.712459	0.00809076	0.0399633	1.070177	2.549913
24540	-1231.656	-1450.898	219.2422	0.5307895	0.265771	0.687836	0.00781114	0.0385822	1.179391	1.667261
24546	-1234.324	-1453.497	219.1728	0.5307895	0.562936	0.403295	0.0244788	0.00929079	1.204963	1.69838
24552	-1224.792	-1444.346	219.5545	0.2652144	0.612309	0.343565	0.0335941	0.0105319	1.192021	1.577638
24558	-1225.479	-1444.787	219.3078	0.2728796	0.593424	0.346704	0.032558	0.0273141	1.212495	1.738666
24564	-1224.529	-1443.614	219.0847	0.2493873	0.475208	0.464491	0.0237067	0.0365936	1.078865	1.984277
24570	-1227.765	-1447.167	219.4022	0.3291661	0.329555	0.53301	0.0272038	0.110231	1.205535	1.659886
24576	-1233.583	-1452.277	218.6943	0.2629617	0.368576	0.555737	0.0296897	0.0459977	0.9637324	2.313439
24582	-1237.145	-1456.314	219.169	0.273152	0.467198	0.394704	0.0484871	0.0896108	1.116487	1.900537
24588	-1219.581	-1438.97	219.3894	0.2664751	0.41746	0.456619	0.0464446	0.0794761	1.258368	1.649053
24594	-1232.734	-1452.087	219.3532	0.245588	0.371269	0.531077	0.0261579	0.0714966	1.295642	1.649053
24600	-1215.709	-1434.918	219.2094	0.492901	0.377152	0.539493	0.0807156	0.0026389	1.275719	1.649053
24606	-1235.268	-1454.1	218.8319	0.4032939	0.47098	0.47195	0.0547618	0.00230851	1.173411	2.035891
24612	-1230.754	-1449.593	218.8382	0.2699454	0.36051	0.594397	0.0419173	0.00317493	1.234796	2.043335
24618	-1223.948	-1442.466	218.5183	0.2714831	0.544118	0.408942	0.0405885	0.0063512	1.007616	2.396466
24624	-1224.073	-1442.641	218.5682	0.3006739	0.575316	0.413848	0.00653665	0.0042999	1.049167	2.332466
24630	-1229.486	-1448.253	218.7669	0.4196402	0.340189	0.507382	0.0738386	0.0785903	1.224116	2.035981
24636	-1231.916	-1451.298	219.3817	0.3170224	0.442583	0.384687	0.080178	0.0925524	1.160799	1.711047
24642	-1233.762	-1452.48	218.7181	0.6236087	0.47739	0.401821	0.0209577	0.0998312	0.9584749	2.108942
24648	-1240.437	-1458.657	218.2198	0.8886695	0.50128	0.360043	0.0341743	0.104503	0.9411061	2.26273
24654	-1227.761	-1446.123	218.3627	0.644719	0.597965	0.347419	0.0323298	0.0222863	0.950364	2.329199
24660	-1220.103	-1438.218	218.1155	0.5985908	0.58833	0.366117	0.0340697	0.0114833	0.9504196	2.515624
24666	-1218.862	-1436.794	217.9323	0.3186721	0.530147	0.418433	0.038296	0.0131242	0.8398095	2.85113
24672	-1213.047	-1431.162	218.1152	0.3894447	0.533463	0.42105	0.0385355	0.00695149	0.949754	2.642167
24678	-1215.132	-1433.342	218.2094	0.5997958	0.318638	0.637712	0.0378403	0.00580968	0.9299498	2.468856
24684	-1211.5	-1429.522	218.0218	0.4772926	0.497773	0.468445	0.0292853	0.00449622	0.8421268	2.716933
24690	-1213.089	-1430.163	217.0746	0.6072484	0.282575	0.672988	0.0259945	0.0184431	0.6798978	3.302887
24696	-1236.83	-1452.976	216.1469	0.5476789	0.383409	0.500649	0.0660134	0.0499285	0.5771575	3.936968
24702	-1226.588	-1444.042	217.454	0.7005432	0.46981	0.360691	0.112538	0.0569612	0.7527578	2.975206
24708	-1232.401	-1448.89	216.4896	0.8023536	0.47328	0.37304	0.116391	0.0372897	0.6319092	3.552831
24714	-1246.222	-1462.483	216.2607	1.061393	0.650219	0.240831	0.0662388	0.0427106	0.5973195	3.552831
24720	-1239.825	-1456.384	216.5585	0.7331904	0.535038	0.292073	0.101986	0.0709025	0.6358273	3.552831
24726	-1223.719	-1441.455	217.7359	0.9051929	0.735575	0.0897753	0.113767	0.0608828	0.7397266	2.681864
24732	-1227.604	-1444.161	216.5564	1.064177	0.67471	0.199538	0.115433	0.010319	0.5918411	3.381681
24738	-1234.386	-1450.666	216.2797	1.064177	0.715058	0.207492	0.0691292	0.00832076	0.7913818	3.426897
24744	-1234.568	-1452.371	217.8023	0.7085177	0.514799	0.321693	0.157941	0.00556736	0.857682	2.69489
24750	-1232.599	-1450.33	217.7312	0.6391837	0.406335	0.540821	0.0378184	0.0150255	0.8837146	2.76741
24756	-1235.93	-1453.752	217.8221	0.4344282	0.499879	0.475606	0.0114902	0.0130244	0.8748153	2.843423
24762	-1230.123	-1449.071	218.9477	0.253759	0.407643	0.553394	0.00598875	0.0329748	0.9994709	2.127302
24768	-1232.694	-1451.369	218.6748	0.5172934	0.517494	0.383506	0.0552892	0.0437115	1.263597	2.008876
24774	-1244.564	-1463.645	219.0813	0.3919066	0.458371	0.447818	0.0547886	0.0390216	1.182087	1.868816
24780	-1238.71	-1456.523	217.8128	0.4222321	0.456634	0.506466	0.0273521	0.00954782	1.068384	2.737885
24786	-1228.626	-1447.298	218.672	0.4172555	0.396059	0.549183	0.0237237	0.0310341	1.254214	2.080152
24792	-1236.938	-1456.222	219.2837	0.2896639	0.361781	0.515766	0.0373756	0.085077	1.308019	1.684799
24798	-1237.431	-1456.519	219.0887	0.2761091	0.633472	0.228908	0.0438501	0.0937705	1.251354	1.862917
24804	-1261.905	-1479.33	217.4248	0.2798914	0.379994	0.475609	0.125873	0.0185236	0.7278995	3.231522
24810	-1258.676	-1476.379	217.7031	0.351001	0.545215	0.398408	0.035286	0.0210906	0.923678	2.926966
24816	-1247.402	-1465.278	217.8756	0.3700429	0.321409	0.606631	0.0458612	0.0260992	0.8821131	2.839427
24822	-1230.224	-1448.283	218.0587	0.361284	0.342483	0.599917	0.0469982	0.0106021	1.07959	2.610291
24828	-1234.117	-1452.568	218.4502	0.2628408	0.636174	0.252509	0.0873009	0.0240158	0.9311439	2.488239
24834	-1237.48	-1456.594	219.1143	0.2087832	0.296546	0.59597	0.0805511	0.0269323	1.156341	1.903745
24840	-1230.282	-1449.189	218.9072	0.3696919	0.459894	0.469464	0.0634527	0.00718867	1.137388	2.027789
24846	-1237.037	-1455.606	218.5694	0.2247441	0.590581	0.353125	0.044063	0.0122308	1.266067	2.196993
24852	-1245.004	-1462.805	217.8015	0.2890577	0.509081	0.414412	0.0517104	0.0247969	1.081198	2.791979
24858	-1238.112	-1456.263	218.1514	0.3514326	0.467521	0.395351	0.113471	0.0236564	1.123815	2.52964
24864	-1230.601	-1448.86	218.2594	0.2877812	0.464224	0.43612	0.0712415	0.0284145	0.9533638	2.589519
24870	-1232.492	-1450.763	218.2707	0.2495917	0.397139	0.497731	0.0745995	0.0305309	0.9486504	2.589519
24876	-1229.209	-1447.886	218.6763	0.3912722	0.513944	0.374337	0.0887574	0.0229619	1.012512	2.248927
24882	-1231.391	-1450.077	218.6862	0.2521459	0.582178	0.306331	0.0813507	0.0301407	1.073365	2.248927
24888	-1229.872	-1449.187	219.3151	0.2601282	0.463228	0.407026	0.086702	0.0430444	1.118105	1.800792
24894	-1242.736	-1461.727	218.9905	0.4707603	0.509801	0.372499	0.0873364	0.0303643	1.14318	1.908671
24900	-1239.776	-1458.386	218.6095	0.7645086	0.496088	0.381142	0.0826481	0.0401224	1.218812	1.908671
24906	-1236.641	-1455.966	219.3249	0.457254	0.591999	0.296811	0.0940415	0.0171485	1.219975	1.63089
24912	-1244.686	-1462.975	218.2885	0.7782635	0.602137	0.258842	0.11758	0.0214408	1.206843	2.120564
24918	-1240.341	-1459.888	219.5469	0.4994291	0.586251	0.278439	0.0843958	0.0509143	1.304337	1.370048
24924	-1242.175	-1461.617	219.4428	0.3319605	0.569519	0.370942	0.0295923	0.0299465	1.124682	1.68739
24930	-1255.392	-1473.948	218.5566	0.3329334	0.398928	0.512556	0.0301935	0.0583233	1.235233	2.209761
24936	-1232.835	-1451.909	219.0743	0.3980366	0.408827	0.525274	0.0508796	0.0150196	1.353159	1.751913
24942	-1254.135	-1470.672	216.537	0.9484767	0.571879	0.319921	0.0542627	0.0539373	0.8523879	3.307808
24948	-1255.843	-1473.361	217.5186	0.717396	0.472809	0.347146	0.0804616	0.0995835	0.763767	2.918949
24954	-1252.614	-1469.232	216.6175	0.9211318	0.443215	0.460491	0.0584163	0.0378781	0.8027823	3.306026
24960	-1248.041	-1465.262	217.2206	0.9391256	0.641717	0.168	0.102174	0.0881082	0.7786782	2.950456
24966	-1250.324	-1466.979	216.6554	1.126109	0.630883	0.166459	0.151996	0.0506619	0.9048341	3.102467
24972	-1246.7	-1465.077	218.3766	0.9894646	0.481818	0.370892	0.114341	0.0329479	1.000108	2.055658
24978	-1240.377	-1457.401	217.0239	1.002015	0.567901	0.342441	0.0159598	0.0736978	0.7593706	3.042045
24984	-1234.592	-1451.929	217.3369	1.005287	0.595797	0.377894	0.0176122	0.00869674	0.8137061	2.818568
24990	-1239.325	-1457.916	218.5916	0.242104	0.324793	0.512336	0.140034	0.0228373	0.987628	2.363697
24996	-1233.12	-1450.827	217.7078	0.416741	0.339473	0.608966	0.0378025	0.0137591	0.9680788	2.865757
25002	-1241.036	-1459.565	218.5296	0.3352243	0.304306	0.526459	0.139635	0.0295994	0.9643419	2.399094
25008	-1243.471	-1460.542	217.0712	0.3304463	0.478658	0.374572	0.127191	0.0195783	0.7514957	3.412299
25014	-1241.515	-1459.23	217.7146	0.2868236	0.546916	0.427986	0.0187002	0.00639777	0.8945206	2.958027
25020	-1233.46	-1451.943	218.4835	0.2868236	0.51394	0.42059	0.0320511	0.0334197	0.8662635	2.504508
25026	-1239.865	-1458.037	218.1722	0.3537833	0.440459	0.517999	0.0119535	0.0295882	0.8732419	2.670844
25032	-1233.968	-1451.769	217.8008	0.4096665	0.444794	0.451766	0.0641588	0.0392809	0.828661	2.897549
25038	-1236.916	-1455.663	218.7471	0.3752082	0.332434	0.488204	0.104056	0.0753055	1.021711	2.205594
25044	-1234.533	-1453.564	219.0312	0.3850131	0.441549	0.312238	0.14284	0.103373	1.101877	1.960775
25050	-1228.497	-1447.204	218.7061	0.2885755	0.582563	0.29383	0.0364801	0.0871272	1.043891	2.250644
25056	-1233.744	-1453.185	219.4415	0.2691388	0.62974	0.317625	0.0239153	0.0287196	1.095867	1.727209
25062	-1234.151	-1452.728	218.5768	0.2850247	0.628286	0.316914	0.0186373	0.0361629	1.074165	2.314803
25068	-1234.55	-1453.107	218.557	0.4179902	0.480266	0.486513	0.0240807	0.00914044	0.9741964	2.335218
25074	-1238.747	-1457.231	218.4839	0.5709418	0.401838	0.539185	0.0225991	0.0363782	1.015778	2.259468
25080	-1237.698	-1455.614	217.9164	0.363772	0.456753	0.427203	0.0969602	0.0190846	1.027253	2.728932
25086	-1228.785	-1447.422	218.6366	0.2963534	0.514298	0.383005	0.0858073	0.0168894	1.043584	2.293528
25092	-1221.092	-1440.038	218.9467	0.2122832	0.531519	0.381861	0.0249954	0.0616248	1.002491	2.119135
25098	-1226.911	-1445.811	218.8994	0.1919531	0.558496	0.297872	0.0262813	0.11735	1.033819	2.119135
25104	-1219.865	-1439.127	219.2619	0.2586002	0.603798	0.362388	0.0187335	0.0150809	1.143867	1.819788
25110	-1226.656	-1445.919	219.2632	0.2197577	0.617692	0.330938	0.0369441	0.0144257	1.183505	1.787128
25116	-1223.37	-1441.199	217.8286	0.4877265	0.600296	0.321618	0.0640667	0.0140194	1.028548	2.714841
25122	-1233.859	-1452.296	218.4369	0.2822634	0.48149	0.461794	0.033456	0.0232603	0.9052397	2.510161
25128	-1228.203	-1446.195	217.9919	0.2822634	0.432679	0.539322	0.0163242	0.0116745	0.8669477	2.807815
25134	-1226.735	-1444.703	217.9688	0.2563385	0.391645	0.488175	0.073957	0.0462225	0.9730567	2.760099
25140	-1230.906	-1448.771	217.8652	0.3234475	0.441921	0.506274	0.0327004	0.019104	1.053857	2.760099
25146	-1225.768	-1443.998	218.2304	0.3772352	0.446828	0.511896	0.0219602	0.0193161	0.9324143	2.58766
25152	-1237.777	-1455.348	217.5706	0.3183966	0.397689	0.54488	0.0299186	0.0275122	0.9157206	3.023454
25158	-1234.43	-1453.459	219.0297	0.2570345	0.544867	0.388248	0.040991	0.0258937	0.9852872	2.082707
25164	-1223.835	-1442.761	218.9257	0.4178705	0.427775	0.517916	0.0395666	0.0147416	1.030392	2.060127
25170	-1229.964	-1448.651	218.6872	0.2777986	0.328703	0.603316	0.0041594	0.0638211	1.020035	2.280193
25176	-1219.105	-1438.243	219.138	0.3180714	0.282828	0.604527	0.00246224	0.110183	1.053221	1.952386
25182	-1228.144	-1447.135	218.9915	0.2881749	0.426108	0.480568	0.0167692	0.0765547	0.9086244	2.153619
25188	-1213.495	-1432.659	219.1643	0.2482934	0.478655	0.472928	0.0133411	0.0350757	0.9904976	1.990151
25194	-1212.41	-1431.496	219.0866	0.3068786	0.360077	0.540225	0.0733123	0.0263863	1.053914	1.990151
25200	-1221.902	-1440.923	219.0209	0.2499092	0.335769	0.560667	0.0602898	0.0432737	1.106738	2.008291
25206	-1220.262	-1438.244	217.9827	0.3236387	0.453664	0.470969	0.0354472	0.0399199	0.855855	2.80914
25212	-1223.6	-1442.141	218.5413	0.2843631	0.485916	0.399124	0.0941113	0.0208489	1.124919	2.30521
25218	-1218.772	-1436.897	218.1259	0.2797714	0.482123	0.396009	0.114134	0.00773406	0.9814146	2.656176
25224	-1221.667	-1440.352	218.6846	0.3760932	0.471019	0.410264	0.0918013	0.0269159	1.005524	2.255873
25230	-1231.088	-1450.255	219.1669	0.3760932	0.427146	0.411906	0.118343	0.042606	1.19979	1.806497
25236	-1239.468	-1458.476	219.0074	0.3241343	0.419029	0.385686	0.101968	0.0933179	1.259286	1.899179
25242	-1225.771	-1444.657	218.8856	0.256736	0.415179	0.45558	0.0674826	0.0617581	1.11178	2.094308
25248	-1225.408	-1445.101	219.6933	0.2433312	0.543095	0.369375	0.0547135	0.0328163	1.22418	1.450456
25254	-1231.591	-1451.21	219.6186	0.2181039	0.637204	0.286011	0.0641943	0.0125906	1.291938	1.450456
25260	-1233.79	-1453.15	219.3596	0.2597183	0.641879	0.28811	0.0553166	0.0146949	1.195095	1.71591
25266	-1230.648	-1449.948	219.2998	0.3650337	0.547844	0.313719	0.10561	0.032827	1.205045	1.71591
25272	-1229.374	-1448.739	219.3652	0.3901561	0.62208	0.312983	0.0499085	0.0150287	1.476468	1.455324
25278	-1233.807	-1453.668	219.8611	0.2629915	0.690019	0.263927	0.0273291	0.0187245	1.446123	1.1311
25284	-1231.761	-1451.056	219.2955	0.4009025	0.381489	0.605785	0.00778947	0.00493694	1.354833	1.591202
25290	-1240.195	-1459.578	219.3832	0.2747728	0.615804	0.373027	0.00559804	0.00557119	1.342982	1.591202
25296	-1236.271	-1455.507	219.2366	0.299985	0.608838	0.297242	0.0781746	0.0157462	1.342982	1.690603
25302	-1232.134	-1451.267	219.1334	0.260794	0.40507	0.472297	0.101348	0.0212855	1.258652	1.829085
25308	-1235.4	-1454.629	219.2286	0.260794	0.417335	0.458544	0.105222	0.0188986	1.260016	1.762194
25314	-1233.582	-1452.866	219.2845	0.3487449	0.518595	0.43757	0.0235615	0.0202738	1.362022	1.622973
25320	-1220.295	-1439.011	218.7157	0.352768	0.484551	0.452586	0.050692	0.0121707	1.167434	2.14203
25326	-1216.074	-1434.217	218.1427	0.2699532	0.589142	0.345549	0.0526649	0.0126444	1.06964	2.592726
25332	-1232.108	-1449.835	217.7272	0.3855805	0.567601	0.337866	0.0775185	0.0170144	1.085356	2.798709
25338	-1235.375	-1453.196	217.8202	0.5645281	0.566052	0.336943	0.0843336	0.0126714	1.025647	2.673949
25344	-1222.889	-1441.391	218.5017	0.4323062	0.549495	0.3263	0.120473	0.00373144	1.084264	2.292104
25350	-1232.472	-1450.237	217.7645	0.4822629	0.449033	0.399065	0.147339	0.00456355	1.110137	2.70737
25356	-1237.112	-1456.053	218.9412	0.4562257	0.51701	0.351106	0.129632	0.00225244	1.319372	1.831506
25362	-1238.253	-1457.003	218.7496	0.5546532	0.415894	0.48366	0.0855078	0.0149375	1.131195	2.021809
25368	-1239.346	-1458.397	219.0516	0.5370265	0.495464	0.385493	0.10032	0.0187232	1.005112	1.916059
25374	-1237.512	-1455.876	218.3643	0.281697	0.63046	0.253053	0.0843123	0.0321746	0.9240537	2.543781
25380	-1237.087	-1455.673	218.5864	0.4032266	0.538604	0.337013	0.093939	0.0304446	1.071813	2.262177
25386	-1225.112	-1444.702	219.5899	0.4153582	0.431257	0.524038	0.0268198	0.0178846	1.49343	1.246332
25392	-1221.382	-1441.366	219.9842	0.2787251	0.558186	0.420528	0.00398954	0.017296	1.53418	0.9214857
25398	-1216.338	-1436.227	219.8889	0.2661044	0.621401	0.363804	0.00335927	0.0114364	1.652638	0.898686
25404	-1222.696	-1442.55	219.8544	0.36853	0.427601	0.516901	0.0084777	0.0470205	1.808552	0.650726
25410	-1235.573	-1455.352	219.7796	0.3725145	0.442467	0.480084	0.00787388	0.0695748	1.808552	0.772154
25416	-1239.555	-1459.536	219.981	0.2860848	0.412445	0.44751	0.00733962	0.132706	1.656997	0.772154
25422	-1247.988	-1467.915	219.9277	0.2058952	0.624056	0.258573	0.00690458	0.110466	1.676658	0.8064888
25428	-1242.699	-1462.452	219.7536	0.2054784	0.683818	0.283335	0.00656504	0.026282	1.966755	0.6028852
25434	-1230.268	-1449.957	219.6895	0.2262626	0.754815	0.180293	0.0549037	0.0099882	2.04923	0.5779964
25440	-1222.588	-1442.444	219.856	0.2057024	0.744854	0.228628	0.0188322	0.00768673	1.801436	0.7301172
25446	-1233.438	-1453.38	219.9422	0.2588748	0.629246	0.203958	0.0304045	0.136392	1.506632	0.9977822
25452	-1234.091	-1453.815	219.7241	0.2449332	0.541335	0.309509	0.0277185	0.121437	1.575724	1.138117
25458	-1218.442	-1438.329	219.8877	0.2947135	0.52211	0.358505	0.0152843	0.104101	1.652229	0.8915059
25464	-1219.108	-1438.774	219.6658	0.3055608	0.574859	0.394725	0.0168285	0.0135877	1.549252	1.200378
25470	-1218.011	-1437.429	219.4181	0.3895344	0.583299	0.400519	0.00239483	0.0137871	1.41267	1.463992
25476	-1210.842	-1430.573	219.7307	0.337359	0.594398	0.384937	0.0139147	0.00675046	1.39057	1.264583
25482	-1214.104	-1434.033	219.9291	0.2710764	0.540993	0.397589	0.014372	0.0470463	1.576131	0.9376829
25488	-1231.193	-1450.761	219.5682	0.5542543	0.646312	0.274632	0.00754035	0.071515	1.884449	0.7194175
25494	-1223.605	-1443.407	219.8017	0.294033	0.58221	0.396212	0.0135039	0.00807371	1.681891	0.9533978
25500	-1237.454	-1457.001	219.5472	0.294033	0.603609	0.332805	0.0569375	0.00664902	1.589098	1.270687
25506	-1230.077	-1449.345	219.2677	0.2748257	0.563859	0.387515	0.0435412	0.00508464	1.255878	1.736042
25512	-1226.991	-1446.428	219.4368	0.2681212	0.559932	0.352374	0.0333529	0.0543413	1.258304	1.614785
25518	-1220.377	-1439.988	219.6108	0.2702525	0.560802	0.352921	0.0289539	0.0573227	1.368989	1.401329
25524	-1224.198	-1444.027	219.8288	0.2702525	0.559572	0.352147	0.0310841	0.057197	1.245351	1.326857
25530	-1231.704	-1451.65	219.9455	0.2938243	0.597981	0.281434	0.0154161	0.105169	1.409895	1.079787
25536	-1237.128	-1457.121	219.9927	0.3086188	0.49274	0.460348	0.00599754	0.0409152	1.502892	0.9339363
25542	-1242.467	-1462.384	219.9176	0.4038693	0.542434	0.439414	0.00885021	0.00930198	1.659581	0.7512877
25548	-1239.905	-1459.784	219.8787	0.2918568	0.587275	0.39814	0.00711106	0.00747405	1.731567	0.8073386
25554	-1232.458	-1452.307	219.8482	0.2590381	0.524814	0.440766	0.0265633	0.00785721	1.738959	0.8462122
25560	-1234.1	-1453.816	219.7164	0.2590381	0.655851	0.31922	0.0192382	0.00569051	1.824332	0.9005614
25566	-1230.763	-1450.588	219.8256	0.345564	0.597162	0.343455	0.0533481	0.00603418	1.685217	0.8934755
25572	-1230.084	-1449.862	219.7782	0.3413469	0.53282	0.417704	0.0446761	0.00479974	1.893616	0.6716178
25578	-1230.451	-1450.156	219.7046	0.3517795	0.30951	0.640351	0.0468984	0.00324081	1.733833	0.9672286
25584	-1216.641	-1436.273	219.6322	0.2636671	0.452555	0.452268	0.0702158	0.024961	1.570127	1.222269
25590	-1228.016	-1447.816	219.7997	0.2636671	0.581271	0.344298	0.0589364	0.015494	1.402566	1.222269
25596	-1210.672	-1430.186	219.5137	0.2282636	0.540971	0.382394	0.0276882	0.0489466	1.258968	1.556725
25602	-1214.493	-1433.775	219.2822	0.3719703	0.388673	0.532393	0.0379082	0.041026	1.222664	1.712175
25608	-1225.518	-1444.692	219.1739	0.3560268	0.349173	0.566543	0.0363717	0.047912	1.376875	1.687985
25614	-1227.415	-1446.903	219.4879	0.3528152	0.493724	0.37577	0.112204	0.0183013	1.47804	1.381209
25620	-1220.793	-1440.468	219.6743	0.2952266	0.55375	0.283479	0.125846	0.0369246	1.465883	1.267061
25626	-1219.707	-1438.694	218.9863	0.3298179	0.479966	0.458876	0.0541952	0.00696302	1.463365	1.771127
25632	-1219.962	-1439.327	219.3651	0.2154082	0.419456	0.525329	0.0454944	0.00972139	1.143959	1.742101
25638	-1231.552	-1451.238	219.6861	0.39089	0.519057	0.345712	0.0440529	0.0911785	1.349589	1.302601
25644	-1218.034	-1437.417	219.3829	0.3935452	0.492134	0.451162	0.0456759	0.0110278	1.389699	1.505372
25650	-1217.754	-1437.457	219.7031	0.2841319	0.547143	0.389465	0.0320138	0.0313782	1.506441	1.212219
25656	-1221.391	-1440.587	219.1953	0.4197695	0.565035	0.396376	0.0202958	0.0182923	1.403335	1.616911
25662	-1223.122	-1442.373	219.2509	0.289733	0.442989	0.524173	0.0118043	0.0210338	1.358202	1.672413
25668	-1228.781	-1447.34	218.5591	0.4940381	0.261287	0.661688	0.0276883	0.0493371	1.296113	2.079335
25674	-1227.272	-1446.104	218.8323	0.2593521	0.368686	0.511507	0.0864007	0.0334065	1.291437	2.010648
25680	-1225.208	-1444.066	218.8579	0.4064452	0.440029	0.453839	0.0662607	0.0398709	1.22719	1.980995
25686	-1227.177	-1446.446	219.2689	0.3445569	0.54076	0.367963	0.0527558	0.0385214	1.269259	1.702492
25692	-1225.086	-1443.651	218.5652	0.3075381	0.54076	0.367963	0.0527558	0.0385214	1.133396	2.278638
25698	-1232.627	-1451.812	219.1853	0.2823449	0.379337	0.544271	0.0262227	0.0501698	1.336199	1.736099
25704	-1223.005	-1442.283	219.2781	0.2823449	0.399502	0.548856	0.0276167	0.0240252	1.107356	1.830677
25710	-1216.301	-1434.89	218.5886	0.4097824	0.481005	0.463725	0.034972	0.0202988	1.287198	2.117581
25716	-1231.459	-1449.814	218.3551	0.2522534	0.390575	0.554571	0.0248343	0.0300203	1.037068	2.481911
25722	-1234.646	-1453.579	218.9329	0.336471	0.37676	0.534956	0.0593259	0.0289585	1.06052	2.076861
25728	-1218.619	-1437.608	218.989	0.4598631	0.38001	0.56946	0.00716457	0.0433657	1.185711	1.887884
25734	-1222.054	-1441.441	219.3876	0.3157632	0.385102	0.546359	0.0261693	0.0423704	1.219546	1.665611
25740	-1226.722	-1445.992	219.27	0.454264	0.528191	0.413531	0.0354917	0.0227862	1.38727	1.550967
25746	-1228.85	-1447.915	219.0647	0.3046767	0.38461	0.604136	0.00526054	0.00599293	1.204702	1.904141
25752	-1236.293	-1455.531	219.2375	0.4528403	0.378254	0.547523	0.0681679	0.00605542	1.221586	1.695202
25758	-1224.432	-1443.619	219.1872	0.2976426	0.476363	0.485654	0.034274	0.00370943	1.216871	1.814082
25764	-1226.752	-1445.446	218.6941	0.3617227	0.343521	0.611256	0.0177283	0.0274948	1.076002	2.211307
25770	-1230.542	-1449.224	218.682	0.2681247	0.345893	0.609047	0.0176642	0.0273955	1.016604	2.287065
25776	-1227.439	-1445.11	217.6711	0.2371834	0.43427	0.433742	0.0221775	0.10981	0.9972714	2.925351
25782	-1240.283	-1459.071	218.7877	0.2828311	0.446043	0.517705	0.027118	0.00913435	0.9729254	2.245021
25788	-1243.846	-1461.294	217.4479	0.3982316	0.425939	0.526925	0.038413	0.00872266	0.8817075	3.08343
25794	-1233.373	-1451.856	218.4824	0.3662589	0.409513	0.529878	0.0440959	0.0165134	1.015181	2.383339
25800	-1233.643	-1451.055	217.4129	0.3009926	0.375033	0.546052	0.0637917	0.015123	0.9816697	3.083343
25806	-1236.847	-1453.692	216.8452	0.4691363	0.421796	0.503431	0.0604434	0.0143293	0.8755069	3.405435
25812	-1221.032	-1438.469	217.4372	0.7321368	0.56973	0.361678	0.0588652	0.0097266	0.9495496	2.846351
25818	-1224.413	-1441.523	217.1105	0.6725054	0.535468	0.373114	0.0771298	0.014288	0.701168	3.228458
25824	-1234.547	-1451.18	216.6335	0.5741025	0.511885	0.429216	0.0493048	0.00959435	0.8669909	3.472283
25830	-1232.732	-1449.09	216.3583	0.7488936	0.70176	0.237747	0.0575462	0.00294646	0.7157257	3.613135
25836	-1238.891	-1455.759	216.8679	1.237173	0.677467	0.175938	0.12689	0.019705	0.7850221	2.983954
25842	-1244.047	-1460.357	216.3101	1.428165	0.692688	0.190761	0.0505061	0.0660454	0.8298359	3.186772
25848	-1237.001	-1453.605	216.6036	0.8802732	0.642718	0.260804	0.0563373	0.0401409	0.6869996	3.406818
25854	-1234.454	-1451.133	216.6786	0.5681725	0.46305	0.478867	0.0349778	0.0231056	0.9399356	3.406818
25860	-1234.986	-1452.044	217.0586	0.5703815	0.6068	0.291601	0.0975324	0.00406665	0.8604181	3.228557
25866	-1228.684	-1445.896	217.2117	0.3267371	0.532058	0.451435	0.0147475	0.0017594	0.9253488	3.228557
25872	-1232.961	-1450.72	217.7596	0.3241642	0.409441	0.541409	0.0474103	0.00174028	0.8346674	2.956718
25878	-1230.922	-1447.967	217.0449	0.290216	0.494461	0.376106	0.12513	0.00430279	0.9328339	3.332766
25884	-1230.912	-1448.708	217.7956	0.3358687	0.521552	0.399545	0.0765756	0.00232781	1.110447	2.763539
25890	-1218.208	-1434.88	216.6724	0.4356392	0.33451	0.606575	0.0581908	0.000723773	0.9654578	3.472326
25896	-1216.129	-1433.141	217.0124	0.3981418	0.427448	0.501272	0.0677887	0.0034918	0.7080414	3.443256
25902	-1223.056	-1440.172	217.1155	0.4272764	0.440693	0.504992	0.0507975	0.00351771	0.8839441	3.264403
25908	-1231.553	-1450.086	218.5328	0.4455641	0.358068	0.590586	0.0480212	0.00332546	0.9662117	2.339749
25914	-1220.514	-1439.676	219.1628	0.3854041	0.443265	0.474889	0.0458504	0.0359954	1.279667	1.748698
25920	-1226.494	-1445.41	218.9155	0.4843273	0.545094	0.364654	0.0626127	0.0276398	1.287871	1.852215
25926	-1220.641	-1440.021	219.3802	0.3441102	0.403716	0.511362	0.0550367	0.0298862	1.347633	1.566
25932	-1236.078	-1454.879	218.8015	0.3786481	0.436684	0.446429	0.0757518	0.0411351	1.144821	2.088123
25938	-1219.885	-1438.101	218.2153	0.4266554	0.30623	0.608255	0.0457217	0.0397932	1.121451	2.45322
25944	-1214.997	-1433.216	218.2185	0.3542506	0.399916	0.452323	0.0638544	0.0839066	1.176883	2.45322
25950	-1223.625	-1441.554	217.9283	0.3094501	0.476087	0.472052	0.0414823	0.0103789	0.9958849	2.76147
25956	-1236.721	-1454.526	217.805	0.3437569	0.344874	0.576077	0.0636135	0.0154356	0.8990389	2.883197
25962	-1251.388	-1469.933	218.545	0.4368845	0.463106	0.35339	0.159541	0.0239619	0.9619538	2.339801
25968	-1250.263	-1468.329	218.0662	0.4677025	0.562133	0.317893	0.104308	0.0156663	1.041565	2.572297
25974	-1245.406	-1464.511	219.1047	0.498401	0.416748	0.477224	0.0321758	0.073853	1.286836	1.711733
25980	-1235.911	-1454.781	218.8694	0.5101566	0.4192	0.457403	0.0323651	0.0910311	0.9988487	2.060169
25986	-1228.962	-1447.895	218.9334	0.5462551	0.4192	0.457403	0.0323651	0.0910311	1.250341	1.82284
25992	-1221.279	-1439.81	218.5315	0.3986529	0.439871	0.493323	0.0339385	0.0328676	1.065987	2.303514
25998	-1225.798	-1443.908	218.1106	0.3558231	0.42738	0.491219	0.0494669	0.0319343	0.9484402	2.661646
26004	-1217.838	-1436.357	218.5192	0.3279899	0.509075	0.440457	0.038176	0.0122918	1.1083	2.317087
26010	-1214.246	-1434.053	219.8064	0.2908612	0.411261	0.528588	0.0218711	0.03828	1.358003	1.248313
26016	-1223.211	-1442.5	219.2889	0.2571258	0.473013	0.392038	0.0814462	0.0535031	1.410134	1.612882
26022	-1221.443	-1440.419	218.9762	0.2779139	0.661535	0.252563	0.0524701	0.033432	1.089141	2.047206
26028	-1232.211	-1451.004	218.7924	0.3308741	0.505012	0.385952	0.0536726	0.0553638	1.249373	2.047206
26034	-1224.673	-1443.06	218.3872	0.3292594	0.598702	0.335373	0.0178164	0.0481085	1.098018	2.40689
26040	-1233.712	-1451.525	217.8131	0.2817319	0.465047	0.445038	0.0642507	0.0256636	0.9640948	2.85751
26046	-1226.194	-1444.142	217.9476	0.2895092	0.518663	0.418679	0.0363613	0.0262971	1.035024	2.730897
26052	-1235.983	-1453.511	217.5286	0.3193739	0.531436	0.386959	0.0355404	0.0460649	0.86987	3.075638
26058	-1239.964	-1458.96	218.996	0.3661439	0.440079	0.504938	0.0310883	0.0238953	0.8478518	2.161348
26064	-1237.816	-1456.146	218.3298	0.3052723	0.417792	0.477877	0.0612657	0.0430654	0.8794244	2.587394
26070	-1242.461	-1459.668	217.2065	0.7444399	0.427212	0.488652	0.043552	0.0405842	1.006957	2.94325
26076	-1245.648	-1463.293	217.6453	0.9765674	0.558087	0.139576	0.22678	0.0755567	0.8886153	2.601219
26082	-1257.742	-1475.048	217.3054	1.007975	0.778031	0.0234479	0.107545	0.0909763	0.9421979	2.757838
26088	-1245.494	-1462.56	217.0664	1.635151	0.87004	0.042842	0.0581022	0.0290154	0.8409868	2.615858
26094	-1248.856	-1467.254	218.3983	1.50187	0.64037	0.094904	0.225077	0.039649	1.319002	1.483714
26100	-1243.462	-1461.487	218.025	1.238857	0.679589	0.132886	0.145448	0.0420773	1.039381	2.102319
26106	-1245.366	-1462.618	217.2526	1.205248	0.679589	0.132886	0.145448	0.0420773	0.8435079	2.733477
26112	-1233.312	-1450.5	217.1886	1.205248	0.671654	0.0748786	0.208218	0.0452494	0.9075282	2.733477
26118	-1234.085	-1451.246	217.1609	1.188967	0.633867	0.210161	0.0699173	0.086054	0.7328649	2.866031
26124	-1233.02	-1450.969	217.9492	1.058049	0.674596	0.169481	0.0643395	0.0915833	0.8681121	2.373087
26130	-1235.507	-1452.991	217.4835	1.058049	0.75073	0.126622	0.0952246	0.0274242	0.8517238	2.673742
26136	-1235.846	-1451.896	216.0504	1.072489	0.704247	0.169102	0.0759767	0.0506746	0.5696618	3.684615
26142	-1244.6	-1460.336	215.7367	1.000132	0.581566	0.257748	0.153589	0.00709668	0.6389582	3.866727
26148	-1234.617	-1450.615	215.9986	0.7490233	0.546666	0.29544	0.148244	0.00965008	0.5374819	3.923205
26154	-1230.829	-1447.135	216.306	0.5457723	0.309503	0.654436	0.0304354	0.00562534	0.6428258	3.809063
26160	-1225.76	-1442.445	216.6851	0.4241171	0.329122	0.632531	0.0323647	0.00598192	0.6757103	3.639532
26166	-1218.634	-1435.369	216.735	0.3594564	0.359705	0.598252	0.0306107	0.0114328	0.7736686	3.584304
26172	-1219.687	-1437.465	217.7784	0.4264574	0.391992	0.594978	0.000571504	0.012459	0.8258598	2.903847
26178	-1221.108	-1438.098	216.9901	0.4273799	0.352669	0.581822	0.000744612	0.0647642	0.6598379	3.469615
26184	-1225.689	-1443.953	218.2636	0.4156494	0.394528	0.522533	0.00135339	0.0815855	0.8737989	2.583695
26190	-1221.437	-1439.815	218.3779	0.4882643	0.449965	0.520563	0.00103176	0.0284405	0.976032	2.405734
26196	-1220.788	-1437.902	217.1137	0.5276218	0.481335	0.475708	0.0263087	0.0166481	0.8477185	3.229497
26202	-1225.714	-1444.643	218.9289	0.4230019	0.451975	0.487743	0.0249144	0.0353683	1.369646	1.82642
26208	-1218.529	-1437.76	219.2303	0.3140091	0.376515	0.48659	0.0534021	0.0834926	1.111887	1.851431
26214	-1214.127	-1433.343	219.2167	0.2755339	0.601279	0.343809	0.0186178	0.0362948	1.093777	1.88319
26220	-1229.778	-1449.466	219.6887	0.2251679	0.687284	0.253856	0.00580031	0.0530595	1.246542	1.433815
26226	-1236.674	-1456.291	219.6172	0.2252942	0.471436	0.342877	0.00607859	0.179609	1.318071	1.433815
26232	-1232.504	-1452.186	219.682	0.2239689	0.682955	0.257527	0.00957316	0.0499454	1.197536	1.475902
26238	-1228.631	-1448.439	219.8078	0.2600341	0.52555	0.382681	0.017551	0.0742182	1.258366	1.334417
26244	-1227.37	-1447.16	219.7892	0.2461723	0.562958	0.35503	0.00344533	0.0785666	1.361709	1.265752
26250	-1228.41	-1448.052	219.6419	0.2479174	0.39912	0.475133	0.00379089	0.121956	1.16823	1.53151
26256	-1242.961	-1462.164	219.2029	0.3386544	0.608117	0.293944	0.0148754	0.0830643	1.102497	1.866851
26262	-1235.613	-1455.168	219.5545	0.3669474	0.539193	0.392275	0.0608059	0.0077257	0.9339867	1.726406
26268	-1233.766	-1452.682	218.9159	0.4037356	0.47202	0.423183	0.0929833	0.011814	1.123962	2.012706
26274	-1245.934	-1464.626	218.6926	0.5881373	0.470003	0.512692	0.00473006	0.0125754	1.123769	2.041446
26280	-1221.921	-1441.43	219.5093	0.2643189	0.504979	0.379884	0.00422508	0.110911	1.241333	1.574714
26286	-1220.007	-1439.538	219.5305	0.2805339	0.462552	0.455767	0.00673963	0.0749415	1.179964	1.601585
26292	-1222.782	-1442.048	219.2658	0.2623999	0.460318	0.447774	0.0182807	0.0736272	1.122878	1.831323
26298	-1214.984	-1434.254	219.2704	0.3215344	0.50001	0.402944	0.00975007	0.0872959	1.097085	1.831323
26304	-1216.998	-1435.864	218.8654	0.3193913	0.443402	0.435131	0.0647617	0.056705	1.007494	2.162267
26310	-1230.906	-1449.829	218.923	0.3351516	0.451369	0.428903	0.0638347	0.0558934	1.006921	2.119089
26316	-1231.912	-1450.983	219.0709	0.2384726	0.674789	0.2474	0.0484677	0.0293428	0.8877738	2.119089
26322	-1243.86	-1462.708	218.8474	0.4914006	0.535461	0.353393	0.0692325	0.041914	0.9775878	2.100921
26328	-1244.225	-1462.884	218.659	0.5622632	0.513789	0.296246	0.167538	0.0224263	1.094055	2.100921
26334	-1231.367	-1450.331	218.9642	0.3346247	0.562119	0.324113	0.0946806	0.0190869	0.9047412	2.159083
26340	-1240.959	-1459.875	218.9162	0.376065	0.402852	0.485441	0.0929666	0.0187414	1.040753	2.082446
26346	-1236.077	-1455.156	219.0792	0.4031092	0.303126	0.604555	0.0699329	0.0223852	1.092289	1.924868
26352	-1233.293	-1450.921	217.6279	0.4558839	0.311852	0.621959	0.0431594	0.0230296	0.7749114	3.008784
26358	-1249.998	-1466.773	216.7754	0.3158043	0.557073	0.372449	0.0496485	0.0208287	0.7937323	3.565133
26364	-1239.168	-1456.21	217.0422	0.3993074	0.292348	0.61533	0.0522028	0.0401191	0.5063489	3.542965
26370	-1236.496	-1453.202	216.7051	0.6109281	0.411999	0.433293	0.0930425	0.0616653	0.6356037	3.542965
26376	-1230.076	-1447.585	217.5082	0.3292896	0.270872	0.616346	0.0826363	0.0301464	0.7647568	3.147059
26382	-1238.342	-1456.318	217.9761	0.4047454	0.135592	0.795432	0.0547882	0.0141875	0.8230442	2.797232
26388	-1234.447	-1452.365	217.9174	0.4240232	0.319647	0.657348	0.00900586	0.0139994	0.8649261	2.797232
26394	-1234.487	-1452.246	217.7589	0.404439	0.271811	0.701512	0.0104219	0.0162547	0.8779201	2.895848
26400	-1228.842	-1446.294	217.4512	0.5119969	0.238218	0.686618	0.07148	0.00368359	0.7894232	3.072993
26406	-1239.29	-1458.647	219.3575	0.3752752	0.231585	0.707071	0.0297752	0.0315684	1.113152	1.734519
26412	-1238.067	-1456.835	218.7676	0.3101431	0.351436	0.552665	0.0311504	0.0647481	1.046244	2.203623
26418	-1228.278	-1447.026	218.7481	0.3439791	0.379164	0.464064	0.00861894	0.148153	1.031082	2.21339
26424	-1231.468	-1450.221	218.7521	0.2857809	0.479245	0.460692	0.020679	0.0393841	0.9484577	2.282981
26430	-1233.358	-1451.44	218.0818	0.3046242	0.519698	0.374531	0.0520512	0.0537201	0.6988692	2.850166
26436	-1225.704	-1443.735	218.0311	0.368698	0.389915	0.528566	0.0465517	0.0349676	0.8449479	2.76804
26442	-1237.309	-1456.3	218.9914	0.2887495	0.263021	0.615139	0.0416179	0.0802215	0.9286525	2.140524
26448	-1231.811	-1450.884	219.0725	0.2288015	0.705949	0.256917	0.0137675	0.0233657	1.036123	2.018801
26454	-1226.658	-1445.868	219.2101	0.2907537	0.383602	0.563839	0.0199253	0.0326335	1.049535	1.914582
26460	-1221.789	-1441.303	219.5142	0.2848151	0.394618	0.529878	0.0204975	0.055006	1.198491	1.599036
26466	-1211.88	-1431.52	219.6404	0.3105987	0.40022	0.528769	0.0161196	0.0548909	1.251476	1.457981
26472	-1217.315	-1436.713	219.3988	0.3167539	0.401778	0.49193	0.0502511	0.0560413	1.236044	1.645422
26478	-1222.695	-1441.655	218.9601	0.3222171	0.522846	0.396345	0.0686381	0.0121702	0.9907156	2.110399
26484	-1238.517	-1457.186	218.6684	0.3066774	0.55053	0.393212	0.0389197	0.0173384	1.285785	2.113411
26490	-1241.214	-1458.349	217.1351	0.3787867	0.249625	0.654866	0.0660735	0.0294351	0.8655985	3.287878
26496	-1237.421	-1455.176	217.7541	0.3604904	0.322438	0.521345	0.120739	0.0354773	0.8138133	2.958342
26502	-1247.009	-1464.637	217.6286	0.2836247	0.558601	0.302777	0.0671289	0.0714927	0.8579186	3.032239
26508	-1238.142	-1457.007	218.8656	0.3460152	0.417067	0.433302	0.00996443	0.139667	1.169148	2.045495
26514	-1233.177	-1452.225	219.0476	0.2790498	0.417869	0.536852	0.00354158	0.0417379	1.089806	1.999152
26520	-1217.894	-1437.679	219.7855	0.2699526	0.586646	0.382262	0.000479569	0.0306129	1.369797	1.260755
26526	-1216.146	-1436.091	219.9447	0.2483801	0.703542	0.246388	0.00628554	0.0437847	1.368621	1.126217
26532	-1219.11	-1438.735	219.6252	0.2483801	0.576628	0.306055	0.00780769	0.109509	1.442134	1.333743
26538	-1213.411	-1433.316	219.9049	0.2454121	0.609162	0.258173	0.0106891	0.121976	1.366113	1.163648
26544	-1217.409	-1437.152	219.7431	0.2420963	0.655725	0.259617	0.000221644	0.0844366	1.457425	1.224036
26550	-1208.059	-1427.621	219.5615	0.2284207	0.536846	0.355038	0.000866006	0.10725	1.434679	1.387373
26556	-1214.616	-1434.621	220.0049	0.1997056	0.64089	0.23004	0.00103384	0.128036	1.615685	0.7781021
26562	-1219.161	-1438.895	219.7342	0.1811595	0.855059	0.0991164	0.00081344	0.0450113	1.744129	0.9268019
26568	-1218.198	-1438.126	219.9278	0.177312	0.661552	0.199801	0.00166012	0.136987	1.638204	0.8176374
26574	-1225.204	-1445.1	219.8956	0.2414519	0.579587	0.415285	0.00107042	0.00405768	1.503333	1.046315
26580	-1228.841	-1448.473	219.6319	0.2383487	0.727594	0.262149	0.00622935	0.00402741	1.279413	1.454682
26586	-1217.021	-1436.804	219.7821	0.2149587	0.654881	0.334243	0.00560681	0.00526929	1.337447	1.284311
26592	-1224.44	-1443.967	219.5264	0.3951289	0.50691	0.484671	0.00433995	0.00407869	1.393315	1.392014
26598	-1221.799	-1441.672	219.8729	0.4165563	0.50638	0.484164	0.00585398	0.00360281	1.499119	0.9826074
26604	-1216.31	-1436.282	219.972	0.2764568	0.579853	0.376995	0.00261547	0.0405365	1.588502	0.8746011
26610	-1218.399	-1438.13	219.731	0.3661356	0.453436	0.524652	0.00468703	0.0172247	1.564354	1.096171
26616	-1218.893	-1438.752	219.8591	0.26972	0.589528	0.30324	0.0849511	0.0222815	1.527252	1.057228
26622	-1226.211	-1446.058	219.8471	0.3101978	0.482857	0.476564	0.0388814	0.00169705	1.494725	1.085678
26628	-1237.369	-1457.114	219.7449	0.2708604	0.525055	0.43082	0.0422794	0.00184535	1.304801	1.346333
26634	-1222.288	-1441.877	219.5889	0.2963194	0.37296	0.554587	0.0717205	0.000732759	1.385855	1.399135
26640	-1220.931	-1440.511	219.5793	0.3408669	0.494864	0.47706	0.0233958	0.00467959	1.501329	1.29607
26646	-1217.863	-1437.378	219.5148	0.3954918	0.495193	0.477377	0.0237015	0.00372865	1.46287	1.346121
26652	-1230.039	-1449.68	219.6409	0.4862067	0.512974	0.464549	0.0142375	0.00823895	1.663231	0.9853688
26658	-1221.108	-1440.65	219.5414	0.2859585	0.470433	0.46255	0.0568878	0.0101285	1.393672	1.432725
26664	-1224.616	-1444.087	219.4711	0.3327475	0.417548	0.52297	0.0504925	0.00898984	1.430448	1.44124
26670	-1220.413	-1440.104	219.6909	0.349541	0.264604	0.695092	0.0319975	0.00830673	1.199785	1.44124
26676	-1233.161	-1452.386	219.2244	0.5976231	0.610281	0.329599	0.0540298	0.00609059	1.466188	1.416677
26682	-1236.119	-1455.137	219.0179	0.4592649	0.525189	0.397908	0.0736172	0.00328661	1.448015	1.686036
26688	-1224.277	-1443.357	219.0804	0.3206978	0.412561	0.544495	0.040362	0.00258179	1.139283	1.932306
26694	-1224.118	-1443.202	219.0839	0.3140925	0.264696	0.705078	0.0267145	0.00351083	1.139283	1.932306
26700	-1238.229	-1456.257	218.0275	0.3409308	0.261091	0.687495	0.0454421	0.00597202	0.82249	2.795742
26706	-1233.3	-1451.903	218.6031	0.3589083	0.403714	0.553984	0.0373881	0.00491355	0.8861395	2.39203
26712	-1233.034	-1451.043	218.0088	0.5386242	0.466183	0.48497	0.0431733	0.00567384	1.049516	2.55911
26718	-1220.839	-1437.982	217.1427	0.4024611	0.37888	0.55801	0.0529279	0.0101818	0.8558051	3.277774
26724	-1217.689	-1436.684	218.9948	0.3543595	0.380426	0.560286	0.0490648	0.0102233	0.9185132	2.121589
26730	-1224.474	-1444.275	219.8015	0.3332548	0.493428	0.350472	0.122082	0.034018	1.570041	1.045744
26736	-1227.74	-1447.613	219.8733	0.261599	0.726838	0.199782	0.026845	0.0465349	1.746263	0.8048612
26742	-1229.91	-1449.474	219.5644	0.4074949	0.435325	0.511588	0.024405	0.0286823	1.86447	0.9312559
26748	-1240.006	-1459.793	219.7877	0.4245185	0.379465	0.591604	0.00577269	0.0231588	1.846826	0.6069102
26754	-1232.158	-1452.064	219.9065	0.3124495	0.513903	0.449694	0.00503881	0.0313636	1.678534	0.8281312
26760	-1223.242	-1443.212	219.9705	0.2042947	0.698154	0.236621	0.00303195	0.0621926	1.687076	0.728347
26766	-1213.772	-1433.751	219.9789	0.2174385	0.481837	0.456797	0.00366431	0.0577019	1.593655	0.8550605
26772	-1205.585	-1425.284	219.6992	0.2456062	0.763047	0.207052	0.00445583	0.0254453	1.578273	1.157985
26778	-1220.684	-1439.989	219.3045	0.2353297	0.426059	0.412553	0.0236443	0.137744	1.381081	1.621554
26784	-1216.554	-1435.954	219.4005	0.2517501	0.492655	0.328974	0.0261323	0.152238	1.286734	1.621554
26790	-1220.301	-1439.773	219.4718	0.3019064	0.535592	0.359627	0.00617011	0.0986106	1.19195	1.629763
26796	-1212.612	-1431.548	218.936	0.2737076	0.637898	0.328583	0.000508735	0.0330104	1.255222	1.964069
26802	-1215.261	-1434.518	219.2572	0.2737076	0.568335	0.358039	0.000453257	0.0731734	1.34766	1.678748
26808	-1217.662	-1437.28	219.6182	0.2170928	0.609227	0.347215	0.000387125	0.0431707	1.356285	1.400826
26814	-1208.553	-1427.707	219.1541	0.3289666	0.53353	0.407384	0.000267978	0.0588185	1.14561	1.874787
26820	-1225.602	-1444.85	219.248	0.3289666	0.432262	0.558456	0.000282435	0.0089994	1.442684	1.600119
26826	-1225.123	-1444.641	219.5173	0.3049112	0.498805	0.481655	0.000303005	0.0192367	1.236755	1.563017
26832	-1223.843	-1443.118	219.2751	0.3655291	0.297547	0.666181	0.000419089	0.0358525	1.062277	1.832225
26838	-1227.566	-1446.24	218.6743	0.4610146	0.384937	0.585547	0.000120366	0.0293955	1.161414	2.113215
26844	-1221.006	-1439.626	218.6193	0.4668571	0.43481	0.530125	0.000407813	0.0346569	1.210885	2.113215
26850	-1212.68	-1431.591	218.9113	0.2576184	0.722629	0.267784	0.000349459	0.00923692	1.125173	2.068513
26856	-1216.763	-1435.893	219.1295	0.2591801	0.601583	0.383738	0.00144222	0.0132366	1.184696	1.882491
26862	-1228.152	-1447.686	219.5341	0.2591801	0.607774	0.387687	0.00145706	0.00308164	1.359173	1.468904
26868	-1228.117	-1447.782	219.6652	0.3552349	0.595868	0.380093	0.00403958	0.0199995	1.54801	1.176568
26874	-1223.229	-1442.889	219.6599	0.2815932	0.652662	0.327088	0.0108154	0.0094338	1.314332	1.403569
26880	-1225.878	-1445.35	219.4719	0.28467	0.626648	0.333783	0.0194722	0.0200973	1.314332	1.545151
26886	-1216.13	-1435.393	219.2627	0.2585172	0.587204	0.312773	0.0182465	0.081776	1.372085	1.659096
26892	-1218.617	-1436.924	218.3067	0.3790566	0.448175	0.39245	0.0392746	0.1201	1.036023	2.474694
26898	-1218.028	-1436.247	218.2191	0.2649237	0.486998	0.404651	0.0804062	0.0279443	0.9209323	2.63798
26904	-1216.823	-1433.454	216.6309	0.4310861	0.509528	0.440889	0.0395937	0.00998941	0.6950878	3.656096
26910	-1229.046	-1446.846	217.8003	0.732408	0.555302	0.403085	0.0361988	0.00541455	0.7748864	2.73137
26916	-1231.031	-1448.489	217.4582	0.4464819	0.438873	0.486382	0.0682118	0.00653346	0.5766367	3.233139
26922	-1218.14	-1435.547	217.4064	0.4197114	0.430548	0.482689	0.0797041	0.00705811	0.6527645	3.233139
26928	-1231.557	-1446.891	215.3342	0.3923651	0.490301	0.412803	0.0785424	0.0183536	0.5890201	4.475348
26934	-1216.324	-1433.32	216.9961	0.3504183	0.27825	0.635607	0.0717075	0.0144354	0.7063609	3.475125
26940	-1218.321	-1435.285	216.9638	0.3969589	0.324701	0.649511	0.0120157	0.0137719	0.7031028	3.475125
26946	-1216.699	-1434.561	217.8612	0.7050278	0.354292	0.609803	0.0179898	0.0179151	0.7791687	2.709171
26952	-1212.966	-1431.178	218.2121	0.3540533	0.579242	0.396007	0.0155035	0.00924689	1.016496	2.557487
26958	-1215.295	-1434.5	219.2051	0.3540533	0.480817	0.488643	0.0191302	0.01141	1.000104	1.92794
26964	-1210.463	-1430.291	219.8284	0.3252114	0.517799	0.44767	0.0175261	0.0170049	1.304559	1.260953
26970	-1225.044	-1444.746	219.7022	0.3405092	0.55532	0.412929	0.016166	0.0155852	1.421436	1.260953
26976	-1236.841	-1456.65	219.8088	0.2673712	0.422359	0.531588	0.020666	0.0253868	1.770035	0.8551156
26982	-1228.771	-1448.662	219.8914	0.3941685	0.5781	0.378355	0.0226251	0.0209195	1.621079	0.8485456
26988	-1227.058	-1446.999	219.9404	0.2774809	0.53924	0.383443	0.0395235	0.0377936	1.580247	0.91933
26994	-1218.901	-1438.893	219.9912	0.2989002	0.537029	0.358883	0.0516362	0.0524515	1.522189	0.91933
27000	-1223.323	-1443.214	219.8905	0.3945736	0.498004	0.45386	0.0167478	0.0313884	1.592356	0.8831921
27006	-1228.7	-1448.777	220.077	0.2456139	0.583999	0.338878	0.026833	0.0502898	1.378543	0.9911475
27012	-1221.697	-1441.585	219.8884	0.3059861	0.399238	0.534376	0.0152158	0.0511697	1.812321	0.6533322
27018	-1231.471	-1451.351	219.8793	0.3841593	0.566436	0.352479	0.0492253	0.0318602	1.672562	0.8092093
27024	-1231.117	-1450.888	219.7707	0.4071548	0.568831	0.353969	0.0750746	0.00212458	1.850511	0.6724079
27030	-1221.959	-1441.862	219.9027	0.2705538	0.568611	0.353833	0.0750455	0.00251048	1.800572	0.6724079
27036	-1224.191	-1443.96	219.769	0.3592515	0.570013	0.407408	0.0200622	0.00251667	1.790662	0.8235092
27042	-1230.648	-1450.449	219.8015	0.3477944	0.517248	0.457402	0.0225241	0.00282549	1.750409	0.8432194
27048	-1232.82	-1452.723	219.9029	0.2807728	0.372259	0.598929	0.00190785	0.0269048	1.807528	0.6529042
27054	-1240.325	-1459.999	219.6734	0.4808012	0.464621	0.515041	0.00164063	0.0186974	1.788171	0.8133065
27060	-1226.698	-1446.527	219.8288	0.3873262	0.259633	0.660409	0.00114323	0.0788143	1.810316	0.6696738
27066	-1238.123	-1457.85	219.7272	0.3672552	0.476599	0.452381	0.00082194	0.0701978	1.945813	0.6300432
27072	-1235.823	-1455.665	219.8417	0.3467589	0.48433	0.495214	0.00191913	0.0185367	1.870911	0.5450893
27078	-1240.686	-1460.163	219.4774	0.52168	0.40308	0.560253	0.0156955	0.0209712	2.073444	0.4320077
27084	-1247.363	-1467.012	219.6491	0.2936854	0.326573	0.586748	0.0377731	0.0489064	2.085992	0.4327264
27090	-1240.415	-1460.056	219.6416	0.3163097	0.335056	0.571181	0.0266125	0.0671504	2.085992	0.442582
27096	-1231.926	-1451.673	219.7471	0.2359533	0.558775	0.29615	0.0443819	0.100692	1.994167	0.5780866
27102	-1241.946	-1461.752	219.8065	0.3495774	0.511353	0.435369	0.00807073	0.0452064	1.907483	0.5172034
27108	-1232.993	-1452.801	219.8077	0.2495183	0.542607	0.37487	0.013191	0.0693326	1.94582	0.5102765
27114	-1233.528	-1453.413	219.8845	0.2495183	0.685002	0.289067	0.0065567	0.0193744	1.858734	0.5761928
27120	-1236.281	-1456.166	219.8857	0.2489434	0.536646	0.418742	0.0273222	0.01729	1.857477	0.5761928
27126	-1232.863	-1452.619	219.7563	0.2106818	0.656513	0.158326	0.0103305	0.17483	1.979383	0.5602737
27132	-1236.725	-1456.52	219.7952	0.2106818	0.546054	0.214517	0.013215	0.226214	1.9382	0.4357719
27138	-1235.286	-1455.183	219.8971	0.1936833	0.37827	0.454471	0.0105531	0.156706	1.790306	0.6584425
27144	-1237.351	-1457.188	219.837	0.2391476	0.528975	0.231383	0.020504	0.219138	1.890548	0.6212029
27150	-1224.733	-1444.795	220.0619	0.1983719	0.682267	0.153143	0.0206683	0.143921	1.64049	0.6348513
27156	-1241.234	-1461.098	219.8646	0.2272567	0.52315	0.205779	0.0240025	0.247068	1.883953	0.4735256
27162	-1227.248	-1447.141	219.8937	0.2238703	0.677494	0.266489	0.0310838	0.0249334	1.851033	0.5466425
27168	-1230.823	-1450.598	219.7754	0.4173872	0.567911	0.345749	0.034251	0.0520882	1.876426	0.5703024
27174	-1225.239	-1444.811	219.5728	0.5257153	0.407938	0.495951	0.0202458	0.0758654	1.983761	0.5136347
27180	-1222.868	-1442.716	219.8471	0.1929405	0.467061	0.400256	0.029632	0.10305	1.881112	0.4946213
27186	-1231.943	-1451.775	219.8326	0.3263608	0.419878	0.461605	0.0873206	0.0311958	1.878543	0.6011193
27192	-1232.752	-1452.511	219.7587	0.3910051	0.46058	0.525752	0.00572726	0.00794024	1.918429	0.5577549
27198	-1236.072	-1455.804	219.7319	0.3747382	0.353629	0.626229	0.0123762	0.0077657	1.839183	0.7934783
27204	-1235.583	-1455.111	219.5278	0.4813901	0.284033	0.706771	0.00737049	0.00182494	1.63703	1.122547
27210	-1232.785	-1452.412	219.626	0.3800812	0.530351	0.407205	0.0610413	0.00140344	1.626683	1.125246
27216	-1240.05	-1459.508	219.4575	0.3126177	0.417676	0.534063	0.0471761	0.00108466	1.492721	1.412419
27222	-1226.067	-1445.806	219.7381	0.4068101	0.432053	0.505034	0.0623235	0.000589805	1.401169	1.205314
27228	-1225.721	-1445.133	219.4125	0.3768478	0.459536	0.522894	0.0170097	0.000561089	1.280686	1.574132
27234	-1226.394	-1445.528	219.1336	0.383617	0.20546	0.754944	0.0387832	0.000812521	1.138618	1.867312
27240	-1223.002	-1442.228	219.2268	0.262953	0.283993	0.658174	0.0571709	0.000661578	1.163896	1.829878
27246	-1222.395	-1441.714	219.3185	0.2860334	0.602346	0.365385	0.0317384	0.000530919	1.271391	1.686975
27252	-1226.671	-1446.329	219.6577	0.3160211	0.617447	0.374545	0.00747038	0.000537769	1.105659	1.552198
27258	-1236.185	-1455.68	219.4953	0.297863	0.462219	0.533191	0.0043782	0.000212287	1.271664	1.555796
27264	-1228.813	-1448.203	219.3896	0.2720368	0.556479	0.426736	0.0164066	0.000378107	1.386799	1.554848
27270	-1219.338	-1438.121	218.7837	0.4571762	0.368261	0.606478	0.0247049	0.000556079	1.366721	1.906107
27276	-1229.727	-1447.266	217.5384	0.6238756	0.583302	0.372782	0.0435469	0.000369726	0.9081897	2.879491
27282	-1225.067	-1442.582	217.5152	0.5167873	0.459452	0.516541	0.0237793	0.00022751	0.901773	2.964412
27288	-1220.226	-1437.166	216.9406	0.3810223	0.536716	0.453879	0.00906581	0.000339257	0.7471173	3.470501
27294	-1235.538	-1453.958	218.4204	0.3146863	0.514289	0.476171	0.00918318	0.00035592	0.9908177	2.458577
27300	-1228.871	-1447.893	219.0222	0.3146863	0.614068	0.376735	0.00878904	0.000407591	1.158976	1.960356
27306	-1227.239	-1445.104	217.8643	0.4939157	0.459037	0.48036	0.0601512	0.000451962	1.066381	2.665931
27312	-1243.382	-1461.102	217.7196	0.1828529	0.543181	0.375157	0.0575128	0.0241489	0.9546162	2.900321
27318	-1237.92	-1456.268	218.3475	0.3922344	0.628956	0.291115	0.0628026	0.0171262	1.086851	2.410427
27324	-1240.78	-1459.432	218.6526	0.5245931	0.340348	0.568169	0.0488685	0.0426152	1.250799	2.027245
27330	-1232.856	-1451.425	218.569	0.3750438	0.4248	0.483089	0.0553282	0.0367827	1.171631	2.223836
27336	-1247.33	-1466.673	219.3429	0.2225564	0.246033	0.443676	0.128172	0.182119	1.491148	1.509705
27342	-1241.747	-1460.87	219.1228	0.3420758	0.112895	0.760795	0.0720667	0.0542436	1.261639	1.8111
27348	-1242.923	-1461.277	218.3533	0.2468576	0.258576	0.629222	0.0941063	0.0180949	0.963673	2.528788
27354	-1240.461	-1459.385	218.9239	0.3040167	0.559958	0.413636	0.0210951	0.00531043	0.9790868	2.147627
27360	-1238.905	-1455.482	216.5772	0.4699025	0.409517	0.53077	0.0550249	0.00468832	0.8569509	3.572235
27366	-1232.399	-1451.965	219.5666	0.4010777	0.405364	0.525388	0.0544669	0.0147807	1.25027	1.467312
27372	-1226.822	-1446.216	219.394	0.320455	0.3859	0.54552	0.0545095	0.014071	1.143894	1.713009
27378	-1231.81	-1449.375	217.5653	0.5601506	0.37272	0.52555	0.0808576	0.0208724	1.068754	2.806253
27384	-1229.538	-1447.597	218.0595	0.7596103	0.392841	0.497622	0.0897742	0.0197632	0.978414	2.426479
27390	-1223.019	-1441.261	218.2422	0.2894132	0.423089	0.535938	0.015697	0.0252765	1.103144	2.506708
27396	-1237.107	-1455.754	218.647	0.3597137	0.421818	0.534327	0.0156499	0.0282056	1.103144	2.225117
27402	-1229.233	-1448.655	219.4217	0.3839492	0.459665	0.456082	0.0221232	0.0621294	1.248283	1.586975
27408	-1233.509	-1452.516	219.0069	0.3693904	0.407228	0.546411	0.0335329	0.012828	1.437783	1.755863
27414	-1235.153	-1454.02	218.8662	0.3643814	0.322447	0.5877	0.0426154	0.0472376	1.192969	2.020736
27420	-1239.882	-1459.307	219.4249	0.2412449	0.55664	0.392895	0.0386378	0.0118275	1.186166	1.675773
27426	-1244.831	-1463.872	219.0409	0.5562449	0.49795	0.404329	0.0829619	0.0147583	1.307207	1.700909
27432	-1231.432	-1450.55	219.1188	0.2648433	0.416639	0.459498	0.0788611	0.0450018	1.097101	1.94856
27438	-1224.549	-1443.37	218.8208	0.2610443	0.51346	0.408799	0.0410735	0.0366674	1.115659	2.133967
27444	-1232.914	-1450.874	217.9594	0.2874352	0.49681	0.448618	0.0451588	0.00941294	0.9583705	2.770978
27450	-1250.296	-1466.885	216.5891	0.3704751	0.116707	0.868637	0.0109629	0.00369325	0.7572191	3.673749
27456	-1242.967	-1459.209	216.2419	0.4062272	0.124097	0.855486	0.0167793	0.00363733	0.835014	3.812517
27462	-1223.831	-1442.167	218.336	0.338323	0.606799	0.377781	0.0126631	0.00275619	1.165127	2.39333
27468	-1225.464	-1441.707	216.2428	0.338323	0.310022	0.610131	0.0273661	0.0524805	0.8431215	3.836901
27474	-1224.969	-1441.066	216.0976	0.3421284	0.412026	0.505544	0.0585661	0.0238638	0.7640804	3.964154
27480	-1244.372	-1461.008	216.6359	0.4511814	0.354201	0.476569	0.154174	0.0150559	0.716502	3.630018
27486	-1228.628	-1445.774	217.1469	0.3706916	0.454422	0.519209	0.00705375	0.0193159	0.9909523	3.210515
27492	-1236.455	-1453.715	217.2603	0.5226735	0.447378	0.534579	0.00855558	0.00948762	0.977907	3.068002
27498	-1236.84	-1455.09	218.2499	0.3088014	0.501803	0.473974	0.0158112	0.00841201	1.029221	2.54292
27504	-1253.984	-1471.993	218.0085	0.3023032	0.49969	0.471979	0.0199545	0.0083766	0.8408516	2.809125
27510	-1249.736	-1467.188	217.4524	0.4155163	0.39139	0.577826	0.0216825	0.00910201	1.029661	2.983307
27516	-1223.806	-1442.32	218.5144	0.292668	0.446224	0.523014	0.025146	0.00561584	1.025195	2.383846
27522	-1247.724	-1465.876	218.1513	0.3174446	0.3843	0.553162	0.0577016	0.00483651	0.9542483	2.647742
27528	-1246.274	-1464.217	217.9427	0.3658336	0.176225	0.775294	0.0388552	0.00962514	1.013752	2.720162
27534	-1232.169	-1449.554	217.385	0.3458212	0.336882	0.603095	0.0440155	0.0160073	0.977875	3.087318
27540	-1239.397	-1456.78	217.3829	0.5145668	0.425282	0.433416	0.131298	0.0100044	0.8566544	3.072079
27546	-1231.269	-1447.374	216.1044	0.4149754	0.287505	0.625431	0.0776378	0.00942586	0.6108195	4.015528
27552	-1225.358	-1442.85	217.4924	0.3197318	0.303088	0.655207	0.0232165	0.0184887	0.7254609	3.183022
27558	-1225.202	-1442.58	217.3786	0.2991924	0.279369	0.697522	0.016554	0.0065548	0.8492467	3.183022
27564	-1231.588	-1449.02	217.4322	0.3222883	0.503826	0.468624	0.0231462	0.00440378	0.9643958	3.075805
27570	-1222.975	-1440.787	217.8113	0.2547907	0.485175	0.453691	0.0557213	0.00541269	0.9474116	2.871519
27576	-1223.276	-1440.781	217.5047	0.36934	0.456813	0.428474	0.0432569	0.0714559	0.8309543	3.093558
27582	-1241.431	-1458.319	216.8882	0.4289927	0.496674	0.344126	0.0856825	0.0735171	0.9224054	3.374679
27588	-1236.321	-1454.153	217.8324	0.2792672	0.499119	0.382943	0.0220046	0.0959336	0.9781846	2.837657
27594	-1232.17	-1450.625	218.4544	0.3398472	0.441361	0.531149	0.0063164	0.0211734	1.254548	2.260349
27600	-1236.025	-1455.537	219.512	0.3210152	0.362311	0.600961	0.0124532	0.0242748	1.354241	1.473311
27606	-1236.512	-1456.503	219.9913	0.2459731	0.734376	0.24481	0.00836478	0.0124491	1.477781	0.9774186
27612	-1235.282	-1454.98	219.6978	0.3508275	0.44323	0.532858	0.00974088	0.0141711	1.564527	1.135969
27618	-1219.474	-1439.238	219.764	0.3196702	0.568343	0.414453	0.00476762	0.0124369	1.517614	1.135969
27624	-1228.569	-1448.154	219.5846	0.3196702	0.334541	0.548539	0.0464335	0.0704865	1.646176	1.180776
27630	-1234.296	-1453.969	219.6728	0.3196702	0.479496	0.47006	0.0267375	0.0237061	1.482203	1.245181
27636	-1227.788	-1447.272	219.4841	0.371557	0.431624	0.533736	0.0133009	0.0213393	1.494254	1.360758
27642	-1228.443	-1448.132	219.6884	0.368369	0.352815	0.607742	0.0151451	0.0242981	1.552742	1.143621
27648	-1236.083	-1455.763	219.6797	0.300012	0.543722	0.390355	0.0236073	0.0423162	1.6141	1.133697
27654	-1234.562	-1452.54	217.9787	0.3085506	0.504813	0.386712	0.0626991	0.045776	1.146549	2.63836
27660	-1222.764	-1441.515	218.7515	0.5052283	0.371719	0.584392	0.0253676	0.0185206	1.394213	1.877438
27666	-1226.534	-1445.704	219.1698	0.4818927	0.413236	0.490471	0.0785215	0.0177718	1.415193	1.58453
27672	-1224.879	-1443.847	218.9683	0.4269632	0.408227	0.484526	0.0775698	0.0296766	1.183932	1.923749
27678	-1227.341	-1446.284	218.9426	0.3987446	0.397401	0.562013	0.0328515	0.00773489	1.234156	1.923749
27684	-1227.006	-1446.079	219.0732	0.3335589	0.51246	0.418583	0.0332058	0.0357513	1.206326	1.886663
27690	-1243.734	-1462.832	219.0981	0.2629597	0.43998	0.436094	0.0389773	0.0849489	1.209564	1.886663
27696	-1236.581	-1455.735	219.1543	0.452842	0.409249	0.498008	0.0279633	0.064779	1.200298	1.768663
27702	-1240.751	-1460.321	219.5702	0.4871485	0.35106	0.575809	0.0285046	0.0446266	1.492457	1.207113
27708	-1240.92	-1460.593	219.6732	0.4622224	0.385115	0.558567	0.0119261	0.0443915	1.438581	1.185628
27714	-1236.034	-1455.736	219.7012	0.5724425	0.560414	0.349054	0.0451555	0.0453774	1.561354	0.9373623
27720	-1238.258	-1457.873	219.6145	0.5922289	0.476688	0.370274	0.0823092	0.0707295	1.676363	0.8829428
27726	-1232.705	-1452.538	219.8331	0.4591116	0.5181	0.461662	0.0125261	0.0077118	1.697214	0.7466701
27732	-1238.992	-1458.863	219.8713	0.2757571	0.43898	0.498471	0.0229502	0.0395991	1.409051	1.152909
27738	-1223.77	-1443.633	219.8624	0.2610241	0.634755	0.337756	0.0159761	0.0115126	1.560743	1.023062
27744	-1223.779	-1443.561	219.7822	0.2688833	0.620237	0.335407	0.0275283	0.016827	1.520972	1.133887
27750	-1219.297	-1438.859	219.562	0.350963	0.430696	0.474302	0.080737	0.0142657	1.472729	1.327708
27756	-1218.445	-1437.628	219.1823	0.370063	0.446073	0.454311	0.0836197	0.0159959	1.42342	1.641389
27762	-1216.259	-1435.569	219.3097	0.3266616	0.548958	0.36242	0.0757609	0.0128616	1.325289	1.641389
27768	-1223.014	-1442.616	219.6013	0.3662568	0.458732	0.446087	0.0750519	0.0201288	1.322015	1.406918
27774	-1223.888	-1443.103	219.2147	0.4272235	0.332103	0.577726	0.0438496	0.0463223	1.444465	1.567957
27780	-1223.388	-1442.796	219.4086	0.4639521	0.228246	0.726342	0.0274425	0.0179697	1.473408	1.373142
27786	-1229.52	-1449.141	219.6207	0.2408725	0.634303	0.340409	0.0171075	0.00818006	1.396325	1.373142
27792	-1231.978	-1451.433	219.4552	0.4602432	0.61119	0.337235	0.0460748	0.00550058	1.393935	1.401589
27798	-1229.664	-1449.388	219.7241	0.3916429	0.636907	0.293799	0.0618136	0.00748069	1.667356	0.9843097
27804	-1232.099	-1451.723	219.6241	0.3949323	0.649995	0.287023	0.0603879	0.00259437	1.92508	0.8011567
27810	-1217.773	-1437.555	219.7813	0.2736098	0.539213	0.409168	0.0489768	0.00264234	1.587005	1.073492
27816	-1222.781	-1442.759	219.9785	0.3164357	0.482127	0.422721	0.0713492	0.0238031	1.538366	0.9063274
27822	-1225.19	-1445.01	219.8201	0.2835918	0.491573	0.392117	0.0962263	0.0200836	1.620196	1.001378
27828	-1228.665	-1448.456	219.7907	0.3311254	0.528415	0.421504	0.0284923	0.0215887	1.620196	1.008616
27834	-1231.571	-1451.035	219.4637	0.4023276	0.362577	0.505702	0.0662626	0.0654583	1.54202	1.319096
27840	-1230.512	-1449.511	218.9996	0.2943512	0.418806	0.498104	0.0368269	0.0462627	1.337934	1.860713
27846	-1211.721	-1430.31	218.5886	0.2943512	0.581619	0.37055	0.0415946	0.00623688	1.154083	2.253997
27852	-1213.901	-1432.591	218.6907	0.4473191	0.351844	0.603894	0.0429767	0.00128474	1.090807	2.157069
27858	-1228.123	-1445.367	217.244	0.485888	0.498679	0.427824	0.0609122	0.0125849	0.8669774	3.165605
27864	-1219.595	-1437.79	218.1947	0.439836	0.346419	0.59638	0.0451839	0.0120167	0.9029228	2.594839
27870	-1217.067	-1435.397	218.3309	0.3982569	0.330456	0.566165	0.0515474	0.0518316	1.085298	2.418729
27876	-1224.074	-1443.257	219.1824	0.3410731	0.256981	0.568132	0.117613	0.057274	1.157862	1.841916
27882	-1225.122	-1443.131	218.0093	0.2852396	0.374224	0.508358	0.0670729	0.0503457	1.053037	2.682854
27888	-1218.436	-1436.792	218.3561	0.3211622	0.511568	0.415802	0.0314506	0.0411794	0.9663129	2.511998
27894	-1218.674	-1436.966	218.2912	0.3187159	0.499328	0.455002	0.00547561	0.0401942	0.9756848	2.547391
27900	-1222.725	-1441.104	218.3785	0.268511	0.309963	0.545227	0.00345986	0.14135	0.9756848	2.504658
27906	-1229.13	-1447.82	218.6901	0.6623859	0.546115	0.372002	0.00244896	0.0794334	0.9614367	2.098507
27912	-1227.718	-1446.406	218.6882	0.4668749	0.409601	0.579336	0.00287768	0.00818526	0.7817863	2.34542
27918	-1225.773	-1443.131	217.3586	0.2516118	0.335181	0.627842	0.00158912	0.0353886	0.914492	3.162616
27924	-1218.267	-1436.957	218.6892	0.313708	0.348687	0.60994	0.00699428	0.0343795	1.067139	2.239612
27930	-1219.654	-1437.84	218.1868	0.2752588	0.493192	0.458782	0.00522457	0.0428015	1.149642	2.514904
27936	-1224.789	-1443.476	218.6873	0.3237082	0.481792	0.448177	0.0287243	0.041307	1.056253	2.244375
27942	-1215.649	-1434.302	218.6533	0.335141	0.411827	0.558464	0.00610575	0.0236033	1.071861	2.251813
27948	-1221.87	-1440.033	218.1638	0.3433	0.410767	0.562546	0.00291084	0.0237759	1.002317	2.600799
27954	-1229.963	-1447.572	217.6085	0.480599	0.454134	0.480845	0.0387348	0.026286	0.9072478	2.926596
27960	-1234.919	-1453.101	218.1818	0.3884591	0.37577	0.546103	0.0528557	0.0252709	1.234839	2.423517
27966	-1224.84	-1444.111	219.2706	0.3881985	0.416944	0.507979	0.0586473	0.0164291	1.174824	1.745042
27972	-1217.38	-1436.509	219.1294	0.3415202	0.337612	0.599079	0.0519639	0.0113452	1.29057	1.786707
27978	-1218.678	-1436.765	218.0874	0.4275861	0.297305	0.633648	0.0503092	0.0187381	1.224385	2.468377
27984	-1232.106	-1450.288	218.1824	0.3600352	0.360852	0.506809	0.0928615	0.0394782	1.003609	2.581335
27990	-1227.187	-1444.335	217.1473	0.3343752	0.516811	0.383142	0.0702023	0.0298451	0.9275926	3.262594
27996	-1225.262	-1442.485	217.2226	0.4309897	0.407268	0.422489	0.135414	0.0348295	0.7766329	3.262594
28002	-1229.45	-1446.196	216.7463	0.4018983	0.285956	0.59136	0.0970762	0.0256077	0.7122651	3.594037
28008	-1225.635	-1442.055	216.4199	0.4727298	0.309459	0.639963	0.0228653	0.0277124	0.9125213	3.629714
28014	-1221.609	-1437.895	216.2858	0.4510603	0.404341	0.519413	0.0615281	0.0147178	0.70161	3.840839
28020	-1215.723	-1432.466	216.7429	0.3118274	0.374862	0.573911	0.0398218	0.0114045	0.7057663	3.636238
28026	-1225.988	-1442.815	216.8268	0.3118274	0.564944	0.335996	0.0698743	0.0291858	0.6218268	3.636238
28032	-1245.249	-1461.914	216.6646	0.2764871	0.561241	0.333793	0.0694163	0.0355491	0.7345847	3.672745
28038	-1224.492	-1440.729	216.2366	0.2764871	0.462905	0.407913	0.10894	0.0202425	0.7536691	3.908227
28044	-1220.821	-1438.286	217.4653	0.2581357	0.638298	0.316408	0.0214799	0.0238136	0.853715	3.13518
28050	-1221.347	-1438.287	216.9397	0.4647729	0.489063	0.453775	0.00953536	0.047627	0.7447465	3.429134
28056	-1224.192	-1442.213	218.0204	0.3095636	0.372831	0.544024	0.0395106	0.0436344	0.8053979	2.821365
28062	-1229.257	-1446.057	216.7997	0.3305759	0.238415	0.653863	0.0602041	0.0475181	0.7379241	3.578593
28068	-1233.882	-1450.545	216.6633	0.4646079	0.214466	0.679256	0.0635326	0.0427449	0.7290594	3.599488
28074	-1233.805	-1450.487	216.6822	0.9261357	0.387497	0.475037	0.0234187	0.114048	0.6466712	3.356785
28080	-1238.224	-1456.253	218.0291	1.312929	0.708107	0.166303	0.0548058	0.0707844	1.029009	2.061513
28086	-1238.903	-1455.997	217.0938	0.6720312	0.54228	0.263183	0.143462	0.0510746	0.8280643	3.163399
28092	-1244.893	-1462.652	217.7585	0.7789607	0.566877	0.296916	0.100446	0.0357604	0.8048459	2.708547
28098	-1252.417	-1469.231	216.8143	0.6562068	0.425407	0.372531	0.126027	0.0760349	0.7271682	3.397756
28104	-1249.108	-1466.111	217.0032	0.3191112	0.40994	0.517459	0.00305373	0.0695467	0.8508232	3.397756
28110	-1246.917	-1464.62	217.7026	0.4534043	0.425159	0.536669	0.0031671	0.0350043	1.038602	2.805806
28116	-1241.401	-1457.627	216.2261	0.9172944	0.418039	0.557477	0.0120188	0.0124655	0.7042204	3.594792
28122	-1244.444	-1460.977	216.5326	0.7849829	0.420689	0.561011	0.00575543	0.0125445	0.4957136	3.617609
28128	-1252.858	-1467.906	215.0476	0.9458563	0.53282	0.439985	0.0129829	0.0142116	0.4989677	4.369741
28134	-1246.237	-1462.088	215.8502	0.8912964	0.68269	0.221443	0.0780723	0.0177951	0.5162902	3.935287
28140	-1244.701	-1459.357	214.6564	1.581504	0.655879	0.237575	0.0998606	0.00668556	0.4920574	4.261816
28146	-1243.907	-1459.644	215.7364	1.019901	0.674985	0.244496	0.073639	0.00688031	0.4244165	3.978526
28152	-1240.097	-1456.456	216.359	1.019901	0.666179	0.196071	0.132769	0.00498072	0.7235332	3.44579
28158	-1249.47	-1465.474	216.004	1.085777	0.593583	0.174704	0.218073	0.0136393	0.7047108	3.62571
28164	-1249.927	-1466.043	216.1156	1.888288	0.718837	0.0434059	0.170066	0.0676912	0.7623293	3.116828
28170	-1253.112	-1469.967	216.8549	1.529451	0.71338	0.146757	0.129391	0.0104728	0.8849868	2.773334
28176	-1244.431	-1462.278	217.8471	0.3477712	0.507954	0.361092	0.105186	0.025768	1.035194	2.773334
28182	-1235.055	-1452.698	217.6436	0.2669241	0.491216	0.378891	0.0715266	0.0583664	1.074601	2.895285
28188	-1233.22	-1451.406	218.1854	0.2669241	0.335357	0.546908	0.0948865	0.022848	1.096752	2.549766
28194	-1220.597	-1439.582	218.9853	0.4080919	0.405217	0.451341	0.111954	0.031488	1.30404	1.841712
28200	-1238.051	-1457.06	219.0096	0.2595854	0.450025	0.446781	0.0616484	0.041546	1.284595	1.896072
28206	-1226.99	-1446.599	219.6095	0.3135036	0.374986	0.522159	0.0542989	0.0485554	1.423317	1.34737
28212	-1227.335	-1446.735	219.3999	0.28438	0.624952	0.284894	0.00923174	0.0809223	1.336457	1.581884
28218	-1234.754	-1454.664	219.9095	0.2187585	0.618062	0.271862	0.0227482	0.0873286	1.31928	1.194313
28224	-1234.745	-1454.565	219.8197	0.2187585	0.55585	0.285914	0.0327007	0.125535	1.40911	1.194313
28230	-1233.903	-1453.703	219.8001	0.1725215	0.61142	0.214525	0.0359699	0.138085	1.362875	1.212641
28236	-1229.421	-1448.121	218.7002	0.2858122	0.459007	0.419543	0.0270034	0.0944463	1.178031	2.16838
28242	-1228.139	-1446.987	218.8487	0.2370268	0.451244	0.362644	0.0158768	0.170235	0.8664653	2.276599
28248	-1223.178	-1441.319	218.1412	0.3885925	0.199531	0.645059	0.140916	0.0144931	0.9943916	2.598961
28254	-1216.645	-1434.171	217.5265	0.4199344	0.223487	0.722507	0.0485591	0.00544652	0.9894134	2.960641
28260	-1219.784	-1437.604	217.8204	0.335651	0.316559	0.621144	0.0590222	0.0032745	0.760485	2.960641
28266	-1223.795	-1442.567	218.7719	0.24373	0.587422	0.310197	0.0938579	0.00852318	0.913797	2.295995
28272	-1227.522	-1445.903	218.3814	0.24373	0.499471	0.462285	0.0256321	0.0126123	1.081896	2.437024
28278	-1223.408	-1441.566	218.1585	0.2471781	0.619485	0.351441	0.0194862	0.00958821	0.9785293	2.640371
28284	-1222.962	-1441.119	218.1571	0.2812844	0.525726	0.406855	0.0165369	0.0508829	0.9480921	2.657235
28290	-1230.541	-1448.539	217.9985	0.322697	0.347371	0.591178	0.032084	0.0293666	0.8142895	2.825107
28296	-1223.732	-1441.657	217.925	0.2962847	0.418667	0.523864	0.0316272	0.0258421	0.8840257	2.835159
28302	-1229.282	-1447.234	217.9516	0.3969286	0.351066	0.542607	0.0848457	0.0214822	0.958237	2.733679
28308	-1223.474	-1441.618	218.1445	0.2816348	0.325621	0.533475	0.0903848	0.0505197	0.946631	2.665848
28314	-1223.097	-1441.001	217.9033	0.2888662	0.315185	0.559394	0.0724463	0.0529742	0.9370944	2.817771
28320	-1230.168	-1447.92	217.7515	0.4857399	0.436992	0.460993	0.0295841	0.0724308	0.8213421	2.889046
28326	-1224.547	-1442.272	217.7243	0.3078412	0.514644	0.33417	0.0794522	0.0717334	0.7316733	3.04483
28332	-1225.974	-1443.042	217.0684	0.2697999	0.3814	0.581157	0.00894178	0.0285011	0.8296773	3.382923
28338	-1223.035	-1441.509	218.4732	0.2773563	0.531295	0.36145	0.00665405	0.100601	0.8603263	2.516351
28344	-1222.088	-1439.787	217.6994	0.33375	0.27688	0.647539	0.00609183	0.0694891	0.968688	2.908829
28350	-1223.898	-1442.4	218.5027	0.2852676	0.475656	0.484753	0.00612871	0.0334622	0.9998346	2.408894
28356	-1232.342	-1449.685	217.3432	0.2811056	0.465391	0.474291	0.0275771	0.0327401	0.786143	3.245148
28362	-1232.525	-1449.71	217.1847	0.4752906	0.447233	0.470893	0.0653942	0.0164794	0.8272639	3.230459
28368	-1234.361	-1452.393	218.0323	0.322537	0.257608	0.707513	0.0173005	0.0175783	0.8539525	2.780417
28374	-1230.034	-1447.593	217.5587	0.505521	0.401111	0.567086	0.0147746	0.0170275	0.7457986	3.03865
28380	-1222.297	-1440.949	218.652	0.3206459	0.404667	0.510487	0.0271752	0.0576703	1.170172	2.194743
28386	-1233.078	-1452.044	218.9669	0.216183	0.452094	0.433899	0.0365154	0.0774918	1.102273	2.041616
28392	-1237.391	-1456.835	219.4445	0.2075172	0.760266	0.196756	0.0165583	0.026419	1.203436	1.640203
28398	-1235.09	-1454.424	219.3335	0.2714319	0.588874	0.345348	0.0309923	0.0347863	1.325761	1.640203
28404	-1231.967	-1451.35	219.3831	0.3696645	0.277099	0.606314	0.0636023	0.0529843	1.261455	1.613543
28410	-1240.35	-1458.946	218.596	0.5211724	0.47859	0.414094	0.0510529	0.0562626	1.099269	2.166175
28416	-1244.189	-1463.521	219.3319	0.5524282	0.499389	0.393923	0.0507545	0.0559337	1.289221	1.505302
28422	-1230.95	-1450.358	219.408	0.3890637	0.311614	0.644264	0.0316704	0.0124518	1.175909	1.646348
28428	-1226.851	-1446.096	219.2452	0.2868137	0.526192	0.420939	0.0317167	0.0211525	1.230201	1.767369
28434	-1218.089	-1437.252	219.1628	0.2440628	0.653467	0.233994	0.0319533	0.0805863	1.211957	1.841072
28440	-1216.854	-1435.896	219.0419	0.2440628	0.666875	0.238795	0.0288716	0.0654578	1.337388	1.837964
28446	-1218.071	-1437.441	219.3706	0.2616434	0.561751	0.345571	0.0489789	0.043699	1.209931	1.697478
28452	-1223.692	-1442.872	219.1802	0.3213773	0.580611	0.357173	0.0506233	0.0115934	1.455451	1.643023
28458	-1225.559	-1445.094	219.5358	0.3152011	0.580611	0.357173	0.0506233	0.0115934	1.475376	1.363809
28464	-1223.434	-1442.682	219.2483	0.2798187	0.425346	0.515506	0.0532412	0.00590719	1.156931	1.817543
28470	-1228.884	-1448.358	219.4738	0.4045707	0.497376	0.467954	0.0293076	0.00536229	1.328034	1.476419
28476	-1227.12	-1446.127	219.0066	0.2900326	0.640347	0.269343	0.0798237	0.010486	1.072497	2.035661
28482	-1228.712	-1448.118	219.4063	0.2127833	0.738929	0.245736	0.00576822	0.00956692	1.103006	1.740989
28488	-1217.493	-1437.001	219.5078	0.2411387	0.698568	0.290443	0.00212751	0.0088615	1.315677	1.521108
28494	-1234.359	-1453.838	219.4791	0.4437078	0.536128	0.40912	0.00179889	0.0529533	1.42829	1.368109
28500	-1228.096	-1445.651	217.5545	0.4460957	0.429062	0.521637	0.00138073	0.0479203	0.8598322	3.007388
28506	-1233.423	-1451.784	218.3612	0.2806259	0.415068	0.504623	0.0013357	0.0789738	0.725312	2.668888
28512	-1231.802	-1449.753	217.9511	0.3930995	0.429735	0.517719	0.00237033	0.0501749	1.067451	2.668888
28518	-1234.838	-1452.9	218.0622	0.3736724	0.47824	0.484603	0.00263787	0.0345189	0.9718625	2.668888
28524	-1229.955	-1448.325	218.3705	0.4570063	0.378718	0.493441	0.118632	0.00920784	1.007151	2.409824
28530	-1217.227	-1434.894	217.6664	0.4554871	0.446749	0.429936	0.114433	0.00888187	0.8839801	2.92026
28536	-1218.771	-1437.205	218.4341	0.3161109	0.491677	0.474654	0.0316259	0.00204351	1.044762	2.415517
28542	-1223.131	-1441.39	218.259	0.3632626	0.418924	0.541982	0.0367604	0.00233337	0.9311778	2.577288
28548	-1225.102	-1443.063	217.9603	0.3500663	0.478374	0.480038	0.0391057	0.00248223	0.9814576	2.736036
28554	-1230.326	-1448.648	218.3221	0.3068965	0.356138	0.574335	0.0589435	0.0105836	1.032764	2.496247
28560	-1212.146	-1429.388	217.2418	0.4086474	0.463197	0.469554	0.0585965	0.00865271	0.829633	3.231584
28566	-1227.994	-1446.255	218.2613	0.4288826	0.398396	0.527292	0.0668692	0.00744221	0.9019989	2.560296
28572	-1237.196	-1455.409	218.2128	0.3795395	0.462747	0.502748	0.0289675	0.00553722	0.9862241	2.564107
28578	-1222.246	-1441.152	218.9056	0.3496654	0.468926	0.499764	0.0256988	0.00561116	1.233066	1.974663
28584	-1220.732	-1439.084	218.3527	0.2497476	0.526473	0.43279	0.0229973	0.0177394	1.154115	2.409829
28590	-1226.006	-1444.855	218.8488	0.4280525	0.492433	0.443844	0.0235847	0.0401379	1.254218	1.956245
28596	-1229.558	-1449.102	219.5432	0.4629152	0.297665	0.652656	0.0142564	0.0354223	1.40454	1.321655
28602	-1219.604	-1438.942	219.338	0.3766288	0.594096	0.357748	0.0138194	0.0343363	1.552127	1.426503
28608	-1218.391	-1438.061	219.6694	0.3161196	0.476873	0.483598	0.00545615	0.0340724	1.489538	1.243517
28614	-1241.153	-1460.814	219.6614	0.3161196	0.562772	0.341917	0.00230655	0.0930037	1.236688	1.451153
28620	-1232.782	-1452.013	219.2303	0.2608855	0.545167	0.38423	0.00413484	0.0664678	1.280679	1.746542
28626	-1234.534	-1454.108	219.5736	0.2819853	0.516738	0.43983	0.00098227	0.0424504	1.44218	1.370938
28632	-1231.045	-1450.468	219.4223	0.2791051	0.514584	0.437997	0.00514587	0.0422734	1.437585	1.491421
28638	-1225.492	-1444.467	218.9754	0.4544992	0.536726	0.456843	0.00536728	0.00106446	1.35259	1.786065
28644	-1224.074	-1443.011	218.9377	0.4542301	0.473512	0.488783	0.0273597	0.0103457	0.9892653	2.057422
28650	-1228.427	-1447.048	218.6218	0.317477	0.444355	0.43451	0.048263	0.072872	1.321607	2.116895
28656	-1229.243	-1448.164	218.9208	0.3642672	0.402489	0.424714	0.035902	0.136895	1.328664	1.892987
28662	-1233.656	-1452.965	219.3091	0.3460045	0.435802	0.397392	0.0387178	0.128088	1.131567	1.770286
28668	-1230.314	-1449.268	218.9543	0.5504546	0.460341	0.473026	0.0309273	0.0357058	1.230949	1.818865
28674	-1219.234	-1437.963	218.7286	0.5387021	0.369225	0.548954	0.00838367	0.0734365	1.259638	1.960996
28680	-1213.814	-1433.007	219.1924	0.5387021	0.399957	0.534131	0.00554177	0.0603703	1.199496	1.682606
28686	-1221.385	-1440.248	218.8629	0.2652049	0.569548	0.272824	0.0562346	0.101394	1.006543	2.177254
28692	-1226.159	-1443.613	217.454	0.2630459	0.53343	0.405578	0.0159372	0.0450551	0.7281832	3.216115
28698	-1220.875	-1438.083	217.2074	0.4220034	0.397284	0.554138	0.0206841	0.0278941	0.8785104	3.216115
28704	-1227.66	-1445.055	217.3946	0.3292698	0.349092	0.5734	0.0214031	0.0561048	0.7215694	3.240033
28710	-1214.021	-1431.348	217.327	0.3310425	0.323451	0.56164	0.0629248	0.0519839	0.7632729	3.254723
28716	-1216.794	-1434.855	218.0607	0.3766501	0.519101	0.346662	0.0837386	0.0504979	0.9940161	2.654736
28722	-1223.19	-1441.354	218.1642	0.4536414	0.396396	0.488343	0.0845019	0.0307589	1.234794	2.398375
28728	-1222.513	-1441.069	218.5557	0.3843236	0.426082	0.453083	0.0877729	0.0330624	1.114733	2.264322
28734	-1228.933	-1447.369	218.4355	0.4473691	0.558953	0.360415	0.0553312	0.0253006	1.179958	2.264322
28740	-1216.313	-1434.442	218.1291	0.3534155	0.334798	0.597174	0.0403414	0.0276865	1.011502	2.612367
28746	-1226.848	-1445.066	218.2176	0.3534155	0.332437	0.600015	0.0400569	0.0274912	0.8749728	2.642019
28752	-1225.82	-1443.502	217.6817	0.4567432	0.519422	0.467755	0.0117441	0.00107871	0.8952432	2.903506
28758	-1218.871	-1436.959	218.088	0.4234242	0.37444	0.600617	0.0233466	0.00159667	1.046045	2.581465
28764	-1223.885	-1442.234	218.3491	0.3065456	0.565291	0.411883	0.0213648	0.00146113	0.8771327	2.576495
28770	-1241.797	-1459.885	218.0885	0.3065456	0.295849	0.605234	0.0972369	0.00168025	0.8973051	2.724622
28776	-1236.53	-1454.474	217.9438	0.3640987	0.353814	0.602687	0.0426291	0.000870013	0.9376439	2.766836
28782	-1237.973	-1456.015	218.0416	0.3081989	0.593969	0.374174	0.0102422	0.0216146	0.9308866	2.732315
28788	-1228.786	-1446.731	217.9449	0.410827	0.361712	0.555793	0.0706326	0.0118627	0.9965436	2.707065
28794	-1235.833	-1454.008	218.1757	0.4382901	0.391964	0.529451	0.0672849	0.0113005	0.9708222	2.565386
28800	-1231.484	-1448.94	217.4555	0.4186328	0.396833	0.549592	0.05042	0.00315487	0.9404231	3.033308
28806	-1241.798	-1459.288	217.4897	0.376467	0.46645	0.412135	0.116892	0.00452283	0.8307769	3.099383
28812	-1244.381	-1462.465	218.0837	0.6141904	0.353699	0.5391	0.0886365	0.018564	1.044115	2.466647
28818	-1248.831	-1467.177	218.3455	0.467053	0.37294	0.536449	0.0780153	0.0125961	1.205032	2.293966
28824	-1227.263	-1445.679	218.4157	0.5582439	0.424919	0.453299	0.0991511	0.0226314	1.192687	2.197883
28830	-1233.73	-1453.231	219.501	0.5412442	0.490062	0.392444	0.0920125	0.0254812	1.620385	1.107388
28836	-1241.638	-1460.888	219.25	0.540713	0.414396	0.462873	0.0702474	0.052483	1.776827	1.191624
28842	-1244.772	-1464.485	219.7124	0.3591722	0.53918	0.370706	0.0562598	0.033854	1.823559	0.8530484
28848	-1239.573	-1459.396	219.8231	0.3727395	0.461741	0.446216	0.0512938	0.0407497	1.665272	0.8968158
28854	-1235.242	-1455.154	219.9125	0.3085476	0.58692	0.301097	0.0589603	0.0530227	1.645679	0.8633225
28860	-1240.116	-1459.911	219.7947	0.4049131	0.550333	0.374618	0.0298111	0.0452388	1.696545	0.8633225
28866	-1233.831	-1453.589	219.7579	0.2809955	0.666414	0.242124	0.0358159	0.0556464	1.789048	0.8888032
28872	-1234.414	-1454.264	219.8503	0.3301615	0.516717	0.317175	0.0931412	0.0729674	1.761389	0.7799002
28878	-1232.994	-1452.677	219.6827	0.3141464	0.542271	0.294034	0.096051	0.0676438	1.686756	1.057996
28884	-1238.674	-1458.552	219.878	0.2503254	0.529737	0.400793	0.0175929	0.0518769	1.621411	0.9459458
28890	-1236.549	-1456.528	219.9785	0.2572757	0.663161	0.20407	0.0801982	0.0525715	1.65638	0.7846813
28896	-1235.81	-1455.498	219.688	0.2157995	0.469849	0.434982	0.0568204	0.0383486	1.604462	1.137335
28902	-1224.968	-1444.778	219.81	0.268304	0.551927	0.379662	0.0407881	0.0276223	1.546039	1.085871
28908	-1230.821	-1450.739	219.9181	0.2410241	0.544631	0.374644	0.0534675	0.0272572	1.587144	0.9391332
28914	-1237.144	-1456.846	219.7011	0.2350589	0.659886	0.279134	0.0477886	0.0131911	1.315691	1.372608
28920	-1240.176	-1459.851	219.675	0.2575705	0.708825	0.23623	0.0409193	0.0140256	1.343237	1.372608
28926	-1231.175	-1450.751	219.5759	0.2658641	0.615462	0.326516	0.055761	0.00226197	1.442801	1.371532
28932	-1228.592	-1448.332	219.74	0.346276	0.615462	0.326516	0.055761	0.00226197	1.494013	1.163753
28938	-1223.492	-1443.088	219.5953	0.2632857	0.709789	0.229913	0.0538902	0.00640758	1.286886	1.476994
28944	-1231.883	-1451.38	219.4971	0.2902485	0.601762	0.318387	0.0552132	0.0246376	1.261121	1.564394
28950	-1226.766	-1445.813	219.0468	0.4070476	0.394119	0.516906	0.0598379	0.029137	1.338603	1.775982
28956	-1235.603	-1454.206	218.6037	0.297954	0.520467	0.362034	0.079021	0.0384778	0.9538087	2.371195
28962	-1231.125	-1449.875	218.7497	0.3895426	0.389423	0.506695	0.0698631	0.0340186	1.301318	2.013138
28968	-1232.979	-1451.643	218.6643	0.4382865	0.459604	0.483258	0.0226073	0.0345307	1.148077	2.142392
28974	-1235.381	-1453.898	218.5161	0.4937143	0.434294	0.505892	0.0236662	0.036148	1.243186	2.142392
28980	-1230.426	-1449.786	219.3599	0.3574933	0.41475	0.53716	0.0411337	0.00695577	1.406039	1.531094
28986	-1235.127	-1454.168	219.0416	0.3947695	0.5107	0.4515	0.0276249	0.0101752	1.394298	1.747926
28992	-1232.493	-1451.712	219.2188	0.4648879	0.320743	0.583719	0.0686466	0.0268911	1.345545	1.611546
28998	-1236.738	-1455.928	219.1902	0.6422683	0.398758	0.591712	0.00606481	0.00346537	1.498527	1.381541
29004	-1243.423	-1462.926	219.5021	0.3705364	0.329673	0.659702	0.00676168	0.00386355	1.231419	1.548004
29010	-1238.643	-1457.799	219.1563	0.5307954	0.373112	0.617078	0.00667995	0.00313018	1.168485	1.735768
29016	-1243.897	-1462.946	219.0489	0.4220479	0.522658	0.46259	0.0131352	0.00161666	1.27663	1.80842
29022	-1238.86	-1457.739	218.879	0.3633292	0.517191	0.447137	0.0335887	0.00208248	1.22996	1.988058
29028	-1238.381	-1457.208	218.8269	0.2791011	0.560743	0.424894	0.0115839	0.0027786	0.9657292	2.225118
29034	-1234.237	-1451.993	217.7567	0.3024677	0.556396	0.430448	0.0106111	0.00254526	0.9854875	2.874096
29040	-1241.994	-1460.006	218.0129	0.5467412	0.599071	0.366302	0.00907413	0.0255524	0.9698826	2.600799
29046	-1243.504	-1461.492	217.9873	0.3473326	0.445191	0.517857	0.000645538	0.0363062	0.806455	2.82739
29052	-1233.109	-1450.469	217.36	0.4672123	0.4297	0.534751	0.000506299	0.0350428	0.8836608	3.097483
29058	-1234.623	-1453.494	218.8717	0.3972569	0.281345	0.673489	0.000331498	0.044835	1.037228	2.102834
29064	-1232.451	-1451.245	218.7939	0.3787783	0.46386	0.512337	0.00037397	0.0234296	0.8864204	2.260792
29070	-1225.999	-1443.879	217.8804	0.3339132	0.469045	0.518064	0.000259348	0.0126313	0.6889654	2.968201
29076	-1238.044	-1454.489	216.4455	0.6927599	0.410833	0.577127	0.000976601	0.0110636	0.6482076	3.636176
29082	-1224.769	-1442.983	218.2141	0.3051615	0.382326	0.569876	0.00137543	0.046423	0.8816717	2.657527
29088	-1225.815	-1443.682	217.867	0.4220749	0.391318	0.58328	0.00264805	0.0227536	0.8118923	2.861062
29094	-1228.707	-1446.197	217.4903	0.4110069	0.412428	0.541418	0.00507524	0.0410787	0.8161447	3.090752
29100	-1229.55	-1447.176	217.6261	0.4140009	0.455944	0.513068	0.00144924	0.0295387	0.8396706	2.993905
29106	-1235.431	-1453.679	218.2484	0.4433637	0.427072	0.548359	0.000284486	0.0242842	1.031428	2.479361
29112	-1222.843	-1441.825	218.9827	0.3128056	0.467936	0.468253	0.000303558	0.063508	1.149951	1.993456
29118	-1212.689	-1431.377	218.6878	0.2785381	0.408088	0.520922	0.000337702	0.0706515	0.9999803	2.292508
29124	-1223.11	-1441.958	218.848	0.2361205	0.529733	0.398123	0.000110718	0.0720333	1.049303	2.158889
29130	-1229.035	-1447.721	218.6863	0.3459916	0.527153	0.450562	0.000110178	0.0221747	1.098805	2.208729
29136	-1218.232	-1436.503	218.2706	0.4681765	0.363381	0.595531	0.000138486	0.0409491	1.045017	2.442207
29142	-1217.851	-1436.96	219.1091	0.4399416	0.363981	0.622897	0.000258599	0.0128633	1.024294	1.928502
29148	-1213.31	-1431.997	218.6866	0.3422519	0.367103	0.630748	0.000261858	0.00188631	1.123236	2.194296
29154	-1206.876	-1425.59	218.7141	0.2637545	0.500181	0.495062	0.00053861	0.00421746	1.135135	2.190493
29160	-1221.717	-1440.573	218.8559	0.2758214	0.472518	0.508632	0.00076622	0.0180836	0.9654557	2.207114
29166	-1225.639	-1445.102	219.4635	0.2959725	0.459625	0.494754	0.00480982	0.0408113	1.114905	1.692573
29172	-1219.048	-1437.508	218.4592	0.3480272	0.447606	0.508176	0.00356092	0.0406565	1.241351	2.262256
29178	-1224.009	-1441.755	217.7457	0.3499535	0.457583	0.528242	0.00418829	0.00998629	0.7003045	3.035983
29184	-1225.341	-1443.332	217.9916	0.3499535	0.407369	0.542466	0.0369591	0.0132061	0.797003	2.829442
29190	-1230.419	-1447.935	217.5158	0.3054912	0.1663	0.796242	0.0166978	0.0207604	0.8667897	3.089297
29196	-1233.932	-1452.144	218.2121	0.2913491	0.16327	0.747715	0.00247672	0.0865384	0.9652317	2.610668
29202	-1227.803	-1446.104	218.3011	0.3861185	0.14671	0.694453	0.00869054	0.150147	0.8641495	2.58184
29208	-1231.353	-1448.665	217.3128	0.3124326	0.0680331	0.808158	0.0458805	0.0779287	0.9456284	3.161213
29214	-1238.698	-1457.222	218.5242	0.2747011	0.116347	0.780205	0.0440055	0.0594431	1.07987	2.346457
29220	-1238.527	-1458.376	219.8492	0.1966756	0.119106	0.803542	0.0161166	0.0612354	1.363694	1.195218
29226	-1242.426	-1461.991	219.5651	0.359197	0.207569	0.5224	0.0853277	0.184703	1.383965	1.390937
29232	-1243.062	-1462.918	219.856	0.359197	0.463173	0.376537	0.0325947	0.127695	1.553969	0.9909154
29238	-1252.946	-1473.015	220.0688	0.2300547	0.65305	0.219248	0.0259681	0.101734	1.470798	0.8989446
29244	-1235.664	-1455.422	219.7575	0.2458686	0.546435	0.344164	0.0305827	0.0788183	1.686421	1.002846
29250	-1228.505	-1448.37	219.865	0.2458686	0.688241	0.197976	0.0145106	0.0992725	1.5789	1.002846
29256	-1231.063	-1450.683	219.6203	0.203234	0.756664	0.157596	0.0121961	0.0735439	1.328918	1.413766
29262	-1242.639	-1461.567	218.9276	0.4082716	0.46695	0.441314	0.00446659	0.0872701	1.175062	1.968167
29268	-1242.973	-1462.188	219.2147	0.2893384	0.339369	0.579339	0.0278678	0.0534245	1.220508	1.794707
29274	-1241.621	-1460.139	218.5178	0.305279	0.373132	0.533656	0.0344719	0.0587396	1.134724	2.308789
29280	-1223.928	-1443.252	219.3243	0.305279	0.521801	0.426727	0.0448037	0.00666833	1.239867	1.699832
29286	-1229.408	-1448.923	219.5155	0.3570198	0.564433	0.365202	0.0588935	0.0114717	1.359826	1.44903
29292	-1227.634	-1447.228	219.5937	0.3009841	0.522928	0.423555	0.0512436	0.00227363	1.392122	1.388984
29298	-1227.261	-1447.07	219.8091	0.2762201	0.490634	0.445271	0.0373258	0.0267697	1.29111	1.304823
29304	-1228.007	-1447.277	219.2697	0.3625264	0.510954	0.40907	0.0520981	0.0278784	1.198371	1.743059
29310	-1229.558	-1448.531	218.9734	0.4953501	0.393931	0.505155	0.0649623	0.0359511	1.234351	1.841739
29316	-1234.777	-1453.337	218.5594	0.5746249	0.422534	0.451478	0.0924223	0.0335653	1.160886	2.113971
29322	-1232.244	-1451.058	218.8144	0.5821455	0.403786	0.517398	0.0615751	0.0172409	1.189756	1.920007
29328	-1222.368	-1441.526	219.1581	0.3166581	0.465233	0.486547	0.00938677	0.0388338	0.9376204	2.016762
29334	-1223.79	-1442.303	218.5128	0.2806692	0.477903	0.485695	0.0132898	0.0231119	0.8994406	2.466607
29340	-1229.798	-1447.394	217.5959	0.2713277	0.52933	0.427057	0.0213691	0.0222443	0.8021846	3.086998
29346	-1230.309	-1448.087	217.7786	0.3078692	0.531598	0.428887	0.0214607	0.018054	0.920554	2.898615
29352	-1221.779	-1440.64	218.8613	0.3078692	0.555708	0.403898	0.00631871	0.0340749	1.154031	2.072849
29358	-1223.637	-1441.979	218.3424	0.2928155	0.473152	0.467447	0.00823321	0.0511687	1.032587	2.487389
29364	-1225.005	-1443.17	218.1652	0.3549625	0.483825	0.477991	0.0215378	0.0166463	0.9900878	2.602567
29370	-1226.706	-1444.476	217.7694	0.3519495	0.360111	0.616372	0.0169223	0.0065941	0.954352	2.86793
29376	-1227.592	-1446.856	219.2632	0.3000894	0.491986	0.489344	0.0134348	0.00523512	1.490893	1.564587
29382	-1241.319	-1460.974	219.6552	0.3000894	0.499897	0.482274	0.00855456	0.00927383	1.534494	1.224071
29388	-1246.051	-1465.754	219.7028	0.2554068	0.64003	0.297419	0.011931	0.0506194	1.579014	1.154269
29394	-1250.181	-1470.177	219.996	0.2612455	0.655508	0.309067	0.0165483	0.0188768	1.609829	0.8227572
29400	-1240.829	-1460.656	219.8272	0.2989486	0.6769	0.275949	0.0100575	0.037094	1.878611	0.6490186
29406	-1237.533	-1457.428	219.8945	0.2242931	0.502615	0.298282	0.0252709	0.173832	1.814615	0.6548859
29412	-1239.672	-1459.193	219.5209	0.3221618	0.460959	0.464606	0.0363287	0.0381066	1.376342	1.449314
29418	-1226.575	-1445.731	219.1562	0.4071869	0.447768	0.453813	0.0642329	0.0341856	1.125859	1.847225
29424	-1230.346	-1448.524	218.1786	0.3827296	0.263922	0.646346	0.085145	0.004587	1.078421	2.526444
29430	-1236.445	-1454.762	218.3165	0.3874703	0.458118	0.461837	0.0761824	0.00386274	0.9052493	2.546076
29436	-1238.786	-1457.458	218.6723	0.5645398	0.444969	0.453246	0.0574605	0.0443252	0.9527978	2.182853
29442	-1232.482	-1451.19	218.708	0.4341364	0.391149	0.475093	0.097588	0.0361703	1.045939	2.182853
29448	-1224.403	-1442.933	218.5302	0.2566451	0.602569	0.274079	0.0724896	0.050863	1.082647	2.342622
29454	-1232.447	-1451.742	219.2947	0.3019043	0.628367	0.249815	0.0660722	0.0557463	0.9735738	1.905693
29460	-1233.56	-1452.862	219.302	0.2984413	0.644326	0.25616	0.088054	0.0114598	1.282514	1.68756
29466	-1227.309	-1446.505	219.1963	0.2901465	0.672662	0.239632	0.0823726	0.00533315	1.159398	1.849307
29472	-1231.92	-1450.934	219.0149	0.4217677	0.423945	0.397775	0.163372	0.0149071	1.240934	1.856504
29478	-1228.927	-1447.961	219.0341	0.334673	0.429025	0.402542	0.16533	0.00310349	1.126603	1.966473
29484	-1222.368	-1440.72	218.3523	0.4581319	0.505145	0.403613	0.0895613	0.0016812	1.089459	2.368627
29490	-1224.932	-1444.351	219.4195	0.2800524	0.730484	0.24074	0.0252452	0.00353131	1.408032	1.515439
29496	-1220.668	-1440.548	219.8792	0.4335265	0.632219	0.333629	0.0310952	0.00305628	1.587118	0.8628954
29502	-1220.87	-1440.649	219.7794	0.465979	0.405585	0.519014	0.0686532	0.00674777	1.815518	0.6098478
29508	-1224.886	-1444.67	219.7842	0.3261954	0.621771	0.300597	0.0672881	0.0103445	1.943523	0.5289583
29514	-1224.846	-1444.56	219.714	0.3316235	0.625329	0.302317	0.0676732	0.00468034	2.011464	0.4820587
29520	-1208.932	-1428.799	219.8677	0.2816789	0.600022	0.329186	0.065695	0.00509632	1.871409	0.5742444
29526	-1223.248	-1443.117	219.8688	0.2774381	0.497907	0.440524	0.0545146	0.00705402	1.871409	0.5742444
29532	-1220.712	-1440.556	219.844	0.2774381	0.542782	0.318325	0.0704301	0.0684624	1.856661	0.6744142
29538	-1223.097	-1443.095	219.9975	0.2216428	0.74935	0.194489	0.0284785	0.0276828	1.666704	0.7335071
29544	-1209.993	-1429.932	219.939	0.2216428	0.758058	0.196823	0.0288494	0.0162691	1.702051	0.7682166
29550	-1210.539	-1430.501	219.9626	0.2216428	0.74713	0.211635	0.0333196	0.00791577	1.68903	0.7526411
29556	-1212.765	-1432.585	219.8206	0.2216428	0.741412	0.219947	0.0350776	0.00356339	1.812905	0.778807
29562	-1230.565	-1450.427	219.8616	0.2836555	0.50115	0.461856	0.0335826	0.00341151	1.723308	0.842952
29568	-1225.11	-1444.75	219.64	0.2510701	0.702079	0.278937	0.017713	0.00127107	1.442044	1.322046
29574	-1209.986	-1429.323	219.3373	0.4295425	0.608935	0.317256	0.0731368	0.000672839	1.346493	1.548244
29580	-1213.634	-1433.381	219.7475	0.3276787	0.45071	0.484527	0.0641718	0.000590364	1.32901	1.306049
29586	-1219.069	-1438.795	219.7262	0.4713635	0.534619	0.414892	0.0495002	0.000988254	1.636248	0.9396556
29592	-1211.413	-1430.948	219.5346	0.4713635	0.522596	0.420619	0.0512866	0.00549856	1.402385	1.323759
29598	-1217.832	-1436.95	219.118	0.5108242	0.525066	0.422607	0.0442718	0.00805492	1.120307	1.81009
29604	-1226.582	-1446.064	219.4825	0.4066611	0.568129	0.28884	0.0917157	0.0513153	1.160941	1.592655
29610	-1222.701	-1442.342	219.6409	0.3343097	0.478679	0.410754	0.0674174	0.0431496	1.106563	1.556202
29616	-1222.831	-1442.102	219.2712	0.3604838	0.431396	0.471547	0.051397	0.0456601	1.234569	1.717611
29622	-1220.815	-1439.325	218.5099	0.4176753	0.338354	0.619543	0.0222961	0.0198074	1.116622	2.274487
29628	-1227.806	-1447.006	219.1997	0.3245474	0.383073	0.564779	0.0297221	0.0224253	1.109898	1.869804
29634	-1228.831	-1447.806	218.9743	0.3929394	0.436884	0.539182	0.00618963	0.0177445	1.062699	2.020593
29640	-1231.409	-1449.771	218.3621	0.413944	0.288421	0.607681	0.0539922	0.0499056	1.210403	2.311141
29646	-1235.608	-1454.744	219.1363	0.2616976	0.448497	0.479693	0.00513907	0.0666711	1.117356	1.923383
29652	-1219.795	-1438.771	218.9755	0.2592305	0.596083	0.364573	0.00390576	0.0354384	1.131919	2.021498
29658	-1224.936	-1444.637	219.7005	0.2430563	0.438127	0.507143	0.00543315	0.049297	1.295733	1.389697
29664	-1223.583	-1443.152	219.569	0.2618478	0.582143	0.359049	0.0092962	0.0495118	1.333273	1.461934
29670	-1224.03	-1443.553	219.5232	0.3415663	0.363067	0.569198	0.0421929	0.0255423	1.455793	1.376967
29676	-1232.632	-1452.591	219.9583	0.281688	0.364256	0.526075	0.0423311	0.0673386	1.37978	1.099569
29682	-1234.6	-1454.385	219.785	0.2838801	0.53729	0.339431	0.0475839	0.0756946	1.453256	1.187664
29688	-1228.916	-1448.614	219.698	0.4198462	0.450983	0.394863	0.0864551	0.0676983	1.453044	1.185501
29694	-1233.993	-1452.736	218.7425	0.4433157	0.296406	0.658708	0.0420923	0.00279455	0.9922174	2.189878
29700	-1228.273	-1447.543	219.2703	0.6695949	0.345568	0.60142	0.0512493	0.00176216	1.297814	1.452378
29706	-1233.311	-1451.844	218.5332	0.6057872	0.466862	0.486203	0.0453748	0.00156017	1.066206	2.171567
29712	-1245.917	-1465.796	219.879	0.2657611	0.378264	0.418646	0.0889189	0.114172	1.768577	0.7655592
29718	-1249.791	-1469.746	219.9555	0.2657611	0.466182	0.387815	0.0860861	0.0599166	1.765148	0.6375128
29724	-1244.426	-1459.695	215.2687	1.199154	0.498708	0.386795	0.11047	0.00402681	0.8104795	3.925847
29730	-1231.137	-1451.048	219.9103	0.3249306	0.344127	0.494256	0.064669	0.0969479	1.545061	0.9672757
29736	-1237.168	-1457.018	219.8499	0.2622414	0.298206	0.616652	0.0386217	0.0465209	1.7243	0.8615783
29742	-1231.577	-1451.303	219.7258	0.2262286	0.446866	0.428158	0.0793615	0.0456146	1.844922	0.8615783
29748	-1231.35	-1451.338	219.9879	0.2126777	0.567723	0.358051	0.0351781	0.0390475	1.501938	0.9453418
29754	-1228.244	-1448.094	219.8495	0.2741758	0.567723	0.358051	0.0351781	0.0390475	1.558441	1.035712
29760	-1222.539	-1441.987	219.4476	0.2142411	0.608414	0.340246	0.0237382	0.0276019	1.252612	1.605348
29766	-1222.926	-1442.395	219.4688	0.2049989	0.752347	0.181617	0.0376411	0.0283946	1.225615	1.605348
29772	-1222.944	-1441.713	218.7696	0.1997368	0.66725	0.271498	0.0106539	0.0505984	1.069097	2.185358
29778	-1223.661	-1441.439	217.7784	0.2319947	0.620907	0.293254	0.0439333	0.0419055	0.9356668	2.89712
29784	-1233.007	-1450.848	217.8406	0.2272232	0.735551	0.214088	0.0197676	0.0305928	0.8585517	2.905289
29790	-1228.394	-1446.515	218.1203	0.3520192	0.188185	0.674939	0.0494046	0.0874709	0.976066	2.640278
29796	-1228.355	-1447.488	219.1334	0.2590241	0.364607	0.522978	0.0475659	0.0648493	1.063484	1.961804
29802	-1218.268	-1437.647	219.3786	0.2313855	0.652625	0.287943	0.00650566	0.0529262	1.229363	1.67659
29808	-1215.047	-1434.263	219.2158	0.2313855	0.582372	0.355984	0.00674777	0.0548959	1.130055	1.859382
29814	-1207.746	-1426.789	219.0432	0.2444442	0.67029	0.297117	0.0137178	0.0188758	1.229732	1.910555
29820	-1217.445	-1436.782	219.337	0.2361638	0.525959	0.350674	0.0480172	0.0753501	1.207101	1.722591
29826	-1216.842	-1436.386	219.5445	0.2281419	0.56058	0.398297	0.0052958	0.0358277	1.273468	1.523159
29832	-1230.866	-1450.139	219.2731	0.2411066	0.627684	0.326798	0.0124759	0.0330426	1.272411	1.722183
29838	-1225.102	-1444.705	219.6027	0.2572953	0.436893	0.529694	0.0157797	0.0176328	1.388446	1.393796
29844	-1233.668	-1453.2	219.5321	0.2578377	0.344835	0.583915	0.0336493	0.037601	1.459051	1.393796
29850	-1246.573	-1465.905	219.3318	0.2461926	0.355328	0.561323	0.0260635	0.0572858	1.248577	1.697912
29856	-1245.08	-1464.399	219.3187	0.3430639	0.410498	0.466138	0.00377157	0.119592	1.226952	1.697912
29862	-1237.586	-1456.229	218.6429	0.2812988	0.578883	0.299067	0.00337254	0.118677	1.134367	2.234612
29868	-1239.042	-1457.977	218.9352	0.2370254	0.548074	0.258844	0.0148403	0.178241	0.8120289	2.256001
29874	-1234.464	-1452.684	218.2202	0.2224725	0.535559	0.343694	0.0147264	0.106021	0.9331598	2.626969
29880	-1238.994	-1457.427	218.4328	0.2224725	0.604868	0.266702	0.00884372	0.119585	1.044397	2.425059
29886	-1236.34	-1455.644	219.304	0.2334971	0.588466	0.258168	0.0370235	0.116343	1.055567	1.850379
29892	-1235.844	-1455.001	219.1571	0.3185244	0.405884	0.530823	0.0210492	0.0422438	1.184281	1.850379
29898	-1222.251	-1440.182	217.9312	0.3113084	0.44093	0.440682	0.0587549	0.0596331	1.131659	2.675925
29904	-1212.021	-1430.465	218.4445	0.2763068	0.503577	0.451395	0.0209798	0.0240482	1.132719	2.363266
29910	-1212.639	-1430.77	218.1309	0.2251083	0.548697	0.402299	0.0236183	0.0253857	1.036179	2.61909
29916	-1211.415	-1430.616	219.2012	0.2895636	0.501108	0.450933	0.0276827	0.020276	1.073571	1.904627
29922	-1221.627	-1440.272	218.6453	0.221228	0.442573	0.479151	0.0563674	0.0219089	1.321295	2.110672
29928	-1220.276	-1438.759	218.4839	0.505605	0.529977	0.433251	0.0225166	0.0142552	1.059947	2.27402
29934	-1217.701	-1436.756	219.0549	0.3136799	0.572258	0.37713	0.0309909	0.0196202	1.283927	1.853823
29940	-1225.334	-1445.17	219.836	0.2396212	0.581715	0.382336	0.0220129	0.0139363	1.570662	1.03873
29946	-1231.635	-1451.366	219.7309	0.4738674	0.575376	0.32337	0.0395841	0.06167	1.610229	0.9596755
29952	-1216.989	-1436.818	219.829	0.1940524	0.731488	0.207482	0.00911514	0.0519149	1.359971	1.213559
29958	-1222.624	-1441.903	219.2794	0.2242244	0.765261	0.182926	0.00604184	0.0457707	1.22412	1.748789
29964	-1239.478	-1458.261	218.7828	0.2467498	0.714305	0.180774	0.0127586	0.0921616	1.351186	2.003977
29970	-1228.715	-1448.315	219.6004	0.2423825	0.605166	0.329658	0.0114247	0.053751	1.266163	1.488949
29976	-1227.992	-1447.534	219.5418	0.2423825	0.637353	0.276602	0.00927443	0.0767708	1.518891	1.338735
29982	-1232.151	-1451.857	219.706	0.2180008	0.524941	0.321901	0.0179749	0.135183	1.631851	1.097195
29988	-1237.466	-1457.308	219.8412	0.2069649	0.581893	0.356824	0.0246076	0.0366757	1.74887	0.8258843
29994	-1227.566	-1447.509	219.943	0.254554	0.593761	0.3678	0.0251094	0.0133299	1.634976	0.8576732
30000	-1239.334	-1459.324	219.9901	0.2161432	0.613521	0.345755	0.0178549	0.022869	1.676292	0.7259226
30006	-1237.688	-1457.54	219.8527	0.1993043	0.734199	0.212653	0.0188924	0.034256	1.74665	0.8063446
30012	-1230.939	-1450.748	219.8096	0.2285079	0.618635	0.280325	0.0115059	0.0895335	1.805108	0.8076311
30018	-1227.97	-1447.75	219.7799	0.3131854	0.550016	0.351212	0.0789374	0.0198344	1.63623	1.013323
30024	-1239.658	-1459.134	219.4758	0.2680225	0.494469	0.315742	0.0709654	0.118823	1.586801	1.336408
30030	-1234.047	-1453.892	219.8457	0.2497636	0.62742	0.262263	0.0412496	0.0690674	1.2789	1.287477
30036	-1228.137	-1447.817	219.6798	0.2497636	0.713639	0.259436	0.0207778	0.00614694	1.529273	1.217215
30042	-1218.013	-1437.793	219.7799	0.3535916	0.348552	0.6263	0.018797	0.00635088	1.474286	1.141514
30048	-1216.793	-1436.568	219.7751	0.312574	0.367271	0.604126	0.024115	0.00448786	1.459293	1.180788
30054	-1224.748	-1443.802	219.054	0.3725902	0.529809	0.458207	0.00838767	0.00359615	1.146521	1.921887
30060	-1231.249	-1449.435	218.1862	0.5006974	0.337364	0.628874	0.0101167	0.0236447	1.116453	2.430328
30066	-1228.951	-1447.522	218.5713	0.4216787	0.373889	0.598439	0.0142531	0.013419	1.186487	2.187608
30072	-1223.791	-1443.058	219.2671	0.3683378	0.555856	0.429229	0.00470469	0.0102101	1.280196	1.684055
30078	-1230.144	-1449.124	218.9801	0.3220516	0.401366	0.578531	0.00634115	0.0137616	1.311144	1.883302
30084	-1235.559	-1454.713	219.1539	0.2941586	0.37753	0.581916	0.00609175	0.0344626	1.273099	1.799204
30090	-1231.021	-1450.06	219.0391	0.2338116	0.790131	0.18367	0.00644611	0.0197526	1.389081	1.803183
30096	-1218.68	-1438.192	219.5127	0.2338116	0.786949	0.18293	0.00642014	0.023701	1.406476	1.448019
30102	-1219.749	-1439.05	219.3007	0.2446664	0.685303	0.289271	0.00888733	0.0165382	1.044964	1.861052
30108	-1215.869	-1434.757	218.889	0.2561181	0.560518	0.417106	0.00782138	0.0145546	1.054744	2.129486
30114	-1220.539	-1439.784	219.245	0.2594996	0.448647	0.498763	0.00396774	0.0486224	1.22869	1.77266
30120	-1216.259	-1435.646	219.3878	0.2594996	0.645284	0.287846	0.00504506	0.0618243	1.305642	1.616807
30126	-1225.48	-1444.174	218.6937	0.2435119	0.617999	0.296338	0.00152246	0.0841411	1.198998	2.162602
30132	-1225.695	-1444.662	218.9674	0.2435119	0.517261	0.43175	0.00204452	0.0489437	1.212473	1.973125
30138	-1226.679	-1445.372	218.6925	0.2285569	0.621441	0.335627	0.00058072	0.0423508	1.077977	2.239758
30144	-1220.07	-1438.325	218.2545	0.3130515	0.472109	0.494549	0.000841177	0.0325008	1.058148	2.520737
30150	-1212.893	-1431.234	218.3413	0.4208556	0.480797	0.482295	0.000856656	0.036051	1.120066	2.377899
30156	-1228.962	-1447.774	218.8125	0.3510371	0.27891	0.678112	0.00425787	0.0387202	1.085443	2.133175
30162	-1228.2	-1447.35	219.1504	0.3401791	0.422736	0.489203	0.00432673	0.0837339	1.282883	1.778072
30168	-1225.932	-1445.52	219.5878	0.2309251	0.540227	0.442446	0.0091895	0.00813748	1.332492	1.446618
30174	-1227.712	-1447.473	219.7602	0.2551675	0.585619	0.367951	0.0311266	0.0153029	1.372329	1.280957
30180	-1220.201	-1438.434	218.2322	0.2695879	0.686109	0.295868	0.0148296	0.00319332	1.266043	2.414128
30186	-1214.65	-1433.006	218.3563	0.3939636	0.465884	0.481987	0.0404977	0.0116314	1.018456	2.44704
30192	-1219.532	-1437.857	218.3254	0.3638103	0.343795	0.589303	0.0644392	0.00246241	1.06778	2.450283
30198	-1233.139	-1451.774	218.6349	0.3208435	0.5827	0.359972	0.0369505	0.0203785	1.017149	2.304019
30204	-1240.193	-1459.402	219.2083	0.2876725	0.345614	0.579482	0.0488702	0.0260336	1.278156	1.759459
30210	-1226.797	-1445.805	219.0074	0.2538392	0.469126	0.445413	0.0147169	0.0707432	1.16238	1.980115
30216	-1217.7	-1437.21	219.5097	0.2538392	0.524684	0.405997	0.00483584	0.0644829	1.274772	1.550513
30222	-1214.684	-1434.24	219.5565	0.2434313	0.545013	0.381652	0.012718	0.0606163	1.27532	1.515069
30228	-1216.772	-1436.567	219.7951	0.2368964	0.68623	0.257628	0.0225648	0.0335775	1.293515	1.315686
30234	-1216.737	-1436.201	219.4635	0.230441	0.648439	0.309525	0.0294837	0.0125521	1.198632	1.637654
30240	-1229.172	-1447.435	218.2631	0.2980614	0.345096	0.568834	0.0318036	0.0542658	1.198632	2.431684
30246	-1221.504	-1440.421	218.917	0.3633615	0.519081	0.475177	0.00174811	0.00399399	1.044664	2.085693
30252	-1217.99	-1435.968	217.9786	0.4807969	0.494885	0.488877	0.00432372	0.0119147	0.992262	2.649109
30258	-1215.288	-1433.755	218.4667	0.4082478	0.423319	0.491443	0.019942	0.0652965	1.033937	2.360004
30264	-1223.292	-1442.049	218.7579	0.342507	0.354761	0.578466	0.014044	0.0527288	1.255789	2.060931
30270	-1221.377	-1439.985	218.6078	0.3397685	0.382248	0.579234	0.0105809	0.0279369	1.231007	2.176525
30276	-1223.257	-1440.556	217.299	0.2323876	0.425328	0.484173	0.0238728	0.0666263	0.9198142	3.19348
30282	-1218.827	-1436.131	217.3046	0.3612981	0.418369	0.513026	0.0200111	0.0485939	0.9912042	3.120889
30288	-1213.88	-1431.868	217.9886	0.436986	0.367536	0.613292	0.0090625	0.0101093	0.9928224	2.668184
30294	-1216.405	-1434.787	218.3823	0.3101227	0.25753	0.679973	0.0559411	0.00655653	0.9878098	2.485758
30300	-1212.462	-1430.342	217.8797	0.530562	0.564575	0.376257	0.0543436	0.00482398	1.213841	2.542309
30306	-1210.976	-1429.869	218.8926	0.3801622	0.602339	0.352026	0.0402838	0.00535109	1.226334	1.972836
30312	-1215.669	-1434.287	218.6174	0.3776832	0.577248	0.373888	0.0386057	0.0102582	0.8858223	2.374242
30318	-1221.206	-1439.713	218.5078	0.30868	0.619558	0.252769	0.0557641	0.0719085	1.079498	2.349296
30324	-1214.914	-1434.104	219.1905	0.2672337	0.5307	0.351589	0.0775649	0.040146	1.11429	1.888253
30330	-1234.947	-1453.692	218.7453	0.317368	0.4903	0.404664	0.0616769	0.0433589	0.9471896	2.279373
30336	-1224.597	-1442.889	218.292	0.4284259	0.474658	0.411758	0.109852	0.00373189	1.062484	2.441091
30342	-1228.656	-1447.385	218.7286	0.3504112	0.34306	0.516524	0.137802	0.00261304	1.044847	2.214271
30348	-1219.354	-1438.048	218.6942	0.3017505	0.48667	0.38937	0.11727	0.00669038	1.068445	2.239215
30354	-1228.058	-1445.048	216.9906	0.4803923	0.326262	0.480226	0.144633	0.0488784	1.194483	3.124783
30360	-1218.142	-1436.742	218.5996	0.3708532	0.356926	0.525361	0.0642405	0.0534723	1.071171	2.270853
30366	-1229.124	-1446.423	217.2994	0.3717526	0.391966	0.461427	0.0979034	0.0487032	0.9030154	3.171745
30372	-1230.168	-1448.321	218.1535	0.3118648	0.46173	0.380526	0.0735394	0.0842051	1.061465	2.581875
30378	-1228.48	-1446.905	218.4257	0.2946996	0.430887	0.390789	0.0918479	0.0864763	1.240921	2.302653
30384	-1224.697	-1442.893	218.196	0.2573354	0.452452	0.410347	0.0964447	0.0407566	1.010821	2.597159
30390	-1224.085	-1442.998	218.9126	0.2767288	0.645701	0.248371	0.0763958	0.0295329	0.9948769	2.151081
30396	-1226.843	-1446.019	219.1762	0.2767288	0.48256	0.455401	0.0570939	0.00494506	1.110102	1.899444
30402	-1227.918	-1447.193	219.2752	0.3321296	0.604454	0.320419	0.0666767	0.00844996	1.256837	1.712418
30408	-1228.571	-1448.211	219.6397	0.2904116	0.604454	0.320419	0.0666767	0.00844996	1.276546	1.446031
30414	-1211.501	-1431.374	219.8728	0.2904116	0.616944	0.342416	0.0202185	0.0204212	1.607427	0.9583396
30420	-1222.501	-1442.159	219.6588	0.2722578	0.604179	0.336021	0.0387854	0.0210144	1.556596	1.209921
30426	-1229.245	-1448.625	219.3802	0.2767856	0.524662	0.403525	0.046577	0.025236	1.24656	1.662631
30432	-1221.173	-1440.556	219.3831	0.2767856	0.532712	0.314017	0.0472916	0.10598	1.420438	1.533947
30438	-1226.028	-1445.235	219.2074	0.3362455	0.593119	0.343173	0.0516826	0.0120256	1.16432	1.822431
30444	-1218.446	-1437.316	218.8701	0.3366004	0.48729	0.436916	0.061487	0.0143069	1.200396	2.025822
30450	-1226.354	-1445.648	219.294	0.4834141	0.533468	0.426756	0.0182297	0.0215455	1.390073	1.510252
30456	-1218.818	-1437.742	218.9244	0.2816938	0.503166	0.463438	0.0187652	0.014631	0.9760833	2.15473
30462	-1216.84	-1435.235	218.3952	0.3515702	0.291018	0.574204	0.0722302	0.0625473	0.9703574	2.473119
30468	-1230.451	-1448.042	217.5913	0.4541801	0.387319	0.556076	0.0496565	0.0069485	0.9796222	2.908598
30474	-1233.394	-1451.318	217.9248	0.3798553	0.395026	0.567141	0.0359537	0.00187942	1.077607	2.68542
30480	-1218.13	-1436.15	218.0198	0.3774267	0.469024	0.492781	0.0378131	0.000382239	0.9844462	2.68542
30486	-1223.79	-1441.688	217.8978	0.3365536	0.486189	0.458628	0.0523076	0.00287514	1.135421	2.68542
30492	-1236.87	-1454.722	217.8527	0.2556219	0.548223	0.401807	0.045827	0.00414372	0.9112402	2.868306
30498	-1227.845	-1446.516	218.6709	0.3255219	0.573837	0.29832	0.117242	0.0106011	0.8037114	2.414958
30504	-1223.703	-1441.567	217.8641	0.3230166	0.491152	0.46563	0.029377	0.0138406	0.9118811	2.847322
30510	-1229.137	-1446.951	217.8147	0.3781234	0.512202	0.367898	0.0646892	0.0552104	0.9839691	2.810761
30516	-1234.171	-1452.82	218.6489	0.5240445	0.408099	0.468253	0.0808075	0.0428397	1.17058	2.083056
30522	-1260.309	-1478.733	218.4242	0.5851118	0.534659	0.383251	0.0716229	0.0104669	1.0781	2.248329
30528	-1248.835	-1466.865	218.0297	0.3763358	0.472076	0.384455	0.0607373	0.0827319	1.025609	2.654548
30534	-1252.984	-1470.844	217.8601	0.3613882	0.277767	0.485153	0.135374	0.101707	1.021033	2.768203
30540	-1252.967	-1471.408	218.4407	0.4504642	0.42541	0.468446	0.0783542	0.0277903	0.9765511	2.388685
30546	-1248.089	-1466.315	218.2259	0.3407579	0.353419	0.549175	0.0714858	0.0259199	1.038786	2.540624
30552	-1227.682	-1446.25	218.5676	0.3407579	0.496451	0.446359	0.0401821	0.0170085	1.20563	2.218607
30558	-1234.764	-1454.186	219.4219	0.4112913	0.424909	0.513579	0.0509055	0.0106064	1.274971	1.550558
30564	-1242.31	-1461.421	219.1114	0.509092	0.363171	0.54724	0.0718938	0.0176955	1.350443	1.654115
30570	-1239.076	-1458.387	219.3104	0.3065641	0.350513	0.529833	0.0783709	0.0412828	1.177858	1.7529
30576	-1243.522	-1463.057	219.5351	0.3367624	0.269879	0.520994	0.0539408	0.155186	1.36524	1.440319
30582	-1232.784	-1452.558	219.774	0.2277899	0.584825	0.294071	0.0216374	0.0994673	1.323151	1.306921
30588	-1229.746	-1449.189	219.4431	0.3110511	0.510452	0.407794	0.0204203	0.0613343	1.537848	1.389206
30594	-1214.507	-1434.238	219.7308	0.251999	0.570076	0.391645	0.00939962	0.0288793	1.456227	1.235804
30600	-1219.99	-1439.619	219.6287	0.4057159	0.305167	0.632759	0.0210764	0.0409978	1.735945	0.9994492
30606	-1224.717	-1444.653	219.9359	0.2551356	0.31979	0.613767	0.0220863	0.0443565	1.612697	0.8919423
30612	-1213.203	-1433.119	219.9159	0.2582036	0.523832	0.451928	0.0239512	0.000288323	1.526886	1.00384
30618	-1207.74	-1427.643	219.9035	0.3482557	0.493704	0.482552	0.0225737	0.00117059	1.56518	0.937895
30624	-1207.654	-1427.576	219.922	0.2617895	0.557026	0.41794	0.0228018	0.00223155	1.712209	0.7851584
30630	-1221.193	-1441.145	219.9526	0.224276	0.582675	0.394876	0.0215434	0.000905245	1.752917	0.6623971
30636	-1230.236	-1449.99	219.7536	0.2192153	0.499602	0.376893	0.0164169	0.107088	1.845547	0.8231909
30642	-1228.322	-1448.219	219.8966	0.2607591	0.640862	0.316497	0.0125809	0.0300604	1.63495	0.9106521
30648	-1231.775	-1451.578	219.803	0.2687839	0.644409	0.334238	0.00532696	0.0160258	1.691913	0.9490966
30654	-1235.65	-1455.046	219.3966	0.244408	0.56492	0.331383	0.0103712	0.0933265	1.357517	1.572635
30660	-1224.076	-1443.205	219.129	0.2392846	0.584355	0.342783	0.010728	0.0621336	1.272533	1.822296
30666	-1224.838	-1443.78	218.9418	0.3092362	0.587081	0.344383	0.0214156	0.0471201	1.016882	2.109635
30672	-1234.387	-1453.21	218.8232	0.3676128	0.397655	0.504749	0.0376149	0.0599804	1.171127	2.062102
30678	-1239.814	-1458.659	218.8449	0.3009192	0.531169	0.401724	0.0566459	0.0104608	1.155337	2.084899
30684	-1237.501	-1455.177	217.676	0.357345	0.552466	0.417831	0.0153396	0.0143642	0.8517765	2.983859
30690	-1230.429	-1448.572	218.1433	0.3818046	0.522064	0.457071	0.00515187	0.0157132	1.010093	2.5913
30696	-1223.386	-1442.134	218.7489	0.3382274	0.482433	0.487631	0.00549633	0.0244401	0.9971665	2.237149
30702	-1232.75	-1451.546	218.7952	0.3929342	0.473566	0.489069	0.013374	0.0239909	1.325931	1.964492
30708	-1247.16	-1465.882	218.7215	0.3783482	0.469022	0.484376	0.0132456	0.0333561	1.470204	1.924816
30714	-1247.794	-1466.533	218.7389	0.4696423	0.319249	0.659173	0.00467892	0.0168992	0.9303277	2.216097
30720	-1234.568	-1453.211	218.6424	0.4014373	0.6166	0.349365	0.0268604	0.00717541	1.08887	2.216097
30726	-1231.686	-1450.642	218.9551	0.2914283	0.493178	0.479599	0.0214839	0.00573914	1.05996	2.077588
30732	-1240.71	-1459.716	219.0055	0.3162219	0.376207	0.588505	0.0278488	0.00743944	1.184183	1.954073
30738	-1231.721	-1450.521	218.7999	0.3043476	0.490955	0.459461	0.0392852	0.010298	1.129752	2.130128
30744	-1238.923	-1457.63	218.7071	0.2900097	0.503638	0.434764	0.0372744	0.0243244	1.228365	2.130128
30750	-1228.444	-1447.362	218.9183	0.2393552	0.681713	0.278775	0.0141765	0.0253357	1.207704	2.008747
30756	-1242.405	-1461.429	219.0239	0.2982309	0.607225	0.296788	0.0461493	0.0498377	1.177575	1.951845
30762	-1236.129	-1455.152	219.0228	0.3640745	0.494993	0.387016	0.0530013	0.0649891	1.47034	1.72464
30768	-1239.025	-1458.336	219.3104	0.3640745	0.474344	0.3885	0.0996491	0.0375067	1.222549	1.696522
30774	-1229.161	-1448.683	219.5218	0.3064533	0.501939	0.378612	0.0543063	0.0651424	1.472693	1.380327
30780	-1231.801	-1450.836	219.0341	0.2177881	0.604284	0.332742	0.0286309	0.0343438	1.151445	1.964577
30786	-1228.802	-1447.795	218.9929	0.2425339	0.636322	0.258108	0.0300245	0.0755449	1.155555	1.994086
30792	-1227.143	-1446.84	219.6961	0.2388001	0.691935	0.229937	0.0326486	0.0454798	1.275219	1.40862
30798	-1241.646	-1460.605	218.9593	0.2627611	0.647224	0.287949	0.0509793	0.0138483	1.460826	1.809606
30804	-1229.31	-1448.45	219.1398	0.2231042	0.584108	0.259375	0.0389267	0.117591	1.185761	1.871438
30810	-1224.753	-1444.039	219.2852	0.2231042	0.717788	0.180552	0.0223215	0.0793387	1.22728	1.742168
30816	-1229.036	-1448.603	219.5666	0.1956424	0.712206	0.153688	0.0221479	0.111958	1.284986	1.483409
30822	-1234.625	-1454.071	219.4456	0.2349741	0.605197	0.256353	0.0307517	0.107699	1.194245	1.654402
30828	-1234.206	-1453.059	218.8533	0.2260636	0.531327	0.333135	0.0197592	0.115779	1.201264	2.053991
30834	-1224.562	-1443.547	218.985	0.2754262	0.40628	0.420993	0.0151089	0.157619	1.070771	2.053991
30840	-1230.822	-1449.749	218.9279	0.2350023	0.356692	0.472132	0.00599985	0.165176	1.099399	2.073658
30846	-1222.093	-1441.118	219.0242	0.2306216	0.338986	0.529967	0.00545993	0.125587	1.168229	1.963162
30852	-1225.184	-1443.946	218.7617	0.2659575	0.618177	0.355656	0.00794968	0.0182175	1.143596	2.153889
30858	-1232.193	-1451.059	218.8662	0.298151	0.495234	0.448731	0.0100301	0.0460049	1.336695	1.950925
30864	-1225.932	-1444.818	218.8857	0.2898455	0.528308	0.4137	0.00891409	0.0490773	1.113291	2.088535
30870	-1225.185	-1443.212	218.0273	0.3414006	0.487041	0.468251	0.0160338	0.0286745	1.088641	2.632567
30876	-1215.647	-1434.722	219.0756	0.4169475	0.419457	0.548547	0.0119095	0.0200861	1.171828	1.86516
30882	-1213.091	-1432.252	219.1612	0.3527047	0.6001	0.380804	0.00763517	0.0114603	1.437594	1.65541
30888	-1219.964	-1439.112	219.1479	0.4667806	0.595222	0.377709	0.00107528	0.0259938	1.339308	1.66575
30894	-1220.673	-1439.998	219.3252	0.3030697	0.491235	0.484407	0.0106681	0.01369	1.287918	1.66575
30900	-1222.671	-1442.015	219.3443	0.3090084	0.512989	0.449267	0.0342761	0.00346795	1.307752	1.635854
30906	-1227.149	-1445.824	218.6744	0.3638131	0.441786	0.50269	0.0513402	0.00418381	1.167688	2.163659
30912	-1222.117	-1441.577	219.46	0.331953	0.53547	0.418324	0.0427238	0.00348165	1.354	1.507851
30918	-1222.752	-1442.279	219.5266	0.4828871	0.490625	0.482221	0.0223995	0.00475472	1.385581	1.334669
30924	-1234.865	-1454.436	219.5708	0.3753789	0.378505	0.547367	0.0122044	0.0619243	1.516813	1.270181
30930	-1222.402	-1441.945	219.5431	0.5153517	0.555453	0.393731	0.0369388	0.0138769	1.319885	1.348133
30936	-1207.707	-1427.51	219.8039	0.3022585	0.464627	0.478211	0.0448645	0.0122972	1.323164	1.275512
30942	-1212.248	-1431.762	219.5136	0.3207762	0.424802	0.455387	0.0290983	0.0907126	1.426647	1.416824
30948	-1229.075	-1448.601	219.5261	0.6460529	0.406835	0.473944	0.0232605	0.0959608	1.553386	1.044163
30954	-1235.927	-1455.729	219.8026	0.3302853	0.228333	0.617989	0.0600287	0.0936491	1.529124	1.084902
30960	-1231.916	-1450.795	218.8787	0.3302853	0.403251	0.544258	0.0219987	0.0304916	1.111123	2.08169
30966	-1228.418	-1447.04	218.6217	0.4189548	0.410972	0.539685	0.0238663	0.0254765	1.257399	2.110117
30972	-1229.5	-1448.284	218.7845	0.4047366	0.278081	0.581875	0.120345	0.0196981	1.153095	2.079828
30978	-1223.24	-1442.612	219.3722	0.2632528	0.314241	0.57157	0.0426467	0.0715422	1.338361	1.604072
30984	-1217.873	-1437.285	219.4116	0.3613534	0.506419	0.410496	0.031704	0.0513809	1.436919	1.467054
30990	-1217.497	-1437.025	219.5283	0.2380085	0.604142	0.292129	0.0392318	0.0644971	1.174891	1.609153
30996	-1229.74	-1449.388	219.6478	0.2224929	0.561028	0.341693	0.0668918	0.0303879	1.173181	1.51939
31002	-1224.918	-1444.121	219.2035	0.3791536	0.582547	0.323563	0.0576628	0.0362278	1.396955	1.64013
31008	-1223.861	-1443.371	219.5102	0.2825982	0.578436	0.32023	0.0287188	0.0726155	1.287993	1.536734
31014	-1216.99	-1435.626	218.6353	0.371635	0.420663	0.428149	0.0806173	0.0705706	0.9743142	2.309616
31020	-1230.11	-1448.645	218.5354	0.319328	0.348052	0.500853	0.0993536	0.0517409	1.071671	2.333253
31026	-1217.656	-1435.522	217.8654	0.5343384	0.249457	0.712551	0.0208971	0.0170942	1.010269	2.674698
31032	-1223.071	-1441.645	218.574	0.3896146	0.438147	0.526708	0.0239256	0.0112197	0.8883666	2.394103
31038	-1222.462	-1440.435	217.9734	0.3896146	0.426136	0.512269	0.0580379	0.00355694	0.8676905	2.779363
31044	-1234.897	-1452.69	217.7935	0.5077645	0.354861	0.576286	0.0627326	0.00612049	0.9631341	2.764136
31050	-1232.702	-1450.59	217.8879	0.4055211	0.330239	0.59828	0.0651269	0.00635408	0.9893059	2.749178
31056	-1229.083	-1447.201	218.1182	0.3308813	0.485422	0.440612	0.0485796	0.0253866	0.9636254	2.657668
31062	-1227.778	-1445.689	217.9105	0.3437063	0.428218	0.507165	0.0265623	0.0380544	1.015147	2.748519
31068	-1227.751	-1446.368	218.6172	0.3216426	0.433396	0.5078	0.0417403	0.0170641	1.074436	2.278455
31074	-1231.499	-1450.625	219.1257	0.3216426	0.66691	0.279951	0.029316	0.0238223	1.327058	1.77229
31080	-1249.551	-1467.748	218.1975	0.412472	0.441741	0.42683	0.0591047	0.0723241	1.285425	2.36888
31086	-1233.273	-1452.768	219.4953	0.3327441	0.517684	0.379434	0.0782116	0.0246697	1.234662	1.569729
31092	-1229.028	-1448.596	219.5681	0.3797633	0.515826	0.383134	0.0761298	0.0249103	1.383469	1.376795
31098	-1222.262	-1441.815	219.5526	0.2574482	0.591276	0.35435	0.0109206	0.0434535	1.479244	1.361876
31104	-1215.293	-1433.944	218.6507	0.2691473	0.396329	0.534754	0.0033411	0.0655763	0.9492751	2.349791
31110	-1210.406	-1428.041	217.6348	0.3931502	0.330451	0.648166	0.0172877	0.00409552	0.9067867	2.958938
31116	-1215.968	-1433.693	217.725	0.3787224	0.32673	0.640867	0.0173489	0.0150534	1.062682	2.817122
31122	-1235.867	-1453.163	217.296	0.3837628	0.300806	0.579621	0.0516989	0.0678748	0.6597515	3.312039
31128	-1224.128	-1441.869	217.7409	0.2945488	0.396029	0.490164	0.0360965	0.0777105	0.8812388	2.948558
31134	-1230.328	-1447.421	217.0927	0.3159097	0.392021	0.499178	0.0261118	0.0826897	0.7413697	3.410466
31140	-1220.395	-1438.227	217.8322	0.542827	0.400169	0.569733	0.0192253	0.0108727	0.7420292	2.853409
31146	-1222.674	-1440.048	217.3739	0.3249711	0.390163	0.571382	0.0325991	0.00585601	0.9787559	3.101156
31152	-1237.827	-1455.896	218.0691	0.4690679	0.440146	0.435338	0.0745882	0.0499274	0.894598	2.660542
31158	-1231.032	-1448.579	217.5468	0.4373584	0.302877	0.654848	0.0294222	0.0128531	0.9045049	2.990009
31164	-1224.241	-1441.828	217.5877	0.3934286	0.277564	0.694716	0.0269633	0.000756193	0.9019845	2.990009
31170	-1231.325	-1447.573	216.2481	0.3688896	0.419897	0.538609	0.0407899	0.000704226	0.7658281	3.86604
31176	-1237.018	-1455.198	218.1794	0.2610491	0.570356	0.294806	0.10519	0.0296483	0.9857426	2.622726
31182	-1232.189	-1449.953	217.764	0.3770375	0.21038	0.757927	0.0247243	0.00696864	0.9951187	2.835277
31188	-1223.043	-1440.823	217.7799	0.375629	0.536048	0.435787	0.0241581	0.00400678	1.2449	2.673666
31194	-1228.017	-1446.723	218.7068	0.3626392	0.411648	0.527903	0.0555951	0.00485372	1.171143	2.140868
31200	-1240.335	-1457.839	217.5032	0.4388467	0.51076	0.427397	0.0566822	0.00516097	0.9904054	2.963759
31206	-1237.765	-1455.257	217.4915	0.2904274	0.5035	0.430554	0.0594148	0.00653074	0.9497027	3.058021
31212	-1230.65	-1447.916	217.266	0.401251	0.479894	0.455933	0.0595907	0.00458318	0.9676437	3.139127
31218	-1228.471	-1446.105	217.6345	0.6433348	0.479804	0.451484	0.0653037	0.00340751	0.9736032	2.768919
31224	-1228.95	-1448.2	219.2495	0.2783444	0.570182	0.36503	0.062554	0.00223353	1.137632	1.830259
31230	-1225.396	-1444.614	219.2172	0.3771255	0.333162	0.570057	0.0929682	0.00381277	1.149923	1.805684
31236	-1222.916	-1441.737	218.821	0.3687757	0.327014	0.560842	0.104516	0.00762781	1.209281	2.037715
31242	-1223.493	-1442.336	218.8428	0.4063183	0.379807	0.580115	0.0298292	0.010249	1.134864	2.052471
31248	-1219.88	-1438.693	218.813	0.3798599	0.41504	0.470101	0.0958366	0.0190219	1.186459	2.052471
31254	-1224.272	-1443.562	219.2899	0.3798599	0.383694	0.524969	0.0626133	0.0287235	1.191027	1.724756
31260	-1220.288	-1439.273	218.9847	0.3158044	0.537882	0.365584	0.0436034	0.0529305	1.445653	1.790042
31266	-1235.318	-1454.874	219.5556	0.3158044	0.625039	0.300719	0.0267058	0.0475354	1.432664	1.381561
31272	-1230.542	-1450.112	219.5698	0.2533522	0.632611	0.213799	0.0290392	0.124552	1.383152	1.423579
31278	-1219.894	-1439.512	219.6179	0.3398521	0.414157	0.450203	0.031558	0.104082	1.471039	1.289849
31284	-1224.719	-1443.868	219.149	0.3662088	0.284015	0.557633	0.0294327	0.128919	1.248594	1.790273
31290	-1220.079	-1439.865	219.7864	0.3095085	0.417634	0.540029	0.00931575	0.0330215	1.405316	1.218678
31296	-1233.744	-1453.354	219.6097	0.2658732	0.449981	0.449109	0.0597323	0.0411776	1.405316	1.374378
31302	-1235.559	-1454.917	219.3586	0.3841585	0.550932	0.345399	0.0731329	0.0305356	1.374928	1.540129
31308	-1228.971	-1448.497	219.5261	0.3302469	0.452157	0.417808	0.079785	0.0502508	1.332014	1.475434
31314	-1226.858	-1446.09	219.2325	0.3633763	0.470701	0.434943	0.0443802	0.0499754	1.293787	1.701592
31320	-1224.04	-1442.788	218.7474	0.2739436	0.622943	0.291857	0.0633494	0.0218506	1.033144	2.233674
31326	-1219.385	-1438.152	218.7667	0.3034223	0.300201	0.636812	0.0506395	0.0123481	1.108006	2.166236
31332	-1238.466	-1456.784	218.318	0.3308339	0.338989	0.581204	0.059707	0.0201003	0.9441487	2.546053
31338	-1224.172	-1440.924	216.7524	0.3691716	0.279905	0.563988	0.0971342	0.0589723	0.800232	3.55463
31344	-1219.739	-1438.963	219.224	0.2648473	0.501556	0.379217	0.0452942	0.0739335	1.33368	1.713345
31350	-1220.775	-1439.714	218.9392	0.3670396	0.321458	0.568211	0.0678681	0.0424622	1.324132	1.882133
31356	-1218.617	-1438.118	219.5016	0.2659003	0.509316	0.374179	0.0885431	0.0279622	1.546947	1.347923
31362	-1223.563	-1443.099	219.5351	0.3623181	0.406978	0.501857	0.0589312	0.032234	1.247158	1.51638
31368	-1217.009	-1435.961	218.9525	0.3452009	0.258849	0.685731	0.0337537	0.021666	0.9530795	2.130775
31374	-1230.65	-1448.895	218.2444	0.4733507	0.433966	0.477833	0.0215369	0.0666642	1.062233	2.444705
31380	-1237.203	-1454.774	217.5709	0.3968351	0.364119	0.50498	0.0185565	0.112344	0.9783107	2.952536
31386	-1224.084	-1443.02	218.9368	0.2258541	0.641387	0.263637	0.056393	0.0385824	1.0435	2.102874
31392	-1235.035	-1454.089	219.0534	0.2103764	0.685597	0.231136	0.0494409	0.033826	1.00747	2.044905
31398	-1226.436	-1444.761	218.3258	0.2423345	0.686229	0.247316	0.0494865	0.0169683	1.109433	2.454597
31404	-1231.023	-1450.242	219.2192	0.3272528	0.353282	0.582326	0.0246273	0.0397642	1.088731	1.869884
31410	-1232.475	-1450.521	218.0455	0.296939	0.475701	0.467079	0.0202021	0.0370174	1.018446	2.679275
31416	-1248.165	-1466.002	217.837	0.5900041	0.282872	0.654721	0.040394	0.0220122	0.9700469	2.681442
31422	-1241.133	-1458.859	217.7257	0.2976562	0.576998	0.395317	0.0252145	0.00246994	0.9025117	2.944106
31428	-1244.355	-1462.403	218.0485	0.3021706	0.520208	0.385061	0.0216945	0.0730366	1.109926	2.61969
31434	-1234.653	-1453.682	219.0285	0.3476954	0.422315	0.535955	0.0192016	0.0225279	1.163469	1.93981
31440	-1229.946	-1447.698	217.7524	0.5418385	0.296335	0.640994	0.0385009	0.0241702	1.099371	2.68471
31446	-1232.966	-1451.82	218.8538	0.3784657	0.363159	0.566372	0.0259446	0.0445242	0.9629318	2.172875
31452	-1223.169	-1441.782	218.6128	0.3722342	0.397868	0.528375	0.0508522	0.0229042	1.192609	2.183342
31458	-1219.014	-1437.642	218.6288	0.339286	0.547699	0.358592	0.0312565	0.0624527	1.119274	2.235426
31464	-1218.15	-1436.294	218.1446	0.3014207	0.441024	0.510086	0.0444614	0.00442862	1.032263	2.608514
31470	-1223.456	-1441.977	218.5209	0.3210458	0.416127	0.533088	0.0470376	0.00374732	1.2046	2.256906
31476	-1222.225	-1441.446	219.2203	0.3387358	0.544792	0.374071	0.0764315	0.0047054	1.169781	1.808706
31482	-1231.754	-1450.508	218.7534	0.2473673	0.730668	0.23567	0.0228458	0.0108163	0.9420738	2.28991
31488	-1232.582	-1449.773	217.1912	0.2708979	0.700575	0.246674	0.0423808	0.0103708	0.7695471	3.345998
31494	-1227.153	-1445.501	218.3485	0.3082656	0.444401	0.490353	0.0538188	0.011427	0.8154422	2.614524
31500	-1238.392	-1456.626	218.2344	0.3780466	0.575705	0.374175	0.0228829	0.0272372	1.015018	2.533502
31506	-1234.948	-1454.318	219.3695	0.2515946	0.578354	0.288826	0.0154267	0.117394	1.325017	1.616254
31512	-1239.327	-1458.396	219.0695	0.2905684	0.41948	0.405967	0.0256241	0.148929	1.305998	1.835617
31518	-1242.227	-1461.813	219.5858	0.2905684	0.46441	0.347532	0.0326246	0.155433	1.435452	1.36443
31524	-1244.207	-1463.389	219.1815	0.2823538	0.402197	0.408189	0.0271773	0.162437	1.217085	1.821624
31530	-1228.535	-1446.565	218.0291	0.3655273	0.525037	0.415921	0.035827	0.0232153	1.083883	2.624033
31536	-1220.183	-1438.337	218.1543	0.3189717	0.376903	0.539998	0.0504248	0.0326745	0.9888053	2.624033
31542	-1216.052	-1433.759	217.7068	0.368467	0.422707	0.493401	0.0460735	0.037819	1.031727	2.851747
31548	-1225.972	-1443.934	217.9622	0.2993455	0.531194	0.338007	0.108384	0.0224143	0.8181923	2.851747
31554	-1234.295	-1452.248	217.9529	0.3500542	0.396728	0.499358	0.0582198	0.0456942	0.7320457	2.892187
31560	-1232.219	-1449.983	217.764	0.3142314	0.391252	0.509508	0.0483981	0.050842	0.9425967	2.892187
31566	-1225.099	-1442.159	217.0599	0.3065737	0.381973	0.482281	0.046845	0.0889014	0.8494246	3.368991
31572	-1226.632	-1443.783	217.1506	0.3876823	0.256924	0.612101	0.031509	0.0994663	0.9647139	3.215952
31578	-1228.13	-1447.54	219.4094	0.3688337	0.388534	0.507836	0.0112455	0.0923846	1.203639	1.636733
31584	-1227.983	-1447.279	219.2954	0.2273066	0.692821	0.186916	0.0130503	0.107212	1.421028	1.597655
31590	-1220.029	-1438.109	218.0807	0.2273066	0.420144	0.383577	0.0218239	0.174455	0.9863913	2.681202
31596	-1226.148	-1444.57	218.4214	0.3245746	0.605352	0.349344	0.0244777	0.0208261	1.098714	2.386565
31602	-1226.285	-1444.87	218.5852	0.3245746	0.432486	0.54192	0.0203831	0.00521121	0.920997	2.395355
31608	-1233.408	-1451.921	218.5134	0.3655941	0.52226	0.434702	0.0342755	0.00876296	1.320708	2.16799
31614	-1217.805	-1437.148	219.343	0.2758783	0.702551	0.249626	0.0380433	0.00978042	1.169912	1.743393
31620	-1222.353	-1441.246	218.8937	0.2850583	0.403664	0.42399	0.112719	0.0596271	1.198727	2.027922
31626	-1227.484	-1446.551	219.0669	0.3440475	0.566664	0.323666	0.0860474	0.0236228	1.339172	1.795195
31632	-1226.473	-1445.373	218.9	0.2960577	0.582431	0.338116	0.0675215	0.0119317	1.145956	2.05604
31638	-1234.722	-1453.702	218.9793	0.2683148	0.545744	0.316818	0.0799421	0.0574962	1.145956	2.008858
31644	-1233.264	-1451.538	218.2731	0.2683148	0.649256	0.253071	0.0517451	0.0459274	0.9911711	2.560714
31650	-1226.112	-1443.999	217.8873	0.4535566	0.205861	0.681198	0.0894966	0.0234445	1.11571	2.645397
31656	-1235.255	-1452.627	217.372	0.4478694	0.288414	0.654386	0.029244	0.027956	0.9559447	3.058093
31662	-1244.606	-1462.972	218.3657	0.4082942	0.499871	0.422824	0.0677153	0.00959059	0.9985878	2.446072
31668	-1234.364	-1453.053	218.6884	0.4078911	0.564806	0.368088	0.0610749	0.00603118	1.264098	2.068232
31674	-1232.458	-1450.35	217.892	0.357185	0.326836	0.546232	0.0777117	0.0492202	1.012731	2.755622
31680	-1233.128	-1452.199	219.0717	0.357185	0.541413	0.380694	0.04359	0.0343038	1.174331	1.898783
31686	-1233.088	-1451.648	218.5594	0.3155293	0.563277	0.367743	0.0453503	0.0236297	1.057084	2.328552
31692	-1240.352	-1458.882	218.5294	0.3774967	0.355799	0.551551	0.0762895	0.0163603	1.323568	2.149846
31698	-1237.245	-1456.221	218.9755	0.3545541	0.471431	0.464325	0.0586735	0.00556984	1.407599	1.8062
31704	-1226.158	-1445.611	219.4529	0.2879305	0.444346	0.482214	0.0692167	0.00422305	1.407599	1.488948
31710	-1227.423	-1446.901	219.4782	0.2579506	0.674335	0.239462	0.0812467	0.00495703	1.388628	1.488948
31716	-1237.55	-1457.301	219.7511	0.4372197	0.534375	0.384772	0.0745993	0.00625393	1.505457	1.076786
31722	-1231.7	-1451.126	219.4257	0.3076482	0.58665	0.366784	0.0406049	0.00596157	1.529525	1.41047
31728	-1235.718	-1454.967	219.2487	0.2484579	0.586113	0.351267	0.0383284	0.0242921	1.361096	1.677084
31734	-1242.636	-1460.038	217.4019	0.3354411	0.343474	0.630417	0.0260357	7.32642e-05	1.130595	2.98981
31740	-1239.917	-1458.977	219.0602	0.3430702	0.599045	0.36481	0.00503359	0.0311111	1.132428	1.941439
31746	-1233.417	-1452.446	219.0299	0.3430702	0.593945	0.383644	0.0170465	0.00536422	1.226588	1.89823
31752	-1237.939	-1456.532	218.5927	0.4779989	0.319333	0.599003	0.062117	0.019547	1.237815	2.105886
31758	-1237.213	-1455.451	218.238	0.3526664	0.38497	0.475905	0.0946955	0.0444301	0.9165299	2.60407
31764	-1232.885	-1451.822	218.9378	0.3167544	0.246957	0.70508	0.027384	0.0205782	1.07909	2.06891
31770	-1247.788	-1467.014	219.2267	0.2983801	0.464651	0.461304	0.0353278	0.0387179	1.295869	1.731373
31776	-1238.015	-1456.917	218.9015	0.3280773	0.37049	0.533146	0.0408296	0.0555343	1.181712	2.020795
31782	-1243.918	-1463.358	219.4401	0.3442763	0.51678	0.386908	0.0195721	0.0767406	1.229832	1.608183
31788	-1254.579	-1473.029	218.4504	0.5634747	0.418836	0.538586	0.0144409	0.0281363	1.203761	2.164689
31794	-1248.262	-1465.586	217.3245	0.6035851	0.383626	0.575098	0.0154199	0.025856	0.9448937	2.999131
31800	-1242.039	-1460.518	218.4794	0.2684353	0.393226	0.590199	0.0158248	0.000750221	1.034407	2.404456
31806	-1237.311	-1456.605	219.2946	0.3763503	0.408411	0.527537	0.0600622	0.00398974	1.178122	1.732491
31812	-1253.019	-1472.73	219.7116	0.3301275	0.543905	0.345934	0.107468	0.00269355	1.300763	1.356268
31818	-1249.134	-1468.147	219.0124	0.2542821	0.508529	0.379932	0.109674	0.00186523	1.411287	1.807578
31824	-1247.516	-1466.965	219.4492	0.303669	0.606194	0.266743	0.113033	0.0140296	1.496273	1.419415
31830	-1236.797	-1455.95	219.1528	0.2660558	0.644255	0.292614	0.0283598	0.0347722	1.323128	1.770571
31836	-1232.72	-1452.167	219.4466	0.2533834	0.523021	0.28362	0.013865	0.179494	1.359872	1.534262
31842	-1244.499	-1463.663	219.1637	0.2925653	0.515361	0.309385	0.0365534	0.1387	1.414895	1.693374
31848	-1246.65	-1466.472	219.822	0.3499974	0.423707	0.431663	0.0144316	0.130198	1.168761	1.363259
31854	-1248.089	-1467.656	219.5663	0.4373354	0.403504	0.528661	0.00543046	0.0624044	1.532316	1.216899
31860	-1249.029	-1468.646	219.6172	0.2788848	0.669192	0.29604	0.00996708	0.0248006	1.701544	1.117893
31866	-1246.009	-1465.842	219.8325	0.3261431	0.714145	0.251245	0.016693	0.017917	1.62851	0.9607237
31872	-1238.646	-1458.421	219.7749	0.3152733	0.671368	0.284034	0.0277543	0.0168438	1.662435	0.9911192
31878	-1247.797	-1467.499	219.7021	0.2362015	0.632767	0.254835	0.0121655	0.100233	1.594458	1.139949
31884	-1243.188	-1463.049	219.8609	0.3677205	0.48674	0.477011	0.00935799	0.0268907	1.656339	0.8678051
31890	-1235.534	-1454.798	219.2642	0.2686963	0.453046	0.417369	0.0806236	0.0489607	1.178782	1.793146
31896	-1233.992	-1453.77	219.7785	0.2644846	0.408818	0.392081	0.065194	0.133907	1.389581	1.250927
31902	-1233.811	-1453.473	219.662	0.3169512	0.596074	0.279249	0.0950558	0.0296214	1.294071	1.40622
31908	-1231.664	-1450.964	219.3002	0.4338477	0.538598	0.363877	0.0944598	0.00306496	1.413732	1.52305
31914	-1225.01	-1444.661	219.6508	0.3781847	0.528727	0.357208	0.0980994	0.0159654	1.312285	1.368763
31920	-1236.117	-1455.308	219.1905	0.6146697	0.572136	0.368375	0.0430252	0.0164645	1.204961	1.623389
31926	-1225.819	-1444.722	218.9036	0.4447617	0.445598	0.4767	0.0562853	0.0214167	1.073837	2.029899
31932	-1225.592	-1444.229	218.6375	0.3610796	0.460879	0.463561	0.054734	0.0208264	1.010981	2.289793
31938	-1237.638	-1456.878	219.2406	0.3626998	0.23214	0.720929	0.00486688	0.0420647	1.137223	1.805767
31944	-1224.884	-1444.025	219.1409	0.3626998	0.195506	0.705976	0.0818196	0.0166986	1.294355	1.765918
31950	-1221.528	-1439.75	218.2218	0.8454865	0.453809	0.405549	0.117868	0.0227743	1.173299	2.140103
31956	-1222.708	-1442.086	219.3771	0.3791104	0.453556	0.405322	0.117802	0.0233204	1.133107	1.704516
31962	-1223.818	-1442.222	218.4034	0.2882807	0.488085	0.43618	0.0506386	0.0250958	1.177789	2.358494
31968	-1235.158	-1453.687	218.5286	0.295674	0.562899	0.388055	0.0180403	0.0310057	1.216456	2.25215
31974	-1234.476	-1452.554	218.0782	0.2305121	0.40022	0.444619	0.0427073	0.112453	0.9685917	2.694262
31980	-1249.47	-1468.296	218.8259	0.3960459	0.594814	0.394913	0.00808075	0.00219277	1.134006	2.069969
31986	-1233.852	-1452.945	219.0925	0.3386324	0.488928	0.502628	0.00664225	0.00180242	0.9637098	2.034478
31992	-1228.516	-1446.204	217.6887	0.4871786	0.421717	0.56131	0.0154189	0.00155465	1.016984	2.80765
31998	-1234.58	-1453.306	218.7263	0.3754237	0.509836	0.413063	0.0739013	0.0031994	0.9164646	2.286544
32004	-1237.294	-1456.017	218.7231	0.3403784	0.480315	0.387002	0.117674	0.0150094	0.9852611	2.260471
32010	-1240.906	-1458.539	217.6338	0.3340045	0.41047	0.485627	0.0910764	0.0128268	0.753308	3.077355
32016	-1232.279	-1450.671	218.3918	0.3264315	0.540037	0.373426	0.0758541	0.0106829	0.9257996	2.513125
32022	-1240.781	-1458.366	217.5843	0.3267032	0.381705	0.548417	0.0541887	0.0156891	0.7187721	3.13007
32028	-1244.882	-1462.517	217.6351	0.3925082	0.352667	0.506697	0.119508	0.0211284	0.8372089	3.000914
32034	-1248.364	-1465.709	217.3458	0.2404588	0.159979	0.734545	0.0561882	0.0492885	0.8233786	3.223768
32040	-1241.098	-1460.161	219.0628	0.3594387	0.626871	0.33207	0.0364948	0.00456389	1.476195	1.69458
32046	-1244.832	-1463.563	218.7312	0.310633	0.623253	0.330154	0.0362841	0.0103095	1.16386	2.150782
32052	-1229.718	-1447.084	217.3662	0.3766573	0.311848	0.528984	0.0207309	0.138437	0.7869067	3.198759
32058	-1227.96	-1445.123	217.1631	0.2494288	0.236625	0.631754	0.023158	0.108463	0.7361976	3.383213
32064	-1232.097	-1449.177	217.0798	0.4013772	0.229708	0.68942	0.0146986	0.0661741	0.7404559	3.383213
32070	-1228.43	-1445.625	217.1952	0.2567077	0.369362	0.430486	0.00514751	0.195005	0.7039288	3.383213
32076	-1230.814	-1447.147	216.3338	0.3275629	0.462436	0.444196	0.0468479	0.0465203	0.5582674	3.951893
32082	-1222.689	-1439.245	216.5556	0.3275629	0.408378	0.528659	0.0457868	0.0171763	0.4732124	3.873492
32088	-1223.541	-1440.345	216.8046	0.3500397	0.382688	0.499247	0.103908	0.0141569	0.5788604	3.660813
32094	-1222.127	-1440.236	218.1084	0.3016329	0.286651	0.512984	0.0778318	0.122534	0.8538437	2.740422
32100	-1222.825	-1441.342	218.517	0.2441897	0.476985	0.390978	0.0422773	0.0897591	0.9382483	2.442141
32106	-1230.309	-1448.361	218.0513	0.3313572	0.337639	0.543053	0.0383372	0.0809707	0.8409195	2.7737
32112	-1231.219	-1449.466	218.2469	0.305069	0.453623	0.42889	0.0377522	0.0797351	0.9926935	2.568614
32118	-1224.853	-1442.816	217.9633	0.305069	0.511326	0.434096	0.0411891	0.0133893	0.7234701	2.906892
32124	-1224.285	-1442.716	218.4309	0.2478932	0.523944	0.439473	0.022164	0.0144185	0.992678	2.462141
32130	-1217.348	-1435.777	218.4284	0.3163877	0.464137	0.474454	0.0486366	0.0127727	1.002326	2.445722
32136	-1222.997	-1441.969	218.9727	0.2996227	0.468369	0.478781	0.00854486	0.0443048	1.076357	2.053052
32142	-1206.63	-1425.37	218.7397	0.2961236	0.478126	0.417775	0.0562732	0.0478262	0.9663493	2.277039
32148	-1215.036	-1433.711	218.6746	0.4001561	0.480649	0.396994	0.0515278	0.07083	0.9630098	2.277039
32154	-1224.241	-1442.633	218.3918	0.2649112	0.422397	0.484369	0.0440243	0.0492102	0.8175882	2.595089
32160	-1222.11	-1440.341	218.2319	0.3030914	0.30059	0.577703	0.0525074	0.0691991	0.9659111	2.595089
32166	-1230.559	-1449.152	218.5932	0.2451669	0.340114	0.459442	0.10234	0.0981046	1.041199	2.328811
32172	-1217.496	-1435.169	217.6729	0.339292	0.372107	0.571094	0.0451719	0.0116274	0.9112357	2.957318
32178	-1222.023	-1440.48	218.4567	0.339292	0.534679	0.43397	0.024933	0.00641782	0.9360314	2.461208
32184	-1226.334	-1444.562	218.2276	0.2647329	0.466774	0.510589	0.0217665	0.000870932	0.9003538	2.645412
32190	-1235.118	-1453.262	218.1447	0.3197821	0.466412	0.510193	0.0231193	0.000275762	0.9633668	2.645412
32196	-1230.991	-1449.138	218.1474	0.3265897	0.521572	0.457581	0.0204063	0.000440898	0.9567849	2.645412
32202	-1224.724	-1442.867	218.143	0.3094304	0.4086	0.530029	0.0609141	0.000457107	0.9090537	2.683132
32208	-1232.974	-1450.681	217.7066	0.419894	0.380673	0.611003	0.00782256	0.000502041	0.8780469	2.919267
32214	-1231.679	-1448.639	216.9595	0.6852346	0.540013	0.447383	0.0101676	0.0024371	0.6481528	3.340805
32220	-1237.859	-1456.105	218.2456	0.3418573	0.37762	0.597298	0.0135747	0.011507	0.9492709	2.583585
32226	-1235.946	-1453.562	217.6155	0.4221533	0.326108	0.648113	0.010722	0.0150563	0.7439581	3.05329
32232	-1228.964	-1446.743	217.7787	0.4980893	0.264206	0.683211	0.0334722	0.0191111	0.8992961	2.817908
32238	-1229.623	-1448.277	218.6546	0.3285743	0.481586	0.496079	0.00733832	0.0149965	0.8760589	2.378405
32244	-1235.373	-1453.505	218.1316	0.3745652	0.427766	0.545113	0.0113079	0.0158131	0.8372233	2.70852
32250	-1240.717	-1458.852	218.1346	0.3555967	0.310995	0.619632	0.0176023	0.05177	0.862228	2.699935
32256	-1254.483	-1471.998	217.5156	0.2489995	0.33552	0.531412	0.0448203	0.0882474	0.7311117	3.178279
32262	-1239.67	-1458.467	218.7973	0.2637932	0.351797	0.540754	0.0310176	0.0764308	0.7965942	2.354195
32268	-1260.397	-1477.751	217.3545	0.3078371	0.420604	0.527764	0.0236823	0.0279505	0.7279001	3.26676
32274	-1234.229	-1451.338	217.1099	0.3277834	0.289613	0.646695	0.0292132	0.0344783	0.7369827	3.399074
32280	-1246.419	-1463.947	217.5282	0.3530916	0.406568	0.486354	0.032952	0.074126	1.02113	2.972722
32286	-1242.307	-1460.058	217.7513	0.2575961	0.528493	0.356726	0.01376	0.101021	0.8394406	2.972722
32292	-1239.133	-1457.225	218.0928	0.2575961	0.60207	0.364464	0.00785069	0.0256151	0.7473806	2.82202
32298	-1243.596	-1461.326	217.7303	0.2389626	0.698039	0.263966	0.00585619	0.0321395	0.8977212	2.949883
32304	-1233.567	-1452.312	218.7455	0.3337968	0.60935	0.34184	0.00718832	0.0416212	1.116703	2.163819
32310	-1231.549	-1450.578	219.0295	0.3097717	0.495178	0.431775	0.0178598	0.0551873	1.25496	1.892275
32316	-1234.372	-1453.561	219.1894	0.3873371	0.453194	0.47837	0.0179279	0.0505082	1.102451	1.851868
32322	-1246.832	-1466.401	219.5691	0.417539	0.451525	0.490404	0.0560338	0.00203678	1.288653	1.425258
32328	-1230.026	-1449.199	219.1729	0.3885889	0.528065	0.412498	0.0508585	0.00857851	1.254442	1.757484
32334	-1235.571	-1454.38	218.8089	0.4535242	0.539558	0.391085	0.0537025	0.0156547	1.153943	2.034165
32340	-1224.852	-1442.613	217.7612	0.2511595	0.550076	0.398708	0.035256	0.0159598	0.9839928	2.879699
32346	-1226.087	-1444.258	218.1712	0.3256253	0.369088	0.527762	0.0466677	0.0564823	0.9262207	2.649946
32352	-1234.012	-1453.158	219.1462	0.3256253	0.475681	0.442429	0.0758242	0.00606575	0.9518627	2.011899
32358	-1238.672	-1456.176	217.5042	0.5056768	0.367291	0.521879	0.0635013	0.0473286	0.7758538	3.0532
32364	-1243.9	-1461.468	217.5676	0.4879949	0.380558	0.540731	0.0657951	0.0129161	0.9219295	2.938024
32370	-1236.82	-1453.241	216.4216	0.3230825	0.514736	0.436555	0.0284772	0.0202315	0.736732	3.800532
32376	-1235.671	-1452.349	216.6778	0.3217647	0.640577	0.301624	0.0407989	0.0170002	0.9926533	3.504253
32382	-1228.667	-1447.566	218.8993	0.5174421	0.383393	0.545611	0.0163196	0.0546766	1.198223	1.901866
32388	-1226.71	-1445.49	218.7799	0.2982084	0.603785	0.341736	0.0205065	0.0339735	1.282434	2.044664
32394	-1235.811	-1455.476	219.6653	0.3449188	0.521428	0.426808	0.0411438	0.0106197	1.171137	1.484836
32400	-1229.308	-1448.488	219.1795	0.4270201	0.435745	0.489691	0.0407555	0.0338089	1.143868	1.806859
32406	-1236.671	-1455.927	219.2564	0.3492259	0.452292	0.504682	0.0224696	0.0205562	1.129378	1.806859
32412	-1231.302	-1450.523	219.2211	0.3159502	0.444288	0.51605	0.022072	0.0175899	1.040113	1.905941
32418	-1224.607	-1444.039	219.4328	0.4292703	0.36206	0.577764	0.0212036	0.0389721	1.277479	1.528807
32424	-1222.343	-1441.917	219.5738	0.3340381	0.594888	0.36339	0.0169791	0.0247428	1.473249	1.326734
32430	-1226.678	-1446.452	219.7732	0.291926	0.617837	0.347797	0.00949587	0.0248699	1.478133	1.173958
32436	-1227.472	-1447.315	219.8432	0.2615977	0.520736	0.406069	0.00932016	0.0638749	1.415665	1.173958
32442	-1238.933	-1458.403	219.4695	0.3380399	0.677803	0.255384	0.0159758	0.0508369	1.484684	1.398074
32448	-1234.778	-1454.541	219.7629	0.2314151	0.741531	0.22264	0.00221491	0.0336138	1.653511	1.027595
32454	-1228.774	-1448.52	219.7456	0.2104574	0.509543	0.432674	0.00459845	0.0531846	1.434527	1.231909
32460	-1220.738	-1440.703	219.9651	0.2042362	0.823817	0.158627	0.00168588	0.01587	1.51386	0.9510072
32466	-1221.709	-1441.769	220.06	0.2001272	0.702984	0.279455	0.00431514	0.0132454	1.447833	0.9165097
32472	-1240.239	-1460.129	219.89	0.2373168	0.677428	0.261607	0.0510485	0.00991599	1.595418	0.9594265
32478	-1227.09	-1446.965	219.8752	0.2398065	0.478318	0.448181	0.0565135	0.0169879	1.562661	1.008197
32484	-1224.617	-1444.596	219.9785	0.2398065	0.714249	0.241646	0.0304704	0.0136355	1.406433	1.059431
32490	-1227.241	-1447.142	219.9011	0.2622848	0.687308	0.259044	0.0390314	0.0146172	1.484049	1.059431
32496	-1229.47	-1448.84	219.3696	0.2537017	0.465646	0.468213	0.0171983	0.0489422	1.209348	1.69902
32502	-1231.557	-1450.623	219.0664	0.302121	0.499254	0.403762	0.0155065	0.0814769	1.09606	1.976936
32508	-1234.782	-1453.797	219.0149	0.4864511	0.468285	0.489072	0.0037931	0.0388506	1.249526	1.808757
32514	-1240.343	-1459.056	218.7128	0.5968772	0.408994	0.556065	0.0122529	0.0226875	0.984804	2.113619
32520	-1233.651	-1452.603	218.9523	0.289043	0.389909	0.543105	0.0100512	0.0569346	1.008814	2.113619
32526	-1228.948	-1447.409	218.4608	0.2533565	0.332276	0.593155	0.0246028	0.0499668	0.9479972	2.471437
32532	-1225.412	-1443.675	218.2624	0.4099191	0.461619	0.473303	0.0196316	0.045446	1.060029	2.471437
32538	-1231.411	-1450.116	218.7057	0.3810441	0.495518	0.443571	0.038711	0.0221999	1.127583	2.160846
32544	-1228.966	-1448.131	219.165	0.2333857	0.343015	0.559285	0.0488094	0.0488902	1.100684	1.914294
32550	-1230.799	-1450.087	219.2878	0.326861	0.654587	0.303455	0.0329305	0.00902782	1.215343	1.734935
32556	-1228.276	-1446.131	217.8551	0.262754	0.58151	0.367208	0.0390805	0.0122009	1.061832	2.774971
32562	-1234.866	-1453.007	218.1408	0.2970172	0.383077	0.550188	0.0586974	0.00803747	0.7667751	2.774971
32568	-1229.969	-1447.712	217.7427	0.4201024	0.354547	0.590896	0.0413009	0.0132564	0.9791295	2.836099
32574	-1250.746	-1467.869	217.1231	0.2702502	0.363458	0.605748	0.0159418	0.0148526	0.8229307	3.354701
32580	-1253.936	-1473.741	219.805	0.405158	0.560373	0.37202	0.0394021	0.0282048	1.238841	1.28625
32586	-1229.036	-1448.256	219.2204	0.3451142	0.434021	0.558946	0.00383828	0.00319455	1.305979	1.710561
32592	-1232.549	-1451.916	219.3672	0.3335471	0.443592	0.530611	0.0205318	0.00526543	1.25904	1.644679
32598	-1233.613	-1452.384	218.7712	0.4375902	0.528089	0.415466	0.0451255	0.0113191	1.061035	2.129861
32604	-1235.605	-1453.953	218.3481	0.4319395	0.510931	0.411305	0.0621698	0.0155943	1.037089	2.419764
32610	-1226.523	-1444.971	218.4479	0.2635718	0.400744	0.567952	0.0189941	0.0123105	1.013308	2.438081
32616	-1241.72	-1461.175	219.455	0.3273591	0.320704	0.609567	0.0313695	0.0383596	1.113558	1.68854
32622	-1227.003	-1445.941	218.9375	0.3492665	0.487233	0.445101	0.0331203	0.0345459	1.14074	2.015199
32628	-1224.861	-1443.734	218.8737	0.3426203	0.504051	0.461302	0.00870717	0.0259404	1.208951	2.015199
32634	-1231.29	-1450.817	219.5269	0.2858287	0.620741	0.354308	0.00627037	0.0186807	1.188324	1.596939
32640	-1231.47	-1450.564	219.0937	0.3260446	0.383972	0.583672	0.027026	0.0053306	1.177914	1.895106
32646	-1234.342	-1453.303	218.9606	0.3327152	0.62906	0.345403	0.0213296	0.00420705	1.117607	2.022308
32652	-1233.251	-1452.871	219.6194	0.3450793	0.436961	0.549905	0.0109704	0.0021638	1.15696	1.529748
32658	-1229.292	-1447.308	218.016	0.367662	0.537328	0.428665	0.028551	0.00545572	1.002294	2.681357
32664	-1226.365	-1444.898	218.5324	0.3628634	0.249714	0.695139	0.0462994	0.00884719	0.9391446	2.401378
32670	-1237.999	-1457.286	219.2874	0.2831031	0.592481	0.350296	0.0469854	0.0102382	1.238005	1.733223
32676	-1227.792	-1446.955	219.1635	0.4203091	0.469665	0.50578	0.0224717	0.00208291	1.271482	1.733223
32682	-1235.262	-1455.031	219.7695	0.2661469	0.523253	0.449109	0.0207121	0.00692555	1.366654	1.27711
32688	-1235.279	-1455.071	219.7919	0.2661469	0.386518	0.537309	0.00924591	0.0669273	1.46472	1.175348
32694	-1227.327	-1447.18	219.8531	0.2260541	0.431521	0.405028	0.0105941	0.152857	1.520834	1.066742
32700	-1236.464	-1455.359	218.8952	0.3574417	0.460029	0.431786	0.0206378	0.0875475	1.166629	2.022333
32706	-1232.276	-1451.721	219.4449	0.241525	0.501038	0.470278	0.0224776	0.00620597	1.205524	1.647603
32712	-1238.476	-1457.637	219.1619	0.241525	0.718819	0.247777	0.0261771	0.0072274	1.31239	1.772109
32718	-1237.975	-1456.627	218.6519	0.2791944	0.579071	0.38889	0.0235658	0.00847343	1.111766	2.243717
32724	-1232.712	-1452.587	219.8747	0.3800825	0.428476	0.469052	0.0129254	0.0895463	1.504263	1.00621
32730	-1240.022	-1459.717	219.6946	0.403772	0.472075	0.342483	0.0425916	0.142851	1.59945	1.06941
32736	-1237.601	-1457.106	219.5047	0.3080046	0.580463	0.309073	0.0738859	0.036578	1.47729	1.389548
32742	-1246.757	-1466.534	219.7773	0.2429882	0.50004	0.316439	0.0501128	0.133408	1.441479	1.208555
32748	-1239.359	-1458.547	219.1874	0.3076964	0.503964	0.415592	0.00157116	0.0788721	1.495972	1.613673
32754	-1226.651	-1446.261	219.6097	0.3049738	0.529426	0.402585	0.0504425	0.0175469	1.240471	1.491554
32760	-1222.328	-1441.538	219.2101	0.3305505	0.520519	0.395811	0.0227419	0.0609281	1.333008	1.705277
32766	-1215.341	-1434.797	219.4552	0.3350108	0.550617	0.34948	0.0579902	0.0419127	1.108741	1.688559
32772	-1211.337	-1430.789	219.4522	0.4148557	0.572845	0.353421	0.0436949	0.0300389	1.163419	1.607735
32778	-1222.101	-1441.151	219.0497	0.3708252	0.490322	0.421699	0.0521363	0.0358421	1.031851	2.002604
32784	-1221.571	-1440.078	218.5074	0.3947166	0.498931	0.379263	0.0967261	0.02508	1.165884	2.257056
32790	-1218.505	-1436.751	218.2461	0.4623924	0.421798	0.481064	0.0753033	0.0218347	1.036322	2.466494
32796	-1207.116	-1425.489	218.3734	0.3445604	0.475184	0.458636	0.0596306	0.00654997	1.079438	2.421269
32802	-1221.881	-1440.489	218.6082	0.3927798	0.357551	0.605798	0.0278844	0.00876628	1.107647	2.230745
32808	-1226.719	-1445.92	219.2016	0.3637894	0.467494	0.494741	0.032838	0.00492707	1.114005	1.848081
32814	-1229.104	-1448.545	219.4413	0.3358481	0.450432	0.476685	0.0681352	0.00474725	1.234518	1.607897
32820	-1226.952	-1445.963	219.0104	0.2685099	0.671152	0.276822	0.0449524	0.00707349	1.424167	1.799059
32826	-1233.006	-1452.74	219.7337	0.4267237	0.548905	0.432215	0.0132178	0.00566171	1.613566	0.9984298
32832	-1220.625	-1440.364	219.7387	0.4825899	0.547654	0.43123	0.0131877	0.00792811	1.608411	0.9444067
32838	-1233.047	-1452.605	219.5587	0.4848539	0.579938	0.392656	0.0171567	0.0102489	1.550889	1.168544
32844	-1224.397	-1444.18	219.7828	0.3824206	0.401818	0.534429	0.0535233	0.0102298	1.552064	1.047436
32850	-1212.12	-1431.97	219.8494	0.3384238	0.599333	0.342802	0.0485796	0.00928494	1.328472	1.21659
32856	-1239.457	-1458.968	219.5107	0.3740708	0.472526	0.390214	0.126691	0.0105691	1.408066	1.405905
32862	-1246.722	-1466.359	219.6372	0.3222724	0.437228	0.45425	0.0671734	0.0413491	1.578512	1.192523
32868	-1241.236	-1460.814	219.578	0.2395277	0.625888	0.289674	0.025247	0.0591909	1.468287	1.349916
32874	-1238.367	-1458.066	219.6987	0.3589125	0.548224	0.415349	0.0221142	0.0143127	1.362381	1.301998
32880	-1231.279	-1450.766	219.4868	0.2841157	0.528791	0.40657	0.0213303	0.0433091	1.214998	1.607058
32886	-1226.382	-1445.872	219.4901	0.4128954	0.471955	0.411539	0.021591	0.0949148	1.302272	1.478165
32892	-1232.388	-1451.418	219.03	0.5190193	0.474083	0.478988	0.0299492	0.0169799	1.308331	1.734685
32898	-1238.341	-1457.634	219.2931	0.4534894	0.247542	0.687185	0.0198829	0.04539	1.265553	1.62354
32904	-1243.506	-1462.646	219.1407	0.4271925	0.494214	0.407017	0.0790351	0.0197345	1.23639	1.769434
32910	-1251.334	-1471.28	219.9457	0.2632556	0.582292	0.285956	0.0983883	0.0333635	1.692664	0.7790825
32916	-1234.057	-1453.737	219.6794	0.5401239	0.381392	0.519771	0.0777572	0.0210791	1.751671	0.7741462
32922	-1240.515	-1460.436	219.9209	0.3291139	0.29383	0.613591	0.0662016	0.026378	1.557621	0.9403837
32928	-1246.935	-1466.456	219.5212	0.3408852	0.359268	0.600503	0.0200608	0.0201686	1.557621	1.297577
32934	-1233.166	-1452.87	219.7042	0.3253119	0.533725	0.435998	0.0178876	0.012389	1.480762	1.217291
32940	-1233.12	-1452.888	219.7683	0.3371397	0.41585	0.571166	0.0106817	0.00230222	1.480762	1.1558
32946	-1256.241	-1476.062	219.8209	0.1862091	0.556533	0.395437	0.0252987	0.0227306	1.158041	1.377923
32952	-1243.205	-1462.067	218.8621	0.3267588	0.507175	0.483388	0.00867554	0.000761389	1.216431	2.024451
32958	-1233.269	-1452.375	219.1062	0.2370288	0.552181	0.41423	0.0180671	0.0155211	1.323899	1.802323
32964	-1228.631	-1447.887	219.2557	0.2988853	0.429184	0.546012	0.0180594	0.00674423	1.044806	1.88471
32970	-1230.452	-1449.28	218.8274	0.4940227	0.402932	0.573782	0.0169547	0.00633169	1.318824	1.88471
32976	-1223.712	-1443.208	219.4954	0.3959819	0.403321	0.574337	0.0169711	0.00537109	1.437387	1.381272
32982	-1227.362	-1446.353	218.9912	0.4805387	0.429955	0.506964	0.0583402	0.00474103	1.315884	1.783252
32988	-1232.58	-1451.992	219.4116	0.3288908	0.609694	0.244737	0.0814097	0.0641592	1.19064	1.663868
32994	-1228.817	-1447.517	218.6997	0.2980756	0.475326	0.307578	0.0833707	0.133725	1.195389	2.154488
33000	-1224.004	-1443.13	219.1259	0.2403812	0.560764	0.339239	0.0238827	0.076114	1.111871	1.934026
33006	-1222.659	-1442.27	219.6111	0.2736396	0.512458	0.439057	0.0284832	0.0200021	1.122052	1.586277
33012	-1223.658	-1442.726	219.0672	0.3029139	0.47195	0.466673	0.029163	0.0322149	1.265088	1.86185
33018	-1232.928	-1452.026	219.098	0.4107374	0.519155	0.403608	0.0417996	0.0354372	1.08603	1.911943
33024	-1230.879	-1449.925	219.046	0.3567443	0.426778	0.492971	0.0369675	0.0432833	1.178711	1.913467
33030	-1226.95	-1446.159	219.209	0.3759626	0.447643	0.451391	0.0503812	0.0505851	0.9989811	1.915072
33036	-1226.866	-1446.4	219.5332	0.6359067	0.535347	0.386825	0.0615935	0.0162337	1.381096	1.202886
33042	-1224.93	-1444.781	219.8514	0.4270885	0.38849	0.565977	0.0318172	0.0137162	1.381096	1.107537
33048	-1237.636	-1457.546	219.91	0.2951951	0.679522	0.246252	0.0532096	0.0210167	1.632559	0.8883301
33054	-1227.117	-1446.784	219.667	0.5017637	0.478357	0.457184	0.0384415	0.0260172	1.454798	1.143026
33060	-1220.241	-1439.649	219.4082	0.3713779	0.455336	0.507749	0.0284883	0.00842609	1.388387	1.500639
33066	-1217.12	-1436.674	219.5539	0.3227257	0.527972	0.44081	0.0240918	0.00712572	1.213616	1.546436
33072	-1210.613	-1429.46	218.8478	0.2973722	0.257929	0.669807	0.0643043	0.00795972	0.9711699	2.204059
33078	-1218.912	-1437.317	218.4058	0.4272699	0.418011	0.51067	0.065251	0.00606859	1.043957	2.381646
33084	-1224.839	-1443.913	219.0744	0.3486676	0.371076	0.512109	0.10189	0.0149248	1.042362	1.989785
33090	-1225.326	-1444.641	219.3148	0.4129623	0.183251	0.712729	0.0732588	0.0307613	1.198887	1.682093
33096	-1225.753	-1444.824	219.0719	0.4111345	0.392143	0.510346	0.0494869	0.0480236	1.164539	1.876087
33102	-1220.564	-1439.583	219.0191	0.3529896	0.513152	0.404447	0.0499867	0.032414	1.007689	2.047605
33108	-1229.49	-1448.231	218.7404	0.3846077	0.433396	0.485223	0.0524799	0.0289017	1.038684	2.194138
33114	-1221.517	-1439.635	218.1179	0.3366831	0.560263	0.322207	0.0652855	0.0522441	0.9550263	2.660941
33120	-1216.694	-1435.55	218.8563	0.4152114	0.396535	0.516062	0.0723556	0.0150476	0.9874723	2.135415
33126	-1229.898	-1448.259	218.3606	0.409075	0.268947	0.596305	0.0817473	0.0529999	1.088234	2.392342
33132	-1236.76	-1456.562	219.8026	0.2233304	0.514371	0.40845	0.0363419	0.040838	1.182474	1.394737
33138	-1224.328	-1444.121	219.7936	0.2512936	0.503318	0.435891	0.0223371	0.0384533	1.316064	1.299674
33144	-1222.472	-1442.014	219.542	0.4230565	0.40018	0.523649	0.0268341	0.0493376	1.225681	1.490039
33150	-1230.768	-1449.752	218.9841	0.4988278	0.399469	0.479997	0.0987887	0.0217455	1.218356	1.843049
33156	-1235.003	-1453.098	218.0957	0.3499379	0.319014	0.559745	0.0665831	0.0546576	0.9404734	2.678199
33162	-1238.335	-1456.9	218.5649	0.585602	0.410019	0.537045	0.0274837	0.0254524	1.059831	2.168813
33168	-1237.262	-1456.078	218.816	0.3356472	0.508689	0.361597	0.104747	0.0249671	0.8666248	2.278942
33174	-1223.17	-1440.893	217.7226	0.3849713	0.37486	0.534996	0.0555186	0.0346256	0.8991672	2.914627
33180	-1231.437	-1449.015	217.578	0.3716	0.336942	0.564277	0.0474921	0.0512894	0.9549346	2.974411
33186	-1229.03	-1445.726	216.6964	0.512464	0.451596	0.439632	0.063251	0.0455215	0.690898	3.575071
33192	-1237.896	-1455.769	217.8736	0.5428274	0.400272	0.489002	0.0560625	0.0546632	0.7743209	2.808664
33198	-1234.911	-1453.249	218.3384	0.4218962	0.412613	0.430052	0.11797	0.0393654	1.086805	2.400209
33204	-1229.702	-1448.646	218.944	0.242779	0.686024	0.261503	0.033344	0.0191286	1.178321	2.011489
33210	-1233.865	-1453.646	219.7812	0.1975336	0.747912	0.191964	0.0458788	0.0142456	1.200048	1.385182
33216	-1223.918	-1443.345	219.4271	0.2119987	0.760378	0.173907	0.0251953	0.0405198	1.129562	1.707255
33222	-1229.859	-1449.38	219.521	0.2855892	0.581929	0.321849	0.0466289	0.0495928	1.319996	1.504163
33228	-1234.543	-1453.943	219.3997	0.3318617	0.542014	0.361915	0.0619199	0.0341512	1.425221	1.499721
33234	-1233.438	-1453.236	219.7978	0.3249995	0.2868	0.638882	0.0416029	0.0327156	1.303707	1.28695
33240	-1228.601	-1448.455	219.854	0.2108229	0.634001	0.254603	0.0478998	0.063496	1.229448	1.311767
33246	-1233.146	-1452.932	219.7856	0.2019634	0.732946	0.202136	0.0435847	0.0213338	1.210598	1.376391
33252	-1245.349	-1465.408	220.0592	0.3946891	0.642361	0.265769	0.0732345	0.0186354	1.360628	0.9524422
33258	-1244.776	-1464.002	219.2268	0.3946421	0.373344	0.552143	0.0682834	0.00622961	1.178954	1.769042
33264	-1238.76	-1458.024	219.2636	0.4513216	0.432521	0.497747	0.0636139	0.00611772	1.305131	1.617688
33270	-1249.845	-1468.937	219.0919	0.3502755	0.490415	0.433635	0.0690131	0.0069366	1.374348	1.750397
33276	-1265.999	-1485.571	219.5719	0.4311407	0.310245	0.626527	0.053206	0.0100222	1.507791	1.237637
33282	-1252.928	-1472.176	219.2486	0.4345519	0.497706	0.470858	0.0144342	0.0170021	1.339242	1.615103
33288	-1252.761	-1471.336	218.5749	0.4095382	0.31051	0.652159	0.0362678	0.00106334	1.386841	2.061223
33294	-1244.574	-1462.659	218.0849	0.4095382	0.31051	0.652159	0.0362678	0.00106334	1.074784	2.573155
33300	-1238.771	-1457.118	218.3466	0.3016692	0.542272	0.436219	0.0196524	0.001857	1.028835	2.484887
33306	-1233.667	-1452.111	218.4435	0.2213529	0.616754	0.366531	0.0150785	0.00163638	1.064484	2.405336
33312	-1239.604	-1458.277	218.6732	0.2868601	0.505471	0.438328	0.0515437	0.00465719	1.016088	2.289954
33318	-1247.73	-1466.342	218.6114	0.3110025	0.581655	0.380114	0.0328722	0.00535912	1.016582	2.322691
33324	-1259.577	-1477.028	217.4506	0.4702403	0.454027	0.461182	0.0488622	0.0359291	0.7974071	3.093126
33330	-1251.4	-1469.764	218.3639	0.1738033	0.298426	0.54097	0.0265481	0.134055	1.077018	2.420193
33336	-1229.888	-1447.486	217.5986	0.3485467	0.346264	0.614677	0.0301652	0.00889341	0.9441331	2.978535
33342	-1235.41	-1453.474	218.0639	0.313065	0.467448	0.51543	0.013453	0.00366864	0.9073815	2.731572
33348	-1237.07	-1455.663	218.5936	0.6453912	0.600429	0.348586	0.0440763	0.00690869	1.155919	2.045729
33354	-1225.968	-1443.909	217.9404	0.2875375	0.502531	0.41298	0.0693058	0.0151834	1.055767	2.722987
33360	-1226.343	-1444.308	217.9645	0.3649649	0.521199	0.389603	0.0544568	0.034741	0.9340338	2.755983
33366	-1228.818	-1448.024	219.2057	0.3649649	0.480628	0.406986	0.108315	0.00407066	1.206683	1.780691
33372	-1228.398	-1447.425	219.0269	0.3954213	0.464899	0.495534	0.0320339	0.00753357	1.569674	1.633452
33378	-1225.408	-1445.109	219.7015	0.350048	0.550674	0.422159	0.0219948	0.00517261	1.354235	1.31134
33384	-1217.301	-1436.629	219.3275	0.4307553	0.500991	0.474512	0.0189375	0.0055593	1.472662	1.460257
33390	-1220.604	-1440.096	219.4917	0.3965791	0.533885	0.429103	0.0310884	0.00592431	1.464537	1.362441
33396	-1221.723	-1441.396	219.6736	0.2901464	0.561602	0.362763	0.0698832	0.00575237	1.659375	1.101737
33402	-1217.352	-1437.166	219.8136	0.2901464	0.610554	0.360492	0.0242984	0.00465593	1.659375	0.9659942
33408	-1208.531	-1428.204	219.6727	0.2642729	0.71124	0.275135	0.0124225	0.00120219	1.699421	1.071497
33414	-1212.108	-1431.76	219.6517	0.2734125	0.557378	0.413341	0.0160883	0.013193	1.718817	1.071497
33420	-1219.728	-1439.613	219.8853	0.2449033	0.618607	0.36652	0.00470055	0.0101725	1.587207	0.9737758
33426	-1235.743	-1455.56	219.8173	0.2334343	0.709258	0.255371	0.0258305	0.00954015	1.621999	1.005593
33432	-1232.158	-1451.646	219.4874	0.1986727	0.728049	0.232858	0.0265148	0.0125784	1.259786	1.56311
33438	-1223.771	-1443.342	219.571	0.2349456	0.656959	0.319506	0.017615	0.00591998	1.512891	1.319183
33444	-1223.413	-1443.289	219.8756	0.2120887	0.722863	0.261144	0.0102941	0.00569957	1.212309	1.30881
33450	-1226.138	-1445.87	219.7325	0.2944343	0.45013	0.519271	0.0230025	0.00759607	1.499319	1.190082
33456	-1218.924	-1437.952	219.0274	0.344513	0.487834	0.487712	0.016077	0.00837675	1.347493	1.816558
33462	-1211.291	-1430.34	219.0492	0.3496448	0.565836	0.399781	0.00479336	0.0295897	1.420985	1.747912
33468	-1206.02	-1425.705	219.6854	0.2609864	0.62664	0.333692	0.00689959	0.0327693	1.509181	1.229044
33474	-1223.898	-1443.566	219.6674	0.3096113	0.474329	0.489488	0.00729511	0.0288886	1.457292	1.274617
33480	-1223.61	-1443.169	219.5588	0.3742133	0.375656	0.559404	0.030469	0.0344716	1.417662	1.360655
33486	-1239.9	-1459.157	219.2566	0.3400285	0.3518	0.508219	0.0276811	0.112299	1.287589	1.700322
33492	-1233.548	-1452.883	219.3349	0.2947298	0.444168	0.403435	0.0571493	0.0952483	1.233146	1.700322
33498	-1238.411	-1457.624	219.2135	0.2226737	0.444524	0.342136	0.0160189	0.197321	1.120342	1.865692
33504	-1234.155	-1452.731	218.5762	0.4707959	0.486918	0.443944	0.0431823	0.0259558	1.100933	2.210303
33510	-1221.318	-1440.516	219.1974	0.33852	0.599347	0.348057	0.0276963	0.0248996	1.306221	1.729621
33516	-1227.121	-1446.755	219.634	0.2845874	0.412565	0.517031	0.0171218	0.0532827	1.386769	1.366386
33522	-1221.578	-1441.505	219.9266	0.2154773	0.693518	0.258599	0.0139598	0.0339228	1.432989	1.07592
33528	-1214.361	-1433.747	219.3868	0.252885	0.553021	0.329943	0.0632289	0.0538078	1.270271	1.643235
33534	-1231.066	-1449.986	218.9197	0.4459889	0.331555	0.64465	0.0221743	0.00162107	2.454185	0.2199533
33540	-1227.95	-1446.859	218.9088	0.4572772	0.44234	0.530693	0.0125002	0.0144665	2.470654	0.2264994
33546	-1229.77	-1448.85	219.0803	0.2899806	0.485212	0.490612	0.010802	0.0133739	2.470654	0.2488424
33552	-1226.048	-1445.253	219.205	0.2635223	0.517542	0.437363	0.0303536	0.0147417	2.37828	0.2623176
33558	-1217.187	-1436.463	219.2759	0.2529606	0.721121	0.20871	0.0258164	0.0443526	2.30818	0.2623176
33564	-1222.771	-1441.873	219.1028	0.255885	0.68083	0.247788	0.0188292	0.0525523	2.415449	0.2304812
33570	-1225.611	-1444.936	219.3251	0.2958081	0.693709	0.25993	0.0191854	0.027176	2.324149	0.3125237
33576	-1229.848	-1449.289	219.4411	0.229675	0.643119	0.320341	0.0143892	0.0221508	2.210921	0.3093694
33582	-1231.178	-1450.602	219.4241	0.2484048	0.582468	0.310176	0.0362996	0.0710566	2.210921	0.2942307
33588	-1222.886	-1442.151	219.2652	0.24468	0.65557	0.291826	0.0329263	0.0196782	2.369593	0.2942307
33594	-1226.426	-1446.076	219.6502	0.3230584	0.663007	0.295137	0.0164964	0.0253602	2.049056	0.3842385
33600	-1214.999	-1434.822	219.8231	0.2347541	0.683811	0.267078	0.0211648	0.0279457	1.928635	0.4877903
33606	-1215.687	-1435.459	219.7721	0.276484	0.591068	0.391274	0.00471681	0.0129402	1.943301	0.6444835
33612	-1221.058	-1441.019	219.9613	0.2604902	0.674544	0.306074	0.0164252	0.00295647	1.64978	0.8160534
33618	-1221.891	-1441.771	219.879	0.3158094	0.422306	0.462735	0.0270612	0.0878976	1.84279	0.5856603
33624	-1220.745	-1440.596	219.8511	0.238782	0.4952	0.379131	0.0317323	0.0939364	1.901608	0.494981
33630	-1222.418	-1442.24	219.8215	0.2733608	0.472818	0.410779	0.00839507	0.108008	1.929166	0.5178671
33636	-1224.693	-1444.525	219.8324	0.2228393	0.476936	0.414356	0.00225644	0.106451	1.729495	0.8705738
33642	-1224.944	-1444.302	219.3578	0.2706763	0.519687	0.36851	0.0248464	0.0869566	1.412141	1.559771
33648	-1225.744	-1445.617	219.8728	0.2432372	0.644146	0.328582	0.0203051	0.00696693	1.498434	1.072757
33654	-1223.468	-1443.264	219.7963	0.2690528	0.599567	0.375049	0.0188998	0.00648478	1.452727	1.181536
33660	-1223.522	-1443.334	219.8121	0.2690528	0.683053	0.283856	0.00468112	0.0284093	1.503824	1.122382
33666	-1223.599	-1443.409	219.8098	0.2857916	0.301381	0.642012	0.0105875	0.0460188	1.536368	1.090982
33672	-1220.839	-1440.569	219.7306	0.1985849	0.556353	0.401295	0.0185286	0.0238228	1.30073	1.3464
33678	-1226.392	-1446.194	219.802	0.2314475	0.364165	0.584505	0.00933352	0.0419966	1.311124	1.294822
33684	-1226.946	-1446.524	219.5781	0.3025519	0.387831	0.448213	0.13226	0.0316956	1.4081	1.388195
33690	-1231.847	-1450.623	218.7761	0.4237193	0.411383	0.43192	0.126266	0.0304305	1.270874	1.996361
33696	-1213.139	-1431.672	218.5321	0.3252028	0.397618	0.53587	0.0562372	0.0102744	0.7049743	2.563696
33702	-1227.11	-1445.129	218.0186	0.4581936	0.364694	0.491107	0.134224	0.00997602	0.8065776	2.751841
33708	-1219.328	-1436.771	217.4433	0.3214263	0.425093	0.545184	0.0266585	0.00306463	0.9076669	3.103306
33714	-1217.53	-1435.741	218.2109	0.4399977	0.494418	0.475049	0.0294182	0.00111431	1.090603	2.467716
33720	-1231.195	-1449.96	218.7652	0.4387411	0.333616	0.622335	0.0435693	0.000480128	0.9536698	2.202829
33726	-1215.19	-1432.931	217.7405	0.4418149	0.42126	0.515828	0.0550154	0.0078964	0.9535885	2.841016
33732	-1229.61	-1446.716	217.1054	0.6395147	0.586986	0.369783	0.039439	0.00379173	0.776436	3.20756
33738	-1230.693	-1447.546	216.8539	0.856322	0.533136	0.38823	0.0641706	0.0144634	0.7865903	3.215331
33744	-1225.509	-1442.582	217.0726	0.8975788	0.710398	0.218465	0.062532	0.0086054	0.7068322	3.107544
33750	-1226.653	-1443.27	216.6171	1.19023	0.663426	0.24508	0.0660478	0.0254471	0.6281808	3.252975
33756	-1218.521	-1434.758	216.2372	0.9747236	0.589273	0.2909	0.083987	0.0358399	0.5947681	3.618081
33762	-1232.414	-1448.468	216.0546	1.288564	0.485154	0.369304	0.100044	0.0454995	0.6570841	3.512277
33768	-1224.711	-1441.519	216.8076	0.8474954	0.502342	0.390182	0.0557357	0.0517409	0.6189248	3.346961
33774	-1226.855	-1444.463	217.6083	0.317658	0.486026	0.377508	0.0539254	0.0825404	0.8979691	3.011701
33780	-1222.079	-1440.201	218.1223	0.274408	0.420306	0.460941	0.0727568	0.0459954	0.8355454	2.748758
33786	-1216.606	-1434.211	217.6042	0.2731538	0.475045	0.432313	0.0479351	0.0447061	0.8923141	3.02792
33792	-1218.202	-1435.603	217.4012	0.301018	0.326038	0.555025	0.0615414	0.0573959	0.7175745	3.247137
33798	-1228.407	-1445.978	217.5707	0.2686177	0.467463	0.439944	0.0480159	0.0445774	0.9406612	3.019563
33804	-1215.862	-1433.988	218.1255	0.4932651	0.353458	0.543127	0.0706803	0.0327356	1.009948	2.539568
33810	-1221.269	-1439.677	218.408	0.3598747	0.435508	0.419984	0.0870877	0.0574203	0.8452977	2.539568
33816	-1215.283	-1433.378	218.0953	0.4517353	0.426057	0.488267	0.0423796	0.0432958	0.9346888	2.629842
33822	-1227.345	-1445.658	218.3131	0.336055	0.357352	0.556174	0.0333603	0.0531142	0.9738067	2.52865
33828	-1224.305	-1442.576	218.2715	0.2452444	0.28503	0.603515	0.0535624	0.0578924	1.10913	2.488968
33834	-1225.032	-1443.462	218.4299	0.4029592	0.355319	0.489155	0.145808	0.00971884	0.8704703	2.488968
33840	-1225.844	-1442.776	216.9321	0.3941919	0.205058	0.649551	0.141109	0.00428185	0.870418	3.39708
33846	-1231.422	-1448.365	216.9424	0.3659694	0.467417	0.407091	0.109234	0.0162585	0.8621942	3.408865
33852	-1236.609	-1453.808	217.1991	0.3262399	0.331971	0.501351	0.134527	0.0321514	0.5720849	3.443902
33858	-1235.648	-1453.603	217.9559	0.4013241	0.291378	0.538846	0.137027	0.032749	0.7744176	2.840813
33864	-1242.09	-1459.2	217.1103	0.4827849	0.329143	0.517292	0.123943	0.0296219	0.6873851	3.352471
33870	-1239.072	-1456.808	217.7358	0.3021335	0.586105	0.366371	0.0399822	0.00754168	0.8524498	2.967023
33876	-1231.279	-1448.526	217.2478	0.4185867	0.476388	0.41862	0.0501911	0.0548007	0.7381061	3.276964
33882	-1236.553	-1453.915	217.3618	0.3367405	0.346235	0.588415	0.023458	0.0418924	0.6873257	3.276964
33888	-1242.779	-1460.126	217.3471	0.3010128	0.203907	0.680568	0.0239443	0.0915806	0.6691448	3.307584
33894	-1246.948	-1464.898	217.9503	0.3563727	0.525495	0.367086	0.0516407	0.0557789	0.8185366	2.838764
33900	-1230.339	-1449.542	219.2035	0.3942924	0.352335	0.627449	0.0116518	0.00856421	1.274358	1.71871
33906	-1223.008	-1442.197	219.1893	0.4854051	0.544087	0.425969	0.0172584	0.0126851	1.205241	1.71871
33912	-1216.545	-1435.251	218.7061	0.2437099	0.5451	0.432263	0.0204533	0.00218411	0.9863356	2.291742
33918	-1227.977	-1446.718	218.7408	0.2638477	0.532805	0.422514	0.0429052	0.00177596	0.8005354	2.387521
33924	-1234.298	-1452.984	218.6855	0.392417	0.507428	0.402389	0.087645	0.00253804	1.031019	2.230499
33930	-1235.214	-1454.289	219.0749	0.2672084	0.503087	0.472772	0.0150961	0.00904461	1.14329	1.946766
33936	-1229.691	-1448.169	218.4781	0.3424522	0.273023	0.597076	0.118478	0.0114227	0.9278325	2.451653
33942	-1228.682	-1446.554	217.8718	0.3049744	0.27735	0.60654	0.0454001	0.0707099	0.7752705	2.93084
33948	-1226.827	-1444.98	218.1526	0.2932651	0.325618	0.60126	0.0528646	0.0202571	0.9450062	2.659483
33954	-1222.809	-1441.271	218.462	0.2825972	0.4739	0.438767	0.0410726	0.0462602	1.094639	2.375247
33960	-1233.231	-1450.854	217.6234	0.2702031	0.352773	0.521583	0.0706528	0.0549916	0.9859769	2.960526
33966	-1226.117	-1443.73	217.6134	0.3486156	0.448599	0.442894	0.0676243	0.0408823	0.8930515	3.000294
33972	-1219.951	-1437.445	217.4943	0.4259961	0.384724	0.592908	0.0114885	0.0108789	0.9905149	2.976053
33978	-1215.885	-1433.703	217.8186	0.2618277	0.461763	0.486354	0.0320433	0.01984	0.874249	2.910985
33984	-1229.244	-1448.564	219.3197	0.2828782	0.445367	0.469084	0.0664131	0.0191355	1.081842	1.819498
33990	-1231.32	-1449.778	218.4585	0.6346228	0.402398	0.508595	0.078872	0.0101352	1.096651	2.180513
33996	-1234.476	-1453.052	218.5765	0.4135915	0.392031	0.594672	0.00988817	0.00340917	1.098141	2.245922
34002	-1231.078	-1448.861	217.783	0.471821	0.421497	0.505548	0.070347	0.00260839	0.8615237	2.853874
34008	-1244.124	-1462.76	218.6359	0.4300869	0.632599	0.272511	0.070936	0.023954	1.087581	2.20498
34014	-1254.352	-1472.776	218.4241	0.3186624	0.562068	0.303185	0.113463	0.0212833	0.9079311	2.506829
34020	-1250.222	-1468.716	218.494	0.2673879	0.576914	0.352504	0.0426894	0.0278925	1.113397	2.345301
34026	-1237.8	-1456.322	218.5224	0.2490675	0.638556	0.327872	0.00762919	0.0259434	0.9738474	2.416499
34032	-1242.872	-1460.719	217.847	0.2522002	0.634736	0.32591	0.0185025	0.0208518	1.00198	2.816761
34038	-1237.814	-1456.007	218.1929	0.2733291	0.461876	0.500908	0.0198387	0.0173769	1.086596	2.550656
34044	-1239.477	-1457.742	218.2648	0.4818955	0.499916	0.458782	0.0157118	0.0255905	0.9383154	2.504327
34050	-1233.69	-1451.726	218.0359	0.4847788	0.427042	0.436265	0.117935	0.0187586	0.9308534	2.649261
34056	-1247.184	-1465.899	218.7141	0.3910444	0.522415	0.423373	0.0388066	0.0154051	1.114598	2.15857
34062	-1232.349	-1451.28	218.9309	0.3769314	0.385291	0.504983	0.079551	0.0301754	1.140732	2.006114
34068	-1233.137	-1451.579	218.4422	0.3908928	0.293887	0.620439	0.0596264	0.0260474	1.13054	2.323397
34074	-1224.926	-1442.226	217.2998	0.3728542	0.268075	0.687914	0.0341584	0.00985336	0.7700191	3.249786
34080	-1230.144	-1448.012	217.8685	0.3393899	0.541194	0.383101	0.0692456	0.00646014	0.9011176	2.845246
34086	-1215.002	-1433.407	218.4055	0.3471709	0.470779	0.437225	0.0873572	0.00463903	1.127023	2.369786
34092	-1221.907	-1440.557	218.6506	0.3249405	0.413669	0.463193	0.120558	0.00258083	0.9678903	2.323976
34098	-1219.79	-1437.223	217.4327	0.4396767	0.379429	0.555332	0.0621455	0.00309421	1.106026	2.936185
34104	-1231.858	-1450.031	218.1732	0.3579335	0.462184	0.457274	0.0780086	0.00253368	1.023473	2.575646
34110	-1233.928	-1452.239	218.3102	0.4581625	0.508242	0.402733	0.0882273	0.000797483	1.041914	2.425249
34116	-1219.657	-1438.638	218.9811	0.3084404	0.53125	0.420964	0.0438832	0.00390337	0.9067979	2.156122
34122	-1225.47	-1443.554	218.0843	0.276248	0.485196	0.436274	0.0721155	0.00641462	0.9872162	2.678819
34128	-1225.855	-1443.509	217.6546	0.3015242	0.521426	0.457931	0.0160498	0.00459297	0.7617427	3.070239
34134	-1233.845	-1451.327	217.4817	0.3945658	0.533407	0.422905	0.0164186	0.0272692	0.7995608	3.114093
34140	-1232.614	-1450.216	217.6013	0.3945658	0.428688	0.517502	0.0204413	0.0333689	0.8253444	3.027245
34146	-1233.585	-1452.149	218.5643	0.3312836	0.565278	0.40967	0.016182	0.00887034	0.8696719	2.438444
34152	-1246.347	-1464.987	218.6393	0.3239382	0.532299	0.423054	0.0222468	0.0223999	0.8446938	2.409574
34158	-1233.445	-1452.542	219.0968	0.3087991	0.430501	0.51888	0.0293721	0.0212471	0.9122195	2.07672
34164	-1240.73	-1460.402	219.6719	0.2916705	0.34068	0.576454	0.0385658	0.0443	1.238243	1.450289
34170	-1231.881	-1451.449	219.5676	0.3381361	0.43903	0.475016	0.0331873	0.0527663	1.388345	1.396696
34176	-1233.774	-1452.971	219.1966	0.3289504	0.627824	0.314098	0.0474587	0.0106195	1.258393	1.767773
34182	-1244.226	-1463.672	219.4458	0.4008929	0.548269	0.38319	0.0592535	0.009288	1.50663	1.362549
34188	-1237.878	-1457.698	219.8192	0.3201352	0.687486	0.250401	0.0536967	0.00841697	1.649046	0.9566213
34194	-1241.455	-1461.345	219.8894	0.309711	0.704735	0.256683	0.0299533	0.00862816	1.649046	0.8857502
34200	-1237.169	-1456.664	219.4955	0.4778373	0.574923	0.351665	0.0569945	0.0164175	1.532955	1.243675
34206	-1242.815	-1462.528	219.7133	0.2788959	0.513607	0.429901	0.0369009	0.0195911	1.631639	1.094012
34212	-1254.818	-1474.78	219.9616	0.2488079	0.638016	0.309039	0.0371709	0.0157738	1.387075	1.094012
34218	-1243.061	-1462.607	219.5453	0.3723427	0.599978	0.347356	0.0369345	0.0157309	1.534544	1.27849
34224	-1238.785	-1458.39	219.6047	0.4525339	0.398189	0.508354	0.0883432	0.00511405	1.619384	1.093795
34230	-1244.312	-1464.025	219.7132	0.4584657	0.479609	0.421105	0.0938532	0.00543302	1.525614	1.074889
34236	-1248.451	-1468.088	219.6378	0.3840649	0.620119	0.307403	0.0685121	0.00396606	1.290856	1.392125
34242	-1237.448	-1456.806	219.3577	0.4291334	0.391158	0.591708	0.0143322	0.00280195	1.302303	1.566015
34248	-1237.634	-1457.02	219.386	0.421025	0.39628	0.483712	0.0522485	0.0677595	1.304427	1.548964
34254	-1232.04	-1451.383	219.343	0.421025	0.515657	0.392845	0.0336624	0.0578355	1.262373	1.611235
34260	-1236.572	-1456.135	219.5625	0.264453	0.740391	0.186199	0.0483331	0.025077	1.579382	1.272579
34266	-1231.703	-1451.072	219.3692	0.2981555	0.423836	0.413559	0.0777259	0.0848783	1.404762	1.550585
34272	-1228.932	-1448.443	219.5103	0.2395467	0.651643	0.251107	0.0355095	0.0617404	1.387567	1.465011
34278	-1236.153	-1455.478	219.3246	0.2395467	0.421134	0.447087	0.0193582	0.112421	1.247104	1.703509
34284	-1235.138	-1454.142	219.0042	0.3737087	0.326498	0.560845	0.0150081	0.0976481	1.159729	1.946013
34290	-1227.022	-1445.904	218.8817	0.3157738	0.4648	0.442349	0.0370326	0.0558182	1.239276	2.000234
34296	-1218.942	-1437.686	218.7442	0.2871459	0.512819	0.366163	0.0527616	0.0682566	1.239103	2.099455
34302	-1214.793	-1434.329	219.5356	0.3316695	0.532653	0.336738	0.0597119	0.0708966	1.260211	1.521602
34308	-1211.068	-1430.159	219.0916	0.3252367	0.523133	0.322891	0.0522238	0.101752	1.306696	1.808611
34314	-1209.754	-1428.963	219.2089	0.3256024	0.52028	0.432101	0.0148891	0.0327296	1.120409	1.855924
34320	-1230.365	-1449.399	219.0341	0.2971178	0.512063	0.426617	0.0290064	0.0323142	1.096635	1.999552
34326	-1225.112	-1444.316	219.2043	0.4464253	0.579044	0.349236	0.0580975	0.0136218	1.298065	1.668697
34332	-1223.867	-1443.547	219.6804	0.3131867	0.47641	0.450338	0.0600244	0.0132272	1.361636	1.340084
34338	-1223.642	-1442.292	218.6506	0.3357516	0.661908	0.304137	0.0279145	0.00604022	0.9980375	2.300659
34344	-1227.69	-1446.589	218.8993	0.3524639	0.515393	0.43094	0.0286391	0.0250282	1.415908	1.853876
34350	-1227.998	-1447.248	219.25	0.3139689	0.623681	0.325755	0.029698	0.0208664	1.127712	1.82708
34356	-1239.048	-1457.029	217.9811	0.3170471	0.633696	0.308342	0.0301749	0.0277876	1.065542	2.68409
34362	-1246.337	-1465.808	219.4709	0.2499253	0.482002	0.435179	0.0526609	0.0301578	1.432156	1.461737
34368	-1241.015	-1460.702	219.6877	0.3824325	0.588718	0.281478	0.104178	0.0256258	1.499377	1.181506
34374	-1226.347	-1445.941	219.5939	0.2438683	0.604537	0.320455	0.0413456	0.0336622	1.464743	1.34046
34380	-1214.581	-1434.055	219.4744	0.288426	0.517406	0.415695	0.0590421	0.00785675	1.427992	1.457073
34386	-1226.652	-1446.619	219.967	0.2376219	0.598721	0.327566	0.0580619	0.0156503	1.430674	1.047036
34392	-1222.873	-1442.561	219.6877	0.2670925	0.581693	0.335416	0.035114	0.0477772	1.309522	1.388168
34398	-1230.579	-1450.445	219.8664	0.2135823	0.573716	0.356734	0.0112013	0.0583486	1.238528	1.295636
34404	-1232.948	-1452.956	220.0085	0.28696	0.732265	0.217058	0.0374168	0.0132601	1.269915	1.151732
34410	-1231.173	-1450.964	219.7916	0.176123	0.822268	0.116079	0.0350169	0.0266364	1.447129	1.151732
34416	-1219.176	-1438.905	219.7284	0.2833718	0.666709	0.283301	0.0283923	0.0215973	1.496211	1.199581
34422	-1229.582	-1449.508	219.9257	0.2656451	0.705632	0.274033	0.0146898	0.00564575	1.602884	0.9132611
34428	-1218.689	-1438.311	219.6219	0.4907438	0.585878	0.318076	0.0841382	0.0119084	1.745972	0.9132611
34434	-1222.802	-1442.531	219.7291	0.4433288	0.590174	0.320408	0.0774219	0.0119957	1.762886	0.8201097
34440	-1230.197	-1449.895	219.6973	0.3891864	0.590174	0.320408	0.0774219	0.0119957	1.634273	1.045346
34446	-1232.51	-1452.26	219.7493	0.4784608	0.505673	0.448901	0.0386429	0.00678321	1.461711	1.082911
34452	-1236.064	-1455.098	219.0338	0.436885	0.580281	0.326519	0.00420286	0.0889976	1.069555	1.950689
34458	-1230.907	-1450.242	219.3353	0.3353175	0.650262	0.302995	0.00463829	0.0421049	1.043525	1.817944
34464	-1239.015	-1458.316	219.3008	0.2912424	0.593528	0.391604	0.00599473	0.00887323	1.120642	1.80377
34470	-1241.416	-1461.205	219.7892	0.1901525	0.360802	0.366931	0.0188074	0.25346	1.526166	1.098669
34476	-1246.297	-1466.253	219.956	0.1651583	0.587536	0.202397	0.0209057	0.189161	1.467974	0.9579352
34482	-1238.739	-1458.298	219.5585	0.1977245	0.576205	0.21562	0.0216395	0.186535	1.416694	1.390063
34488	-1233.389	-1452.731	219.3419	0.2507562	0.513771	0.320111	0.0219947	0.144124	1.217046	1.713152
34494	-1225.047	-1444.584	219.537	0.2507562	0.481978	0.398169	0.0206336	0.0992193	1.335975	1.484549
34500	-1233.603	-1453.005	219.4013	0.2506914	0.519347	0.437811	0.0141924	0.0286501	1.210581	1.675578
34506	-1241.059	-1460.373	219.314	0.3648871	0.303924	0.565672	0.0783139	0.0520899	1.157085	1.739723
34512	-1228.155	-1446.56	218.4053	0.3395052	0.404108	0.476774	0.0513356	0.0677818	1.102739	2.3885
34518	-1221.182	-1440.041	218.8595	0.27922	0.310702	0.563521	0.0372506	0.0885259	1.189939	2.057513
34524	-1209.576	-1428.991	219.4146	0.2462162	0.546657	0.405534	0.0394858	0.00832375	1.129483	1.723543
34530	-1210.889	-1428.787	217.8984	0.2695571	0.46187	0.460274	0.0593797	0.018476	1.033559	2.765142
34536	-1214.021	-1433.456	219.4352	0.2500579	0.512811	0.386396	0.0690057	0.0317871	1.20612	1.654571
34542	-1234.021	-1452.428	218.4068	0.3112534	0.484897	0.419797	0.0652495	0.0300568	1.094101	2.403171
34548	-1238.738	-1457.222	218.4842	0.4443302	0.464258	0.473076	0.046396	0.01627	1.098203	2.287277
34554	-1228.268	-1446.576	218.3078	0.3691939	0.498365	0.46397	0.0180733	0.0195916	0.9097021	2.55758
34560	-1238.226	-1456.404	218.1787	0.3363911	0.473378	0.504147	0.00634843	0.0161256	0.9647526	2.617549
34566	-1231.078	-1449.407	218.3292	0.4534892	0.375525	0.607027	0.00514745	0.0123007	1.196888	2.317786
34572	-1235.651	-1454.198	218.5464	0.5356182	0.334659	0.621558	0.0335142	0.0102684	1.222858	2.10831
34578	-1242.487	-1462.273	219.7854	0.3480632	0.590073	0.33446	0.0681036	0.00736362	1.423775	1.184338
34584	-1239.707	-1459.559	219.8519	0.3882398	0.598667	0.335835	0.0289158	0.0365825	1.43761	1.085675
34590	-1235.092	-1454.756	219.6637	0.4277263	0.601901	0.337649	0.0272736	0.0331764	1.503467	1.165318
34596	-1249.703	-1469.094	219.3905	0.3942641	0.336771	0.588917	0.0290011	0.0453112	1.638824	1.305538
34602	-1239.981	-1458.827	218.8465	0.4069912	0.405682	0.553222	0.0119975	0.0290993	1.208625	2.000698
34608	-1229.977	-1448.79	218.8129	0.2954845	0.545973	0.395407	0.0371185	0.0215013	1.215403	2.067855
34614	-1233.554	-1452.371	218.8163	0.4241869	0.485504	0.468522	0.0154533	0.0305206	1.07315	2.100318
34620	-1241.925	-1460.879	218.9539	0.6300204	0.457962	0.416893	0.0159749	0.10917	1.309964	1.705868
34626	-1249.251	-1468.989	219.7375	0.2148292	0.438325	0.431291	0.0144398	0.115944	1.309964	1.342492
34632	-1225.817	-1445.299	219.482	0.2148292	0.618959	0.331596	0.0085386	0.0409063	1.248752	1.583364
34638	-1212.43	-1432.014	219.5837	0.3667736	0.504735	0.401116	0.06356	0.0305887	1.374096	1.379738
34644	-1218.943	-1438.254	219.3108	0.5800497	0.498405	0.416925	0.0691022	0.0155678	1.401033	1.414495
34650	-1217.096	-1436.715	219.6184	0.2949613	0.498393	0.3884	0.0713993	0.0418081	1.616708	1.187091
34656	-1211.801	-1431.4	219.5989	0.2956751	0.55626	0.42269	0.0105919	0.010458	1.412036	1.371031
34662	-1229.047	-1448.382	219.3345	0.3292822	0.366977	0.608863	0.015257	0.0089035	1.234854	1.687152
34668	-1229.182	-1447.641	218.4585	0.6241327	0.516455	0.426721	0.0374856	0.0193392	1.202442	2.118854
34674	-1229.857	-1448.514	218.6566	0.5824366	0.542318	0.43634	0.0147989	0.00654323	1.130039	2.065004
34680	-1222.245	-1440.815	218.5696	0.2760641	0.526109	0.437875	0.0194937	0.0165231	1.052588	2.334778
34686	-1227.432	-1446.465	219.0326	0.3121993	0.479819	0.465993	0.0391184	0.0150693	1.169869	1.946883
34692	-1229.458	-1448.305	218.8472	0.3443568	0.479405	0.459615	0.0461168	0.0148631	1.201121	2.037231
34698	-1229.726	-1448.789	219.063	0.2710467	0.506009	0.382228	0.0845675	0.0271953	1.071038	2.002688
34704	-1238.563	-1457.741	219.1777	0.2791225	0.458242	0.440546	0.0765843	0.0246281	1.183368	1.848052
34710	-1227.981	-1446.915	218.9334	0.3342876	0.45334	0.436048	0.104576	0.00603568	1.090838	2.0574
34716	-1232.959	-1451.752	218.7926	0.3221585	0.458193	0.479659	0.0312916	0.0308562	1.238782	2.0574
34722	-1225.602	-1444.95	219.3481	0.3302719	0.447681	0.458779	0.0649115	0.0286294	1.303054	1.628191
34728	-1225.114	-1444.029	218.9156	0.2910586	0.506162	0.410256	0.0720985	0.0114839	1.279632	1.957947
34734	-1239.64	-1458.706	219.0665	0.4385937	0.483223	0.440151	0.0688309	0.00779568	1.434938	1.674495
34740	-1228.596	-1448.252	219.6565	0.3279743	0.448446	0.445681	0.0967134	0.00915956	1.418568	1.307094
34746	-1233.316	-1452.808	219.4915	0.2905118	0.718851	0.230911	0.0365124	0.0137254	1.248824	1.577454
34752	-1226.066	-1445.721	219.6552	0.2288868	0.709916	0.228041	0.0360586	0.0259841	1.330383	1.395827
34758	-1224.698	-1443.433	218.7349	0.28137	0.622586	0.336445	0.024152	0.0168166	1.116375	2.186729
34764	-1240.87	-1459.483	218.613	0.3449765	0.600182	0.353419	0.0367542	0.00964463	1.206678	2.186729
34770	-1238.778	-1457.852	219.0736	0.3501647	0.424965	0.52646	0.0326621	0.0159135	1.220996	1.869026
34776	-1231.644	-1450.874	219.23	0.2789294	0.521791	0.41231	0.0475995	0.018299	1.217121	1.788749
34782	-1230.994	-1450.264	219.2694	0.2789294	0.5704	0.408216	0.0191458	0.00223787	0.9934676	1.91495
34788	-1231.88	-1450.013	218.1331	0.2693671	0.571338	0.408887	0.0191773	0.000597758	0.9673851	2.661887
34794	-1246.389	-1463.856	217.4667	0.2539429	0.753507	0.220074	0.0252919	0.00112622	0.6746929	3.240635
34800	-1240.292	-1457.061	216.7692	0.2541685	0.753507	0.220074	0.0252919	0.00112622	0.7173878	3.6239
34806	-1246.019	-1463.422	217.4025	0.2852339	0.452909	0.486269	0.0590641	0.00175725	0.6841064	3.269656
34812	-1242.801	-1460.704	217.9025	0.2852339	0.252956	0.693982	0.050185	0.00287752	0.8052426	2.898908
34818	-1235.116	-1452.968	217.8514	0.4003663	0.339363	0.592547	0.0656328	0.00245694	0.8896355	2.834816
34824	-1223.035	-1440.363	217.3283	0.2986134	0.510407	0.460589	0.0268412	0.0021631	0.9273571	3.166636
34830	-1223.718	-1442.403	218.6849	0.3449052	0.491786	0.469371	0.0366384	0.00220435	0.970325	2.29267
34836	-1230.505	-1448.431	217.9264	0.2623148	0.296676	0.666476	0.0347066	0.00214182	1.049773	2.73882
34842	-1226.682	-1444.658	217.9764	0.3942492	0.317853	0.658183	0.0225716	0.00139294	1.057207	2.659071
34848	-1230.064	-1449.312	219.2482	0.3534199	0.495811	0.49218	0.00175339	0.0102557	1.158346	1.790457
34854	-1236.092	-1454.849	218.7572	0.3125704	0.514925	0.385311	0.00696781	0.0927959	1.12522	2.158395
34860	-1244.818	-1463.371	218.5531	0.3178685	0.428269	0.506575	0.0557432	0.00941297	1.031129	2.348244
34866	-1239.178	-1458.406	219.2285	0.2806308	0.635263	0.295745	0.0573107	0.0116812	1.075614	1.886657
34872	-1233.995	-1451.785	217.7902	0.2742746	0.708426	0.267686	0.0101873	0.0137004	1.0467	2.822434
34878	-1243.658	-1462.5	218.8416	0.2370663	0.56867	0.328114	0.0307128	0.0725038	1.170067	2.084207
34884	-1235.371	-1454.7	219.3291	0.2235381	0.749132	0.177166	0.00741411	0.0662876	1.186036	1.740445
34890	-1225.733	-1445.273	219.5404	0.2235381	0.689063	0.228265	0.0208201	0.0618521	1.173617	1.598486
34896	-1236.012	-1455.538	219.5262	0.3321997	0.408538	0.478157	0.040507	0.0727984	1.28125	1.512677
34902	-1231.004	-1449.806	218.8018	0.3187	0.416624	0.535279	0.0119068	0.0361906	1.412291	1.936791
34908	-1239.132	-1458.72	219.5877	0.252647	0.41048	0.542313	0.0105404	0.0366662	1.431075	1.372301
34914	-1229.081	-1447.875	218.7946	0.2863687	0.528639	0.425103	0.0175167	0.0287415	1.229703	2.072682
34920	-1218.513	-1437.489	218.976	0.372444	0.449667	0.496324	0.0204514	0.0335569	1.047251	2.040536
34926	-1218.045	-1436.458	218.4127	0.2589739	0.348806	0.58891	0.0193608	0.0429233	0.9942141	2.472476
34932	-1222.795	-1440.914	218.1196	0.4062829	0.30543	0.619325	0.0425394	0.0327055	1.036936	2.576864
34938	-1221.357	-1440.367	219.01	0.3987432	0.402495	0.539825	0.0370788	0.0206008	0.9483633	2.069454
34944	-1229.396	-1448.572	219.1759	0.2604441	0.334284	0.601452	0.0413118	0.0229526	0.993747	1.979926
34950	-1241.791	-1460.77	218.9784	0.5310113	0.448552	0.405284	0.117154	0.0290109	1.022171	1.958015
34956	-1237.568	-1455.729	218.1611	0.4627635	0.332989	0.493346	0.0672195	0.106446	0.9061224	2.600375
34962	-1226.4	-1444.168	217.7677	0.2453199	0.36342	0.566321	0.0205551	0.049704	0.9669146	2.885943
34968	-1218.239	-1436.172	217.9331	0.3256898	0.397751	0.498834	0.0193421	0.0840723	0.9931018	2.754968
34974	-1221.752	-1439.13	217.3779	0.2459799	0.336955	0.593956	0.0230304	0.0460582	0.9226448	3.146222
34980	-1225.436	-1442.867	217.431	0.3177069	0.349768	0.555412	0.0593783	0.0354413	0.9183277	3.105523
34986	-1224.411	-1444.256	219.8446	0.3177069	0.340687	0.51475	0.0521632	0.0924003	1.187199	1.346415
34992	-1223.481	-1442.937	219.4564	0.2109812	0.443491	0.325672	0.0466292	0.184209	1.160268	1.664217
34998	-1219.569	-1438.678	219.1087	0.240115	0.545021	0.351004	0.049878	0.0540974	1.174091	1.903564
35004	-1221.354	-1440.761	219.4067	0.240115	0.49144	0.450101	0.00812412	0.0503356	1.055859	1.780128
35010	-1223.117	-1442.102	218.9849	0.3007217	0.335257	0.572299	0.00554223	0.0869012	1.115602	2.018621
35016	-1228.875	-1447.058	218.1828	0.2680578	0.391746	0.515011	0.00776909	0.0854732	0.8002557	2.734095
35022	-1238.256	-1456.324	218.0682	0.2900824	0.403762	0.486314	0.00599801	0.103926	0.9089299	2.734095
35028	-1227.193	-1445.437	218.2436	0.2502544	0.292946	0.613486	0.0181657	0.0754023	1.11269	2.504346
35034	-1221.869	-1441.353	219.4844	0.2791207	0.378374	0.466423	0.0447647	0.110438	1.158835	1.650387
35040	-1227.97	-1447.187	219.2174	0.2791207	0.513894	0.332017	0.0607279	0.0933604	1.254456	1.771499
35046	-1233.146	-1452.763	219.6168	0.2344859	0.474555	0.383153	0.056079	0.0862134	1.30849	1.443473
35052	-1223.448	-1442.991	219.5421	0.2797105	0.426118	0.478308	0.0272719	0.0683029	1.436172	1.400803
35058	-1223.221	-1443.165	219.9449	0.2580624	0.396233	0.487462	0.0536565	0.0626485	1.608967	0.8858069
35064	-1231.121	-1450.894	219.773	0.2696755	0.614578	0.296524	0.0727466	0.0161514	1.639177	1.032462
35070	-1243.487	-1463.357	219.8702	0.3394929	0.503051	0.420627	0.0727248	0.00359711	1.346745	1.182567
35076	-1246.113	-1465.638	219.5245	0.5293666	0.499186	0.417394	0.072166	0.011254	1.262914	1.396447
35082	-1245.546	-1464.86	219.3145	0.3191917	0.504842	0.404936	0.0337294	0.0564926	1.315971	1.647633
35088	-1236.77	-1456.307	219.5378	0.3584381	0.497944	0.446698	0.034302	0.021056	1.369998	1.423322
35094	-1240.167	-1458.211	218.0439	0.3293371	0.288999	0.676428	0.0209604	0.0136133	0.8852427	2.751884
35100	-1240.531	-1459.817	219.2866	0.3993448	0.441169	0.431374	0.0674516	0.0600052	1.366992	1.589739
35106	-1238.131	-1456.729	218.5977	0.3542594	0.517296	0.361663	0.060301	0.0607401	1.288838	2.139175
35112	-1239.535	-1456.56	217.0249	0.2666571	0.438715	0.484022	0.0538426	0.0234204	0.7194572	3.473224
35118	-1231.279	-1448.328	217.0489	0.3823815	0.478515	0.437213	0.0587272	0.0255451	0.633117	3.473224
35124	-1239.533	-1457.482	217.9489	0.3840891	0.513761	0.439276	0.035795	0.0111682	1.01559	2.706624
35130	-1230.519	-1448.373	217.8538	0.3618245	0.480809	0.36002	0.146818	0.0123528	0.9679266	2.8042
35136	-1237.072	-1455.114	218.0413	0.4719568	0.295031	0.663763	0.0304771	0.0107297	1.056889	2.575687
35142	-1232.259	-1450.159	217.8993	0.4207977	0.233009	0.746666	0.0118568	0.0084677	0.9184056	2.777392
35148	-1247.341	-1465.978	218.6365	0.3893877	0.363438	0.631295	0.00156141	0.00370557	0.8521515	2.377606
35154	-1221.865	-1439.399	217.5343	0.2608173	0.543405	0.450684	0.00201274	0.00389846	0.7789667	3.138438
35160	-1234.627	-1451.64	217.0131	0.3521198	0.446609	0.535556	0.00897441	0.00886075	0.6369702	3.505029
35166	-1227.806	-1444.677	216.8712	0.4151361	0.423841	0.544396	0.00839244	0.0233708	0.7289627	3.505029
35172	-1234.55	-1451.988	217.4373	0.4153423	0.302897	0.628741	0.0510168	0.0173458	0.7823863	3.140222
35178	-1219.682	-1438.213	218.5306	0.2584987	0.6708	0.315244	0.00525937	0.00869698	1.097164	2.333031
35184	-1219.121	-1437.628	218.5064	0.2506417	0.584564	0.341798	0.00802584	0.0656115	0.7873485	2.543299
35190	-1228.827	-1445.869	217.0416	0.4439341	0.523046	0.433902	0.00564777	0.0374035	0.7771556	3.361853
35196	-1227.428	-1444.572	217.1443	0.3669949	0.377196	0.506428	0.0551347	0.0612412	0.7397032	3.361853
35202	-1231.591	-1449.376	217.7847	0.3301517	0.357439	0.535165	0.0588232	0.0485726	0.7079998	3.015635
35208	-1224.605	-1441.462	216.8565	0.3618504	0.359484	0.538227	0.0591597	0.0431295	0.7827245	3.507334
35214	-1231.171	-1448.816	217.6455	0.3129917	0.443384	0.502693	0.0119373	0.0419857	0.6568394	3.134917
35220	-1228.777	-1445.74	216.9629	0.5540998	0.268727	0.651457	0.0105318	0.0692833	0.7054243	3.386176
35226	-1237.669	-1454.502	216.8321	0.5551834	0.325689	0.596868	0.0598817	0.0175606	0.8351237	3.386176
35232	-1228.204	-1445.708	217.5036	0.3906586	0.41366	0.510167	0.0354689	0.0407044	0.7270765	3.146123
35238	-1225.172	-1444.338	219.166	0.4510087	0.33151	0.583111	0.0388547	0.0465243	1.012853	1.89076
35244	-1232.842	-1451.342	218.4997	0.3970534	0.529653	0.369365	0.0716756	0.0293059	1.131551	2.282763
35250	-1238.164	-1455.754	217.59	0.4130157	0.505611	0.373054	0.067693	0.0536417	1.052669	2.887827
35256	-1225.682	-1444.208	218.5259	0.2825666	0.49353	0.365218	0.0741325	0.0671198	0.8716142	2.475479
35262	-1238.219	-1456.61	218.3912	0.2575673	0.566089	0.366749	0.0165793	0.0505828	1.071966	2.437216
35268	-1226.905	-1445.998	219.093	0.2863344	0.396636	0.543646	0.0333152	0.0264026	1.198919	1.89371
35274	-1223.224	-1442.68	219.4556	0.3051446	0.354589	0.565363	0.0564437	0.0236037	1.293873	1.566311
35280	-1229.222	-1448.488	219.2654	0.1930738	0.746896	0.169161	0.0296606	0.0542824	1.153667	1.793274
35286	-1230.22	-1449.382	219.162	0.2054327	0.714041	0.233817	0.0353022	0.0168406	1.113896	1.898696
35292	-1236.344	-1454.433	218.0894	0.2054327	0.717234	0.242625	0.0271765	0.0129643	0.9872081	2.668508
35298	-1228.164	-1446.122	217.9578	0.3147659	0.592699	0.362361	0.0340786	0.010862	0.8799518	2.812512
35304	-1228.096	-1446.456	218.3602	0.353959	0.50086	0.421034	0.0689279	0.00917896	0.8553635	2.565635
35310	-1241.329	-1458.563	217.2337	0.5826042	0.278579	0.676755	0.0383379	0.00632786	1.02166	3.020754
35316	-1237.178	-1454.692	217.5132	0.4407504	0.416393	0.392084	0.0573037	0.134219	0.8837098	3.020754
35322	-1223.327	-1441.985	218.6576	0.3426402	0.327626	0.647151	0.0152864	0.00993623	1.000762	2.291617
35328	-1230.53	-1449.978	219.4481	0.3082307	0.479059	0.477259	0.0291532	0.0145289	1.080995	1.723647
35334	-1224.774	-1444.036	219.2623	0.2662206	0.661974	0.288299	0.0296507	0.0200763	1.129141	1.829086
35340	-1229.316	-1448.26	218.9439	0.3135375	0.357321	0.594971	0.020637	0.0270706	1.116074	2.041501
35346	-1229.772	-1449.312	219.5401	0.2526827	0.749884	0.208436	0.0259873	0.0156928	1.132911	1.631795
35352	-1228.502	-1448.048	219.5466	0.2861322	0.477376	0.463034	0.0247289	0.0348611	1.151911	1.609011
35358	-1236.767	-1455.786	219.0188	0.3186138	0.528612	0.401249	0.0110892	0.0590505	1.112964	1.992061
35364	-1238.392	-1457.67	219.2773	0.2897551	0.518392	0.375335	0.054236	0.0520376	1.101396	1.833615
35370	-1245.863	-1464.874	219.0109	0.2897551	0.641413	0.294762	0.00921565	0.0546087	1.094634	2.01817
35376	-1233.464	-1452.669	219.2051	0.2543932	0.438996	0.467589	0.014619	0.0787959	1.05635	1.918503
35382	-1232.918	-1452.464	219.5467	0.32344	0.285563	0.587879	0.0702714	0.0562865	1.470439	1.355515
35388	-1227.154	-1446.986	219.8323	0.4431827	0.571688	0.342786	0.0300525	0.0554738	1.561895	0.9342519
35394	-1218.951	-1438.455	219.5047	0.3079142	0.56278	0.295509	0.0295842	0.112127	1.319118	1.510266
35400	-1228.34	-1448.034	219.6939	0.2775543	0.385967	0.541263	0.034092	0.0386786	1.356479	1.344581
35406	-1223.354	-1442.526	219.1718	0.3275914	0.381493	0.505041	0.0603021	0.0531643	1.155844	1.856306
35412	-1228.723	-1447.977	219.2544	0.3231018	0.304599	0.605535	0.0490206	0.0408458	1.139018	1.812857
35418	-1241.837	-1461.547	219.7093	0.3408315	0.413219	0.448603	0.115915	0.0222628	1.496948	1.191006
35424	-1240.139	-1459.856	219.7164	0.4927124	0.579939	0.384204	0.0330347	0.00282293	1.620314	0.9448737
35430	-1242.951	-1462.783	219.8327	0.3729411	0.37315	0.507261	0.0783912	0.0411986	1.578811	0.9789989
35436	-1259.373	-1479.295	219.9224	0.3331997	0.369237	0.528678	0.0591472	0.0429381	1.722815	0.7273186
35442	-1242.559	-1461.323	218.764	0.2214652	0.607063	0.344906	0.0243359	0.0236959	1.176658	2.127744
35448	-1255.244	-1474.473	219.2283	0.3347327	0.518932	0.391396	0.0467944	0.0428778	1.027777	1.902135
35454	-1252.77	-1471.481	218.7116	0.3094473	0.480189	0.420148	0.0551082	0.0445551	1.174503	2.15697
35460	-1235.262	-1453.186	217.9243	0.3949091	0.367972	0.525404	0.0635459	0.0430783	0.9479141	2.757679
35466	-1231.666	-1450.291	218.6249	0.3949091	0.390302	0.508248	0.0482272	0.0532227	1.024019	2.272604
35472	-1243.922	-1463.294	219.3721	0.3390312	0.466415	0.487864	0.0242579	0.0214629	1.179368	1.695641
35478	-1236.513	-1455.274	218.7614	0.2698055	0.468052	0.489577	0.0140595	0.0283113	1.030139	2.227181
35484	-1238.903	-1457.953	219.0501	0.2743348	0.355725	0.40497	0.0106854	0.22862	0.9660503	2.080243
35490	-1240.882	-1459.387	218.505	0.2239883	0.369706	0.380404	0.011158	0.238732	1.022711	2.393584
35496	-1245.557	-1464.25	218.6936	0.358592	0.252667	0.619395	0.0182614	0.109676	1.354581	2.030815
35502	-1240.36	-1460.092	219.7311	0.4179467	0.332991	0.563236	0.0562279	0.047545	1.664853	0.9566249
35508	-1243.754	-1463.306	219.5524	0.3506704	0.360567	0.609878	0.0221054	0.00744963	1.618952	1.2153
35514	-1242.129	-1461.91	219.7811	0.3073979	0.491707	0.494404	0.00852012	0.00536837	1.584964	1.064273
35520	-1245.673	-1465.358	219.6851	0.3120868	0.457924	0.460437	0.0760555	0.00558348	1.584964	1.149805
35526	-1243.68	-1461.664	217.9848	0.4932778	0.428293	0.487842	0.078642	0.00522219	1.158005	2.534983
35532	-1240.828	-1460.274	219.446	0.3431207	0.498218	0.453429	0.011861	0.036492	1.178028	1.641953
35538	-1243.466	-1462.87	219.4045	0.3187866	0.471264	0.477786	0.0124981	0.0384522	1.195336	1.669707
35544	-1234.48	-1453.299	218.8193	0.3660512	0.42986	0.455077	0.0187381	0.096325	1.392711	1.917454
35550	-1228.803	-1446.903	218.0997	0.5969571	0.508865	0.387871	0.0959348	0.00733016	0.9005595	2.557533
35556	-1232.101	-1450.64	218.5392	0.393844	0.346906	0.531481	0.118206	0.00340683	1.112739	2.271267
35562	-1229.24	-1447.967	218.7266	0.3293898	0.474253	0.453573	0.0520197	0.0201546	1.238004	2.098626
35568	-1229.908	-1448.346	218.4376	0.3028222	0.397046	0.490392	0.0907711	0.0217907	1.162237	2.343056
35574	-1233.945	-1452.582	218.6366	0.3733931	0.543072	0.360507	0.0666165	0.0298049	1.25879	2.124171
35580	-1230.884	-1449.452	218.5676	0.499806	0.471118	0.46051	0.0466453	0.0217275	1.19175	2.138415
35586	-1229.517	-1447.503	217.9854	0.3621818	0.375397	0.543856	0.0550874	0.0256599	1.172863	2.597568
35592	-1244.371	-1462.183	217.812	0.3168272	0.500965	0.408447	0.056496	0.0340921	0.8640207	2.909838
35598	-1238.178	-1457.068	218.8898	0.3035055	0.519477	0.418079	0.0386362	0.023807	1.247476	1.993369
35604	-1234.437	-1452.887	218.45	0.3289233	0.360116	0.588792	0.0404179	0.0106741	1.256306	2.266369
35610	-1222.846	-1441.217	218.371	0.3808116	0.380987	0.572553	0.0362594	0.0102007	1.044762	2.427937
35616	-1226.769	-1445.52	218.7509	0.305374	0.530865	0.413055	0.0461136	0.00996631	1.162111	2.14072
35622	-1224.016	-1443.004	218.9882	0.302267	0.548976	0.386088	0.0496663	0.0152693	1.035916	2.068736
35628	-1224.429	-1443.133	218.7047	0.3782877	0.402486	0.519147	0.0364132	0.0419542	1.193325	2.120003
35634	-1227.79	-1446.76	218.9699	0.3772771	0.370249	0.437957	0.170795	0.0209986	1.208989	1.934049
35640	-1232.548	-1452.165	219.6169	0.3190168	0.576464	0.373082	0.0329013	0.0175524	1.469562	1.30195
35646	-1223.528	-1443.042	219.5135	0.394583	0.392084	0.53891	0.0345105	0.0344954	1.449223	1.358583
35652	-1229.816	-1449.601	219.7858	0.2740406	0.343688	0.472392	0.0669547	0.116965	1.562179	1.092267
35658	-1221.848	-1441.559	219.7108	0.3666508	0.419345	0.559208	0.0175167	0.00392986	1.614966	1.067541
35664	-1232.643	-1451.7	219.0571	0.4796408	0.479199	0.493583	0.0222304	0.00498736	1.377757	1.694136
35670	-1232.405	-1451.634	219.2291	0.3858945	0.483509	0.493222	0.0222141	0.00105506	1.176544	1.774139
35676	-1227.64	-1446.162	218.5223	0.3045974	0.468514	0.503891	0.0215252	0.00606921	1.15539	2.292918
35682	-1222.932	-1441.482	218.5499	0.3683206	0.429973	0.543977	0.019498	0.00655203	1.093158	2.289844
35688	-1218.208	-1437.2	218.9914	0.4402418	0.41578	0.52602	0.0188543	0.0393459	1.262119	1.846623
35694	-1215.371	-1434.274	218.9027	0.4349373	0.387198	0.589257	0.021121	0.00242374	1.140953	1.991875
35700	-1222.678	-1442.068	219.3902	0.3073639	0.526902	0.379743	0.0801969	0.0131583	1.26965	1.630794
35706	-1224.062	-1442.95	218.8874	0.3171179	0.509507	0.420254	0.0558393	0.0144003	1.154473	2.05225
35712	-1233.916	-1452.025	218.1092	0.3997904	0.4734	0.45119	0.0599498	0.0154604	0.8010636	2.731966
35718	-1233.673	-1451.767	218.0946	0.4481424	0.437368	0.425575	0.122238	0.014819	1.105334	2.526465
35724	-1247.015	-1465.709	218.6934	0.4303488	0.435657	0.42391	0.136517	0.00391587	1.142457	2.131793
35730	-1249.498	-1468.371	218.8732	0.4034242	0.424914	0.548281	0.0210071	0.00579738	1.102724	2.055273
35736	-1246.095	-1465.18	219.0848	0.5440701	0.483202	0.39662	0.108532	0.0116458	1.344768	1.651804
35742	-1224.788	-1443.952	219.164	0.5047578	0.542588	0.363649	0.0904749	0.00328853	1.482128	1.52277
35748	-1223.533	-1443.03	219.4973	0.3358644	0.473865	0.467752	0.0574477	0.000935195	1.294381	1.52277
35754	-1219.142	-1438.754	219.6118	0.2788176	0.663886	0.281129	0.0192724	0.0357128	1.387209	1.384796
35760	-1223.829	-1443.315	219.4856	0.3570388	0.463949	0.407392	0.019904	0.108756	1.458347	1.396096
35766	-1230.567	-1450.127	219.5603	0.3133646	0.588757	0.309361	0.0151145	0.0867669	1.410587	1.396096
35772	-1235.739	-1452.725	216.9866	0.5264361	0.491687	0.460604	0.0422423	0.00546617	0.7815353	3.344188
35778	-1234.233	-1451.497	217.2638	0.552561	0.595583	0.36646	0.0336083	0.00434893	0.9951362	3.037282
35784	-1223.254	-1440.008	216.7539	0.391987	0.422774	0.531637	0.0388846	0.00670493	0.6975846	3.602949
35790	-1222.408	-1439.55	217.1421	0.3557056	0.388951	0.569745	0.0329567	0.00834708	0.8662372	3.293515
35796	-1224.575	-1443.014	218.4389	0.3810566	0.388495	0.569078	0.0366778	0.00574932	0.998166	2.41443
35802	-1226.883	-1445.633	218.75	0.6245458	0.459636	0.444895	0.0909734	0.00449472	1.048851	2.027665
35808	-1237.446	-1455.687	218.2411	0.5179817	0.448412	0.530534	0.0169903	0.00406429	0.7477897	2.615147
35814	-1231.916	-1449.922	218.0057	0.3742808	0.444411	0.5258	0.0284977	0.00129066	0.9414591	2.721975
35820	-1227.258	-1446.093	218.8352	0.3699913	0.481743	0.483725	0.0312165	0.00331572	0.9512522	2.196731
35826	-1225.136	-1442.509	217.3733	0.3699913	0.309849	0.608696	0.0588046	0.022651	0.9200783	3.118463
35832	-1221.361	-1438.937	217.576	0.5881828	0.41896	0.480235	0.0934786	0.00732584	0.6695085	3.023178
35838	-1225.634	-1443.226	217.5927	0.4957481	0.456581	0.438648	0.0983187	0.0064527	0.7474179	3.023178
35844	-1234.769	-1452.76	217.9907	0.3049397	0.323303	0.572623	0.0839726	0.0201009	0.659066	2.929248
35850	-1234.513	-1452.366	217.853	0.3665849	0.385183	0.553502	0.0476825	0.0136322	0.6357073	3.003256
35856	-1242.28	-1460.003	217.7229	0.3607199	0.313761	0.566608	0.108499	0.011133	0.6902931	3.051056
35862	-1238.559	-1455.634	217.075	0.3607199	0.291975	0.584596	0.111943	0.0114865	0.7923174	3.374393
35868	-1241.404	-1458.1	216.6956	0.4686422	0.323616	0.614377	0.0566493	0.0053575	0.8049784	3.534276
35874	-1227.797	-1445.568	217.7712	0.2834728	0.436681	0.499544	0.0442348	0.0195404	0.9282592	2.904206
35880	-1240.618	-1458.397	217.779	0.2424476	0.441116	0.504618	0.0345273	0.0197389	0.9251629	2.904206
35886	-1234.629	-1452.769	218.1405	0.2956573	0.370602	0.58197	0.0129737	0.0344537	0.8213043	2.742186
35892	-1229.242	-1447.758	218.5157	0.2568084	0.408454	0.487022	0.0665514	0.0379727	1.057669	2.367642
35898	-1215.653	-1435.143	219.4898	0.3204632	0.476719	0.44988	0.0255081	0.0478934	1.129573	1.655069
35904	-1217.126	-1436.163	219.0365	0.3959129	0.451949	0.496221	0.0394709	0.0123591	1.309277	1.809986
35910	-1217.549	-1436.643	219.0937	0.3959129	0.509236	0.295727	0.133436	0.0616011	1.252015	1.809986
35916	-1220.328	-1439.629	219.3005	0.3444767	0.50085	0.426957	0.0592876	0.0129047	1.185809	1.739075
35922	-1222.167	-1441.102	218.9356	0.3413494	0.549845	0.3709	0.0650874	0.0141671	1.368025	1.866888
35928	-1218.479	-1436.86	218.381	0.3708942	0.428034	0.469456	0.0837595	0.0187509	0.9943711	2.458154
35934	-1216.318	-1434.847	218.5282	0.3886761	0.438433	0.46469	0.06666	0.0302167	0.9106379	2.409418
35940	-1226.088	-1443.819	217.731	0.4786609	0.42379	0.485559	0.0590773	0.0315737	0.9472387	2.829358
35946	-1237.338	-1454.824	217.4856	0.2988285	0.42379	0.485559	0.0590773	0.0315737	0.7805007	3.160398
35952	-1226.438	-1444.088	217.6508	0.4770397	0.299011	0.618425	0.0504929	0.0320712	0.8745769	2.922836
35958	-1224.363	-1441.904	217.5411	0.3554832	0.285182	0.690907	0.00771575	0.016195	0.8606881	3.060115
35964	-1235.557	-1452.801	217.2441	0.3727956	0.307101	0.599631	0.0776614	0.0156067	0.8473731	3.236996
35970	-1238.956	-1456.547	217.5911	0.3588634	0.322455	0.545123	0.110538	0.0218839	0.8934149	3.009154
35976	-1240.942	-1458.598	217.6564	0.3953835	0.366657	0.504588	0.103529	0.0252254	1.008822	2.883248
35982	-1234.637	-1453.085	218.4485	0.2814993	0.559944	0.386313	0.035905	0.0178377	1.131491	2.360622
35988	-1242.605	-1461.19	218.5855	0.3790212	0.419882	0.47386	0.0213817	0.0848764	0.938165	2.360622
35994	-1231.203	-1449.379	218.1759	0.3965015	0.384383	0.56289	0.0253989	0.0273288	1.000487	2.569604
36000	-1222.473	-1440.679	218.2058	0.3965015	0.420619	0.491771	0.028604	0.059006	1.175822	2.441413
36006	-1235.933	-1454.137	218.2035	0.2948767	0.315662	0.561253	0.0231915	0.099894	0.9406668	2.63039
36012	-1237.233	-1455.143	217.9103	0.2951838	0.57626	0.245307	0.0419815	0.136451	0.9249646	2.819456
36018	-1233.287	-1452.153	218.8654	0.3908264	0.463286	0.394726	0.0265973	0.11539	1.177205	2.018062
36024	-1221.094	-1439.504	218.4105	0.314368	0.297024	0.640801	0.0264468	0.0357288	0.9229409	2.507352
36030	-1231.567	-1450.392	218.8249	0.3566571	0.513181	0.347979	0.0828687	0.0559708	1.11356	2.104109
36036	-1236.749	-1455.318	218.5686	0.3030713	0.373247	0.498813	0.0556546	0.072285	1.060453	2.32437
36042	-1235.959	-1455.307	219.3482	0.297286	0.47836	0.396836	0.0604052	0.0643988	1.163381	1.739377
36048	-1224.83	-1444.054	219.2239	0.2781634	0.516889	0.39409	0.0169285	0.0720927	1.294137	1.739377
36054	-1215.818	-1433.958	218.14	0.3078216	0.463357	0.400983	0.0519009	0.0837595	1.024191	2.61454
36060	-1222.981	-1440.522	217.5403	0.2721717	0.584976	0.321709	0.00870203	0.0846137	0.8360256	3.099823
36066	-1231.223	-1450.31	219.0868	0.2721717	0.474307	0.475449	0.00889501	0.0413488	1.206006	1.895731
36072	-1236.037	-1454.102	218.0653	0.3356476	0.416215	0.45085	0.081576	0.0513591	1.099374	2.604685
36078	-1234.936	-1452.553	217.6175	0.3035748	0.562717	0.371498	0.0234655	0.0423195	0.9137924	3.000842
36084	-1244.124	-1461.244	217.1195	0.3035748	0.42901	0.433253	0.0252515	0.112485	1.081177	3.198
36090	-1240.698	-1458.418	217.7193	0.4399078	0.382153	0.552131	0.0157716	0.0499442	0.87297	2.903717
36096	-1250.623	-1468.803	218.1797	0.4136909	0.393338	0.542031	0.047795	0.0168354	0.966057	2.57953
36102	-1241.278	-1459.69	218.4117	0.3546725	0.413846	0.47635	0.068447	0.0413572	0.9268464	2.48868
36108	-1229.102	-1447.918	218.8158	0.4749752	0.434227	0.476306	0.0684406	0.0210272	1.105928	2.047786
36114	-1237.876	-1456.548	218.6722	0.3090886	0.407191	0.500044	0.0794796	0.0132857	1.387836	2.04294
36120	-1237.327	-1456.104	218.7767	0.4111925	0.40467	0.420058	0.15017	0.0251022	1.211236	2.04294
36126	-1239.085	-1458.741	219.6561	0.3848275	0.425605	0.40142	0.148465	0.0245093	1.32795	1.348008
36132	-1231.126	-1450.106	218.9802	0.3912317	0.456517	0.379818	0.140475	0.0231904	1.340868	1.829679
36138	-1229.156	-1448.212	219.0556	0.3361933	0.458121	0.492549	0.019257	0.0300733	1.311588	1.825561
36144	-1237.774	-1456.261	218.4864	0.3358955	0.450568	0.501157	0.0231307	0.025144	1.083127	2.350965
36150	-1240.147	-1458.491	218.344	0.2345851	0.44597	0.496043	0.0331002	0.0248874	0.9671213	2.531401
36156	-1238.697	-1456.34	217.6429	0.2985462	0.444796	0.473944	0.0392724	0.0419882	1.040382	2.910684
36162	-1240.843	-1458.636	217.7929	0.4531624	0.537085	0.4107	0.0147218	0.0374931	1.091888	2.718325
36168	-1242.652	-1460.753	218.1004	0.3091658	0.521341	0.398661	0.0436047	0.0363941	1.067369	2.61191
36174	-1250.847	-1468.417	217.57	0.3957438	0.388875	0.524407	0.0680016	0.0187165	0.9300012	2.982689
36180	-1255.376	-1473.552	218.176	0.4099288	0.363331	0.482643	0.135251	0.0187749	0.9593155	2.588028
36186	-1238.546	-1456.118	217.5723	0.3952705	0.40604	0.539377	0.0375551	0.0170288	0.9302959	2.981371
36192	-1230.221	-1448.47	218.2491	0.4202007	0.52173	0.386706	0.0628553	0.028709	1.06756	2.469411
36198	-1222.858	-1440.215	217.3564	0.3006823	0.392085	0.520901	0.0723346	0.0146798	0.661665	3.30663
36204	-1216.879	-1434.737	217.8578	0.3058804	0.572561	0.386214	0.0190379	0.0221869	0.8767243	2.877805
36210	-1224.908	-1441.876	216.9678	0.3606703	0.58501	0.402626	0.0104057	0.00195867	0.8754249	3.388516
36216	-1233.849	-1450.303	216.4543	0.4115208	0.46264	0.531226	0.00568327	0.000450535	0.9149857	3.64108
36222	-1241.081	-1458.139	217.0581	0.3238709	0.559931	0.425784	0.0132365	0.00104874	0.996182	3.27844
36228	-1243.356	-1460.398	217.0413	0.3249434	0.623078	0.357665	0.0100783	0.0091783	1.01232	3.27844
36234	-1245.467	-1465.324	219.8574	0.2899354	0.525374	0.418946	0.0453618	0.0103188	1.575627	1.006561
36240	-1238.571	-1458.213	219.6415	0.3217377	0.593968	0.365187	0.0318501	0.00899473	1.754769	1.02831
36246	-1230.647	-1450.28	219.6328	0.2740341	0.50693	0.447016	0.0389869	0.00706732	1.589177	1.203928
36252	-1235.892	-1455.412	219.5205	0.2740341	0.577798	0.36066	0.0516124	0.00993	1.196872	1.597733
36258	-1231.821	-1451.406	219.5845	0.2493601	0.66454	0.215902	0.0308967	0.0886618	1.258921	1.506689
36264	-1227.321	-1446.669	219.3481	0.2493601	0.698173	0.226829	0.0324605	0.042537	1.329659	1.628346
36270	-1227.412	-1446.528	219.1164	0.2931166	0.595788	0.329601	0.0237273	0.0508839	1.075379	1.95975
36276	-1228.125	-1447.328	219.2028	0.2931166	0.547196	0.308279	0.0722003	0.0723246	1.35125	1.710596
36282	-1227.699	-1447.147	219.4479	0.2644353	0.63784	0.283033	0.0662875	0.0128404	1.294983	1.580418
36288	-1243.671	-1462.943	219.2721	0.2543038	0.399174	0.46739	0.101789	0.0316466	1.323168	1.687405
36294	-1243.134	-1462.23	219.0957	0.3568594	0.48845	0.450211	0.0286044	0.0327345	1.453977	1.688308
36300	-1228.966	-1448.653	219.6871	0.3362245	0.589975	0.285753	0.0678865	0.0563857	1.450322	1.25176
36306	-1227.65	-1447.296	219.6468	0.3473819	0.397773	0.513286	0.0485856	0.0403546	1.479564	1.254969
36312	-1233.903	-1452.102	218.1983	0.3719311	0.540943	0.282618	0.12156	0.0548794	1.101654	2.504891
36318	-1234.771	-1453.783	219.0118	0.3370883	0.479397	0.435209	0.0588328	0.0265606	1.154899	1.96144
36324	-1220.263	-1438.5	218.2371	0.2926438	0.489729	0.444589	0.0601007	0.00558204	1.055487	2.538861
36330	-1223.542	-1441.862	218.3198	0.3285055	0.492893	0.479724	0.0213594	0.00602318	1.024661	2.495594
36336	-1230.93	-1448.834	217.9038	0.3820735	0.351317	0.565869	0.0757911	0.00702268	0.9332561	2.785509
36342	-1240.434	-1458.04	217.6061	0.7273183	0.529549	0.432169	0.00260898	0.0356731	0.8858038	2.785509
36348	-1233.624	-1450.899	217.2751	0.4660487	0.467285	0.488743	0.00544194	0.0385295	0.8687406	3.157573
36354	-1245.207	-1462.512	217.3051	0.3421634	0.353838	0.617016	0.00379657	0.0253496	0.7989931	3.242433
36360	-1228.896	-1445.442	216.5461	0.389154	0.418871	0.552879	0.0108324	0.0174174	0.7914009	3.67038
36366	-1234.591	-1449.975	215.3838	0.4238816	0.493605	0.435577	0.0575139	0.0133043	0.5765865	4.439153
36372	-1240.161	-1456.228	216.0676	0.6445897	0.469292	0.484167	0.00414272	0.0423986	0.6210476	3.899083
36378	-1244.868	-1461.784	216.9165	0.4128054	0.356089	0.577315	0.00765412	0.0589413	0.9598474	3.344469
36384	-1239.394	-1457.238	217.8437	0.4405409	0.345335	0.585591	0.0119136	0.0571611	1.064542	2.711148
36390	-1234.999	-1452.808	217.809	0.4362459	0.390295	0.489769	0.0553329	0.0646031	0.898938	2.835746
36396	-1222.468	-1440.551	218.0832	0.3022932	0.543269	0.425095	0.0116862	0.0199497	0.9538985	2.694347
36402	-1228.34	-1446.536	218.1962	0.298691	0.533911	0.439834	0.00561327	0.0206414	1.024654	2.581935
36408	-1235.107	-1451.762	216.6546	0.3047112	0.509887	0.443064	0.0271563	0.0198924	0.8410177	3.611
36414	-1240.629	-1457.489	216.8604	0.2562844	0.481305	0.456686	0.0328321	0.0291766	0.7193645	3.569774
36420	-1231.098	-1448.562	217.464	0.2681343	0.523126	0.408229	0.0197571	0.0488884	0.7453104	3.199552
36426	-1218.345	-1436.539	218.1934	0.297258	0.506073	0.42867	0.0225762	0.0426802	1.122534	2.523179
36432	-1234.729	-1453.098	218.369	0.317611	0.59463	0.324527	0.0518888	0.0289547	0.937385	2.523179
36438	-1229.345	-1447.992	218.6466	0.2581263	0.489871	0.457564	0.0330723	0.0194926	1.088999	2.26414
36444	-1236.351	-1455.58	219.2283	0.3421733	0.343465	0.604873	0.0361297	0.0155319	1.17196	1.800083
36450	-1233.334	-1452.489	219.1552	0.420654	0.43281	0.510133	0.0430382	0.0140181	1.205921	1.784587
36456	-1228.837	-1448.172	219.3355	0.420654	0.451865	0.495003	0.0268651	0.0262671	1.103436	1.730248
36462	-1224.734	-1444.074	219.3407	0.2904562	0.390201	0.577113	0.0100041	0.0226825	1.239116	1.693078
36468	-1230.13	-1448.821	218.6909	0.3517442	0.379231	0.582827	0.0200425	0.0178994	1.023061	2.252014
36474	-1218.657	-1436.341	217.6837	0.253267	0.380759	0.585174	0.0210756	0.0129916	0.9196548	2.965269
36480	-1212.99	-1431.348	218.3588	0.2366799	0.643686	0.322997	0.0190575	0.0142588	0.9575747	2.528421
36486	-1210.52	-1429.167	218.6476	0.2345382	0.756016	0.217338	0.00977018	0.0168764	1.018994	2.307341
36492	-1214.361	-1433.502	219.1413	0.2568924	0.566521	0.367435	0.0375121	0.0285315	0.9427998	2.037118
36498	-1228.295	-1446.776	218.4804	0.3649627	0.515335	0.352484	0.0801949	0.0519857	1.000175	2.394737
36504	-1220.278	-1439.068	218.7904	0.2548496	0.679429	0.229851	0.0400653	0.0506552	1.112806	2.155932
36510	-1225.674	-1442.267	216.5931	0.3007058	0.235544	0.700404	0.0368347	0.0272174	0.7985755	3.672225
36516	-1237.047	-1453.767	216.7195	0.4619841	0.490425	0.451592	0.0281946	0.0297885	0.549918	3.672225
36522	-1228.249	-1444.652	216.4028	0.6172224	0.388753	0.560674	0.0291042	0.0214684	0.8531681	3.588346
36528	-1224.723	-1442.256	217.5328	0.415523	0.514864	0.354295	0.0469043	0.0839363	0.7300569	3.114394
36534	-1220.298	-1437.107	216.8098	0.2682172	0.502263	0.386431	0.0527717	0.0585341	0.6537313	3.636441
36540	-1222.451	-1440.369	217.9182	0.2109411	0.31518	0.55442	0.0544374	0.0759632	0.8425822	2.863502
36546	-1223.098	-1441.56	218.462	0.2109411	0.411174	0.416213	0.0710174	0.101596	0.8977128	2.495199
36552	-1214.499	-1432.166	217.6673	0.2276146	0.677942	0.227647	0.0388429	0.0555676	0.7887873	3.051421
36558	-1216.299	-1434.127	217.8286	0.2260062	0.650118	0.218304	0.0563725	0.0752058	0.966826	2.846743
36564	-1214.271	-1432.662	218.3903	0.2486473	0.561249	0.322321	0.0263717	0.0900584	0.8585145	2.571202
36570	-1229.923	-1447.594	217.6707	0.7375301	0.5937	0.351039	0.0179589	0.0373022	0.8107892	2.785295
36576	-1232.983	-1451.229	218.2459	0.4849439	0.44048	0.458204	0.0475659	0.0537502	0.965403	2.497378
36582	-1231.996	-1449.612	217.6159	0.564699	0.458673	0.429766	0.0422337	0.0693269	1.034834	2.793231
36588	-1235.304	-1451.756	216.4515	0.4681175	0.434218	0.460788	0.0454518	0.0595429	0.7261164	3.721857
36594	-1230.506	-1446.878	216.3717	0.6713419	0.489676	0.444139	0.043006	0.0231792	0.5514512	3.747921
36600	-1227.901	-1444.988	217.0869	0.4591551	0.563403	0.408399	0.0209359	0.00726177	0.8005358	3.313054
36606	-1222.098	-1439.557	217.4584	0.3493691	0.506742	0.468007	0.0169299	0.00832166	0.9456298	3.061326
36612	-1231.096	-1448.146	217.0502	0.3861355	0.417338	0.516257	0.0572251	0.0091796	0.9144869	3.305676
36618	-1241.818	-1460	218.1823	0.3823347	0.403623	0.467257	0.122576	0.00654403	0.8730486	2.65163
36624	-1229.539	-1447.647	218.1084	0.2820187	0.479564	0.416572	0.0690914	0.0347733	0.923728	2.702023
36630	-1235.495	-1454.059	218.5647	0.2681565	0.468405	0.406879	0.0532139	0.0715017	0.9288793	2.417259
36636	-1239.305	-1457.371	218.0662	0.2269869	0.522718	0.296759	0.0201213	0.160402	0.9572671	2.707908
36642	-1238.767	-1456.596	217.8287	0.2271668	0.479706	0.341914	0.0219152	0.156465	0.9818512	2.837841
36648	-1231.788	-1449.807	218.0189	0.2935357	0.494993	0.338799	0.037719	0.128489	0.8305863	2.81119
36654	-1220.53	-1439.657	219.1274	0.2257384	0.612139	0.282427	0.0449959	0.0604378	1.037291	1.980709
36660	-1222.454	-1440.96	218.5053	0.3472081	0.377501	0.521096	0.0432759	0.0581274	0.8857302	2.45902
36666	-1220.264	-1438.105	217.8406	0.3061844	0.514394	0.407056	0.0331435	0.0454065	0.945851	2.846217
36672	-1218.842	-1437.913	219.0706	0.3345962	0.494074	0.401369	0.0597841	0.0447721	1.059523	1.986926
36678	-1228.894	-1447.77	218.8768	0.2791047	0.471815	0.337823	0.0683223	0.12204	0.9380229	2.210746
36684	-1230.185	-1448.625	218.44	0.2763506	0.541835	0.375584	0.0637633	0.018818	0.8380412	2.551076
36690	-1236.713	-1454.3	217.5871	0.3054448	0.496156	0.428225	0.0583877	0.0172315	0.7015776	3.145235
36696	-1227.46	-1445.785	218.3251	0.5695417	0.460736	0.487918	0.0353455	0.0160014	1.022534	2.357486
36702	-1228.362	-1446.346	217.9844	0.3952195	0.463364	0.490702	0.0298412	0.0160927	0.8585183	2.775418
36708	-1233.152	-1450.99	217.8375	0.2860439	0.440545	0.439159	0.049327	0.0709695	0.7021762	2.999945
36714	-1237.724	-1455.503	217.7793	0.4062037	0.379973	0.527995	0.0592725	0.0327591	0.8139331	2.921233
36720	-1242.407	-1460.5	218.0927	0.3793463	0.367634	0.462921	0.155833	0.0136124	1.123464	2.553515
36726	-1227.674	-1444.717	217.0427	0.9975518	0.722317	0.15371	0.108353	0.0156193	0.66251	3.091369
36732	-1234.318	-1451.345	217.0272	1.091005	0.623948	0.181152	0.186395	0.00850469	0.7589119	2.987661
36738	-1240.068	-1458.213	218.1455	0.9817128	0.653515	0.189737	0.15381	0.00293842	0.8374783	2.31599
36744	-1233.428	-1449.713	216.285	0.7098069	0.524971	0.270202	0.200987	0.00383971	0.8560017	3.59825
36750	-1246.583	-1465.651	219.0683	0.3159685	0.54727	0.366847	0.0841024	0.00178048	1.142082	1.940258
36756	-1248.197	-1466.707	218.5106	0.4442428	0.531727	0.307289	0.159226	0.00175769	0.9129804	2.388397
36762	-1235.672	-1453.914	218.2421	0.4458556	0.531727	0.307289	0.159226	0.00175769	0.9364637	2.541124
36768	-1233.196	-1451.338	218.1428	0.4411561	0.481457	0.447585	0.0668488	0.00410925	0.806555	2.685548
36774	-1228.45	-1446.444	217.9936	0.3047342	0.374607	0.528352	0.0914213	0.00561973	1.056748	2.685548
36780	-1220.144	-1439.526	219.3815	0.2919676	0.491769	0.462288	0.0445007	0.00144275	1.095031	1.765361
36786	-1234.831	-1454.052	219.2213	0.4235155	0.444932	0.504891	0.0486017	0.00157571	1.262411	1.696809
36792	-1229.792	-1447.883	218.0907	0.3434551	0.49687	0.427078	0.0753247	0.000727113	0.9309448	2.689797
36798	-1218.37	-1436.348	217.9775	0.276596	0.491486	0.454917	0.051382	0.00221548	0.8566376	2.823783
36804	-1229.208	-1447.949	218.7417	0.2603063	0.496053	0.449851	0.0518595	0.00223607	0.9849891	2.269726
36810	-1222.067	-1440.727	218.6601	0.4882126	0.386838	0.511766	0.0849995	0.0163965	0.9076967	2.269726
36816	-1230.143	-1449.155	219.0119	0.3031172	0.408059	0.493731	0.0371243	0.061086	1.116063	1.999668
36822	-1238.659	-1457.506	218.847	0.3192464	0.477106	0.431817	0.0716896	0.0193874	1.025813	2.162361
36828	-1232.844	-1451.79	218.9458	0.3458534	0.492493	0.452161	0.0420238	0.013323	0.8676411	2.190409
36834	-1228.026	-1445.558	217.5325	0.6623823	0.455391	0.480334	0.0313359	0.0329389	0.8958283	2.865895
36840	-1222.005	-1439.176	217.1716	0.6558143	0.463692	0.506482	0.0133685	0.0164571	0.667563	3.222629
36846	-1229.353	-1446.377	217.0232	0.3828766	0.419712	0.505771	0.0349865	0.0395308	0.6482493	3.479168
36852	-1250.551	-1468.182	217.6306	0.4977454	0.471345	0.423053	0.0612083	0.0443939	0.8382953	2.944601
36858	-1240.423	-1457.605	217.1826	0.821104	0.531121	0.380508	0.0653779	0.0229924	0.564107	3.174103
36864	-1223.667	-1439.775	216.1075	0.7657251	0.549771	0.338158	0.103615	0.00845623	0.4621368	3.893861
36870	-1233.507	-1450.656	217.1494	0.8832813	0.658149	0.280828	0.0322913	0.0287318	0.6439818	3.107986
36876	-1237.636	-1455.811	218.175	0.6110842	0.588415	0.325369	0.0529279	0.0332888	0.7090219	2.620381
36882	-1236.427	-1455.433	219.006	0.2861028	0.487373	0.405321	0.043466	0.0638398	1.255786	1.91424
36888	-1235.862	-1454.131	218.2688	0.2763213	0.486642	0.404713	0.0434008	0.0652438	1.197746	2.433208
36894	-1231.688	-1449.246	217.5581	0.4031336	0.448605	0.472231	0.0626808	0.0164836	1.14894	2.854025
36900	-1241.448	-1459.407	217.959	0.4031336	0.395257	0.539873	0.0118601	0.0530107	1.109209	2.633174
36906	-1234.935	-1454.411	219.4759	0.2729745	0.424084	0.454785	0.0162334	0.104898	1.303439	1.55249
36912	-1231.055	-1450.151	219.0959	0.2631908	0.48703	0.335722	0.0546062	0.122641	1.289511	1.833516
36918	-1234.151	-1453.155	219.0036	0.2631908	0.703832	0.201231	0.0329346	0.0620019	1.140721	1.996694
36924	-1231.691	-1449.835	218.1437	0.3034926	0.508704	0.397324	0.0368216	0.057151	1.009522	2.622525
36930	-1245.241	-1464.497	219.2565	0.2849654	0.463073	0.380456	0.0595862	0.0968849	1.058896	1.87809
36936	-1243.864	-1461.382	217.5178	0.442996	0.347652	0.587384	0.00853038	0.0564333	0.9294443	2.989344
36942	-1248.111	-1465.331	217.2199	0.353541	0.434436	0.485817	0.0111919	0.0685551	0.8023646	3.286193
36948	-1245.254	-1462.793	217.5392	0.4041878	0.433166	0.497555	0.012384	0.0568951	0.9746791	2.970059
36954	-1243.623	-1461.363	217.7408	0.3547164	0.388711	0.519091	0.011113	0.0810852	0.8970796	2.918664
36960	-1247.385	-1466.771	219.3865	0.2424801	0.583631	0.377123	0.00732622	0.0319207	1.178546	1.708475
36966	-1237.065	-1456.599	219.5339	0.2944653	0.378803	0.477958	0.00733349	0.135905	1.30399	1.504157
36972	-1246.122	-1465.892	219.7702	0.25485	0.312591	0.486572	0.0088913	0.191947	1.292455	1.33749
36978	-1247.633	-1466.71	219.0774	0.2228699	0.450716	0.373683	0.00682845	0.168772	1.117337	1.959872
36984	-1234.212	-1453.22	219.0078	0.1888347	0.330686	0.407206	0.00855271	0.253555	1.030577	2.047769
36990	-1227.967	-1446.977	219.0107	0.1848503	0.511129	0.346459	0.00701268	0.135399	1.0544	2.026992
36996	-1233.794	-1453.245	219.4514	0.1848503	0.758865	0.216923	0.00119224	0.0230194	1.27999	1.564314
37002	-1250.434	-1469.662	219.228	0.3288806	0.403087	0.552801	0.0405637	0.00354831	1.228301	1.7669
37008	-1238.146	-1456.427	218.2818	0.233089	0.542716	0.423491	0.0310751	0.00271829	0.9553834	2.577157
37014	-1255.66	-1472.472	216.8123	0.3163546	0.401403	0.466214	0.106653	0.0257305	0.7251784	3.583344
37020	-1233.078	-1449.901	216.8227	0.2936851	0.424654	0.493218	0.0561335	0.0259939	0.7853282	3.548329
37026	-1239.819	-1456.666	216.8474	0.3218729	0.389527	0.542911	0.0514901	0.0160727	0.8034124	3.515685
37032	-1240.5	-1457.313	216.8128	0.2963819	0.502691	0.410118	0.0664489	0.0207421	0.8502557	3.515685
37038	-1245.932	-1463.312	217.3797	0.3268332	0.587218	0.358411	0.0362439	0.018127	0.9048808	3.141002
37044	-1246.356	-1464.376	218.02	0.4113576	0.281832	0.618806	0.075818	0.0235447	1.05593	2.62401
37050	-1246.289	-1465.631	219.3425	0.2769179	0.469897	0.364436	0.126411	0.039256	1.39534	1.58231
37056	-1250.522	-1469.462	218.94	0.2364405	0.61962	0.247449	0.0388309	0.0941001	1.299934	1.932128
37062	-1245.774	-1464.865	219.0917	0.3686305	0.366785	0.56445	0.0200871	0.0486775	1.126638	1.911879
37068	-1256.521	-1475.484	218.9628	0.3745043	0.566174	0.348577	0.0100177	0.0752313	1.296529	1.881022
37074	-1242.405	-1461.124	218.7189	0.387685	0.477787	0.438922	0.0235657	0.0597252	1.121412	2.15276
37080	-1236.24	-1455.676	219.4361	0.2114432	0.666854	0.280824	0.032891	0.019431	1.244838	1.618155
37086	-1238.133	-1457.761	219.628	0.2612072	0.654455	0.275602	0.0322795	0.0376626	1.290537	1.44957
37092	-1242.829	-1460.45	217.6214	0.3853818	0.391069	0.530136	0.0526429	0.0261517	0.8305576	3.016589
37098	-1234.691	-1452.298	217.6069	0.2981792	0.250679	0.693484	0.0373049	0.0185322	1.038196	2.93383
37104	-1234.702	-1451.295	216.593	0.4769899	0.418872	0.551055	0.00800237	0.0220705	0.7817812	3.602737
37110	-1224.858	-1443.507	218.6491	0.2947171	0.374324	0.501356	0.0186817	0.105638	0.876217	2.392439
37116	-1232.411	-1450.292	217.881	0.273394	0.523285	0.384496	0.0143272	0.0778914	0.9443913	2.829587
37122	-1232.631	-1450.329	217.6985	0.3175285	0.457428	0.484636	0.0128294	0.0451072	0.8166324	3.006457
37128	-1235.719	-1454.131	218.412	0.2594184	0.58246	0.363793	0.0119016	0.041845	0.7234567	2.641177
37134	-1231.966	-1449.626	217.6594	0.2995492	0.526152	0.406324	0.0206222	0.0469011	0.8756551	2.999673
37140	-1226.204	-1443.925	217.7209	0.3283128	0.427086	0.536348	0.0279027	0.00866255	0.7994848	2.999673
37146	-1239.628	-1456.644	217.0167	0.3636475	0.467078	0.466216	0.0591756	0.00752985	0.9761001	3.299331
37152	-1238.204	-1455.929	217.7256	0.3636475	0.449378	0.431307	0.105846	0.0134685	0.8877741	2.929614
37158	-1234.805	-1453.126	218.3203	0.3339507	0.453018	0.51519	0.0182142	0.0135776	0.7869089	2.640832
37164	-1231.22	-1449.083	217.8627	0.3261015	0.384532	0.518745	0.0212753	0.0754469	0.9120304	2.847041
37170	-1227.001	-1444.669	217.6679	0.2575636	0.576967	0.383397	0.0140472	0.0255881	1.026349	2.910365
37176	-1228.421	-1447.054	218.6333	0.291177	0.586947	0.295973	0.0863448	0.0307355	0.9739563	2.341313
37182	-1234.867	-1453.884	219.0172	0.291177	0.51343	0.381792	0.077892	0.0268858	1.225081	1.926241
37188	-1229.223	-1448.913	219.6896	0.2537038	0.417137	0.438229	0.0244609	0.120173	1.526584	1.211126
37194	-1227.563	-1447.122	219.5588	0.2486225	0.612918	0.33082	0.0237705	0.0324918	1.394518	1.423264
37200	-1226.315	-1445.686	219.3708	0.2441708	0.676624	0.236805	0.0365761	0.0499955	1.45061	1.522943
37206	-1234.919	-1454.128	219.209	0.2508165	0.665018	0.250301	0.0355435	0.049138	1.156697	1.84752
37212	-1234.347	-1453.6	219.2529	0.2922798	0.600365	0.334715	0.0205591	0.0443608	1.245566	1.749925
37218	-1220.864	-1439.54	218.6765	0.2553263	0.532564	0.36154	0.047947	0.057949	1.046098	2.272596
37224	-1218.57	-1437.86	219.2904	0.3101114	0.366816	0.580133	0.027098	0.0259529	1.02855	1.868659
37230	-1222.722	-1441.709	218.9864	0.2644245	0.522026	0.393572	0.0385639	0.0458378	1.069904	2.054963
37236	-1227.654	-1446.25	218.5957	0.2662835	0.521689	0.363432	0.0225461	0.092332	0.9720824	2.370533
37242	-1222.355	-1441.127	218.7713	0.2667641	0.546704	0.43473	0.00858341	0.00998285	1.045408	2.211288
37248	-1224.843	-1442.262	217.4187	0.3096922	0.328848	0.609341	0.00292578	0.0588853	0.8888091	3.132824
37254	-1229.992	-1449.047	219.0549	0.238656	0.345845	0.473456	0.00235599	0.178343	0.9292992	2.102413
37260	-1224.294	-1443.266	218.9723	0.3256154	0.567078	0.329571	0.0625543	0.0407966	1.303019	1.892781
37266	-1218.186	-1436.953	218.767	0.3334244	0.395563	0.553206	0.0229224	0.0283087	1.310474	2.022509
37272	-1222.921	-1441.374	218.4534	0.363954	0.263731	0.641454	0.0861529	0.00866149	1.085657	2.358165
37278	-1214.429	-1432.598	218.1694	0.3514157	0.371537	0.540036	0.0196269	0.0687997	1.051732	2.563307
37284	-1225.716	-1444.454	218.7381	0.6847789	0.572109	0.326966	0.0824297	0.0184955	1.201069	1.890624
37290	-1220.84	-1439.725	218.8849	0.4048127	0.472517	0.430795	0.0713037	0.0253841	1.091747	2.054034
37296	-1224.28	-1442.982	218.7017	0.551862	0.403484	0.468486	0.108623	0.0194076	1.13327	2.054034
37302	-1223.473	-1442.299	218.8253	0.2984786	0.466294	0.406661	0.106156	0.020889	1.125666	2.11787
37308	-1227.63	-1446.326	218.696	0.4727304	0.453563	0.453681	0.0726131	0.0201425	0.942719	2.23383
37314	-1222.382	-1440.71	218.3275	0.5431789	0.426358	0.476877	0.0801688	0.0165966	1.037546	2.363685
37320	-1225.286	-1444.538	219.2516	0.6507602	0.525807	0.356326	0.101018	0.0168491	1.229958	1.532414
37326	-1222.695	-1442.103	219.408	0.2673912	0.551931	0.374029	0.0505514	0.023489	1.497754	1.458704
37332	-1225.862	-1445.26	219.3983	0.2673912	0.601422	0.300354	0.0405939	0.0576301	1.352437	1.574332
37338	-1226.389	-1446.024	219.6352	0.2673912	0.583341	0.349871	0.0251584	0.0416293	1.374554	1.378363
37344	-1221.3	-1440.849	219.5487	0.2673912	0.561631	0.393528	0.0160267	0.0288145	1.374554	1.445318
37350	-1208.045	-1427.333	219.2881	0.3481878	0.426672	0.529741	0.0155785	0.0280087	1.356973	1.624342
37356	-1217.201	-1435.752	218.5504	0.4291354	0.478142	0.446285	0.0132319	0.0623406	1.304381	2.120114
37362	-1212.816	-1431.75	218.9344	0.3071828	0.393717	0.5506	0.000890536	0.0547933	1.00928	2.120114
37368	-1224.806	-1444.339	219.5331	0.4968833	0.394124	0.55117	0.000891458	0.0538143	1.228302	1.44173
37374	-1229.149	-1447.83	218.6809	0.6934651	0.590644	0.351929	0.00284382	0.0545829	1.23427	1.900687
37380	-1228.573	-1447.626	219.0537	0.4639931	0.585439	0.39052	0.00568192	0.0183588	1.162846	1.856695
37386	-1215.258	-1433.872	218.6139	0.6374116	0.578398	0.373242	0.0198964	0.0284635	1.10022	2.074683
37392	-1213.257	-1431.411	218.1538	1.023638	0.5091	0.435361	0.0175126	0.0380259	1.116262	2.103404
37398	-1230.553	-1449.47	218.9171	0.2424368	0.559974	0.391975	0.0310052	0.0170455	1.128992	2.061989
37404	-1224.862	-1443.487	218.6247	0.2795788	0.331575	0.574786	0.061618	0.0320213	0.9109423	2.389043
37410	-1222.18	-1440.231	218.0512	0.3140364	0.209432	0.668156	0.0583526	0.0640595	0.9465836	2.71507
37416	-1221.051	-1438.903	217.8524	0.3264431	0.462157	0.467659	0.0661197	0.00406427	0.9417589	2.835102
37422	-1227.15	-1444.697	217.5474	0.2765767	0.347012	0.593971	0.0408701	0.018147	0.8860189	3.065186
37428	-1221.369	-1439.959	218.5892	0.2824827	0.277379	0.652257	0.0471245	0.0232395	0.8621267	2.441693
37434	-1233.435	-1452.252	218.8172	0.2525616	0.356823	0.570721	0.0606214	0.0118351	0.8666009	2.297481
37440	-1226.48	-1444.392	217.9123	0.3533437	0.483154	0.402522	0.111344	0.00297935	0.803787	2.872004
37446	-1225.988	-1443.729	217.7411	0.4972843	0.374014	0.519381	0.105071	0.00153402	0.7604649	2.925223
37452	-1220.979	-1439.317	218.3379	0.5896006	0.490099	0.412261	0.0963155	0.0013242	1.017521	2.339215
37458	-1217.613	-1436.915	219.3026	0.3958126	0.385534	0.577171	0.0354411	0.0018539	1.308164	1.622971
37464	-1214.347	-1433.789	219.4422	0.464316	0.503177	0.461379	0.0278954	0.00754836	1.4628	1.354686
37470	-1212.577	-1431.981	219.4034	0.359277	0.463035	0.488768	0.02567	0.0225271	1.290025	1.583556
37476	-1222.761	-1442.345	219.5836	0.3131554	0.442452	0.497848	0.0315578	0.0281423	1.347583	1.426975
37482	-1218.864	-1437.893	219.0287	0.2561928	0.650143	0.299567	0.0217376	0.028552	1.203379	1.93823
37488	-1218.692	-1438.107	219.4149	0.3856205	0.389606	0.546148	0.0312352	0.0330098	1.388557	1.487078
37494	-1214.174	-1433.349	219.1752	0.2707812	0.519575	0.456392	0.00138151	0.0226514	1.233981	1.816277
37500	-1214.373	-1432.615	218.2425	0.2882361	0.38173	0.609205	0.000409089	0.00865634	1.024845	2.555588
37506	-1219.55	-1438.546	218.9966	0.4032673	0.229393	0.763933	0.000301173	0.00637283	1.338058	1.81338
37512	-1217.917	-1437.338	219.4211	0.2758836	0.413121	0.547182	0.000243122	0.0394541	1.159496	1.695655
37518	-1225.283	-1444.486	219.2036	0.4040253	0.424583	0.548953	0.000406614	0.026058	1.233912	1.741351
37524	-1221.934	-1441.076	219.1427	0.3693901	0.517239	0.460028	0.00034363	0.0223895	1.322685	1.741351
37530	-1222.068	-1441.323	219.2552	0.2873563	0.408023	0.5695	0.000425403	0.0220516	1.180616	1.794813
37536	-1207.558	-1426.776	219.2175	0.2812954	0.53026	0.411859	0.000552944	0.0573282	1.265255	1.76344
37542	-1215.811	-1435.543	219.7317	0.2865435	0.571903	0.424264	0.000723906	0.00310873	1.262146	1.387079
37548	-1221.674	-1439.99	218.3166	0.504612	0.438467	0.558345	0.00116885	0.00201977	1.132395	2.335232
37554	-1228.697	-1448.319	219.622	0.4813037	0.516215	0.478436	0.0019034	0.00344584	1.35449	1.283861
37560	-1232.17	-1451.962	219.7921	0.2896142	0.516215	0.478436	0.0019034	0.00344584	1.329764	1.283861
37566	-1223.295	-1442.816	219.5218	0.2797009	0.594805	0.347578	0.00289541	0.0547217	1.281343	1.533704
37572	-1225.351	-1445.183	219.8321	0.2797009	0.594805	0.347578	0.00289541	0.0547217	1.383924	1.207794
37578	-1227.728	-1447.615	219.8864	0.2593299	0.562337	0.375429	0.00312741	0.0591064	1.5565	1.003691
37584	-1237.396	-1457.123	219.7265	0.2593299	0.54967	0.373662	0.00549097	0.0711767	1.492305	1.208632
37590	-1234.92	-1454.948	220.0274	0.2974253	0.54475	0.425967	0.00535744	0.0239261	1.314566	1.090932
37596	-1225.935	-1445.715	219.7799	0.2974253	0.641802	0.342312	0.00709205	0.00879379	1.414999	1.220582
37602	-1246.772	-1466.565	219.7925	0.2742762	0.635691	0.333887	0.0205976	0.0098243	1.279533	1.327904
37608	-1238.667	-1458.163	219.4961	0.425635	0.547685	0.399032	0.0068487	0.0464345	1.470578	1.334182
37614	-1229.004	-1448.668	219.6642	0.3155027	0.569246	0.384973	0.0229262	0.0228552	1.313045	1.390334
37620	-1219.992	-1439.601	219.609	0.2418787	0.715249	0.25182	0.0249494	0.00798114	1.352657	1.416388
37626	-1222.866	-1442.347	219.481	0.2618501	0.528049	0.452237	0.0140688	0.00564519	1.274375	1.571531
37632	-1216.971	-1435.484	218.5127	0.4713795	0.474436	0.406322	0.115905	0.0033376	1.306715	2.117375
37638	-1219.397	-1438.52	219.1228	0.4148886	0.44461	0.451968	0.0990998	0.00432229	1.332772	1.722098
37644	-1227.49	-1445.922	218.4323	0.3969983	0.410155	0.548384	0.0374727	0.00398734	1.084256	2.355942
37650	-1230.564	-1448.515	217.9514	0.533174	0.410182	0.550529	0.0353021	0.0039876	1.125338	2.55114
37656	-1223.169	-1442.236	219.0671	0.3549945	0.484	0.467737	0.0298574	0.0184062	0.9775056	2.034847
37662	-1217.958	-1437.295	219.3369	0.3265455	0.459422	0.501038	0.0220691	0.0174715	1.240526	1.68256
37668	-1226.551	-1446.125	219.5746	0.5365048	0.491151	0.456968	0.0144195	0.0374623	1.439931	1.205867
37674	-1221.234	-1440.695	219.4614	0.4205902	0.461966	0.489235	0.0135627	0.0352362	1.448086	1.382964
37680	-1230.305	-1449.628	219.3235	0.292908	0.489496	0.47521	0.00106815	0.0342261	1.480547	1.529845
37686	-1235.715	-1455.209	219.4937	0.292908	0.550495	0.414087	0.00814227	0.0272751	1.331549	1.514021
37692	-1227.163	-1446.924	219.761	0.3722605	0.553817	0.415655	0.00370566	0.0268223	1.586663	1.042682
37698	-1234.371	-1454.269	219.8985	0.3243161	0.547828	0.405401	0.00564007	0.0411309	1.628311	0.8902566
37704	-1233.573	-1453.34	219.7666	0.5000888	0.509742	0.431603	0.0365087	0.0221467	1.653617	0.8415432
37710	-1230.175	-1449.769	219.594	0.5827451	0.497713	0.431477	0.0437568	0.027053	1.660695	0.9342845
37716	-1230.092	-1449.892	219.7999	0.3967759	0.432613	0.487857	0.0380335	0.041496	1.697504	0.8641037
37722	-1222.892	-1442.821	219.9292	0.3413146	0.518537	0.409851	0.0367828	0.0348296	1.61723	0.8551549
37728	-1222.414	-1442.251	219.8365	0.2700273	0.490501	0.434879	0.0376641	0.0369564	1.58454	1.023803
37734	-1224.888	-1444.675	219.7873	0.2499817	0.513789	0.416239	0.0147011	0.0552705	1.553064	1.101673
37740	-1227.831	-1447.84	220.0089	0.2499817	0.511731	0.375537	0.0628663	0.0498658	1.287559	1.141327
37746	-1225.227	-1444.748	219.5202	0.2617062	0.518769	0.34704	0.0246772	0.109514	1.392688	1.453831
37752	-1214.364	-1433.722	219.3582	0.3100576	0.576328	0.309466	0.0462951	0.0679111	1.52644	1.463678
37758	-1218.618	-1438.292	219.6744	0.4216517	0.406574	0.49544	0.0633942	0.0345916	1.551371	1.118012
37764	-1233.062	-1452.642	219.5802	0.42796	0.411277	0.524152	0.026324	0.0382474	1.471921	1.26301
37770	-1234.761	-1454.772	220.0112	0.3309862	0.497888	0.441616	0.0318676	0.0286282	1.482679	0.922543
37776	-1240.289	-1460.17	219.8803	0.3759974	0.442868	0.497027	0.0315377	0.0285673	1.563141	0.9432757
37782	-1243.504	-1463.334	219.8294	0.4269722	0.410973	0.461231	0.0719526	0.0558433	1.63104	0.8767887
37788	-1254.808	-1474.635	219.8266	0.3494894	0.435887	0.449268	0.0763146	0.0385305	1.714648	0.8547429
37794	-1239.578	-1459.328	219.7506	0.4309452	0.34194	0.530087	0.0892567	0.0387164	1.541158	1.048964
37800	-1234.384	-1454.02	219.6359	0.3608903	0.46266	0.410371	0.0761444	0.0508246	1.562453	1.185935
37806	-1235.95	-1455.633	219.6831	0.2898305	0.557466	0.35385	0.05709	0.0315936	1.362756	1.345165
37812	-1228.041	-1447.017	218.9767	0.6763346	0.54109	0.343505	0.0934766	0.0219279	1.325025	1.643961
37818	-1230.097	-1449.526	219.429	0.6283632	0.444015	0.453787	0.0844943	0.0177045	1.369646	1.305654
37824	-1221.735	-1441.319	219.5843	0.263365	0.486918	0.437145	0.0510881	0.0248488	1.294511	1.479561
37830	-1231.17	-1449.851	218.6803	0.2897181	0.600593	0.287603	0.0794481	0.0323557	1.119092	2.218593
37836	-1231.568	-1450.294	218.7262	0.4030636	0.373087	0.545242	0.0547245	0.0269464	1.008002	2.213354
37842	-1232.5	-1450.286	217.7862	0.3387942	0.500671	0.433778	0.0397634	0.0257876	0.8556155	2.922769
37848	-1228.166	-1444.31	216.1442	0.5287884	0.387694	0.570436	0.0353214	0.00654857	0.871882	3.780326
37854	-1222.786	-1441.56	218.7742	0.3414867	0.541011	0.435484	0.0198291	0.00367631	0.9741963	2.23432
37860	-1224.134	-1443.101	218.9666	0.3481109	0.47054	0.502346	0.0228736	0.00424075	1.284301	1.89975
37866	-1230.572	-1449.861	219.2887	0.3109568	0.557911	0.392891	0.0392374	0.00996089	1.176931	1.767192
37872	-1232.981	-1452.298	219.3169	0.2926471	0.446407	0.488854	0.0488211	0.0159183	1.364402	1.619782
37878	-1231.659	-1451.318	219.659	0.2445106	0.647173	0.311566	0.0311156	0.0101453	1.19047	1.501975
37884	-1241.539	-1461.241	219.7022	0.2445106	0.580654	0.376913	0.0112331	0.0312006	1.226273	1.442132
37890	-1234.879	-1454.362	219.4834	0.2240548	0.667891	0.282956	0.00608123	0.0430711	1.498753	1.397187
37896	-1223.747	-1442.911	219.1642	0.2713686	0.572583	0.36695	0.020063	0.0404032	1.267337	1.800757
37902	-1220.594	-1439.89	219.2955	0.2166321	0.682512	0.236129	0.01717	0.0641886	1.103287	1.819268
37908	-1221.987	-1441.598	219.6118	0.3120545	0.592142	0.357572	0.0260007	0.0242849	1.406719	1.359266
37914	-1242.015	-1460.937	218.9221	1.273554	0.701899	0.190258	0.0529431	0.0549001	1.398021	1.161855
37920	-1248.653	-1467.294	218.641	1.273554	0.838913	0.0134674	0.0929654	0.0546546	1.302591	1.46657
37926	-1242.214	-1460.657	218.4436	1.23142	0.779976	0.12047	0.0849103	0.0146439	1.173548	1.732746
37932	-1225.767	-1443.764	217.9971	1.423733	0.849425	0.0946523	0.0328889	0.0230337	1.157404	1.930901
37938	-1243.193	-1461.763	218.5693	1.414545	0.620067	0.301703	0.0240084	0.0542223	1.24072	1.47127
37944	-1243.717	-1461.926	218.2095	1.496459	0.557337	0.335152	0.0373356	0.0701759	1.246645	1.678238
37950	-1238.298	-1457.158	218.86	0.6610438	0.409324	0.537954	0.0274204	0.0253017	1.269626	1.777006
37956	-1225.934	-1444.964	219.03	0.4905595	0.333158	0.588317	0.0305505	0.0479747	1.184584	1.840312
37962	-1231.118	-1450.219	219.1008	0.4905595	0.303727	0.649767	0.040626	0.00588016	1.258976	1.739582
37968	-1225.735	-1445.066	219.3304	0.2840339	0.432682	0.516058	0.0468874	0.00437293	1.185632	1.739582
37974	-1229.55	-1448.306	218.7558	0.3691179	0.374821	0.568721	0.0516722	0.00478581	1.423636	1.937876
37980	-1233.992	-1453.248	219.2568	0.3333531	0.507256	0.463533	0.0210162	0.00819524	1.284374	1.705426
37986	-1258.319	-1477.428	219.1091	0.3084456	0.516038	0.45597	0.0174852	0.0105066	1.423709	1.720961
37992	-1243.87	-1463.352	219.482	0.3308787	0.498313	0.470736	0.0201035	0.0108469	1.463617	1.408169
37998	-1238.609	-1456.258	217.6492	0.3198803	0.452794	0.500056	0.0168629	0.0302874	1.087591	2.872101
38004	-1229.327	-1448.367	219.0407	0.3315354	0.460328	0.423046	0.00958183	0.107044	1.180281	1.927213
38010	-1227.001	-1445.434	218.433	0.3169827	0.377941	0.571159	0.00443067	0.0464697	1.117841	2.369744
38016	-1222.834	-1441.805	218.9714	0.2240539	0.533709	0.35407	0.0153925	0.0968277	1.213122	1.967075
38022	-1226.659	-1445.034	218.3753	0.2589422	0.588191	0.306491	0.0341314	0.0711865	1.153009	2.396093
38028	-1222.896	-1441.309	218.4131	0.2226607	0.686575	0.247355	0.0200605	0.0460094	1.143799	2.374771
38034	-1229.202	-1448.709	219.5072	0.227236	0.755112	0.174669	0.0171281	0.0530908	1.398529	1.456902
38040	-1226.781	-1446.219	219.4375	0.2620806	0.614426	0.29371	0.0337447	0.0581189	1.471284	1.456902
38046	-1233.765	-1453.005	219.2403	0.2864711	0.136533	0.792993	0.029256	0.0412176	1.200745	1.791352
38052	-1227.077	-1445.829	218.7518	0.4888176	0.381453	0.504339	0.0567747	0.0574338	1.025727	2.133653
38058	-1236.935	-1455.179	218.2435	0.2990806	0.391947	0.518214	0.0586588	0.0311804	1.026689	2.551223
38064	-1227.602	-1445.781	218.1789	0.2840035	0.566656	0.346831	0.0320175	0.0544957	1.038302	2.587528
38070	-1224.014	-1441.891	217.8765	0.3390385	0.431146	0.482384	0.0416863	0.0447833	0.9469699	2.812639
38076	-1235.002	-1453.912	218.9101	0.4166263	0.409769	0.511277	0.0455877	0.0333656	1.127418	2.006871
38082	-1232.834	-1451.042	218.2077	0.2828931	0.387872	0.475188	0.0542269	0.082713	1.178603	2.482436
38088	-1229.51	-1447.949	218.4387	0.2828931	0.498871	0.412046	0.0155086	0.0735738	1.07914	2.399717
38094	-1226.5	-1444.514	218.0146	0.2253375	0.635016	0.311613	0.00802742	0.0453439	0.7312644	2.876682
38100	-1235.52	-1453.237	217.7171	0.2379384	0.65493	0.321385	0.00177097	0.021914	0.8896833	2.962532
38106	-1228.632	-1446.851	218.2188	0.3330911	0.480826	0.473291	0.00130018	0.044583	0.8800713	2.646299
38112	-1230.602	-1449.433	218.8302	0.3029313	0.401744	0.534641	0.0201059	0.0435082	1.270809	2.017658
38118	-1238.611	-1457.239	218.6278	0.3029313	0.312986	0.586875	0.0287392	0.0713999	1.271481	2.150368
38124	-1235.903	-1454.901	218.9987	0.2960137	0.48692	0.463664	0.0119737	0.0374429	1.133378	1.998901
38130	-1238.608	-1457.517	218.9089	0.3132692	0.435401	0.524059	0.0107068	0.0298332	1.203639	2.006744
38136	-1252.752	-1471.492	218.7394	0.1978543	0.788994	0.193545	0.00665591	0.010806	1.245745	2.088717
38142	-1245.416	-1464.992	219.5757	0.1917956	0.853583	0.119167	0.00922668	0.0180227	1.441933	1.352231
38148	-1232.781	-1452.59	219.8082	0.212119	0.527307	0.40104	0.0242619	0.0473913	1.46683	1.150985
38154	-1229.922	-1449.892	219.9697	0.2202107	0.606516	0.287483	0.0442676	0.061734	1.610132	0.8477719
38160	-1222.153	-1441.985	219.8326	0.2202107	0.593535	0.292557	0.0217877	0.0921202	1.783929	0.8010878
38166	-1212.677	-1432.398	219.7209	0.2450733	0.591564	0.336086	0.0135207	0.0588297	1.639173	1.083293
38172	-1218.059	-1437.814	219.7556	0.2512109	0.52547	0.370802	0.0304948	0.0732331	1.484021	1.19107
38178	-1211.569	-1431.537	219.9688	0.2655733	0.587733	0.359368	0.0266829	0.0262165	1.544495	0.9299963
38184	-1217.871	-1437.62	219.7487	0.3396804	0.497158	0.433149	0.0421348	0.027558	1.756102	0.9045362
38190	-1218.699	-1438.521	219.8212	0.3396804	0.564318	0.381955	0.0284029	0.0253244	1.617739	0.974996
38196	-1218.989	-1438.991	220.0021	0.218632	0.619306	0.315075	0.0243629	0.0412556	1.462421	0.974996
38202	-1225.17	-1444.949	219.7784	0.3459049	0.396699	0.562495	0.0184778	0.0223278	1.462421	1.158023
38208	-1227.668	-1447.542	219.874	0.3007156	0.243719	0.693824	0.0397145	0.0227428	1.391992	1.158023
38214	-1226.167	-1445.802	219.6352	0.3583554	0.19429	0.736591	0.0382897	0.0308299	1.273089	1.423002
38220	-1236.283	-1456.057	219.7742	0.3583554	0.456115	0.472389	0.0618499	0.00964594	1.372462	1.231556
38226	-1231.816	-1451.483	219.667	0.2803137	0.565507	0.414706	0.0100589	0.00972783	1.492448	1.255273
38232	-1230.373	-1450.175	219.8019	0.2429189	0.740953	0.247279	0.00599788	0.00577018	1.608441	1.035548
38238	-1224.798	-1444.772	219.9742	0.2191777	0.667451	0.317635	0.0126183	0.0022958	1.666965	0.7664938
38244	-1235.167	-1455.233	220.0657	0.2191777	0.608522	0.369607	0.0172832	0.00458709	1.662105	0.6040792
38250	-1237.958	-1457.964	220.0063	0.2439605	0.601081	0.365088	0.0121514	0.0216801	1.436481	1.003846
38256	-1230.618	-1450.517	219.8993	0.3282086	0.555973	0.409463	0.0137978	0.0207654	1.413474	1.103523
38262	-1235.977	-1455.76	219.783	0.2531489	0.413644	0.526575	0.0102655	0.0495154	1.436725	1.208153
38268	-1220.892	-1440.901	220.0092	0.2396429	0.639974	0.279421	0.0184769	0.0621278	1.6163	0.7965004
38274	-1223.15	-1443.074	219.9232	0.2384449	0.619154	0.294492	0.0127434	0.0736104	1.689166	0.8136318
38280	-1209.451	-1429.198	219.7465	0.2123295	0.724746	0.196967	0.0115529	0.0667339	1.99073	0.4467197
38286	-1223.175	-1443.018	219.8432	0.2335677	0.605956	0.292121	0.0365941	0.0653286	1.908544	0.4995093
38292	-1225.14	-1444.983	219.8428	0.2437262	0.587914	0.313198	0.0355045	0.0633835	1.881283	0.6310377
38298	-1230.418	-1450.4	219.9825	0.2499365	0.630073	0.281156	0.0318721	0.0568989	1.760092	0.578459
38304	-1227.974	-1447.94	219.9661	0.2499365	0.693783	0.233529	0.0174136	0.055274	1.717223	0.7118463
38310	-1220.501	-1440.529	220.0277	0.2307471	0.486487	0.405057	0.0502069	0.0582493	1.513739	0.8971223
38316	-1231.37	-1451.278	219.9075	0.2307471	0.399627	0.526381	0.00643398	0.067558	1.63388	0.8971223
38322	-1239.865	-1459.758	219.8933	0.2071476	0.470731	0.253298	0.00760084	0.26837	1.494177	1.044813
38328	-1230.442	-1450.09	219.6475	0.2034706	0.619493	0.365961	0.00736197	0.00718338	1.432216	1.31075
38334	-1236.55	-1456.572	220.0222	0.2609108	0.61528	0.371023	0.00562458	0.00807242	1.432216	0.9919611
38340	-1233.549	-1453.218	219.6697	0.2601234	0.743977	0.22099	0.00680107	0.0282317	1.589713	1.173568
38346	-1239.098	-1459.143	220.0451	0.277152	0.396253	0.478512	0.086432	0.0388025	1.596053	0.77141
38352	-1224.933	-1444.742	219.8092	0.3058698	0.385629	0.536818	0.0397903	0.0377621	1.573059	1.049642
38358	-1228.266	-1447.787	219.5214	0.4811916	0.338419	0.589109	0.034919	0.0375535	1.492681	1.252913
38364	-1233.628	-1453.292	219.6643	0.3360555	0.439938	0.450333	0.0535896	0.0561401	1.452633	1.268861
38370	-1237.715	-1457.204	219.4894	0.3307413	0.459074	0.42972	0.0577686	0.0534379	1.535337	1.346165
38376	-1237.202	-1456.736	219.5339	0.2971323	0.563607	0.36918	0.0213037	0.0459095	1.204563	1.57695
38382	-1223.157	-1442.963	219.8062	0.2774242	0.567498	0.387804	0.0223785	0.0223193	1.312513	1.28947
38388	-1226.35	-1446.271	219.9202	0.2639207	0.628905	0.31746	0.023628	0.0300068	1.422987	1.098333
38394	-1221.383	-1441.181	219.7986	0.311518	0.586941	0.357964	0.024585	0.0305097	1.414024	1.200013
38400	-1223.91	-1443.38	219.4702	0.3883774	0.418729	0.543564	0.0168262	0.0208811	1.497134	1.359022
38406	-1235.374	-1454.348	218.974	0.2970607	0.364692	0.599807	0.0210575	0.0144437	1.146364	2.006484
38412	-1242.09	-1460.412	218.3218	0.3019649	0.378155	0.581862	0.0265652	0.0134179	1.085117	2.465071
38418	-1231.398	-1451.131	219.7328	0.2407453	0.575544	0.344498	0.0404317	0.0395266	1.186626	1.448736
38424	-1242.178	-1461.855	219.6774	0.3183717	0.214998	0.712885	0.0573512	0.0147655	1.368352	1.334984
38430	-1246.736	-1464.866	218.1293	0.317805	0.40145	0.467787	0.108678	0.0220856	0.9607422	2.657172
38436	-1247.61	-1465.909	218.2984	0.4961253	0.456913	0.46673	0.0353583	0.0409981	1.133355	2.351547
38442	-1233.974	-1453.374	219.4004	0.205905	0.670433	0.275996	0.00441024	0.0491605	1.356965	1.559787
38448	-1235.802	-1455.232	219.4296	0.2225829	0.676899	0.278969	0.0035238	0.0406084	1.336894	1.559787
38454	-1229.862	-1449.431	219.5693	0.2378837	0.626801	0.286115	0.0229868	0.0640969	1.44363	1.376055
38460	-1237.4	-1457.119	219.7188	0.2360022	0.539285	0.374467	0.0231418	0.0631063	1.293738	1.376055
38466	-1232.062	-1451.698	219.6356	0.2911533	0.539199	0.374407	0.0345896	0.051804	1.598048	1.189565
38472	-1230.186	-1449.736	219.5492	0.250096	0.605061	0.320242	0.0309514	0.0437454	1.582602	1.281596
38478	-1223.153	-1442.826	219.6732	0.250096	0.413695	0.431281	0.00341341	0.151611	1.476642	1.266765
38484	-1216.088	-1435.943	219.8551	0.2271897	0.513392	0.260331	0.00203064	0.224246	1.476642	1.106167
38490	-1217.89	-1437.625	219.7348	0.2215584	0.475433	0.312089	0.00791858	0.204559	1.594863	1.106167
38496	-1222.985	-1442.813	219.828	0.2144195	0.41122	0.336692	0.020929	0.231159	1.370502	1.218328
38502	-1230.66	-1450.478	219.8181	0.3431732	0.243399	0.604741	0.0130444	0.138816	1.585826	1.008053
38508	-1235.96	-1455.538	219.5784	0.3318444	0.123063	0.804121	0.00262925	0.0701859	1.703962	1.129059
38514	-1210.846	-1430.729	219.8827	0.3393563	0.533983	0.446811	0.00667729	0.0125289	1.577374	0.953199
38520	-1211.134	-1430.682	219.5482	0.2967393	0.558259	0.422667	0.00571609	0.013358	1.490577	1.348698
38526	-1217.323	-1437.073	219.7501	0.2263027	0.635625	0.356741	0.00477952	0.00285406	1.579162	1.108135
38532	-1213.61	-1433.392	219.7827	0.295693	0.584686	0.408292	0.00439649	0.00262534	1.593077	1.059976
38538	-1230.596	-1450.437	219.8413	0.2379623	0.435402	0.431006	0.00944899	0.124142	1.724036	0.8714635
38544	-1226.116	-1445.94	219.8235	0.2605428	0.628208	0.282203	0.0346146	0.0549745	1.802042	0.7970596
38550	-1241.564	-1461.459	219.8946	0.2727371	0.622483	0.279631	0.0651755	0.0327101	1.607134	0.9409769
38556	-1234.054	-1453.807	219.7531	0.297254	0.5647	0.365921	0.0321092	0.0372692	1.728535	0.9541407
38562	-1227.837	-1447.628	219.7917	0.3368888	0.582034	0.358398	0.0330949	0.0264724	1.83334	0.7548133
38568	-1227.722	-1447.541	219.8197	0.2856773	0.298951	0.6023	0.0789213	0.0198274	1.83334	0.7505697
38574	-1235.151	-1454.892	219.7416	0.2856773	0.293507	0.514803	0.0433145	0.148376	1.827772	0.8609915
38580	-1243.367	-1463.35	219.9831	0.3075846	0.47357	0.447691	0.0147677	0.0639714	1.601655	0.8315362
38586	-1246.777	-1466.607	219.8299	0.2279313	0.406182	0.495725	0.0349695	0.0631239	1.729022	0.8761299
38592	-1228.531	-1448.602	220.0704	0.2165977	0.52571	0.39036	0.0350342	0.0488966	1.436154	0.929655
38598	-1219.931	-1438.85	218.919	0.2898144	0.624181	0.304432	0.045618	0.025769	1.272336	1.960838
38604	-1223.656	-1442.727	219.071	0.3123635	0.335724	0.573422	0.0596224	0.0312323	1.212536	1.892035
38610	-1220.958	-1440.222	219.2638	0.2927845	0.398141	0.526444	0.0351452	0.04027	1.152278	1.807128
38616	-1226.904	-1445.615	218.7115	0.4541337	0.362516	0.558186	0.0529717	0.0263264	1.136314	2.109579
38622	-1224.451	-1443.191	218.7401	0.3647049	0.206314	0.727814	0.0569897	0.00888201	1.144148	2.135719
38628	-1217.254	-1436.245	218.9916	0.263975	0.772486	0.203146	0.020339	0.00402929	1.057773	2.059629
38634	-1218.897	-1437.908	219.011	0.2611754	0.759386	0.201358	0.0146366	0.0246194	1.038673	2.059629
38640	-1218.536	-1437.008	218.472	0.2794162	0.460996	0.479957	0.0216191	0.0374272	0.9996705	2.429444
38646	-1225.967	-1444.367	218.3995	0.2903814	0.471489	0.470614	0.0211983	0.0366986	1.145475	2.381021
38652	-1221.308	-1440.341	219.0328	0.3877077	0.395302	0.540952	0.0191375	0.0446085	1.098531	1.960492
38658	-1216.454	-1435.759	219.3059	0.2745238	0.522872	0.374382	0.0437416	0.0590043	1.326395	1.659086
38664	-1225.786	-1445.125	219.3389	0.2518157	0.580436	0.311499	0.0469959	0.0610693	1.351754	1.619064
38670	-1235.456	-1454.719	219.2631	0.2831431	0.590441	0.30036	0.047806	0.061393	1.328972	1.686129
38676	-1234.497	-1453.354	218.8564	0.3021178	0.654603	0.258837	0.0336543	0.0529057	1.290683	1.98721
38682	-1217.662	-1436.492	218.8306	0.3021178	0.558365	0.385098	0.0308202	0.0257169	1.221556	2.050304
38688	-1235.268	-1454.044	218.7768	0.372119	0.614118	0.355628	0.0272885	0.00296592	1.221556	2.057189
38694	-1244.037	-1463.401	219.364	0.2677228	0.61436	0.355768	0.028798	0.00107436	1.293667	1.641819
38700	-1225.798	-1445.294	219.4958	0.4077363	0.538747	0.45114	0.00911002	0.00100293	1.411072	1.393775
38706	-1232.259	-1451.903	219.6443	0.3862847	0.548558	0.421769	0.0287573	0.000915828	1.683931	1.050736
38712	-1230.128	-1449.954	219.8255	0.4156531	0.368625	0.612666	0.0177404	0.000968964	1.537336	0.9926721
38718	-1233.484	-1453.178	219.6946	0.2790364	0.663097	0.313367	0.0202101	0.00332608	1.432221	1.282519
38724	-1232.194	-1452.228	220.0336	0.2200396	0.695971	0.295712	0.00296065	0.00535664	1.378573	1.02792
38730	-1238.8	-1458.834	220.0338	0.2686698	0.541459	0.438422	0.0125413	0.00757752	1.41331	0.9982103
38736	-1235.657	-1455.444	219.7874	0.2419085	0.665128	0.317074	0.00693153	0.0108659	1.546011	1.107538
38742	-1248.433	-1468.069	219.6367	0.2924194	0.662737	0.234629	0.0756318	0.0270019	1.253564	1.465201
38748	-1234.132	-1454.165	220.0328	0.2621272	0.597638	0.36054	0.0296842	0.0121377	1.470589	0.9410935
38754	-1230.783	-1450.775	219.9912	0.309306	0.526936	0.435636	0.0261725	0.0112557	1.723808	0.6157456
38760	-1229.832	-1449.687	219.8546	0.3257094	0.564482	0.375728	0.0500817	0.00970787	1.768366	0.7676664
38766	-1225.541	-1445.256	219.7146	0.2953895	0.558764	0.381211	0.0508125	0.00921217	1.768366	0.9534737
38772	-1232.119	-1451.876	219.7572	0.2953895	0.715199	0.245445	0.0311918	0.00816395	1.52484	1.145848
38778	-1224.983	-1444.507	219.5239	0.2189342	0.634588	0.298783	0.0252168	0.0414117	1.525534	1.342561
38784	-1225.258	-1444.907	219.6486	0.2969523	0.650057	0.30893	0.0191282	0.0218845	1.652521	1.128229
38790	-1231.012	-1450.887	219.875	0.2817696	0.384533	0.467522	0.0211074	0.126838	1.687859	0.8701035
38796	-1235.978	-1455.89	219.9117	0.2817696	0.416825	0.442992	0.02	0.120183	1.742414	0.7507494
38802	-1242.837	-1462.669	219.8313	0.3592126	0.35097	0.543667	0.0143177	0.0910452	1.797726	0.7255705
38808	-1232.781	-1452.413	219.6323	0.4723255	0.511471	0.453182	0.013121	0.022226	1.797726	0.8627008
38814	-1236.979	-1455.758	218.7789	0.2781838	0.701693	0.264193	0.0301004	0.00401373	1.236878	2.079893
38820	-1240.375	-1459.607	219.2323	0.3097681	0.561187	0.293263	0.0332812	0.112269	1.177148	1.806597
38826	-1233.583	-1452.223	218.6398	0.3550944	0.486805	0.40972	0.0113147	0.0921601	1.184076	2.179551
38832	-1224.225	-1442.448	218.2232	0.3718896	0.465263	0.39159	0.13751	0.00563718	0.9475549	2.585307
38838	-1232.337	-1449.746	217.4086	0.6293895	0.463779	0.454571	0.0650617	0.0165889	0.8109019	3.012786
38844	-1228.119	-1446.318	218.1989	0.2837311	0.27752	0.653638	0.0476171	0.0212255	0.8103008	2.71577
38850	-1225.397	-1443.209	217.812	0.3547474	0.512116	0.412262	0.0626365	0.0129847	1.010571	2.806761
38856	-1226.21	-1444.885	218.675	0.389698	0.535011	0.37551	0.0599609	0.0295178	1.292331	2.06848
38862	-1231.212	-1450.521	219.3091	0.3232126	0.630643	0.338553	0.0222263	0.00857739	1.340014	1.632607
38868	-1226.421	-1445.812	219.3918	0.3855003	0.605567	0.358469	0.0268821	0.00908195	1.393351	1.500864
38874	-1229.948	-1449.541	219.5935	0.3855003	0.552562	0.384247	0.0464813	0.0167094	1.311858	1.409336
38880	-1234.62	-1453.626	219.006	0.2551439	0.568293	0.278855	0.103014	0.0498387	1.295884	1.891077
38886	-1220.391	-1439.922	219.5316	0.2504129	0.683734	0.265713	0.0186383	0.0319143	1.205756	1.585123
38892	-1225.33	-1444.286	218.9559	0.2847148	0.64778	0.253805	0.0766039	0.0218114	1.093144	2.056703
38898	-1221.306	-1439.705	218.399	0.5025798	0.444279	0.475097	0.0525387	0.0280856	1.043707	2.340532
38904	-1226.313	-1444.842	218.5281	0.5025798	0.336782	0.584902	0.0403261	0.0379897	1.113818	2.212833
38910	-1226.798	-1445.246	218.4485	0.4344341	0.498837	0.424157	0.0396051	0.0374012	1.07963	2.327758
38916	-1235.444	-1454.978	219.5334	0.4462675	0.487017	0.414107	0.0386667	0.0602093	1.338973	1.393684
38922	-1253.075	-1472.345	219.2698	0.679755	0.585832	0.320231	0.0437119	0.0502254	1.363668	1.393684
38928	-1232.509	-1451.504	218.9953	0.3866883	0.617954	0.276652	0.0865968	0.0187974	1.283489	1.8612
38934	-1237.07	-1455.68	218.6097	0.3444983	0.539472	0.279059	0.129241	0.0522272	1.180138	2.206292
38940	-1238.242	-1455.849	217.6077	0.5254491	0.400628	0.479189	0.108507	0.0116762	0.9706962	2.861664
38946	-1234.927	-1452.678	217.7502	0.2970735	0.562486	0.359425	0.0651385	0.0129503	1.014726	2.861664
38952	-1233.658	-1451.682	218.0241	0.2943135	0.685202	0.256921	0.0522905	0.005587	0.9999316	2.704428
38958	-1228.885	-1447.232	218.3472	0.3963279	0.448817	0.499241	0.0376077	0.0143342	1.075193	2.41584
38964	-1226.997	-1445.241	218.2437	0.428362	0.449882	0.489066	0.00634812	0.0547037	1.184535	2.394645
38970	-1228.469	-1447.258	218.7892	0.3089987	0.498458	0.440176	0.00703354	0.0543332	1.041422	2.193133
38976	-1217.49	-1435.504	218.0142	0.3207336	0.507703	0.448341	0.00488528	0.0390706	0.8678633	2.783603
38982	-1213.186	-1431.989	218.8024	0.3207336	0.50345	0.444585	0.0132218	0.0387433	1.154148	2.107153
38988	-1228.328	-1447.296	218.9685	0.2712339	0.384964	0.521631	0.0693645	0.0240413	1.132704	2.024512
38994	-1231.325	-1449.215	217.8893	0.3014428	0.349155	0.542208	0.0847925	0.0238445	0.9153495	2.836471
39000	-1223.99	-1441.96	217.9702	0.3333273	0.561431	0.382569	0.0509295	0.00507096	0.8176676	2.836471
39006	-1226.169	-1444.964	218.7951	0.2543301	0.486804	0.450727	0.0600031	0.0024656	1.010919	2.218968
39012	-1223.763	-1442.588	218.8254	0.2543301	0.4023	0.546075	0.0495872	0.00203759	1.223903	2.060218
39018	-1230.692	-1448.441	217.7482	0.4550181	0.400988	0.549728	0.0461829	0.0031012	1.223903	2.663635
39024	-1216.993	-1435.517	218.5242	0.2855487	0.439071	0.526991	0.0322233	0.00171471	1.2236	2.252722
39030	-1222.369	-1440.837	218.4686	0.2837337	0.531041	0.41098	0.0519535	0.0060252	1.19087	2.309674
39036	-1213.425	-1432.689	219.2642	0.5707042	0.550254	0.412155	0.0337368	0.00385396	1.299026	1.534328
39042	-1233.575	-1452.374	218.7988	0.4540654	0.406874	0.568226	0.00725731	0.0176428	1.196907	2.011959
39048	-1248.576	-1466.797	218.2209	0.3341528	0.463729	0.514521	0.00960145	0.0121484	1.321511	2.368878
39054	-1235.83	-1455.18	219.3503	0.3129056	0.367838	0.585912	0.0257564	0.0204937	1.433067	1.538581
39060	-1248.914	-1467.486	218.5724	0.3761618	0.406133	0.542801	0.0284378	0.0226272	1.204962	2.199582
39066	-1235.537	-1454.978	219.4409	0.3751639	0.505562	0.410229	0.00689698	0.0773112	1.126817	1.66584
39072	-1236.699	-1456.401	219.7024	0.3008014	0.461306	0.464813	0.0570278	0.0168529	1.550624	1.169424
39078	-1218.056	-1437.938	219.883	0.290552	0.452591	0.483714	0.0593467	0.00434805	1.477561	1.076109
39084	-1224.287	-1443.831	219.5447	0.3768912	0.570927	0.346605	0.0748636	0.0076048	1.287585	1.470524
39090	-1218.504	-1437.35	218.8457	0.3002072	0.625444	0.359014	0.0117333	0.00380888	1.180102	2.06822
39096	-1225.132	-1444.191	219.0584	0.3002072	0.491055	0.48867	0.0149219	0.00535318	1.06726	2.00207
39102	-1217.154	-1436.463	219.309	0.2750577	0.390128	0.600475	0.005627	0.0037702	1.169243	1.767735
39108	-1234.784	-1453.702	218.9185	0.4459505	0.371246	0.60962	0.0029311	0.0162027	1.042096	2.040317
39114	-1235.175	-1454.034	218.8596	0.2873323	0.439315	0.530678	0.0173191	0.0126877	1.156907	2.077639
39120	-1247.227	-1466.667	219.4405	0.4152655	0.347861	0.628379	0.0137137	0.0100464	1.50349	1.359467
39126	-1249.217	-1468.492	219.2746	0.5537484	0.471158	0.497091	0.0183258	0.0134251	1.467193	1.412429
39132	-1231.157	-1449.84	218.6833	0.3204147	0.448046	0.509513	0.0265916	0.0158493	1.140946	2.193483
39138	-1230.774	-1449.326	218.5524	0.3273329	0.543791	0.404698	0.0322741	0.0192362	1.267881	2.193483
39144	-1231.472	-1450.667	219.1949	0.2304469	0.59432	0.349383	0.035273	0.0210236	1.199975	1.825599
39150	-1234.143	-1452.989	218.8466	0.2304469	0.648811	0.32413	0.00669731	0.0203619	1.038289	2.166088
39156	-1233.733	-1451.973	218.24	0.2341568	0.743088	0.159749	0.00616369	0.0909995	1.088066	2.520784
39162	-1232.661	-1451.031	218.3695	0.272889	0.437604	0.513848	0.0103554	0.0381925	1.305513	2.301534
39168	-1225.002	-1444.246	219.2438	0.3346515	0.436544	0.512603	0.0103303	0.0405237	1.272154	1.722626
39174	-1241.457	-1460.553	219.0957	0.3019162	0.48803	0.467937	0.0277414	0.0162916	1.181277	1.899848
39180	-1233.876	-1452.962	219.0863	0.37117	0.397256	0.547918	0.032483	0.022343	1.147837	1.899848
39186	-1240.395	-1459.576	219.1802	0.3176212	0.500023	0.458261	0.0271677	0.0145489	1.099412	1.892844
39192	-1233.258	-1451.611	218.3526	0.3687498	0.306669	0.625549	0.0388799	0.0289022	1.05786	2.437158
39198	-1233.021	-1450.636	217.6153	0.3855267	0.391823	0.580467	0.0235503	0.00415975	0.7625119	3.060852
39204	-1230.651	-1448.387	217.7359	0.3074129	0.545591	0.35069	0.0729392	0.0307794	1.059583	2.840426
39210	-1239.9	-1458.213	218.3127	0.2447454	0.605542	0.320661	0.0456531	0.0281438	0.9566992	2.558282
39216	-1243.321	-1462.377	219.0561	0.2366082	0.588656	0.311719	0.0612957	0.0383289	1.252389	1.885715
39222	-1242.472	-1462.019	219.5473	0.3073586	0.624988	0.343481	0.0143792	0.0171518	1.347994	1.456579
39228	-1233.402	-1452.852	219.4497	0.2983564	0.559071	0.403856	0.0169066	0.0201666	1.36535	1.520047
39234	-1248.993	-1465.912	216.9186	0.3834496	0.334647	0.59811	0.050048	0.0171954	0.963746	3.355377
39240	-1244.541	-1462.895	218.3537	0.4311833	0.375103	0.585819	0.0175233	0.0215555	1.28095	2.261516
39246	-1241.78	-1460.327	218.547	0.2544872	0.58754	0.343164	0.0322083	0.0370875	1.101633	2.319876
39252	-1242.784	-1461.173	218.389	0.2544872	0.616007	0.295101	0.0552909	0.0336011	1.106313	2.417042
39258	-1239.968	-1458.819	218.8509	0.2366251	0.505133	0.250706	0.0749503	0.169211	1.040092	2.163074
39264	-1230.32	-1448.666	218.3461	0.2133623	0.512738	0.247105	0.0304622	0.209694	0.9595678	2.52981
39270	-1233.715	-1451.987	218.2717	0.2527516	0.479367	0.267808	0.0708523	0.181973	0.9811714	2.568698
39276	-1229.922	-1447.522	217.5999	0.2140957	0.678911	0.177893	0.0300046	0.113191	0.800738	3.081096
39282	-1224.691	-1443.27	218.5789	0.2143461	0.586361	0.313949	0.0203342	0.0793561	0.8633148	2.444688
39288	-1231.632	-1449.422	217.7902	0.2031351	0.513569	0.345801	0.0865972	0.0540326	0.7951073	2.966187
39294	-1227.234	-1445.064	217.83	0.3174053	0.520215	0.377846	0.0662552	0.0356831	0.8321913	2.918022
39300	-1234.209	-1451.73	217.5211	0.2850244	0.457797	0.413722	0.0855203	0.0429608	0.945385	3.043997
39306	-1238.262	-1456.773	218.5105	0.2809082	0.462241	0.424815	0.0712072	0.0417369	1.01219	2.397004
39312	-1234.111	-1452.857	218.7458	0.2341767	0.441578	0.405826	0.0525198	0.100076	1.01219	2.248724
39318	-1241.881	-1459.544	217.6639	0.3078252	0.477855	0.32946	0.0568344	0.135851	0.9600935	2.943948
39324	-1229.701	-1447.396	217.695	0.2803774	0.516287	0.406456	0.0530925	0.024165	0.9395166	2.943948
39330	-1230.688	-1448.459	217.7709	0.3295596	0.430036	0.496037	0.0449717	0.0289552	0.9302478	2.890386
39336	-1231.962	-1450.059	218.0967	0.328441	0.424272	0.439483	0.0391045	0.0971407	1.06144	2.611478
39342	-1234.276	-1452.429	218.1534	0.272681	0.475747	0.419667	0.0416096	0.0629766	1.028098	2.611478
39348	-1246.608	-1465.003	218.3948	0.261182	0.557465	0.281373	0.040121	0.121042	1.056189	2.444685
39354	-1255.189	-1474.067	218.8784	0.3120608	0.599054	0.302364	0.0431142	0.0554671	1.153615	2.060522
39360	-1243.68	-1462.521	218.8416	0.2421541	0.627389	0.323692	0.0418018	0.0071172	1.131783	2.109783
39366	-1246.593	-1465.52	218.9272	0.3747752	0.378657	0.537027	0.0738815	0.0104341	1.069347	2.057017
39372	-1240.514	-1459.241	218.7262	0.3456001	0.394793	0.485258	0.0923316	0.0276176	1.23202	2.096082
39378	-1244.918	-1463.803	218.8855	0.3035967	0.375629	0.535933	0.0548544	0.0335844	1.121482	2.079694
39384	-1233.681	-1452.31	218.6286	0.3749688	0.417054	0.478036	0.0749533	0.0299563	1.089404	2.238461
39390	-1237.201	-1455.716	218.5151	0.2884174	0.455791	0.447569	0.0926866	0.0039527	1.115105	2.327312
39396	-1223.554	-1442.198	218.6433	0.3021272	0.463116	0.454762	0.0804201	0.00170195	0.9919547	2.320673
39402	-1235.003	-1452.735	217.7321	0.2595747	0.456944	0.460046	0.0813545	0.00165596	0.9576048	2.913018
39408	-1236.571	-1454.002	217.4311	0.4227444	0.483423	0.428756	0.0860689	0.00175192	0.8151713	3.12048
39414	-1254.198	-1471.538	217.3396	0.3535651	0.509548	0.451927	0.0344545	0.00406987	0.9044	3.154939
39420	-1244.984	-1462.469	217.4849	0.3222628	0.453688	0.45816	0.0798662	0.00828592	0.9816782	3.034014
39426	-1248.383	-1465.43	217.0472	0.5011125	0.385719	0.542028	0.0679011	0.00435147	0.9054962	3.250472
39432	-1242.457	-1458.662	216.2043	0.4355057	0.292183	0.648871	0.0537369	0.00520922	0.7281686	3.880663
39438	-1244.726	-1460.95	216.2239	0.323919	0.47073	0.449743	0.0662652	0.0132616	0.7945076	3.880663
39444	-1241.15	-1459.782	218.6325	0.323919	0.438026	0.402399	0.134629	0.0249459	0.8043575	2.439315
39450	-1229.681	-1447.544	217.8633	0.323919	0.490368	0.415775	0.0440566	0.0498007	0.8700838	2.872821
39456	-1237.258	-1456.11	218.8521	0.276422	0.392296	0.50668	0.0575148	0.0435095	0.9971228	2.188951
39462	-1242.812	-1461.791	218.979	0.276422	0.41593	0.427857	0.0609797	0.0952332	1.077077	2.053603
39468	-1250.941	-1468.352	217.4109	0.2313874	0.331165	0.405197	0.0523923	0.211246	0.7178209	3.246626
39474	-1247.19	-1463.962	216.7724	0.4989191	0.440618	0.480905	0.0412127	0.0372643	0.6799083	3.545145
39480	-1238.72	-1456.107	217.3863	0.463508	0.414869	0.500967	0.0388043	0.04536	0.9570581	3.040019
39486	-1241.172	-1459.839	218.6667	0.2455745	0.243345	0.53799	0.0690891	0.149576	1.139725	2.218608
39492	-1230.419	-1449.15	218.7311	0.2926452	0.326784	0.506821	0.0524932	0.113902	1.167498	2.153591
39498	-1238.096	-1456.729	218.6325	0.2820055	0.35471	0.49786	0.0137121	0.133719	1.066274	2.284842
39504	-1226.956	-1444.949	217.9929	0.1897957	0.334123	0.375661	0.0573752	0.232841	1.025557	2.695722
39510	-1225.128	-1443.688	218.5603	0.2647881	0.128912	0.772855	0.00839733	0.0898352	1.137446	2.287949
39516	-1227.603	-1446.293	218.6899	0.4024912	0.197598	0.741039	0.00507755	0.0562858	1.092546	2.182408
39522	-1231.294	-1449.68	218.3865	0.287718	0.392314	0.59173	0.00903446	0.00692165	1.020064	2.468752
39528	-1233.006	-1452.159	219.1526	0.287718	0.511959	0.468633	0.00791386	0.011494	1.142072	1.891568
39534	-1233.286	-1452.281	218.9944	0.4374182	0.45457	0.486184	0.0318876	0.0273585	1.086732	1.965234
39540	-1225.236	-1444.622	219.386	0.3106266	0.523527	0.379076	0.0632972	0.0341	1.3318	1.587587
39546	-1243.971	-1462.837	218.8661	0.2653692	0.488895	0.29308	0.028291	0.189734	1.419964	1.90116
39552	-1251.065	-1470.447	219.3825	0.3687188	0.523233	0.344112	0.0785862	0.0540688	1.23145	1.636189
39558	-1243.591	-1462.914	219.3232	0.3371568	0.570916	0.332704	0.0475866	0.0487932	1.245836	1.683973
39564	-1242.774	-1462.006	219.2317	0.4259681	0.426301	0.481757	0.0555077	0.0364338	1.176826	1.748248
39570	-1223.74	-1443.052	219.3121	0.3567901	0.534704	0.371872	0.0178934	0.0755303	1.235804	1.689662
39576	-1217.56	-1436.877	219.3166	0.338859	0.564704	0.365848	0.0367588	0.0326894	1.204859	1.716937
39582	-1214.884	-1434.323	219.4398	0.4555437	0.350825	0.608134	0.00841456	0.0326264	1.389073	1.420714
39588	-1224.649	-1444.362	219.7131	0.5623808	0.680359	0.263037	0.0116052	0.0449978	1.702476	0.7635409
39594	-1227.453	-1447.366	219.9123	0.3153925	0.301727	0.63802	0.0128045	0.0474488	1.804366	0.6025707
39600	-1232.989	-1452.849	219.86	0.2979223	0.578751	0.331082	0.0754673	0.0146996	1.815881	0.7068817
39606	-1241.934	-1461.86	219.9262	0.4371769	0.565604	0.384154	0.0270484	0.023194	1.570212	0.8217811
39612	-1230.174	-1449.989	219.8146	0.3383967	0.55427	0.376456	0.0465454	0.0227292	1.742098	0.8449205
39618	-1231.764	-1451.526	219.7624	0.2700622	0.592976	0.344079	0.0228254	0.0401195	1.6426	1.039377
39624	-1226.721	-1446.636	219.9152	0.2260465	0.633654	0.20733	0.012482	0.146534	1.460033	1.06551
39630	-1228.687	-1448.488	219.8009	0.2495013	0.694265	0.256253	0.0217982	0.0276836	1.496201	1.140752
39636	-1228.353	-1448.134	219.7814	0.2495013	0.745477	0.200242	0.0241451	0.0301365	1.566683	1.094614
39642	-1227.109	-1446.928	219.8196	0.2365577	0.722272	0.22153	0.0302579	0.0259402	1.56484	1.059397
39648	-1216.4	-1436.208	219.8076	0.2706806	0.706303	0.247978	0.0037939	0.0419248	1.498366	1.131059
39654	-1215.205	-1434.838	219.6332	0.4158488	0.644864	0.341018	0.00346388	0.0106537	1.376179	1.306809
39660	-1228.054	-1447.919	219.8642	0.2583281	0.62859	0.326629	0.0369964	0.00778521	1.63356	0.947481
39666	-1228.221	-1447.962	219.7409	0.2473189	0.687814	0.266229	0.0396111	0.00634559	1.667465	1.037737
39672	-1233.433	-1453.268	219.8348	0.4283762	0.571916	0.327825	0.0487757	0.0514832	1.444618	1.062911
39678	-1226.701	-1446.194	219.4937	0.3161627	0.626941	0.273456	0.0496618	0.0499408	1.325196	1.510917
39684	-1225.475	-1444.823	219.3478	0.4186381	0.585622	0.32134	0.0463888	0.0466494	1.324877	1.563628
39690	-1219.569	-1439.114	219.5446	0.438781	0.607929	0.33358	0.0365439	0.0219474	1.190978	1.503455
39696	-1222.351	-1442.003	219.6515	0.3999165	0.628595	0.314413	0.0377862	0.0192055	1.476062	1.220282
39702	-1231.982	-1451.662	219.6806	0.3213117	0.471106	0.380051	0.0283192	0.120525	1.375311	1.325578
39708	-1219.47	-1439.11	219.6395	0.3202674	0.420169	0.538858	0.00332168	0.0376516	1.294653	1.421776
39714	-1241.761	-1460.814	219.0527	0.4552169	0.640968	0.328221	0.00255783	0.0282529	1.060887	1.932266
39720	-1234.266	-1452.736	218.4701	0.4055055	0.498187	0.479816	0.00753369	0.0144638	1.175526	2.268993
39726	-1236.894	-1456.05	219.156	0.3733684	0.283724	0.677286	0.0242021	0.0147884	1.217906	1.80298
39732	-1234.773	-1454.36	219.5866	0.4636094	0.419228	0.545285	0.0194852	0.0160019	1.242782	1.41441
39738	-1232.349	-1452.088	219.7387	0.3222314	0.514134	0.456541	0.0228049	0.00652066	1.404483	1.253872
39744	-1223.752	-1443.27	219.518	0.2919754	0.629504	0.334589	0.0279222	0.00798389	1.346405	1.484945
39750	-1235.89	-1454.224	218.3342	0.4759392	0.489271	0.488299	0.00421177	0.018218	1.105895	2.358865
39756	-1238.645	-1457.234	218.5894	0.4626711	0.475772	0.46865	0.0422975	0.0132803	1.121335	2.19357
39762	-1244.425	-1463.319	218.8947	0.4204387	0.368199	0.549093	0.0500678	0.0326406	1.121335	2.018937
39768	-1238.441	-1456.474	218.0332	0.6377303	0.517838	0.416755	0.0395943	0.0258127	1.098792	2.448425
39774	-1246.419	-1464.794	218.3746	0.3385079	0.395874	0.512109	0.0274806	0.064537	1.043466	2.445624
39780	-1230.01	-1449.328	219.3185	0.2414814	0.393661	0.477984	0.0359564	0.0923987	1.14208	1.781646
39786	-1241.003	-1460.278	219.2745	0.4130984	0.35415	0.530378	0.0323475	0.0831248	1.236066	1.684246
39792	-1234.245	-1453.656	219.411	0.3797665	0.303293	0.587881	0.0315067	0.0773199	1.204204	1.629167
39798	-1229.334	-1448.997	219.6628	0.2700573	0.48824	0.436189	0.0104124	0.065158	1.232961	1.465928
39804	-1229.346	-1448.724	219.3785	0.2452784	0.68895	0.288274	0.00739858	0.0153777	1.323436	1.610726
39810	-1223.478	-1442.6	219.1219	0.2648181	0.594525	0.381306	0.00587396	0.0182949	1.449417	1.703704
39816	-1223.82	-1443.43	219.6101	0.3046671	0.421374	0.52986	0.00456708	0.0441992	1.468093	1.314429
39822	-1220.607	-1440.562	219.9556	0.2569421	0.402702	0.554671	0.00365271	0.0389749	1.592399	0.8925034
39828	-1230.474	-1450.295	219.8206	0.2952889	0.498341	0.457594	0.01034	0.0337249	1.710855	0.9008969
39834	-1233.789	-1453.234	219.4442	0.4862669	0.475295	0.490935	0.0165324	0.0172378	1.648809	1.181773
39840	-1232.347	-1451.821	219.4738	0.3744829	0.358222	0.626653	0.00361847	0.0115067	1.580446	1.298123
39846	-1238.651	-1458.301	219.6501	0.4796502	0.449744	0.520819	0.0233759	0.00606068	1.568008	1.075218
39852	-1241.237	-1460.918	219.6808	0.4754175	0.449115	0.520091	0.0233432	0.00745081	1.597669	1.021436
39858	-1240.637	-1460.49	219.8525	0.3133231	0.505947	0.422645	0.0277428	0.0436648	1.649169	0.9248297
39864	-1237.835	-1457.007	219.1714	0.3487611	0.376469	0.575522	0.0383536	0.00965506	1.256284	1.778027
39870	-1231.916	-1451.301	219.3843	0.3094248	0.534473	0.422306	0.0374995	0.00572149	1.299397	1.612834
39876	-1223.496	-1442.768	219.2721	0.3834629	0.48111	0.422163	0.090282	0.00644472	1.365344	1.610969
39882	-1222.878	-1442.487	219.6096	0.2818005	0.617293	0.335879	0.0404136	0.0064147	1.295734	1.456478
39888	-1227.834	-1446.753	218.919	0.2932521	0.693924	0.244956	0.0514272	0.00969302	1.102824	2.072691
39894	-1225.91	-1444.976	219.0658	0.2932521	0.48344	0.436783	0.0535697	0.0262069	1.190422	1.916261
39900	-1230.552	-1447.847	217.2953	0.489305	0.46489	0.460938	0.0565323	0.0176401	1.2581	2.898677
39906	-1217.883	-1436.543	218.6601	0.250303	0.596188	0.358092	0.0253154	0.0204042	0.8193404	2.427114
39912	-1228.114	-1445.681	217.5666	0.5912128	0.373037	0.486882	0.0469556	0.0931254	1.047247	2.798838
39918	-1233.725	-1451.878	218.1529	0.2974455	0.389947	0.44546	0.0429609	0.121632	0.9365272	2.663486
39924	-1227.089	-1445.293	218.2041	0.4522589	0.443894	0.488908	0.0343351	0.0328626	0.9888367	2.528461
39930	-1213.629	-1431.381	217.7527	0.3178104	0.369526	0.552821	0.0385629	0.0390905	0.9532473	2.891463
39936	-1226.249	-1444.565	218.3156	0.3301709	0.295789	0.64393	0.0303909	0.02989	1.109781	2.444203
39942	-1228.181	-1445.076	216.8953	0.3551115	0.285624	0.618667	0.0174465	0.0782627	0.8532288	3.446313
39948	-1215.034	-1432.919	217.8841	0.3585875	0.364639	0.531131	0.050629	0.0536012	0.9552067	2.794943
39954	-1231.62	-1449.507	217.8866	0.339401	0.4437	0.378056	0.085595	0.092649	0.9560919	2.80081
39960	-1228.89	-1446.555	217.6657	0.4523124	0.509279	0.401262	0.0275453	0.0619138	1.030168	2.834007
39966	-1239.295	-1456.66	217.365	0.558542	0.503539	0.350733	0.0272349	0.118493	0.7822988	3.10026
39972	-1228.032	-1446.557	218.525	0.5050755	0.616739	0.287695	0.0682912	0.0272749	0.9547661	2.315338
39978	-1231.492	-1449.624	218.1321	0.2395315	0.606495	0.282917	0.055699	0.0548886	0.9547661	2.670784
39984	-1228.469	-1446.633	218.1634	0.376172	0.435013	0.494909	0.0545915	0.0154867	0.9525525	2.617226
39990	-1239.229	-1458.279	219.0504	0.2995344	0.560535	0.389672	0.0392823	0.01051	1.136298	1.961422
39996	-1233.902	-1453.618	219.7161	0.2605907	0.563274	0.397214	0.0332112	0.00630091	1.558602	1.160177
40002	-1227.462	-1447.302	219.8401	0.2330205	0.62706	0.320764	0.0220623	0.0301133	1.50904	1.091698
40008	-1229.946	-1449.723	219.7769	0.3113679	0.372573	0.535928	0.0411856	0.0503128	1.674916	0.9784139
40014	-1224.22	-1444.097	219.8771	0.2663502	0.705178	0.252534	0.0386661	0.00362136	1.63684	0.9291542
40020	-1223.944	-1443.715	219.7716	0.290452	0.573518	0.34343	0.0760406	0.00701134	1.722442	0.9437226
40026	-1240.771	-1460.602	219.8309	0.22273	0.645495	0.28547	0.0632074	0.00582805	1.757984	0.8379413
40032	-1239.787	-1459.54	219.7535	0.357131	0.454265	0.400113	0.0907846	0.054837	1.817826	0.8104787
40038	-1223.514	-1443.303	219.789	0.3038558	0.62079	0.289911	0.0818311	0.00746777	1.728637	0.9122903
40044	-1230.77	-1450.603	219.833	0.272148	0.553875	0.336887	0.0950907	0.0141479	1.695273	0.9122903
40050	-1232.831	-1452.732	219.9008	0.1987531	0.599994	0.364938	0.0297788	0.00528952	1.522193	1.00385
40056	-1234.585	-1454.43	219.8443	0.2767089	0.655405	0.288728	0.0382952	0.0175725	1.448829	1.141383
40062	-1232.24	-1451.844	219.6047	0.2559162	0.611089	0.305302	0.0449953	0.0386136	1.378	1.400459
40068	-1222.228	-1441.514	219.2861	0.2631642	0.568915	0.349388	0.0507603	0.030937	1.337365	1.666783
40074	-1238.782	-1458.267	219.4851	0.4654001	0.68322	0.238345	0.060959	0.0174755	1.338676	1.41744
40080	-1226.693	-1445.968	219.2748	0.3323292	0.483209	0.437017	0.0683937	0.0113804	1.256184	1.713084
40086	-1235.008	-1454.48	219.4724	0.3092364	0.414284	0.518065	0.0618811	0.00576981	1.071182	1.713084
40092	-1240.805	-1459.696	218.8915	0.3930973	0.491455	0.378546	0.109112	0.020887	1.101226	2.049879
40098	-1242.479	-1461.4	218.9211	0.2356515	0.608211	0.330361	0.0447253	0.0167031	1.088438	2.085434
40104	-1239.65	-1458.34	218.6899	0.4053622	0.608211	0.330361	0.0447253	0.0167031	1.030436	2.221035
40110	-1225.296	-1443.075	217.7789	0.483553	0.36853	0.553856	0.0593275	0.0182872	1.109567	2.69816
40116	-1228.983	-1446.407	217.4248	0.6137833	0.550904	0.419659	0.00814414	0.0212929	0.9265582	2.943426
40122	-1230.964	-1449.391	218.4264	0.3606806	0.526211	0.45566	0.00346657	0.0146625	1.174995	2.32
40128	-1216.869	-1435.198	218.3291	0.3040642	0.424653	0.557156	0.00575884	0.0124326	1.074333	2.466642
40134	-1224.195	-1443.203	219.0081	0.3332937	0.42369	0.555554	0.00574578	0.0150105	1.205078	1.931706
40140	-1229.099	-1447.646	218.547	0.3188017	0.490282	0.485699	0.00664886	0.0173697	1.004252	2.368844
40146	-1218.453	-1437.477	219.0242	0.2714888	0.576647	0.395104	0.00782007	0.0204294	1.323505	1.858425
40152	-1235.276	-1454.11	218.8341	0.3033049	0.560845	0.384277	0.036355	0.0185235	1.264139	2.019385
40158	-1241.279	-1460.595	219.3165	0.3576283	0.549917	0.376789	0.0551311	0.0181626	1.3169	1.628044
40164	-1225.642	-1444.586	218.9444	0.3032118	0.535867	0.364455	0.0346872	0.0649906	1.306248	1.917275
40170	-1236.515	-1455.418	218.903	0.3032118	0.540723	0.348552	0.0471999	0.0635248	1.34765	1.917275
40176	-1236.594	-1455.768	219.1738	0.3039116	0.593207	0.334125	0.0452462	0.0274219	1.254841	1.795214
40182	-1240.603	-1460.182	219.5782	0.3736913	0.349371	0.552263	0.0532845	0.0450816	1.435258	1.331476
40188	-1249.825	-1468.961	219.1366	0.385289	0.418488	0.533689	0.0218032	0.0260206	1.398049	1.683702
40194	-1240.217	-1459.702	219.4856	0.385289	0.514014	0.368841	0.0851841	0.0319603	1.188953	1.582853
40200	-1227.94	-1447.109	219.1695	0.3860785	0.581221	0.329026	0.053614	0.036139	1.327596	1.709882
40206	-1232.09	-1451.291	219.2011	0.3261883	0.551573	0.383258	0.0280878	0.0370815	1.168324	1.828196
40212	-1230.53	-1449.837	219.3072	0.3737124	0.411063	0.542683	0.0263686	0.019885	1.180823	1.72315
40218	-1248.338	-1467.348	219.009	0.3737124	0.382164	0.508197	0.0307026	0.0789359	1.269389	1.868396
40224	-1248.723	-1467.973	219.2502	0.2856444	0.443422	0.511158	0.044048	0.00137139	1.297307	1.717102
40230	-1234.86	-1454.071	219.2113	0.4414125	0.445493	0.497343	0.055786	0.0013778	1.164281	1.761459
40236	-1236.884	-1456.598	219.7139	0.5192898	0.480218	0.371557	0.14193	0.00629434	1.4677	1.072464
40242	-1239.076	-1458.686	219.6105	0.2731381	0.518085	0.389729	0.0880559	0.00413005	1.500297	1.296794
40248	-1235.893	-1455.635	219.7419	0.3261952	0.301938	0.639699	0.056297	0.00206651	1.5107	1.158444
40254	-1232.148	-1451.984	219.8362	0.4573632	0.649906	0.294188	0.0518215	0.00408466	1.478515	1.002701
40260	-1222.942	-1442.781	219.8396	0.2367931	0.627827	0.305995	0.042546	0.023632	1.508632	1.093271
40266	-1227.468	-1447.196	219.7277	0.3137335	0.619603	0.321681	0.0355413	0.0231748	1.692925	1.008584
40272	-1227.311	-1447.065	219.7543	0.3046189	0.441796	0.472042	0.0521541	0.0340072	1.654597	1.024501
40278	-1230.663	-1449.876	219.2133	0.3046189	0.497164	0.385367	0.0771735	0.0402961	1.397649	1.666778
40284	-1228.421	-1448.139	219.7187	0.3046189	0.484782	0.375769	0.0752514	0.0641981	1.449291	1.240611
40290	-1232.027	-1451.513	219.4868	0.312565	0.348687	0.469751	0.0963616	0.0852003	1.520928	1.367592
40296	-1227.88	-1446.949	219.0685	0.3462641	0.396598	0.513947	0.0762753	0.0131805	1.293958	1.824322
40302	-1222.363	-1441.963	219.6009	0.2987433	0.481497	0.416288	0.0818502	0.0203651	1.436798	1.348911
40308	-1219.734	-1439.17	219.4359	0.2987433	0.580566	0.360062	0.0491006	0.0102717	1.361713	1.532862
40314	-1227.687	-1446.831	219.1436	0.3142078	0.522741	0.388006	0.0687729	0.0204796	1.322796	1.765525
40320	-1241.328	-1460.732	219.4045	0.2676037	0.53585	0.360377	0.0561527	0.0476208	1.265458	1.633032
40326	-1242.86	-1461.763	218.903	0.2940559	0.453476	0.445741	0.0472279	0.0535551	1.22936	1.99925
40332	-1248.962	-1467.073	218.1114	0.2548327	0.528919	0.334456	0.0560535	0.0805715	1.03874	2.63231
40338	-1240.844	-1459.311	218.4673	0.2080166	0.596276	0.313274	0.0625275	0.0279227	1.201271	2.298856
40344	-1242.963	-1462.037	219.0747	0.3060402	0.59881	0.328533	0.0433891	0.0292679	1.228585	1.880675
40350	-1242.437	-1461.322	218.8856	0.2789016	0.459751	0.420224	0.0502969	0.0697283	1.308985	1.960972
40356	-1244.163	-1462.324	218.161	0.2826964	0.472188	0.358595	0.0702052	0.0990112	1.222964	2.483956
40362	-1242.744	-1461.717	218.9731	0.3109147	0.441675	0.438538	0.0271748	0.0926129	1.043266	2.071201
40368	-1247.415	-1466.915	219.5001	0.2772771	0.492356	0.368402	0.030538	0.108704	1.289486	1.544173
40374	-1227.093	-1446.395	219.3024	0.2088285	0.64365	0.288757	0.0118321	0.0557614	1.176202	1.760748
40380	-1235.714	-1453.896	218.182	0.2457349	0.597918	0.317029	0.0258702	0.0591836	1.16706	2.508707
40386	-1236.112	-1454.378	218.2669	0.3848889	0.422965	0.464609	0.0699777	0.0424479	1.224566	2.378082
40392	-1235.037	-1453.335	218.2971	0.3886574	0.403098	0.477376	0.0627575	0.0567686	1.191618	2.377941
40398	-1228.616	-1447.47	218.8536	0.4640555	0.381184	0.513504	0.0518581	0.0534542	1.182589	1.97862
40404	-1237.107	-1456.027	218.9199	0.4772372	0.496972	0.384031	0.068942	0.0500552	1.200532	1.913374
40410	-1230.115	-1449.5	219.3853	0.252966	0.598133	0.342068	0.0274907	0.032308	1.064689	1.789395
40416	-1239.615	-1458.844	219.2291	0.2326651	0.640887	0.27375	0.0373035	0.0480592	1.408099	1.65593
40422	-1235.293	-1454.035	218.7423	0.2558402	0.396428	0.545322	0.0307882	0.0274617	1.044206	2.231518
40428	-1236.713	-1455.293	218.5798	0.2430874	0.580186	0.349114	0.0640365	0.00666325	1.206378	2.231518
40434	-1228.741	-1448.092	219.3501	0.2827853	0.584415	0.351144	0.0577294	0.00671182	1.183703	1.727345
40440	-1221.115	-1440.009	218.8941	0.2921842	0.356086	0.52845	0.0351747	0.0802894	1.194826	2.028597
40446	-1241.957	-1460.192	218.2346	0.3052751	0.524021	0.398101	0.00870989	0.0691684	1.152837	2.476319
40452	-1229.782	-1448.068	218.2857	0.3119997	0.411245	0.506867	0.0428264	0.039061	1.147511	2.445625
40458	-1234.86	-1453.675	218.8145	0.4631172	0.445063	0.395341	0.117323	0.0422731	1.044112	2.096886
40464	-1224.596	-1442.973	218.3765	0.4639605	0.412752	0.441293	0.112766	0.0331896	1.16839	2.299495
40470	-1223.698	-1442.331	218.6331	0.3129983	0.515451	0.333422	0.116761	0.0343654	1.035007	2.296415
40476	-1238.437	-1456.904	218.4664	0.5062212	0.491182	0.362504	0.0948178	0.0514961	1.143078	2.231446
40482	-1244.628	-1462.591	217.9633	0.2677111	0.524786	0.337404	0.0940312	0.0437784	0.938001	2.784061
40488	-1240.469	-1457.766	217.2978	0.2898306	0.399289	0.459469	0.101281	0.0399609	0.9423725	3.177835
40494	-1228.025	-1445.206	217.1808	0.2898306	0.38222	0.482002	0.0951228	0.0406547	0.7590809	3.355101
40500	-1219.109	-1436.123	217.0138	0.4041267	0.415334	0.52376	0.0551004	0.0058057	0.8519228	3.355101
40506	-1233.024	-1449.029	216.0056	0.5398945	0.364525	0.423712	0.203968	0.00779534	0.6401579	3.98636
40512	-1227.225	-1443.646	216.4212	0.5085155	0.351863	0.502289	0.142147	0.00370077	0.808568	3.66877
40518	-1242.788	-1458.724	215.9363	0.3406485	0.465768	0.425544	0.101286	0.00740157	0.7906921	4.041617
40524	-1250.618	-1466.512	215.894	0.4964653	0.431679	0.363441	0.110742	0.094138	0.8246056	3.969768
40530	-1239.554	-1456.353	216.7994	0.3156237	0.445378	0.449507	0.0494719	0.0556432	0.8214668	3.535074
40536	-1241.211	-1459.259	218.0479	0.4057263	0.289872	0.618152	0.0419858	0.0499903	0.953922	2.672687
40542	-1250.678	-1469.392	218.714	0.371898	0.212476	0.690434	0.060475	0.0366152	0.9992619	2.243054
40548	-1247.326	-1465.459	218.1331	0.3180731	0.263428	0.566722	0.134217	0.0356338	0.9336012	2.671416
40554	-1256.619	-1474.483	217.8635	0.2539666	0.30644	0.599339	0.0236699	0.0705506	0.810477	2.922712
40560	-1246.416	-1465.508	219.0927	0.251698	0.668832	0.264757	0.0155714	0.0508397	1.204849	1.894051
40566	-1231.993	-1451.23	219.2363	0.3365707	0.429579	0.466812	0.0419781	0.0616313	1.171723	1.797236
40572	-1225.86	-1444.005	218.1443	0.3414117	0.588832	0.356317	0.0478192	0.00703168	1.19297	2.495091
40578	-1226.117	-1444.207	218.0905	0.2594969	0.682776	0.303974	0.00882081	0.00442861	1.114175	2.598372
40584	-1226.676	-1445.845	219.1696	0.2722633	0.679708	0.302608	0.00872848	0.00895535	1.186945	1.852268
40590	-1231.193	-1450.517	219.3239	0.2503325	0.627943	0.339693	0.0203056	0.0120587	1.148	1.774187
40596	-1229.183	-1448.568	219.3855	0.2503325	0.62714	0.280594	0.082978	0.00928817	1.275519	1.640419
40602	-1232.28	-1452.037	219.7571	0.2356642	0.618517	0.290485	0.0818372	0.00916047	1.454422	1.213828
40608	-1236.947	-1456.54	219.5933	0.4836012	0.379807	0.492164	0.104111	0.0239181	1.395945	1.271606
40614	-1232.48	-1451.919	219.4393	0.4949388	0.432309	0.452787	0.109526	0.00537827	1.545302	1.266213
40620	-1236.182	-1456.038	219.8567	0.3508107	0.508792	0.39753	0.087856	0.00582254	1.721574	0.8072334
40626	-1237.486	-1457.282	219.7959	0.3386443	0.271518	0.595538	0.0905447	0.0423989	1.539519	1.076633
40632	-1231.048	-1450.424	219.3763	0.2853529	0.494076	0.412144	0.0626618	0.0311178	1.34576	1.592059
40638	-1238.148	-1457.654	219.5057	0.2385584	0.382778	0.52239	0.0262602	0.068572	1.34576	1.499958
40644	-1229.593	-1449	219.4066	0.3588949	0.37138	0.54341	0.0273168	0.0578929	1.400051	1.499958
40650	-1222.18	-1441.787	219.6075	0.301841	0.380475	0.548299	0.0278521	0.0433736	1.524087	1.271943
40656	-1226.641	-1446.17	219.5292	0.3499086	0.49445	0.349309	0.100114	0.0561268	1.374112	1.431379
40662	-1236.604	-1456.206	219.6018	0.3499086	0.234548	0.682061	0.0135694	0.0698214	1.301518	1.431379
40668	-1237.199	-1456.934	219.7341	0.2235893	0.663084	0.253812	0.0273592	0.0557454	1.176069	1.452478
40674	-1229.406	-1449.23	219.8238	0.2235893	0.655029	0.250729	0.024373	0.0698696	1.354905	1.238554
40680	-1242.683	-1461.859	219.1753	0.2546213	0.715332	0.204539	0.0568365	0.023293	1.244278	1.810411
40686	-1247.197	-1466.909	219.7127	0.2073272	0.63604	0.283852	0.0278353	0.0522728	1.231662	1.419789
40692	-1249.15	-1468.628	219.4777	0.2073272	0.621565	0.276517	0.0638642	0.0380544	1.003906	1.757958
40698	-1236.12	-1454.678	218.5578	0.4822887	0.407258	0.454448	0.117135	0.021159	1.164664	2.17371
40704	-1230.958	-1450.721	219.7625	0.4162574	0.380069	0.538747	0.0585384	0.022646	1.649635	0.9410327
40710	-1230.394	-1450.228	219.8336	0.2743015	0.522945	0.386122	0.0747024	0.0162305	1.640709	0.9694674
40716	-1218.466	-1438.061	219.5952	0.3494197	0.449376	0.514999	0.0214996	0.0141246	1.504256	1.276076
40722	-1216.307	-1435.413	219.1068	0.316353	0.506594	0.437096	0.0280599	0.0282503	1.248233	1.841822
40728	-1214.054	-1433.089	219.0354	0.2736976	0.495644	0.428875	0.037613	0.0378682	1.1564	1.963707
40734	-1215.512	-1433.965	218.453	0.2926029	0.409669	0.459863	0.0524551	0.078013	1.077648	2.389518
40740	-1232.835	-1450.785	217.9503	0.4653548	0.424028	0.44731	0.0604129	0.0682492	0.8825575	2.742978
40746	-1230.302	-1447.866	217.5645	0.3324857	0.175326	0.801266	0.0136497	0.00975837	0.7790121	3.103917
40752	-1229.996	-1448.029	218.0328	0.4735552	0.147819	0.733755	0.0944974	0.0239291	1.039748	2.590609
40758	-1239.014	-1458.057	219.043	0.28573	0.56524	0.333272	0.0488086	0.0526788	1.135504	1.970375
40764	-1235.96	-1455.018	219.0576	0.2201006	0.588497	0.346985	0.0296867	0.0348312	1.173725	1.934495
40770	-1225.977	-1444.962	218.9849	0.4134941	0.381991	0.445806	0.0381415	0.134062	1.175634	1.926234
40776	-1232.805	-1450.751	217.946	0.3545688	0.233678	0.660886	0.0556577	0.0497788	1.054376	2.698234
40782	-1214.652	-1432.593	217.9417	0.4485842	0.328353	0.57493	0.0576544	0.0390627	0.9801566	2.698234
40788	-1205.44	-1423.729	218.2887	0.3253683	0.362511	0.483039	0.092009	0.0624416	0.9533342	2.560588
40794	-1214.572	-1433.246	218.6739	0.2671019	0.488767	0.39833	0.0253458	0.0875572	1.071429	2.2572
40800	-1218.68	-1437.284	218.6037	0.3552997	0.330818	0.491568	0.0695626	0.108052	0.9964044	2.323325
40806	-1228.521	-1446.609	218.0881	0.3370058	0.295424	0.498769	0.169924	0.0358833	0.9945516	2.654818
40812	-1231.642	-1450.185	218.5428	0.5166291	0.285355	0.559119	0.0769463	0.0785803	1.108249	2.197865
40818	-1234.809	-1452.876	218.0667	0.5166291	0.317954	0.539657	0.0806878	0.0617006	0.9308435	2.610656
40824	-1238.107	-1455.228	217.1208	0.5868167	0.52188	0.401151	0.0528943	0.0240742	0.830114	3.199489
40830	-1230.746	-1448.826	218.0803	0.5505447	0.447056	0.463931	0.0611722	0.0278418	1.004788	2.534845
40836	-1227.397	-1445.791	218.3943	0.2947522	0.474143	0.36984	0.107218	0.048799	0.8338101	2.578431
40842	-1214.076	-1432.088	218.0116	0.3697436	0.353067	0.425539	0.164774	0.0566187	0.9464882	2.71737
40848	-1217.787	-1436.359	218.5712	0.3075916	0.29916	0.615798	0.00969375	0.0753484	0.9112649	2.415948
40854	-1218.193	-1436.982	218.789	0.2999304	0.394605	0.48366	0.0301385	0.0915959	0.9188921	2.27488
40860	-1217.886	-1436.28	218.3939	0.6143082	0.386605	0.533206	0.0139921	0.0661971	0.9547983	2.32701
40866	-1218.411	-1437.196	218.7852	0.2985203	0.588573	0.37592	0.00657737	0.0289301	0.8416201	2.32701
40872	-1222.828	-1441.088	218.2604	0.4651203	0.27263	0.577587	0.0419994	0.107784	1.0438	2.451225
40878	-1224.764	-1443.258	218.4938	0.4733102	0.352442	0.549996	0.0802266	0.0173346	0.9127617	2.381701
40884	-1224.078	-1441.311	217.2329	0.2452862	0.65404	0.292534	0.0435054	0.00992096	0.7262255	3.347978
40890	-1221.904	-1439.943	218.0393	0.2997314	0.615497	0.329213	0.0475051	0.00778477	1.055632	2.6595
40896	-1214.737	-1432.928	218.1918	0.3833544	0.526078	0.431189	0.0370308	0.00570263	1.08396	2.514465
40902	-1218.361	-1437.537	219.176	0.3059133	0.4391	0.525231	0.0309085	0.0047598	1.200087	1.830884
40908	-1218.176	-1437.961	219.7851	0.3335811	0.516359	0.430982	0.0487531	0.00390569	1.501721	1.124102
40914	-1220.619	-1440.391	219.7727	0.4811146	0.634544	0.247608	0.111446	0.00640222	1.308073	1.196697
40920	-1208.37	-1428.282	219.9118	0.3571307	0.349153	0.593432	0.0487381	0.00867672	1.726334	0.7129735
40926	-1222.886	-1442.826	219.9402	0.3058787	0.635915	0.26527	0.0871163	0.011698	1.776399	0.615873
40932	-1222.327	-1442.212	219.8853	0.3751789	0.658836	0.27618	0.0476483	0.0173364	1.732331	0.7247086
40938	-1230.648	-1450.428	219.7803	0.3751789	0.644353	0.303351	0.050425	0.00187108	1.767257	0.8238952
40944	-1222.406	-1442.154	219.7478	0.3345071	0.65096	0.281635	0.0661818	0.00122328	1.481999	1.17413
40950	-1222.874	-1442.757	219.8822	0.3206705	0.698547	0.225386	0.0724782	0.00358866	1.573565	0.9693666
40956	-1221.032	-1440.931	219.8989	0.3206705	0.520036	0.450843	0.0262853	0.00283538	1.779008	0.6836484
40962	-1214.117	-1433.999	219.8824	0.3419402	0.505514	0.438254	0.0255513	0.030681	1.83195	0.5533301
40968	-1224.718	-1444.387	219.6691	0.3006484	0.513094	0.444825	0.0259344	0.0161462	2.067281	0.4476226
40974	-1228.973	-1448.677	219.7039	0.3443484	0.36699	0.606637	0.0196027	0.00677045	2.013024	0.5235505
40980	-1237.726	-1457.294	219.5685	0.3443484	0.620923	0.348912	0.0224215	0.007744	2.140597	0.4361721
40986	-1239.025	-1458.657	219.6327	0.4731385	0.64141	0.331982	0.0231613	0.00344661	1.976329	0.5079637
40992	-1232.147	-1451.75	219.6025	0.3449728	0.577662	0.361603	0.0548912	0.00584333	2.114428	0.5189274
40998	-1231.543	-1451.342	219.7989	0.3728392	0.408432	0.450041	0.138095	0.00343221	1.874071	0.619619
41004	-1236.641	-1456.658	220.0176	0.3584154	0.582984	0.237841	0.152191	0.0269843	1.56213	0.7981925
41010	-1227.254	-1446.912	219.6579	0.4746503	0.612683	0.249957	0.109001	0.0283589	1.540987	1.097535
41016	-1232.878	-1452.63	219.7521	0.3153744	0.618788	0.34517	0.0187822	0.0172596	1.522038	1.144732
41022	-1234.452	-1454.048	219.5963	0.3664319	0.508369	0.379323	0.0262902	0.0860178	1.331543	1.403306
41028	-1223.778	-1442.968	219.1902	0.4287064	0.320698	0.606497	0.0311916	0.041614	1.24934	1.724758
41034	-1226.119	-1444.054	217.9347	0.7019904	0.570307	0.292287	0.12051	0.0168959	1.051298	2.497261
41040	-1226.047	-1445.118	219.0713	0.7480408	0.55341	0.282287	0.14911	0.0151929	1.04794	1.719783
41046	-1237.99	-1455.596	217.6064	0.7275566	0.422908	0.33258	0.229813	0.014699	0.9541418	2.743464
41052	-1231.283	-1448.793	217.5096	0.5459231	0.56395	0.313755	0.101703	0.0205918	0.7206883	3.058546
41058	-1238.815	-1457.034	218.2184	0.4831396	0.541219	0.355952	0.0971567	0.00567224	0.721789	2.666587
41064	-1242.483	-1460.257	217.7746	0.5964897	0.589096	0.318806	0.0870177	0.0050803	1.09832	2.636721
41070	-1232.29	-1450.442	218.152	0.8280085	0.700005	0.237216	0.0523106	0.0104683	0.9830642	2.319458
41076	-1229.898	-1447.587	217.6888	0.6751357	0.599197	0.335469	0.0564552	0.0088794	0.6270719	2.925731
41082	-1227.812	-1446.3	218.4879	0.7079156	0.687477	0.261579	0.0440204	0.00692364	0.9439854	2.210099
41088	-1237.555	-1455.442	217.8869	0.8571396	0.530072	0.393889	0.040886	0.0351527	1.037082	2.43398
41094	-1248.794	-1467.273	218.4793	0.7782727	0.568582	0.387044	0.03349	0.010884	1.18999	2.005744
41100	-1229.993	-1447.999	218.006	0.7719989	0.665795	0.284837	0.038741	0.0106272	1.043782	2.410723
41106	-1235.527	-1454.638	219.1111	0.4915083	0.555663	0.352688	0.0389802	0.0526687	1.001926	1.908923
41112	-1228.96	-1447.881	218.9207	0.5521205	0.552322	0.393032	0.0457618	0.00888391	1.131552	1.908562
41118	-1229.201	-1448.63	219.4291	0.4020423	0.419536	0.471695	0.0862543	0.0225144	1.186441	1.615718
41124	-1254.237	-1473.525	219.2877	0.4617011	0.384408	0.510291	0.0837272	0.0215742	1.342223	1.565913
41130	-1247.738	-1467.224	219.4864	0.4211597	0.348263	0.526561	0.0758544	0.0493219	1.405199	1.396518
41136	-1233.103	-1452.384	219.2812	0.4286971	0.336937	0.575857	0.0335478	0.0536576	1.262058	1.651047
41142	-1227.555	-1447.034	219.4798	0.5500676	0.425627	0.512532	0.0234629	0.038379	1.483319	1.23757
41148	-1228.905	-1448.442	219.5365	0.3329866	0.399276	0.551354	0.018465	0.0309055	1.373483	1.434679
41154	-1222.597	-1442.17	219.5734	0.4201304	0.354992	0.525946	0.014867	0.104195	1.274355	1.431161
41160	-1212.562	-1431.722	219.1596	0.3092245	0.287043	0.622734	0.0114451	0.078778	1.194549	1.84487
41166	-1216.111	-1435.283	219.1718	0.3513227	0.414016	0.566434	0.00862949	0.0109212	1.213099	1.806466
41172	-1217.551	-1436.454	218.9034	0.6613843	0.414016	0.566434	0.00862949	0.0109212	0.9986913	1.932552
41178	-1220.214	-1438.95	218.7367	0.6604566	0.59978	0.354649	0.036215	0.00935646	1.109544	1.970748
41184	-1236.633	-1455.183	218.5498	0.4812295	0.369313	0.569555	0.0419236	0.0192078	1.112014	2.213604
41190	-1236.271	-1455.333	219.062	0.3669444	0.60418	0.367015	0.014511	0.0142937	1.368878	1.766796
41196	-1231.474	-1450.725	219.2508	0.4097848	0.368343	0.602443	0.0232054	0.00600892	1.234192	1.704422
41202	-1235.93	-1455.122	219.1922	0.6576399	0.335161	0.634423	0.0240883	0.0063279	1.38194	1.457384
41208	-1235.346	-1454.49	219.1442	0.4605399	0.341463	0.616259	0.0303275	0.0119498	1.38194	1.642109
41214	-1219.709	-1439.021	219.312	0.4806048	0.475802	0.469671	0.0454737	0.00905305	1.29934	1.566196
41220	-1232.049	-1451.468	219.4194	0.455126	0.612305	0.325943	0.0514989	0.0102526	1.15637	1.610015
41226	-1218.988	-1438.071	219.0827	0.4360769	0.512659	0.431599	0.0286213	0.0271208	1.297533	1.761601
41232	-1219.757	-1439.047	219.29	0.3491697	0.492118	0.414307	0.0152599	0.0783156	1.146876	1.77145
41238	-1210.5	-1429.675	219.1753	0.4528943	0.463089	0.524407	0.0052052	0.00729814	1.17523	1.77145
41244	-1223.581	-1443.085	219.5042	0.4987877	0.331688	0.648565	0.0107208	0.00902604	1.491405	1.253929
41250	-1219.562	-1439.456	219.894	0.2789192	0.319751	0.660372	0.00354648	0.0163308	1.491405	1.056173
41256	-1229.864	-1449.796	219.9327	0.2720552	0.515962	0.461731	0.00572273	0.0165847	1.501682	1.010261
41262	-1229.128	-1448.656	219.5286	0.3162582	0.484448	0.493282	0.00646564	0.0158047	1.591666	1.275541
41268	-1233.304	-1452.93	219.6262	0.2709522	0.459301	0.439225	0.0733014	0.0281728	1.45413	1.321789
41274	-1220.442	-1439.924	219.4816	0.6021209	0.509838	0.408356	0.0556131	0.0261928	1.453	1.215929
41280	-1216.497	-1436.033	219.5364	0.5160874	0.431448	0.524202	0.0351785	0.00917069	1.376443	1.307586
41286	-1229.787	-1449.165	219.3781	0.5684972	0.53519	0.434681	0.0187532	0.0113758	1.401718	1.370807
41292	-1236.308	-1454.998	218.6898	1.157923	0.667655	0.315762	0.0106558	0.00592751	1.46008	1.391469
41298	-1237.112	-1456.224	219.1123	0.6651021	0.663001	0.319246	0.0105816	0.00717136	1.406288	1.493448
41304	-1225.945	-1444.155	218.2102	1.065583	0.632574	0.304594	0.0475362	0.015295	1.083371	2.060677
41310	-1219.863	-1438.829	218.9661	0.8719001	0.640724	0.267957	0.0791059	0.0122129	1.090388	1.672459
41316	-1219.252	-1438.482	219.2297	0.7098987	0.633609	0.214983	0.0991655	0.0522418	1.0279	1.650106
41322	-1220.431	-1439.034	218.6028	0.3909309	0.422393	0.509977	0.0267164	0.0409131	0.9492125	2.336609
41328	-1226.236	-1445.386	219.1501	0.3243662	0.446343	0.510196	0.0224123	0.0210485	1.102846	1.908437
41334	-1237.023	-1456.169	219.146	0.365273	0.433893	0.548347	0.00915831	0.008601	1.375236	1.704189
41340	-1232.898	-1452.146	219.2472	0.2502463	0.694795	0.274317	0.00223269	0.0286548	1.272361	1.740836
41346	-1224.592	-1443.994	219.4012	0.4080358	0.435948	0.524681	0.00284592	0.0365251	1.423877	1.456554
41352	-1234.739	-1454.521	219.7811	0.2651819	0.518736	0.452697	0.00374294	0.0248249	1.127795	1.456554
41358	-1229.29	-1448.882	219.592	0.2941469	0.371892	0.606885	0.00340444	0.0178179	1.309032	1.456554
41364	-1237.226	-1455.519	218.2936	0.344527	0.556011	0.427008	0.00230003	0.0146811	0.9729685	2.537911
41370	-1229.303	-1447.739	218.4364	0.2783798	0.307482	0.600308	0.00279448	0.0894159	0.9254057	2.498567
41376	-1240.299	-1458.572	218.273	0.4834969	0.30366	0.636385	0.00181698	0.0581385	1.027916	2.442096
41382	-1236.187	-1455.088	218.9005	0.317579	0.396238	0.561515	0.00167803	0.0405695	1.16595	2.035841
41388	-1234.129	-1453.065	218.9354	0.3298972	0.357553	0.592301	0.00199173	0.0481538	1.12408	2.035841
41394	-1227.693	-1446.603	218.9093	0.3955093	0.377427	0.523159	0.0637171	0.0356963	1.157682	1.999241
41400	-1234.654	-1453.833	219.1793	0.6767773	0.592225	0.327883	0.0418083	0.038084	1.177951	1.603459
41406	-1232.341	-1451.72	219.3791	0.402476	0.244436	0.71101	0.0143591	0.0301952	1.228126	1.621535
41412	-1242.09	-1461.237	219.1464	0.402476	0.480924	0.471367	0.0276916	0.020018	0.9869587	1.9509
41418	-1231.804	-1450.676	218.8717	0.35564	0.452375	0.485632	0.0447535	0.0172396	1.179422	2.030243
41424	-1241.596	-1460.693	219.097	0.3696802	0.436704	0.517658	0.0432032	0.00243416	1.067298	1.947794
41430	-1238.478	-1457.725	219.2471	0.5997936	0.479375	0.498783	0.0144324	0.00740941	1.10771	1.663832
41436	-1223.123	-1441.701	218.5778	0.468102	0.392891	0.589279	0.0118286	0.00600188	0.9965198	2.278095
41442	-1220.857	-1438.864	218.0074	0.2818932	0.516565	0.476773	0.00441982	0.00224263	0.8087719	2.833853
41448	-1212.621	-1431.521	218.9002	0.2537484	0.683793	0.309333	0.00407784	0.00279611	1.043549	2.129533
41454	-1221.992	-1440.825	218.8327	0.3008749	0.605002	0.376858	0.0156664	0.00247392	1.146957	2.098391
41460	-1226.345	-1446.12	219.7752	0.3008749	0.592259	0.36892	0.0325725	0.00624818	1.183455	1.410217
41466	-1225.048	-1444.685	219.6365	0.4559044	0.387834	0.562262	0.0426838	0.00722038	1.460531	1.203504
41472	-1213.511	-1433.324	219.8126	0.3874551	0.430445	0.540232	0.0224606	0.00686309	1.414245	1.143117
41478	-1221.848	-1441.318	219.4703	0.471414	0.359332	0.606431	0.00592054	0.0283163	1.563858	1.244087
41484	-1223.306	-1442.507	219.2009	0.4366767	0.552908	0.381321	0.00359898	0.0621726	1.255429	1.707749
41490	-1226.623	-1445.401	218.7772	0.2711953	0.473176	0.362405	0.00475038	0.159669	1.069542	2.191297
41496	-1241.603	-1460.552	218.949	0.2632496	0.559675	0.329367	0.00166254	0.109295	1.156751	2.022342
41502	-1240.508	-1460.171	219.6623	0.3393326	0.551229	0.384638	0.0170178	0.0471162	1.420405	1.295212
41508	-1230.435	-1450.163	219.728	0.2675938	0.422546	0.465304	0.0384558	0.0736944	1.356241	1.319169
41514	-1225.348	-1444.708	219.36	0.3780729	0.509108	0.425253	0.0463338	0.019305	1.2736	1.616835
41520	-1216.697	-1436.231	219.5343	0.2938712	0.476121	0.464805	0.0410202	0.0180541	1.32571	1.487678
41526	-1223.153	-1442.82	219.6671	0.3371758	0.450974	0.481276	0.0388537	0.0288964	1.200751	1.464851
41532	-1219.197	-1438.752	219.5558	0.4563405	0.555902	0.380487	0.0354117	0.0281998	1.143621	1.51825
41538	-1227.464	-1446.939	219.4756	0.574711	0.537848	0.436988	0.0148394	0.0103239	1.412212	1.278866
41544	-1213.863	-1432.954	219.0911	0.468078	0.400245	0.574419	0.00784903	0.0174874	1.162873	1.828322
41550	-1213.474	-1432.843	219.3688	0.3826326	0.461793	0.518341	0.00266946	0.0171969	1.169828	1.682386
41556	-1213.414	-1432.68	219.2665	0.2965774	0.552197	0.428183	0.00263631	0.0169834	1.268679	1.723015
41562	-1218.572	-1438.225	219.6527	0.2842186	0.411874	0.52175	0.0028083	0.0635679	1.261361	1.449264
41568	-1217.862	-1437.426	219.5637	0.3150045	0.57686	0.365781	0.00379559	0.0535626	1.435588	1.373211
41574	-1217.208	-1436.697	219.4892	0.3327308	0.57686	0.365781	0.00379559	0.0535626	1.487505	1.383113
41580	-1211.837	-1431.471	219.6338	0.2964454	0.547048	0.440541	0.00359943	0.00881161	1.370192	1.376271
41586	-1209.876	-1429.417	219.5403	0.2618739	0.54602	0.439714	0.00159739	0.012669	1.070741	1.67579
41592	-1222.798	-1441.704	218.9065	0.4143997	0.339718	0.647607	0.00295334	0.00972118	1.111503	2.021136
41598	-1233.902	-1453.394	219.4927	0.4399509	0.517486	0.472544	0.00232299	0.00764633	1.211885	1.525798
41604	-1223.99	-1443.534	219.5447	0.2755166	0.551013	0.434535	0.00631035	0.00814172	1.162455	1.604952
41610	-1224.026	-1443.327	219.3009	0.2439197	0.621668	0.353824	0.00739156	0.0171165	1.211264	1.745853
41616	-1234.503	-1454.063	219.56	0.2300904	0.653689	0.333413	0.00596834	0.00692951	1.327609	1.471275
41622	-1235.684	-1454.691	219.0065	0.3403395	0.409399	0.567932	0.0107069	0.0119621	1.083524	2.011264
41628	-1223.407	-1442.113	218.7054	0.2803239	0.402627	0.577681	0.00752461	0.0121675	1.057461	2.244041
41634	-1219.231	-1438.752	219.5211	0.2721144	0.502696	0.463959	0.00368105	0.0296638	1.057461	1.697679
41640	-1211.579	-1431.041	219.4617	0.2721144	0.602533	0.359078	0.00283309	0.0355552	1.159566	1.667316
41646	-1211.426	-1430.787	219.3607	0.2197891	0.640234	0.343726	0.00305231	0.0129878	1.256245	1.667316
41652	-1204.821	-1423.779	218.9577	0.3004267	0.446068	0.529235	0.00469965	0.0199973	1.149517	2.014266
41658	-1221.36	-1440.573	219.2126	0.4211966	0.514256	0.471389	0.00336831	0.0109873	1.147965	1.784662
41664	-1233.097	-1452.491	219.3936	0.4218809	0.397522	0.574841	0.00659513	0.021042	1.210388	1.611644
41670	-1228.012	-1447.283	219.2706	0.2672258	0.540016	0.40953	0.0238367	0.0266171	1.210388	1.766955
41676	-1230.664	-1450.331	219.6664	0.2176455	0.588329	0.340437	0.0220339	0.0492002	1.452469	1.286017
41682	-1228.761	-1448.61	219.849	0.2589766	0.59617	0.344974	0.0270983	0.0317581	1.452469	1.136616
41688	-1223.156	-1442.928	219.7719	0.2897645	0.695763	0.243562	0.0279356	0.0327393	1.576091	1.088041
41694	-1229.742	-1449.641	219.8998	0.1934897	0.618573	0.327484	0.0248363	0.0291071	1.573083	0.9477247
41700	-1233.94	-1453.882	219.9417	0.189193	0.558345	0.346668	0.0348932	0.0600936	1.759777	0.6148397
41706	-1238.447	-1458.332	219.8847	0.2033142	0.582472	0.367134	0.0144943	0.0358995	1.806889	0.6668758
41712	-1243.846	-1463.612	219.7662	0.1880941	0.513477	0.370004	0.0126541	0.103865	1.337331	1.279747
41718	-1227.542	-1447.181	219.6397	0.1859483	0.471925	0.35423	0.0116301	0.162215	1.357908	1.362942
41724	-1219.77	-1439.279	219.5084	0.2489463	0.422202	0.483717	0.00680032	0.0872807	1.26055	1.561941
41730	-1211.994	-1431.018	219.0239	0.3431363	0.486009	0.404813	0.00851151	0.100666	1.294922	1.855717
41736	-1215.237	-1434.581	219.344	0.240861	0.434146	0.453543	0.00665119	0.105659	1.250925	1.687158
41742	-1218.405	-1437.296	218.8906	0.2254586	0.663253	0.288484	0.0176398	0.0306233	1.147202	2.064948
41748	-1210.43	-1430.017	219.5873	0.2641302	0.592576	0.337189	0.0157601	0.054474	1.125171	1.602638
41754	-1220.979	-1440.316	219.3367	0.3140437	0.311544	0.602556	0.0242986	0.0616007	1.149812	1.751549
41760	-1241.331	-1460.514	219.1829	0.3425002	0.504301	0.407937	0.0145436	0.0732179	1.286876	1.751549
41766	-1238.589	-1457.782	219.1928	0.6155858	0.561404	0.391492	0.00955147	0.0375523	1.188372	1.632965
41772	-1229.124	-1446.666	217.5418	0.3198992	0.359773	0.623146	0.0139068	0.00317407	0.8731642	3.065665
41778	-1233.083	-1450.024	216.9409	0.4323556	0.265339	0.664073	0.0670466	0.00354084	1.101496	3.236327
41784	-1230.704	-1449.572	218.8682	0.3645663	0.214882	0.70858	0.0715402	0.00499757	1.171064	2.033853
41790	-1221.647	-1440.339	218.6927	0.581439	0.374203	0.582272	0.0367085	0.00681611	1.252049	1.960531
41796	-1236.69	-1454.977	218.287	0.6676124	0.522217	0.428892	0.0271179	0.0217733	1.306946	2.132566
41802	-1245.746	-1464.332	218.5864	0.3403994	0.328638	0.565891	0.0357801	0.0696904	1.147378	2.244188
41808	-1242.64	-1461.543	218.9029	0.2405979	0.599024	0.326642	0.0134266	0.0609072	1.078634	2.104342
41814	-1247.067	-1464.676	217.6087	0.4871111	0.38836	0.566649	0.00932486	0.0356661	1.183501	2.754935
41820	-1252.46	-1471.313	218.8529	0.2571564	0.399219	0.525241	0.0119538	0.0635858	1.228768	2.038669
41826	-1234.47	-1453.548	219.0772	0.2754335	0.364019	0.571553	0.0108998	0.0535278	1.351704	1.801926
41832	-1229.73	-1448.713	218.9833	0.3360959	0.403833	0.557102	0.00406691	0.0349976	1.240403	1.92344
41838	-1226.061	-1444.791	218.7301	0.2703694	0.445425	0.448251	0.0144137	0.0919096	1.008172	2.261375
41844	-1231.534	-1449.775	218.2411	0.298858	0.422116	0.453329	0.0166755	0.107879	1.193375	2.448615
41850	-1226.153	-1442.979	216.8255	0.4196695	0.450698	0.493753	0.0435505	0.0119988	0.7775998	3.500966
41856	-1229.405	-1446.222	216.8172	0.3662364	0.329659	0.524795	0.0851995	0.0603468	0.7764112	3.531998
41862	-1229.471	-1447.254	217.7835	0.2863834	0.272182	0.621661	0.0820406	0.0241162	1.06375	2.814123
41868	-1232.499	-1448.404	215.9048	0.4777919	0.418707	0.508778	0.0699057	0.00260997	0.7659162	4.007621
41874	-1237.004	-1453.074	216.0703	0.325585	0.369711	0.545241	0.0819772	0.00307103	0.7255354	4.007555
41880	-1231.137	-1449.338	218.2009	0.325585	0.410949	0.566091	0.02226	0.000699788	0.9847512	2.595471
41886	-1235.371	-1454.161	218.7904	0.2702312	0.562535	0.427133	0.0099646	0.000366826	0.969265	2.247618
41892	-1234.137	-1451.507	217.3696	0.269931	0.352707	0.595164	0.0512907	0.000838116	0.969265	3.122438
41898	-1236.368	-1454.594	218.2254	0.3482821	0.441771	0.459465	0.0944358	0.00432863	1.040606	2.53674
41904	-1238.871	-1458.148	219.2775	0.3482821	0.495721	0.450877	0.0489748	0.00442729	1.18825	1.751705
41910	-1227.783	-1447.166	219.3835	0.273003	0.529274	0.433536	0.03217	0.00501928	1.361568	1.577728
41916	-1226.816	-1446.489	219.6731	0.2567426	0.529069	0.445603	0.0219096	0.00341841	1.302043	1.40633
41922	-1237.391	-1457.161	219.7695	0.3421664	0.320586	0.642873	0.031609	0.00493175	1.469247	1.162019
41928	-1234.761	-1453.568	218.8064	0.5354379	0.323851	0.649421	0.0221401	0.00458774	1.152362	1.982989
41934	-1240.08	-1459.416	219.3365	0.39229	0.494793	0.379502	0.116933	0.00877234	1.357558	1.564448
41940	-1240.313	-1459.398	219.0848	0.3036823	0.590046	0.262216	0.136536	0.0112024	1.162431	1.919433
41946	-1221.751	-1440.692	218.9407	0.3267587	0.483718	0.473863	0.0363579	0.00606124	1.151276	2.01548
41952	-1226.335	-1445.552	219.217	0.2739014	0.443735	0.489711	0.0354832	0.0310708	1.19126	1.816499
41958	-1230.352	-1449.916	219.5646	0.2429003	0.303336	0.625375	0.0416943	0.0295949	1.20107	1.564056
41964	-1234.989	-1454.454	219.4652	0.3288764	0.463166	0.421991	0.0952326	0.0196107	1.30306	1.543273
41970	-1227.745	-1447.087	219.3419	0.5675698	0.446668	0.474416	0.0769209	0.00199545	1.212481	1.543273
41976	-1210.766	-1429.916	219.1497	0.3848146	0.447761	0.475577	0.0654694	0.0111924	1.223403	1.79734
41982	-1209.234	-1427.663	218.4295	0.5112279	0.456874	0.511418	0.0202881	0.0114202	1.003367	2.341231
41988	-1225.352	-1444.865	219.5122	0.4446148	0.500897	0.438892	0.0536725	0.00653856	1.189611	1.524671
41994	-1231.792	-1450.141	218.3489	0.5105468	0.490904	0.447679	0.0547472	0.00666947	1.117946	2.32009
42000	-1221.857	-1440.782	218.9251	0.3858108	0.244117	0.723782	0.0272246	0.0048766	1.078449	2.046615
42006	-1227.708	-1445.813	218.1045	0.321119	0.416887	0.544417	0.0359956	0.00269995	1.043595	2.620238
42012	-1231.362	-1449.465	218.1025	0.236008	0.464794	0.359291	0.046261	0.129654	0.9807326	2.672664
42018	-1231.189	-1449.565	218.3752	0.236008	0.53936	0.341772	0.0533401	0.0655274	0.8522017	2.583618
42024	-1238.269	-1456.954	218.6852	0.2555421	0.51751	0.333697	0.0667689	0.0820244	0.9673237	2.31736
42030	-1232.06	-1450.872	218.8118	0.261364	0.353204	0.539124	0.0535552	0.0541167	0.9877353	2.222848
42036	-1237.432	-1456.022	218.5899	0.2626734	0.471796	0.36356	0.0336234	0.13102	0.9426659	2.393129
42042	-1238.895	-1457.034	218.1387	0.3923884	0.447621	0.454216	0.0319005	0.0662631	0.9181677	2.645661
42048	-1228.235	-1446.029	217.7942	0.3504256	0.481302	0.476466	0.0184488	0.0237831	0.9376789	2.863656
42054	-1229.623	-1447.385	217.7612	0.3061463	0.485383	0.454077	0.0516194	0.00892073	1.005732	2.85809
42060	-1223.749	-1441.608	217.8593	0.3604223	0.339056	0.638383	0.0194287	0.00313156	0.8482943	2.874076
42066	-1224.233	-1441.432	217.1992	0.4022829	0.333191	0.646664	0.0171148	0.00302956	0.7499776	3.306925
42072	-1226.952	-1444.068	217.116	0.4404894	0.29381	0.685364	0.0181391	0.002687	0.7894813	3.31275
42078	-1231.832	-1449.941	218.1086	0.4570427	0.459338	0.534153	0.00604859	0.000460966	0.8888729	2.646826
42084	-1232.587	-1450.25	217.6635	0.4281359	0.449967	0.523256	0.0244915	0.00228584	0.9870539	2.874961
42090	-1211.086	-1428.677	217.5913	0.3316855	0.363637	0.595952	0.0392505	0.0011601	0.8874953	3.023404
42096	-1239.046	-1457.464	218.4171	0.308093	0.636054	0.274545	0.0883912	0.00100998	1.050198	2.425341
42102	-1237.146	-1455.446	218.3006	0.3605963	0.600837	0.356517	0.0416923	0.000954056	1.060212	2.472084
42108	-1239.635	-1457.268	217.633	0.3126085	0.525449	0.424178	0.0492376	0.00113512	0.8609288	3.020693
42114	-1230.385	-1448.803	218.4176	0.3164575	0.359184	0.500996	0.000411175	0.139409	1.084769	2.400605
42120	-1228.469	-1446.951	218.4825	0.3013119	0.452382	0.437077	0.000385444	0.110155	1.027162	2.400605
42126	-1212.348	-1430.908	218.5604	0.2610901	0.483303	0.3986	0.00041179	0.117685	0.960559	2.400605
42132	-1227.084	-1446.036	218.9527	0.2501167	0.536528	0.314497	0.000246468	0.148729	1.010363	2.116885
42138	-1225.345	-1443.279	217.934	0.2197567	0.573874	0.336388	0.00627714	0.0834606	0.9124328	2.81431
42144	-1227.325	-1445.756	218.4314	0.2731059	0.5298	0.408114	0.00902239	0.0530636	0.802084	2.579253
42150	-1222.065	-1440.512	218.4476	0.2758538	0.467574	0.480165	0.0260076	0.0262529	1.10109	2.381414
42156	-1229.447	-1448.154	218.7067	0.2992523	0.477809	0.47401	0.0194317	0.0287492	1.043151	2.248135
42162	-1241.058	-1459.073	218.0149	0.2836971	0.391389	0.568234	0.00591297	0.0344639	1.033588	2.69169
42168	-1232.673	-1451.075	218.4014	0.2331886	0.623833	0.150531	0.0408296	0.184806	1.061564	2.43615
42174	-1224.467	-1442.854	218.3873	0.2535836	0.513698	0.424591	0.0336213	0.028089	1.07769	2.43615
42180	-1220.43	-1438.756	218.3252	0.2695336	0.526247	0.427316	0.00737451	0.0390627	1.098884	2.460776
42186	-1217.216	-1436.543	219.327	0.2922419	0.544972	0.408743	0.00482644	0.041458	1.075084	1.816931
42192	-1216.47	-1435.539	219.0688	0.288544	0.287149	0.66756	0.00160208	0.0436885	1.26809	1.862554
42198	-1210.103	-1429.258	219.1549	0.2693672	0.366604	0.608015	0.0032196	0.0221609	1.188534	1.861595
42204	-1215.761	-1434.957	219.1961	0.2761471	0.591728	0.393767	0.00183996	0.0126647	1.354206	1.717018
42210	-1212.563	-1431.643	219.08	0.3683264	0.476938	0.509585	0.00148302	0.0119935	1.27627	1.817804
42216	-1224.207	-1443.169	218.9611	0.2710804	0.589697	0.383549	0.011875	0.0148789	1.256501	1.946718
42222	-1235.13	-1454.171	219.0411	0.2377	0.404281	0.567551	0.00606316	0.0221045	1.167651	1.953245
42228	-1231.604	-1450.379	218.7743	0.2690198	0.6579	0.300205	0.00592355	0.0359713	0.9884333	2.245823
42234	-1227.477	-1446.295	218.8179	0.2341213	0.608373	0.354125	0.00423878	0.0332634	0.944603	2.245823
42240	-1232.691	-1451.382	218.6914	0.2406872	0.557604	0.392625	0.00469962	0.0450717	1.151475	2.194675
42246	-1233.833	-1452.775	218.9424	0.2406872	0.524935	0.434284	0.00247634	0.0383047	1.151076	2.030532
42252	-1239.536	-1458.364	218.8282	0.3535025	0.352755	0.636935	0.00566147	0.0046477	1.118074	2.100389
42258	-1230.068	-1449.09	219.0221	0.3424873	0.523276	0.343013	0.00495392	0.128758	0.934088	2.098809
42264	-1233.8	-1452.762	218.9618	0.2757968	0.412418	0.497972	0.00816492	0.0814444	1.019434	2.102968
42270	-1225.283	-1444.489	219.2056	0.2627246	0.58054	0.359708	0.00694833	0.0528037	1.170794	1.839721
42276	-1226.414	-1445.416	219.0012	0.2149154	0.580829	0.359887	0.00645335	0.05283	1.097536	2.021549
42282	-1234.497	-1452.339	217.8417	0.4672339	0.525561	0.425123	0.00151288	0.047803	0.9800432	2.748678
42288	-1228.41	-1446.869	218.4599	0.3798018	0.525561	0.425123	0.00151288	0.047803	1.023051	2.386058
42294	-1231.649	-1450.567	218.9172	0.3629406	0.202754	0.755161	0.00560208	0.0364835	1.079227	2.062961
42300	-1224.243	-1442.67	218.4275	0.3198178	0.478949	0.459376	0.00340783	0.0582676	1.181865	2.33162
42306	-1230.542	-1449.013	218.4712	0.3113964	0.51196	0.452898	0.00364271	0.0314994	1.038603	2.397512
42312	-1214.338	-1433.498	219.1596	0.3735117	0.393099	0.576855	0.00586064	0.0241862	1.146254	1.849762
42318	-1209.563	-1429.37	219.8063	0.3015986	0.434173	0.531142	0.00647301	0.0282123	1.507684	1.114904
42324	-1214.31	-1434.133	219.8235	0.3118148	0.447505	0.520987	0.00383498	0.0276729	1.609306	0.9973904
42330	-1214.097	-1433.889	219.7917	0.3118148	0.412425	0.55646	0.00260856	0.0285061	1.641139	0.9973904
42336	-1204.232	-1423.958	219.7259	0.3128045	0.418608	0.550605	0.00258111	0.0282062	1.472161	1.211944
42342	-1214.901	-1434.728	219.8267	0.2305179	0.668043	0.275359	0.00411912	0.0524782	1.2989	1.28449
42348	-1232.388	-1451.951	219.5631	0.247101	0.683964	0.271522	0.0126879	0.0318269	1.413706	1.405019
42354	-1242.784	-1462.009	219.2246	0.3324251	0.251983	0.716452	0.0125598	0.019005	1.323915	1.700595
42360	-1231.326	-1451.207	219.8806	0.247101	0.411872	0.535402	0.00688281	0.0458431	1.260993	1.273524
42366	-1236.357	-1455.689	219.3321	0.4795765	0.543156	0.402075	0.00655771	0.0482113	1.265207	1.577174
42372	-1223.954	-1443.227	219.2725	0.2876382	0.456077	0.474988	0.0106993	0.0582363	1.166334	1.79264
42378	-1235.472	-1454.874	219.4016	0.2438384	0.561274	0.356415	0.0133568	0.0689544	1.256997	1.641919
42384	-1231.788	-1450.795	219.0079	0.3585388	0.55235	0.42308	0.0084124	0.0161575	1.210396	1.916904
42390	-1229.436	-1447.313	217.8771	0.375616	0.53359	0.433875	0.0057907	0.0267447	1.101319	2.702163
42396	-1236.079	-1454.7	218.6211	0.2747253	0.268838	0.682057	0.00706261	0.042043	1.274985	2.158782
42402	-1225.992	-1444.298	218.3057	0.4107641	0.322543	0.634825	0.010956	0.0316757	1.023073	2.467039
42408	-1241.921	-1460.364	218.4437	0.2724637	0.508648	0.370058	0.0280012	0.0932925	0.7691507	2.592096
42414	-1237.617	-1455.313	217.6963	0.3706516	0.440419	0.51439	0.0242452	0.0209465	1.076774	2.829784
42420	-1255.232	-1475.195	219.9627	0.2147036	0.661961	0.225656	0.0194452	0.092938	1.528904	0.9446098
42426	-1247.493	-1467.327	219.8346	0.2369812	0.682751	0.273074	0.0154454	0.0287297	1.72994	0.8721356
42432	-1240.216	-1460.261	220.0446	0.2369812	0.649391	0.259732	0.0427314	0.0481458	1.634712	0.7164572
42438	-1223.445	-1443.341	219.8967	0.2612909	0.630165	0.314016	0.0252053	0.0306138	1.765904	0.7441912
42444	-1222.964	-1442.701	219.7375	0.2326078	0.673623	0.275165	0.0113871	0.039825	1.61748	1.086228
42450	-1220.411	-1440.285	219.8736	0.2427397	0.698087	0.278735	0.0181692	0.00500915	1.503077	1.067557
42456	-1228.408	-1447.781	219.3729	0.3005897	0.528178	0.377239	0.0918853	0.00269742	1.375012	1.568929
42462	-1233.695	-1453.005	219.3105	0.2698118	0.600597	0.358607	0.0393157	0.00148033	1.279529	1.689912
42468	-1223.237	-1442.811	219.5747	0.3502079	0.670505	0.249537	0.0795265	0.00043209	1.377362	1.393489
42474	-1214.49	-1434.02	219.5302	0.2816755	0.638765	0.282312	0.0786079	0.000314999	1.442329	1.404804
42480	-1224.385	-1444.262	219.8771	0.2816755	0.588687	0.321449	0.0895054	0.000358667	1.517062	1.047037
42486	-1219.753	-1439.459	219.7067	0.2405694	0.531697	0.379347	0.0885332	0.000423269	1.691376	1.047037
42492	-1224.278	-1444.192	219.9139	0.2562515	0.485714	0.468153	0.0456106	0.000522357	1.539311	0.9936112
42498	-1224.607	-1444.444	219.8373	0.2790846	0.63432	0.291076	0.0726158	0.00198849	1.727859	0.8683894
42504	-1230.102	-1449.926	219.8247	0.1908171	0.795276	0.159623	0.0426885	0.00241264	1.814417	0.7385203
42510	-1219.734	-1439.538	219.8037	0.2229498	0.731315	0.219369	0.0460009	0.00331568	1.896527	0.6719427
42516	-1231.491	-1451.307	219.8158	0.2219085	0.748464	0.186203	0.00999205	0.0553406	1.810754	0.7886346
42522	-1227.497	-1447.11	219.6126	0.2630259	0.54679	0.235985	0.0797628	0.137463	2.117051	0.3995706
42528	-1241.589	-1461.169	219.5796	0.1773992	0.732359	0.0953692	0.00983124	0.162441	2.09581	0.3803975
42534	-1232.181	-1451.85	219.669	0.219685	0.713242	0.246956	0.0129472	0.0268541	2.066399	0.4272298
42540	-1226.784	-1446.319	219.5354	0.2347044	0.675503	0.238658	0.0692331	0.016606	2.142477	0.3313648
42546	-1230.816	-1450.185	219.3692	0.2347044	0.669615	0.286929	0.0302618	0.0131939	2.285831	0.3108236
42552	-1228.656	-1447.955	219.2982	0.2039801	0.709415	0.23621	0.0425093	0.0118659	2.332536	0.3028117
42558	-1231.713	-1450.893	219.1802	0.2039801	0.668356	0.172264	0.040049	0.119331	2.374741	0.2552218
42564	-1240.613	-1459.598	218.9847	0.2039801	0.654127	0.255187	0.0391964	0.0514892	2.445211	0.2028159
42570	-1242.625	-1461.423	218.7978	0.3492678	0.567925	0.387934	0.0389374	0.00520336	2.576709	0.1922827
42576	-1229.998	-1449.459	219.4609	0.2255355	0.719497	0.213481	0.0636584	0.00336286	2.184953	0.3055021
42582	-1233.137	-1452.896	219.7589	0.2605247	0.653403	0.276291	0.0578106	0.012495	1.985281	0.4353326
42588	-1244.391	-1464.075	219.684	0.3968784	0.570474	0.356666	0.0619506	0.0109091	1.985281	0.4353326
42594	-1241.409	-1461.305	219.8959	0.2670268	0.452008	0.427996	0.0434717	0.0765246	1.816286	0.6555946
42600	-1232.529	-1452.348	219.8185	0.259729	0.706652	0.224087	0.0304821	0.0387788	1.924495	0.5757319
42606	-1235.11	-1454.851	219.7414	0.2463884	0.762772	0.194107	0.0264039	0.0167172	2.0109	0.5262931
42612	-1243.143	-1462.588	219.4451	0.4421462	0.594772	0.306598	0.0417059	0.0569243	2.179638	0.4216167
42618	-1243.57	-1463.24	219.6701	0.3511815	0.382365	0.468492	0.118518	0.0306252	2.027611	0.5938305
42624	-1235.854	-1455.647	219.7929	0.2483877	0.652637	0.266738	0.05443	0.0261953	1.941618	0.6043699
42630	-1239.836	-1459.639	219.8036	0.231458	0.525494	0.374512	0.051657	0.0483375	1.930337	0.5991016
42636	-1230.617	-1450.438	219.8208	0.231458	0.753401	0.196439	0.0222351	0.0279245	1.930337	0.4933164
42642	-1242.45	-1462.253	219.8023	0.2259477	0.610364	0.285656	0.063373	0.0406069	1.930337	0.5978681
42648	-1230.25	-1450.227	219.9769	0.2472968	0.532479	0.382889	0.0403709	0.0442608	1.718206	0.691236
42654	-1231.296	-1451.195	219.899	0.3145515	0.519682	0.373687	0.0316451	0.0749864	1.775437	0.6959464
42660	-1231.997	-1451.455	219.4584	0.2413553	0.134223	0.813865	0.0305516	0.0213601	1.186383	1.651648
42666	-1236.058	-1455.359	219.3011	0.3575999	0.312453	0.565377	0.0140381	0.108132	1.265728	1.675757
42672	-1227.439	-1447.243	219.804	0.3667869	0.543886	0.369606	0.0792885	0.00721928	1.696729	0.8878494
42678	-1235.637	-1455.528	219.8908	0.3337553	0.4135	0.507354	0.0725404	0.00660486	1.65852	0.8573823
42684	-1229.734	-1449.356	219.6222	0.380213	0.402455	0.554839	0.0337382	0.00896755	1.253093	1.435702
42690	-1235.569	-1454.629	219.0598	0.3920196	0.231379	0.729397	0.0274356	0.0117888	1.162576	1.896659
42696	-1222.585	-1440.99	218.4049	0.2372718	0.419374	0.494796	0.0680591	0.0177713	0.9888258	2.480154
42702	-1236.907	-1454.969	218.0613	0.2834695	0.35427	0.468171	0.0523681	0.125191	0.906668	2.741093
42708	-1232.271	-1450.202	217.9309	0.3418161	0.559507	0.394167	0.0359612	0.0103643	0.872459	2.82381
42714	-1238.677	-1457.517	218.84	0.3017599	0.415007	0.563198	0.00555956	0.0162362	1.039622	2.163523
42720	-1238.464	-1457.914	219.45	0.3063937	0.385572	0.4862	0.0225588	0.105669	1.14297	1.679023
42726	-1226.639	-1444.901	218.2617	0.2250373	0.400352	0.492057	0.0183969	0.089194	0.8685578	2.641825
42732	-1231.662	-1449.576	217.9134	0.2777937	0.452036	0.40366	0.0162312	0.128073	0.815362	2.887514
42738	-1229.405	-1447.201	217.7967	0.2526583	0.428775	0.517995	0.0210571	0.0321721	0.7419338	3.004153
42744	-1231.869	-1449.192	217.3231	0.2401988	0.414213	0.435859	0.0535033	0.0964253	0.6480646	3.340583
42750	-1234.772	-1452.669	217.8969	0.2696752	0.572961	0.362352	0.0544447	0.0102422	0.9057229	2.843829
42756	-1229.78	-1448.401	218.621	0.3471669	0.588652	0.350791	0.0393503	0.0212072	0.864342	2.399668
42762	-1245.201	-1463.534	218.3329	0.2350817	0.66538	0.295832	0.0196093	0.019178	0.9169535	2.569564
42768	-1243.468	-1461.958	218.4902	0.2167682	0.513072	0.31301	0.0166665	0.157252	0.8998632	2.478168
42774	-1237.192	-1455.459	218.2669	0.2346924	0.257031	0.48366	0.0163251	0.242984	0.9797118	2.571551
42780	-1228.383	-1447.008	218.625	0.2346924	0.445252	0.374502	0.0241667	0.156079	0.9903484	2.33997
42786	-1242.049	-1460.582	218.5333	0.2407605	0.619783	0.318378	0.0407148	0.0211245	1.083103	2.33997
42792	-1232.147	-1451.579	219.4315	0.290193	0.413388	0.560448	0.0150225	0.0111417	1.210756	1.648618
42798	-1226.418	-1445.651	219.2326	0.3684572	0.361805	0.608524	0.0263462	0.00332479	1.138576	1.807403
42804	-3072.84	-3291.794	218.9536	0.1080716	0.421607	0.44927	0.106549	0.0225747	1.226972	1.796956
43206	-3.076303e+11	-3275.177	-3.076303e+11	16655.86	0.396779	0.31188	0.28891	0.00243026	326748	1.53815e+11
43602	-8.091676e+17	-3277.802	-8.091676e+17	7803.671	0.133754	0.307384	0.489401	0.0694607	5.803942e+07	4.045838e+17
43608	-1.058729e+18	-3274.093	-1.058729e+18	1924.024	0.214555	0.120196	0.654151	0.0110985	1.144592e+08	5.293643e+17
44004	-4.922012e+21	-3270.702	-4.922012e+21	2223.469	0.273375	0.348355	0.369921	0.00834888	2.331293e+15	2.461005e+21
44406	-2.246975e+24	-3276.984	-2.246975e+24	49950.99	0.273067	0.610278	0.0767795	0.0398762	2.089544e+23	1.01901e+24
44802	-9.254792e+29	-3273.464	-9.254792e+29	8976.933	0.623865	0.0285365	0.0558198	0.291778	6.115775e+29	1.569509e+29
44808	-1.027723e+30	-3271.959	-1.027723e+30	5659.25	0.584065	0.0740835	0.0611705	0.280681	7.819327e+29	1.228951e+29
